Date,AAPL,ABBV,ABT,ACN,ADBE,AMAT,AMD,AMGN,AMT,AMZN,AVGO,AXP,BA,BAC,BKNG,BLK,BMY,BNY,BRK.B,C,CAT,CL,CMCSA,COF,COP,COST,CRM,CSCO,CVS,CVX,DE,DHR,DIS,DUK,EMR,FDX,GD,GE,GEV,GILD,GM,GOOG,GOOGL,GS,HD,HON,IBM,INTC,INTU,ISRG,JNJ,JPM,KO,LIN,LLY,LMT,LOW,LRCX,MA,MCD,MDLZ,MDT,META,MMM,MO,MRK,MS,MSFT,MU,NEE,NFLX,NKE,NOW,NVDA,ORCL,PEP,PFE,PG,PLTR,PM,QCOM,RTX,SBUX,SCHW,SO,SPG,T,TMO,TMUS,TSLA,TXN,UBER,UNH,UNP,UPS,USB,V,VZ,WFC,WMT,XOM
2026-03-10,0.0036555398041986376,-0.0019345193704582986,-0.018641800664299213,-0.03692202416127899,-0.0258815943046532,0.02047563978711575,0.002713652415794243,-0.0040852458716871265,-0.0027861464560814397,0.00393459326562029,-0.009168552126250007,-0.007302441455307451,-0.0321778021918403,0.013778726560710775,-0.015520059704726474,0.010118287135519433,-0.008246722532627482,0.002780177389119398,-0.006154459942610768,0.022328574221979203,0.0168269906509102,-0.005483883775739051,0.0009664419550809988,-0.004630454713771659,-0.024609029173398467,-0.007898172125321512,-0.01951806023669911,0.019551165849132524,-0.024789237685801546,-0.016627976569562275,-0.011276455374254701,-0.018008061630460315,-0.0033445205099070785,-0.010604140351223257,-0.007227821134958012,-0.004513947993370349,-0.01765295636199693,0.01425774684657366,0.010962586536232388,0.01316235768730567,0.003213257016644988,0.0030063948757173,0.0022197168869222406,0.0021393049671882824,0.010153872497840721,0.012710975937440638,-0.012355427650190931,0.026327268539612092,-0.04163234701924934,-0.01562118383421629,0.004616931693298465,-0.004104646261508971,0.001028163768429069,-0.011744795188086021,-0.006981477251871371,-0.019468557984700707,0.003556845527524777,0.01932276556472412,-0.005794558474177203,-0.008645692669193794,-0.027333598623735522,-0.015874734814076974,0.010318403014069721,0.023873832501727588,0.00149162458177865,-0.0001707686921001983,0.001869769359417628,-0.008915215141642507,0.03542065676428452,-0.005108148480769348,-0.014035773573040533,-0.007960333819571952,-0.04363158928490862,0.011606893122936501,-0.014251774033432363,-0.004643076389393319,0.013054904115279431,0.005089501074187153,-0.03381700143077371,-0.002193332634893297,-0.02107016401877604,-0.005906937279326896,0.010023035413371462,-0.012820507620060928,-0.010077140799162887,0.007553912839122434,0.00653822593574005,-0.019393330363438377,0.005885100940900889,0.0014046291985592152,0.006422103686657632,-0.02004328007773226,-0.009923964500429205,-0.013406427375284746,0.00980579069511811,-0.003452856345339761,-0.004873946082594505,0.005153579699008315,-0.006723303357028199,0.006273157111867711,-0.015354902720048136
2026-03-11,-7.670678451010549e-05,0.0029514227052973574,-0.002713742368576133,-0.0007439570470888501,-0.005161245238734402,0.015005224509007542,0.00787288361537275,0.005886704766391304,-0.017569255401141293,-0.007838417021498345,-0.0029481808957949607,0.00936831532508453,-0.016807441658919675,-0.0008237579629805092,-0.01128836352232565,-0.016736299994168924,-0.0024946402186049044,0.014728855847516709,-0.0011535340335153688,0.002018969207923327,-0.012683436786702251,-0.031138432996156262,-0.016092642148153202,-0.015416133565928969,0.02522991283438203,-0.0051435708214507825,-0.004001803519216973,0.00514808074629447,-0.007861540560630154,0.029523898952991345,0.0022270408447799817,-0.0008196307839035688,-0.004243982495765297,0.0026215954623411974,-0.003782982723423922,0.0053412322224950515,-0.004893214846120042,-0.004195746549318091,0.010069103416717073,-0.01723212019689191,-0.001868370778640216,0.0048545316871733135,0.005406520345286214,-0.012053127665206054,-0.017667664457890808,-0.00486263927210262,-0.005315744509564402,0.02565200500754461,-0.02973894693087764,0.014448881188603213,-0.0029543873127021447,-0.004190830232280396,-0.0032100445671839895,0.010937558043295104,-0.0015079443824538297,-0.0026873093077353083,-0.016845210688621437,0.016912138000766186,-0.020826837381758834,-0.008324692033052195,-0.02156242379186002,-0.01023467472783457,0.001207794890799807,-0.000515307324605585,-0.011915454690192395,-0.007515565284133885,0.0008709178707078102,-0.0021688058128880305,0.038649573399176074,0.0013109633645558283,-0.021147132248082068,-0.006776084290502471,-0.008404110726388248,0.006873796699033097,0.09183395594609456,-0.003918415854421875,0.005154610841801022,-0.017242359643026117,0.0030435802284296543,-0.03488174514345399,-0.007988230898942517,0.001255988484699655,0.006648917536607568,-0.005366560612541704,-0.00010379808292371173,-0.013068202581926536,-0.019848384386678575,-0.00871858216124588,-0.02440810482538902,0.02149087591352461,0.00612777050417157,0.03606965987197874,0.010306735495692276,0.0035969450150523663,-0.0011889914474408902,0.0053897115555818775,-0.017396546133477298,-0.0005916155372533982,-0.01813545405075767,-0.01302751330933205,0.02329025727098477
2026-03-12,-0.01936274610273292,-0.01014584890082526,-0.019138343501783894,-0.026950562503670783,-0.014358236083706344,-0.03930848989331981,-0.03461405201635703,-0.026083063156323694,-0.016352190656155896,-0.014671973697334195,-0.01639482230317546,-0.013399089672300857,-0.0436245274657483,-0.028647924737238317,-0.02422488516088095,-0.029721213150565085,-0.017172347003083233,0.0,-0.0034037576247571977,-0.033794331810088396,-0.009751427821285463,-0.018524746980549178,-0.013411886190089706,-0.025107180348811542,0.02759979509004218,0.011176888071138036,0.0265285032068594,-0.004609512910260349,0.004622287381742973,0.027008758119484,-0.013820580588040365,-0.04511432034154206,-0.014471197277283965,0.013766122567197003,-0.052948493541522645,-0.022856269754746417,0.0038999773769947677,-0.05674298642406528,-0.018333074558494755,-0.005410951013976595,-0.017916875560742618,-0.016892588959377952,-0.016683014417014475,-0.043993334059175604,-0.027488417246612995,-0.025225596642148962,-0.004781610274489534,-0.05689869879705056,-0.012078576600467517,-0.02759349572554526,-0.003909677012704615,-0.016103083976032773,-0.00025757911453938576,0.01839896516707995,-0.022593643285594767,0.005173525413301183,-0.030095575558025,-0.04285644370303565,-0.013273818838654527,-0.003997375833444061,-0.01824423503288186,-0.017871217645662907,-0.025471061323605992,-0.03911831085790218,0.020802112624672464,-0.002581500603708209,-0.040524609433923,-0.007459038776109095,-0.0318613129930545,0.0007636645265669539,-0.006112359940830148,-0.028186644140292372,-0.02300437685633705,-0.015535083686109119,-0.02427648484820044,-0.00805492612153591,-0.016117168562757467,-0.018392974389354166,0.012532940765101364,0.030927865492473172,-0.022144387858280767,-0.020360923173416423,-0.01242118224290445,-0.015431116202221706,0.016413786743361136,-0.010497943975547264,0.008468318439485367,-0.04000237864738776,0.0043571555024874975,-0.03141091003024221,-0.04338849992928939,-0.026677337167332116,-0.028746756203439916,-0.027915999127029467,-0.028869078106989132,-0.014359516550103257,-0.00796214531523931,-0.000986507719124896,-0.021201888471437558,0.014900047840975095,0.012864530415857
2026-03-13,-0.022051876328148423,-0.025247326946572612,-0.0010171977267533494,0.003060369657176487,-0.07583954165488804,0.012630888315130484,-0.021998614254443383,-0.004295979314156484,0.02529746297907165,-0.008877013416636048,-0.041104876925401546,-0.00639316461547057,0.02505374594860732,-0.00869938343433152,0.005583680033309335,0.0013110479784501639,0.0022052637621245985,-0.008111333224943285,-0.003781365373863088,0.0018009892035104613,-0.009562071691144869,0.010119335766985316,0.0,0.013186746377720882,0.013553945817706747,0.00509309499720878,-0.032366470997507446,0.007589430329955071,0.0007886566985990662,-0.0007615232873602329,-0.014219171749781156,0.005691019533247799,-0.0014080196039298887,0.01008938295451789,0.00045400390997385465,-0.004106078521271206,-0.010444004847078858,-0.022856242212644706,-0.032555768048134315,0.004155454713289819,-0.014431606379695205,-0.005771526351138312,-0.004183772956429577,-0.006742740002364966,0.0002950094417535354,0.0047129672400263445,-0.005652451673337944,0.011491722823506523,0.011100141806770436,-0.01483503143227205,-0.002148351321223707,0.0019441494546730276,0.003373047491693093,0.0071573313829946805,0.00801232551887554,-0.01046214988498928,-0.007767824921940725,0.012936137209498266,0.00136735551206435,0.007872508521081123,0.009935625826977601,-0.002746578044734327,-0.038343458890626625,0.012474870496195667,0.002510218884122173,-0.0025882483063295325,0.0032389866949427137,-0.015701969810701044,0.051264407414635116,0.011446645728555804,0.010603329719934607,-0.002771186880555443,0.005753753375721704,-0.015780314308353027,-0.02544618466450277,0.0064207727445761975,-0.01042443760679912,0.0009966849015976553,-0.016612397731321282,0.015465176143902415,-0.010140928556906625,0.007289285048309946,-0.010281456371508568,0.01994738277562158,0.0017375887221844355,-0.003998507067836332,0.012048192771084265,-0.023242644395378487,0.014087818224913784,-0.009645319015724074,0.0038410600515552673,0.004933542611061714,0.0181916937989115,-0.0068005244223012795,-0.006946617276671119,-0.009323999376817826,0.0020881777947350244,0.014813298854063683,-0.015282399005047242,0.009494826670734424,0.016869575258289915
2026-03-16,0.010794859745288043,0.008057153374460002,0.017772821793721194,0.013526660850481376,0.010187683344761611,0.013615111260619761,0.016495177886520107,0.00010923565186349293,0.0016268682723079575,0.0195984367511175,0.008567231996458036,-0.005867354254844748,0.017056562206227976,0.007277458043138729,0.012203785838995396,0.020722678126986027,0.01066342618471805,-0.006800412911883269,0.004448692286618705,0.015706227957381635,0.00834313913297402,0.016434111340533963,0.0059682272890935195,0.005450909045967345,-0.004676353284365775,-0.006634126507787719,0.028574352400248193,0.007276965259980006,-0.003809258074201627,0.00010155123024846446,-0.008692659351906773,0.021727512065012444,-0.00634502213323529,0.002328304720680352,0.006427664130712385,0.001905138511032689,0.008079123955374357,0.014381519314900837,0.027763277210892223,0.001517354385599301,0.007735922015078778,0.00981888718940871,0.010850879030806393,0.016057061819452878,0.010471016161967217,4.2658451119947927e-05,0.01205945570050515,-0.00021853039393560092,0.02807072962758994,0.023932539192911717,0.006914522575214965,0.009596371267614812,0.006206405219318922,0.007065869918796874,0.004101151602029285,-0.0012383946859535477,0.01902439631930508,0.03393024058336036,0.021104849791978575,0.0005820028238054942,0.04135543661653118,0.012623315005336755,0.023263802449886795,-0.006690635721138705,-0.005302662414603532,0.005838255110434343,0.005359321379793558,0.011123782896491852,0.036772746535659984,0.0004310646169505272,-0.001154135066302353,0.01500559428154058,0.01108954828707609,0.01647717218041489,0.005544472314608084,-0.013510139307277957,0.001128651541145942,0.009757725367657288,0.011725765539881694,0.000686984144892433,-0.0033123044021547976,0.00752976721372467,-0.013414099715620575,0.00612508791382016,0.011223326498376318,0.013435362426037933,0.00036077985740123886,0.012123963524800274,-0.011822029194522243,0.011145156481373375,0.01755951545975476,0.01813721257117762,0.012052869441041114,-0.0009486647425126504,0.001954623868182459,0.0031372263334157324,0.009669695245990484,-0.007979726553854039,0.022267270829305685,-0.004189010822423511,0.007109961700376477
2026-03-17,0.005577047742174601,-0.007631550718322444,0.006912256089054214,-0.003261236635608178,0.009290861320654153,0.018140893792608193,-0.0013735083423845884,-0.013979544856947967,0.001948954236161704,0.016340754535353108,-0.011110533839475023,0.006941547071317,-0.012413893668106524,0.004674835617272111,0.03477983012688868,0.029419228760031002,0.0,0.006413670210513089,0.0007517017606524234,0.0033535335099501573,0.0031723935435328254,-0.003986670066113196,-0.008569542471855263,0.01465950318180087,0.012776135046667525,-0.005570292311294245,-0.015276744946892573,0.004689356616849993,-0.013581273004594108,0.0057407386546406425,0.0031093355021016844,0.01995924499780477,0.016622737976628388,-0.0038214832908992635,-0.0045080756162285684,0.006555935693917325,0.005446539023853836,-0.006282906783254494,0.020777138821377106,-0.005578216238078748,0.014941797109554678,0.016391829463344054,0.01754159974009184,0.015438384033167774,-0.0033568214503421068,-0.01317638484394179,0.02752249051555733,-0.037150284322502336,0.015409762816929629,-0.0014478585649794207,-0.020889006544951516,0.002551037088385444,-0.0030840126536969548,-0.006755026787705787,-0.05941645182101274,-0.01374768572387286,-0.009912849125784051,0.03222428222835072,-0.0037758335471030913,-0.0010715264605520858,0.013645892991243969,0.002266624140405682,-0.007634136535675906,-0.005935318155330882,-0.008292533090297094,0.0038118551524124467,0.013680201375212642,-0.0013502086602691366,0.045020383429470456,-0.003124285870418353,-0.008823491227077596,0.006022974973112882,0.016016748009022086,-0.007040797336696936,-0.008206694748143395,-0.007735277949217689,0.03156712547030893,-0.004207248473647063,0.015453120688108335,-0.011156841422301778,0.017002783571377522,-0.013248486113033087,-0.0025557100785917886,0.003204182528659505,-0.0084754813576976,0.0063381235759611965,0.004327449393140226,0.005765939266123565,-0.006842936056491222,0.00937908655570907,0.0016483403191942525,0.04192334717238255,0.007285779400308057,0.0004541703374336681,0.003798712522242509,0.008209596012481946,-0.005320659077352019,-0.008828736996895459,0.00633664236862419,-0.0072227647557240315,0.010048992858355144
2026-03-18,-0.01687444479508171,-0.05196576991199264,-0.02005240868008018,-0.017668453253944172,-0.0322580528980565,-0.008483174222885026,0.01604609645177768,-0.026721659434966072,-0.023666721321208728,-0.024767666852414494,-0.016743973290810454,-0.019582210425337365,-0.022910547686428306,-0.009517762380593098,-0.013718029286937994,-0.002780615276474885,-0.005694167336706024,-0.01257323182434189,-0.01646430137772703,0.00891284270768744,-0.011937319338906849,-0.02690690055015421,-0.05019952131306371,-0.017882512959266017,0.006348174097683179,-0.016302624762408957,-0.004966516038967694,-0.021067187403232768,-0.02392723180023415,0.003232784771609598,-0.0056420058845111365,-0.01900522243728886,-0.00877372737823734,-0.016547577758936782,-0.01969966171036608,-0.013872420291514143,-0.00822369425931635,-0.0037406233126255906,0.017084275953681116,-0.021537401259040356,-0.006888257556786015,-0.010051468278433395,-0.010388577259506704,-0.0019329221474320146,-0.030753053260578422,-0.006481741639145278,-0.01760950937273076,0.022015373939453964,-0.02719471061142331,-0.010419253205622536,-0.003485794183459623,0.0029627028745808914,-0.020752778710390385,-0.011091958246617684,-0.01322083821285358,0.00935051699570466,-0.03596014630640043,-0.0077714244595281645,-0.03574951047411601,-0.032393360934900306,-0.025371010932280336,-0.013907826750958585,-0.011209939244207434,-0.026700632008901715,-0.02747511013256676,-0.011823618832376703,0.006969401428307931,-0.019078100591435554,8.669313309050963e-05,-0.016967491274433533,0.003603182870828947,-0.029934649467957763,-0.02578822913597234,-0.008409798772097021,-0.01157161409871632,-0.018913752159075425,-0.004735978320107859,-0.03148926876329894,-0.014895521868192096,-0.038708594140403396,-0.008511260340401505,0.006049211618338601,-0.05032281294876095,-0.00692011313728369,-0.017604442790825292,-0.003306591543845383,-0.015798899169726877,-0.016965981592614643,-0.03154447465460952,-0.016254640751756533,-0.018873729676319617,-0.014526253247445498,-0.011266893867343364,-0.023728995296040112,-0.009512181419645271,-0.005040723450403961,-0.030603648009568274,-0.01840851966472079,-0.000524720125779865,-0.024784159213753765,-0.007682146137123036
2026-03-19,-0.003920930967820313,-0.010127661573062996,-0.011982651900250718,0.04304387609207638,-4.062807656890488e-05,0.02214778685195662,0.029128634127283615,-0.004438291183535004,0.011456044422333278,-0.005288991452693126,0.012376190901643547,0.0018342018008830063,-0.02335070969034192,0.003843606382150311,-0.01987954699194794,0.0013321593056139225,-0.021222809836924594,0.002093151207645194,-0.006171672604787126,0.010858507446178223,-0.00716532853446572,-0.023080426950619737,0.01435069822275481,-0.0022760149874162527,0.01916693561260252,-0.005245280208406533,0.003344722480835838,0.011726834823162946,-0.015885993543363952,0.014249063999993705,-0.006024350179652083,-0.007258464282360544,-0.002212846758750442,-0.007724515091661166,0.000153935911231029,0.018213558102611493,-0.010555760224881361,-0.031067272624212716,0.022039261233349983,-0.001273923733698057,0.003536074805149836,-0.0018608683394277792,-0.0018200011968599883,0.004990837256617198,-0.008219222882301591,-0.003870895673129038,-0.004888752935765739,0.025538564447122214,0.018912649411855664,0.004605073239822177,0.001348643485331369,0.0007994110433215962,-0.005528473900180186,0.0025175142596689515,-0.0005990483289814996,-0.007426630423865932,-0.005971657797011809,0.041297665889501234,0.00546608033706808,-0.019478798814380527,0.0003541787298433352,-0.0038985851036882346,-0.014585467410955566,-0.01633579633795934,-0.0009212088613753666,-0.002620113989151185,-0.0023908391160931686,-0.007070176962847952,-0.03781436926195425,0.015941118077558825,-0.03125659112840762,-0.0005610929442724233,-0.003869514070432678,-0.010199568445272478,0.017135512836612854,-0.005210274892665234,0.003294312548932199,-0.01274629757240131,0.01904816601386239,-0.007894595653204939,0.006208345399475013,-0.018723138043537646,0.03421108578747978,0.007611460892721356,-0.0032111314762279797,0.007424980028582606,0.012039400959942936,0.011878863295252229,-0.00014515918616708756,-0.03177353995904619,-0.013051708189335987,-0.01721898331804006,-0.013681230663550425,-0.010102751482959471,-0.002891305854271442,-0.0003897643817987184,0.002307523325795424,-0.0022182239170122076,0.00262497800768946,-0.0072963146182618566,0.0036170120053331534
2026-03-20,-0.0038962445152316283,-0.005624693894527022,-0.016139575842025633,-0.017489539736301407,0.008780797410813168,-0.000419912743004458,-0.019194243481266637,-0.006058658506558956,-0.0326658442161859,-0.01623874055782004,-0.029170791669766216,0.001932672535580382,-0.03012226751772451,0.003190863716782344,0.006927779378296917,-0.012056474093314562,-0.010841558161106879,0.0003481187355542925,-0.001121559634045144,-0.003004088491166068,-0.01128296459002176,-0.004444378999516885,0.0013802977690657858,0.009625662065884333,0.007141748848061846,-0.0025133475736714983,0.002000080803421289,-0.010953978225507144,-0.005288060265936756,0.0014395623094578536,-0.013830721630627374,-0.00399765229119986,0.0031250523944070796,-0.022583758541279253,-0.013471918804169314,0.007694212994252547,-0.011011682429231118,-0.016528846914585893,-0.02999807028207968,-0.027637969524594297,-0.013281063164783613,-0.022699753848704596,-0.01995898201913937,0.004978396630339388,-0.02272931238089848,-0.03287780123235562,-0.03434911764630044,-0.050021683803066486,0.0007029625493910618,-0.004083911164106446,-0.0093855479226167,-0.004896382729087878,-0.010589053864230147,-0.0033686741183435176,-0.011771108603158886,-0.015811555347574835,-0.022114878186389464,-0.024060877604351272,0.010546825181296793,-0.0023579840372847105,-0.004956678530200542,-0.008173091353799622,-0.021493388495351096,-0.010580876696298813,-0.009220761516772424,-0.00017510195797521,0.018416880886199305,-0.018379451907360234,-0.04810137299176742,-0.03149008690075061,0.00087204962848908,-0.02002249376905596,-0.02551425333537649,-0.03281811115811839,-0.037551520249813786,-0.01767720768240666,-0.016052559131923494,-0.0038662429596962866,-0.03211716492313166,-0.0015914458872906545,-0.010511897820624672,-0.012803203793207096,-0.03422727704433848,0.007128479385086095,-0.029512650522807382,-0.0354920985457291,0.02054788714878164,0.008889694539293336,0.00910016606245434,-0.03244805872728129,-0.0058420392410732935,-0.019246044846340737,-0.017294273503399182,0.003159963680656297,-0.0072493448762801505,-0.0009746406364817828,0.006372888785448394,0.010105109415022628,0.015839714285484696,-0.015077521223579304,0.009547273778944598
2026-03-23,0.014113480475494988,-0.0006828025439478136,-0.00578415124359799,0.00014996539023481859,-0.002055186457303293,0.013247056316676442,0.006705363495001615,0.005664162355267344,-0.001640327455282642,0.02322639327005427,0.04082486687093789,0.021692052850116772,0.01686146282930112,0.007633584682874561,0.01682449664966712,0.017402481999111652,-0.008350667978342385,0.012354247686452435,-0.0019960732112215274,0.019357238745693728,0.030578103416996516,0.00035236482159906046,-0.0003445489261469925,0.013997493863444843,0.0021273620643786906,-0.006787899071718839,-0.0010236852983915856,0.015067536550089633,-0.0026580862532676885,0.017250831375023923,0.016615280703841773,0.0034328134259280496,-0.015676868199164695,0.004179480826351778,0.013109661422662677,-0.008555122345468291,0.004598278810863388,0.016562641160687397,0.037094489351675586,0.0009473771420660526,0.039967089200448225,0.0007697604728611473,0.003521661147902977,0.02180613969852141,0.03164457281758226,0.006817122977108125,0.027588177794025226,0.0031912330307053427,0.003204786839979823,0.00014646802945783577,0.0002124274075954169,0.01169041039319807,0.004816061676943928,-0.020690390013293647,0.004246099672653436,-0.017818742745732474,0.04282601680264797,0.021676287156297214,0.008180215802235491,-0.001230374859446437,0.011563778760134591,0.011722321582087636,0.017518486818262513,0.037960272307233645,-0.0012409529016651488,0.013137151830363125,0.017650315888961154,0.002959136952026542,-0.04386378691875292,0.008156438895704055,0.01698973604637999,0.00649230340257434,0.005163976345420318,0.0170237820072745,0.031133101258305818,0.005598601695838479,-0.0074155861885228935,-0.0020099381280457296,0.0674276888503087,0.0007970380867268201,-0.011932197402933054,-0.016855047687872604,0.013830400213863614,0.006761108262987259,0.003854848667186328,-0.016420977179378293,0.015895517541254733,0.0078626875641854,0.0013910229346580927,0.035031022251806876,0.007692738765750162,0.016646411789061455,-0.02195285704620098,0.01468587750845618,0.018881661342111666,0.005268329396023619,0.009349554300566831,0.012004821265630294,0.008762858106504012,0.014283380197674056,0.009143907680765118
2026-03-24,0.0005964238375686381,0.0013175884392764292,-0.007534623264077389,-0.03239682231827423,-0.03541432843674741,0.03372119980591903,0.013272165673053449,-0.0038310868700266454,-0.0347875120506802,-0.013800294588880768,-0.013084868974361119,0.00029811971636029,-0.010029763905216371,0.013047123817236495,-0.02414025967429123,0.0015185750536133025,0.006842053449046093,0.013234801089601955,-0.0013542739263803227,0.01881044233429252,0.021276872020592696,-0.007281294089253154,0.007238819451335976,0.0034782802783990263,0.01698252629853836,0.008377113994195051,-0.06230141609267825,0.02588177451890994,0.021181126011057927,0.007699423603141353,0.02458561931194736,0.0005263431528792495,-0.015926468679912986,0.00031412193853475046,0.0024647492592300146,0.011748848783988741,-0.00328173194811332,-0.0031213680299017055,0.03032941862119909,0.005606555213286457,0.011225545411355009,-0.03284059036023268,-0.03846919033715546,0.005353263075980497,3.019826414796256e-05,-0.006457039070401072,-0.0315971744015241,0.001136174816288138,-0.053761232631193034,-0.012823204696760127,-0.0006371468753271214,0.008588885393816303,-0.0058581072803987055,0.003744389419573446,-0.008269693021077162,-0.009866142583191295,0.0007683361467696326,0.023702365252942448,-0.0028977922784148014,-0.002042360580378988,0.005627855849583918,-0.006768365984835767,-0.018441900959278335,0.0007505595970169754,-0.0010870850477345817,0.005964751379546662,0.009432737144363212,-0.026788584000617788,-0.021812755900196712,0.015405046729592753,-0.026343961842241526,0.014797957162090425,-0.05678229468813967,-0.00250518750288653,-0.046974182166751866,-0.0019221017377197835,0.007097416818681923,-0.0057643586063339525,-0.0376771804064393,0.003859284506394056,0.002493081485587023,-0.004209044904579851,-0.019716488879939487,0.003987305347904702,0.0024533330094935746,-0.017742030542967857,0.003824733981153683,0.02545388929980108,0.011975487274887398,0.005724019012326664,0.031808289743024076,-0.037007538698710984,0.010165430539111675,0.005453677139688029,0.00788374069925446,0.012034145170086274,-0.0022335948904156355,0.006524267058211963,0.01699031433968412,0.011017248096657273,0.026376193256980818
2026-03-25,0.0038944425565474727,0.00964907617628974,0.007399635112562253,-0.006458603034798394,-0.006781911291925735,-0.012433486866658683,0.07255202565872021,0.015785160709939516,-0.018138070353491687,0.021569200454641724,0.0016336956854192675,-0.005827821282850532,0.01624072126638776,0.012671432174040875,-0.012329184328289111,0.005419768578535322,0.027008165521717142,0.0007633042256869338,-0.006550777582920886,0.006506091815979831,0.0033629278378490834,0.011356919990801906,-0.016769321652980174,0.003195409486069556,-0.003247114402342266,0.001067979818413889,-0.005791728781101679,0.011996077926173188,-0.008516527982447175,-0.007930784204466801,-0.008627576726289665,-0.015518230769985597,-0.004564814235837655,0.006123454290097197,0.005455330712944573,-0.006778530071014255,0.018109308656631296,0.02040392449558781,0.015702521105522838,0.0010860465992434953,0.000522443762653646,0.0013484596770327872,0.0016870180877650576,0.0073230922079792204,0.0048352000407339,0.01904580878160056,0.003325175326235552,0.07081250192098487,-0.012926433930922854,-0.004089747326405768,0.01980700157751003,0.010328370772313633,0.00776753509143524,0.02605036049573828,0.014717269970083935,0.022993645291157216,0.00746490826024071,-0.022567406934737688,0.007676419136675827,0.012539039466440416,0.004372194367302296,0.015130446833820255,0.0033225929215809913,0.009408944682934406,0.008219990918536313,0.025779839556531403,-0.0013263536603975723,-0.004560720873527657,-0.033979723332987266,-0.005020677770528503,0.014958212029706042,-0.009534510144646013,-0.015193539838525116,0.019863034004328428,-0.007274409908662571,0.007570205094777904,0.011869526042386891,0.005308733427591417,0.001162992221152459,0.009946939228544283,0.013056737819952424,0.005154627775912024,0.007827710768585794,-0.007211513261426772,0.0067035317119359394,0.018511263660005328,-0.0020783182578709702,0.0009789725680409145,0.0004734060742814794,0.007623458833617036,0.01099521865819364,0.010229548391288201,-0.006353793866917257,0.006926224078976917,-0.0007110975909135897,-0.004794841230711611,0.003785859199260333,-0.010606940449855662,0.008164853454214915,0.008275198885291601,-0.012818994405623618
2026-03-26,0.0010688333127273353,0.01901725764501383,-0.002480260518532451,0.02147800402802602,0.015300336703108597,-0.08336492242485749,-0.07490806591890964,-0.0021755493344601806,0.009864323515537565,-0.019696817795534227,-0.02945322983208387,-0.0028310659654174897,-0.026301287430223752,-0.010461507579680895,-0.005661055034901663,-0.013134946271160963,0.008313564043345156,-0.011356826608917348,-0.0019320301203669121,-0.01808171789343549,-0.022043200734115698,-0.01579129421551606,-0.00034809395890755823,-0.016789952601679037,0.03350655312096662,0.004913547989700229,0.020224240387767045,0.004032783839467813,-0.013854298695702871,0.012868652227385091,0.005536544508672803,0.004808981930101597,-0.012506482401343888,0.009519418830230553,-0.03477003685877489,-0.02229246364010873,0.007886536301167979,-0.03817105279676891,-0.05474781278411278,-0.009981120199995419,-0.013183718845271586,-0.030560409853792492,-0.03440681152238945,-0.022807219272501844,-0.012270388509133756,-0.002745898581550721,0.0011598842675564214,-0.06528193749750366,0.013329933128020555,-0.003042731945893329,-0.0028757579806601985,-0.012727709195087478,-0.007441828021179431,0.006397966141574951,-0.021073630094940787,0.005014380370494065,-0.0006350804331348714,-0.09351039672917438,-0.003997950405130624,-0.008886758881066381,0.0026118701000636957,-0.002503101747559189,-0.07959460649053962,-0.027423149872097707,0.013170335267516764,-0.003686038630160371,-0.014609082100227933,-0.01366431796733969,-0.06969566605630906,0.0,0.011270057751243456,-0.017176263912148992,0.005627807537303076,-0.04163858095780393,-0.02198335385325545,-0.0059315584253119,0.010630460340566472,-0.010422424989977475,-0.04775431617615711,-0.0181872779869241,0.0014574943879710478,-0.011025569622083342,-0.01596546500443352,-0.005474200293035358,0.008561423022727999,0.001266705503450094,0.0038181632450593472,-0.003912184838390287,0.001088122774451028,-0.03585963575004292,-0.017075714438143264,-0.03461957739335708,-0.009240436565508436,-0.00886751529707086,-0.008844216302260621,-0.005781427016233631,0.002033373849031017,0.007345638844035829,-0.01544984974718544,-0.0071509428289814325,0.013291648141221524
2026-03-27,-0.016173068672430957,-0.008146992457943258,-0.005546538673686596,-0.019448095024143464,-0.02507476097013661,-0.004076144836853146,-0.00873533268869564,-0.012430680675843742,0.003552013648607577,-0.039510442389467326,-0.028246462325212107,-0.023781698339229163,-0.019757132773368102,-0.026326696110206438,-0.03598211322332179,-0.035737167451445284,-0.014975532126000779,-0.017059578971781564,-0.01426557311848664,-0.04474696469744899,-0.011078101007785501,0.0017828008439928489,-0.013579316704149802,-0.033055091875889064,0.004127591122177865,0.004297409487419301,-0.0340982577758675,-0.027263973183050627,-0.015453700799337944,0.016170142128466125,-0.025034841414687814,-0.03266714534190174,-0.024591048348862166,0.004714737784494272,-0.007204472006415941,-0.015963362610928566,-0.023981035537655848,-0.008519116389621884,-0.02286057138111619,-0.019213944980964404,-0.034655998770178,-0.02486285527512966,-0.02342306677223538,-0.024008059024394846,-0.02064366427123787,-0.009104199730663898,-0.02205482024081873,-0.02199540679292944,-0.03724423805807331,-0.0339131032863893,0.005057610795283107,-0.030240671116531836,0.013656401254861228,-0.008819505178703668,-0.020914181961889544,-0.01831564284599274,-0.024234202135623883,-0.0009923044132092995,-0.03297051004656415,-0.009808027489289994,0.011983276898255513,0.00206992073448542,-0.03985098476796356,-0.006597800569813961,0.028783666531953855,0.00588578951018226,-0.029651343106277483,-0.02513874928256188,0.0049513769084506,0.002632687340810458,0.0011787463642443097,-0.01344348663464312,-0.04081431640727662,-0.021723974181843797,-0.022057289337983232,0.014652195145738345,-0.019223769287764148,0.0020362958069404247,-0.03049606990006304,0.006461860775879735,-0.026275381479651694,-0.016282130153594476,-0.04834463544475742,-0.022335205582707185,0.0013624432913210693,-0.008855888797170142,0.0062240417791985525,-0.031686653489931715,-0.003639012352804283,-0.027626237359861583,-0.01592476235485174,-0.019418889969103903,-0.03368774180385825,-0.0016723806338322378,-0.027692247464505937,-0.014343865495594188,-0.0327628305572224,-0.008474529061191616,-0.02315857629186424,0.005811107232896573,0.03360941870519185
2026-03-30,-0.008721851736991693,0.01776504234836418,-0.020290362659123762,0.02570091161834598,0.026784230297260514,-0.04167039355688873,-0.02945696343986992,0.0006594468404739207,0.004955109012398262,0.008076656164990315,-0.02417849271903838,0.017860206671846734,-0.006875905570106644,0.00553535478877909,0.01363073250277047,0.00022485185476828207,0.02032793624246132,0.004535149815996675,0.013170000547178429,-0.0010243965572566127,-0.04022148151952232,0.01708388350922263,0.020120002555448435,0.011527501657302874,-0.0068012165857405105,0.012928698849902887,0.031899998839782784,-0.036036045547585105,0.0008560661263035119,-0.002083744763472728,-0.019659803067078818,0.013056385309633045,0.020558337627378798,0.013231763051086753,-0.016746395554037674,-0.0064249820531228075,-0.01721656169557506,-0.03380360539274452,-0.041973368050316706,0.015567942926559608,-0.003014475201271405,-0.0022646525911605986,-0.003061928559749294,0.005866228698089504,0.005751642233897014,0.0016134810661463383,0.0038503828204843327,-0.04498034763185843,0.030232435397408386,0.00026508884420262113,0.008484159105459632,0.0032880699097952437,0.007396612935749003,0.016574378310429516,0.009553229566767296,-0.028043058172945612,0.009856279237279386,-0.0543021180997485,0.02015529323679921,0.008597551256216418,-0.00034323792886081783,-0.01606611815107739,0.02027701965635864,-0.00363530618632546,0.008122642281372494,-0.012789424178083042,-0.00012629831079880027,0.00613842352061944,-0.09877620300722967,0.007111570695455205,-0.004923462303008996,-0.0025306235721411774,0.05592996030351194,-0.014028147487508913,-0.006157724312792712,0.024699540211008175,0.0269970263583732,0.014084412970992277,-0.03851527052193038,0.007888031049780198,-0.00031465271358899205,-0.013494344396746016,-0.0010367697902539108,0.007579009570632289,0.014442698488682959,0.011987366850787273,-0.010996535078783953,0.014133012186143379,0.014799290337322635,-0.018102390725044493,-0.020543319724595666,0.010552231189842498,0.010694230749518585,0.0018426361612224884,0.0015822067455004696,0.0005899746153266161,0.013603261322296722,-0.00019879874148009957,-0.005052518237197212,0.004963749840841691,0.002807163374213051
2026-03-31,0.029031290418426448,0.020504886149860235,0.007754196908871025,0.0037459003776980637,0.008086911246030448,0.0577803940481425,0.03769638666974573,0.008166289584786934,0.013031262237925834,0.03642700888472339,0.0548720422022706,0.016773670245390004,0.051899961508272474,0.03218299425902149,0.02254034601752175,0.02960201494517989,0.015402701021760112,0.02995308164081778,0.009564759006224888,0.05723880917517121,0.06147469112806436,-0.005832243852642471,-0.0065744130148139845,0.02413964656494816,-0.006697179691036226,-0.00015057369189952485,0.00886343558142233,0.007139141114556713,0.023952092523097823,-0.018081800476024146,0.017007262993993244,0.03105120850954024,0.0218405170192848,-0.005846131410470634,0.0626114631557928,0.04219334517286444,0.007130482393894466,0.038499502337316915,0.0679636024804462,0.022223843777930297,0.023914132699577095,0.05023047291134164,0.05140767278298308,0.04753591997485285,0.016661550173786566,0.011410390847576224,0.02166491651082847,0.07137660935729806,0.0078083393220933495,0.018132407520677685,0.00804154027924775,0.036614158333540425,-0.002884405414859681,-0.007010407413898134,0.03737750561438702,0.009723204532562146,0.01590851829052764,0.0686740933792438,0.011457508102602931,0.007325076783996742,-0.0019047724736200866,0.010613525598114126,0.06665050836078534,0.01901490012950746,-0.015368529258251384,0.01854362802456877,0.03914889758838558,0.031229157756083703,0.04984465243436009,0.009016778113603241,0.034204584956675665,0.030835268515327474,-0.004001125693637531,0.05588180888236938,0.05987023563174132,-0.009756495177699387,0.011163124392980173,-0.0019347774033976473,0.06346779741076491,0.0030940635877603206,0.013457128858993306,0.030724033631718717,0.033094962713478226,0.009886170320952514,-0.00422991822533747,0.022922909437186334,0.007296727281201676,0.023914199100613542,-0.018276158205443815,0.04635780589195071,0.04141193198972837,0.028894243130489494,0.03361468163693759,0.014170479811591141,0.03612426399071289,0.03276405264463955,0.009013763217046611,-0.001988074784435967,0.03658848252781022,0.006315825437571476,-0.010555741608490044
2026-04-01,0.007250134515282447,-0.011540766866563135,-0.0028245911263391488,-0.006203079857241889,-0.007034748646479239,0.035138441188610425,0.03332848784442355,0.004064140466538024,-0.009039307167132526,0.011043371606930696,0.012858971739763136,-0.003405115304203843,0.041652055447754854,0.0106666444330199,-0.006118303736871278,-0.004481578579715095,0.01780701799536666,0.019725207156127578,-0.0014607933831370934,0.016665144744898663,0.030855598444000876,0.0021119106373661545,-0.011627904632296682,0.011346844769904996,-0.027424214245428846,0.00013047595690651725,-0.0023035158732402916,0.004382077190598688,0.009328861829348112,-0.0458675031251089,0.013136915630082013,0.006276303503742975,0.00186761060702767,-0.0003056031395315406,0.010303715029670313,0.008787678663536136,0.021298327279093865,0.031398682056121396,0.025065877272141934,0.006672942291404471,0.007248343885917441,0.028027690353616963,0.03418426038221156,0.016808768133580232,0.002037051146437152,0.00960050805935353,0.003094194319182675,0.08837520092424067,-0.015056236366407849,0.007505633627526542,-0.0013091397378593994,0.004147464284507629,0.00039446125040210056,-0.003893019914035345,0.03778114251254494,0.021922922340713802,-0.0012696881311899944,0.03908073903214748,-0.0160309373560511,-0.011261583000036657,-0.00988896080603685,-0.006809047396369006,0.01240972423285469,0.00013771510989268876,-0.007728360711403148,0.0045722455580452515,0.009722202801928814,-0.0021611901863888283,0.08882906136315039,-0.0003229504047306264,-0.0062402336411778725,-0.15505485932819896,-0.004878069070720081,0.007740860269023653,-0.012779567015000604,-0.004121386228312485,0.0167378296990921,-0.0024231334203912436,0.0014356488625901775,-0.04844559504202861,-0.011647800621002014,0.009434961153594212,0.009376139788599192,-0.01723775519581716,0.0043514953677643575,0.008363252928766496,-0.023456419302043452,0.00612375597237258,-0.027519887335836546,0.025581734406523227,0.01112598082651961,-0.003058546083271718,0.012528233468780403,0.0020608589038346725,-0.004777345813848921,0.01422806580173308,-0.01234110714516623,-0.016135515156582514,0.01205880413951399,0.0037013026951890904,-0.052339947978418455
2026-04-02,0.0011344553655323608,-0.02856078151252628,0.004786176194963687,0.02166856357506397,0.006421689038048184,-0.01506495897761817,0.034679573061694224,-0.015115432190529132,0.015846047553552012,-0.0037992260242744047,0.003381280396867803,-0.0010650176682033274,0.00434108559082258,0.0022326122489448874,0.0023299989535796595,0.009567548549365812,-0.024549918780036095,0.009589130436159055,-0.0024033310271355246,-0.0004336682966070704,-0.017937379310391077,-0.0031612347465996837,-0.004278036903695104,-0.013983724360161154,0.0166692071445822,0.018463588739461745,0.005047238290017075,0.019481285836916884,0.013795052607360692,0.00790231482099002,0.008778709757250702,0.0017296600590566147,0.0005178443767821506,0.010084106530078296,-0.0050615266222620026,0.0064568762480361475,-0.004108085830375141,-0.039360357051919315,0.004235653348590995,-0.004205248218511981,-0.033315539694910634,-0.0014921090625071853,-0.005447446206045203,0.003289875027081335,-0.024062321426488897,0.005477634728387137,0.02064653799850724,0.048927802384856944,-0.007960154446015943,-0.02665519336297062,-0.0044240441335712255,-0.0026406763221814566,0.008412189461688424,0.017759180380999995,-0.019842453049359943,0.008338109401231364,-0.020976325332798362,-0.01608032139886284,0.0036407954883832527,-0.0004881293188746527,0.008235521696450032,0.006623282721291535,-0.008234999321398373,-0.0053700441398515375,0.00427609598262535,0.0002483152068915029,-0.0021664700561471184,0.011072868751592857,-0.004376827082850587,0.0032310439791469747,0.032548409325187766,-0.009858889411686778,-0.01960785176447344,0.009331356375359201,0.007918570045738038,0.015260300515901992,-0.008055969316595024,-0.006731923486426816,0.013448024758214938,0.004894198585771337,-0.0037711504523701977,0.007652046696653425,-0.0006635395417461387,0.015266371239324172,0.005260923456845035,0.003083639972073504,0.0007065219093274067,-0.006228044317194925,-0.01395351527259081,-0.05421500524128142,-0.007284790925648821,0.001812819063975013,0.011971671829229091,0.00654000145481981,0.0027576522611829635,0.003791483657620054,0.007671282836168025,0.00020258023243413525,0.00037236541942342605,0.008417542048797966,-0.0005598211782673612
2026-04-06,0.011487876222620041,-0.010294957384108572,-0.005541029522777796,-0.011821382053961327,0.005927887585462477,0.011909172240715415,0.012321805405890895,-0.015433665725597012,0.013872164957232869,0.014396667550949482,-0.0003814818688420152,0.01848896810568368,0.01959466817373645,0.01377079447273477,0.05017278227791788,-0.007397421031308027,-0.004530145133873509,0.012282016179590682,-0.002032054484760515,0.01830803701275041,0.005605015362869725,-0.007164751596968388,-0.009667040988668996,0.01258795228950782,0.008581077157850725,0.003537004582532255,-0.011486279693619705,0.017970208284796785,-0.002857570440954582,-0.0005528834489340051,-0.001076922571302652,0.0052323149097341926,-0.003415814397783268,-0.006126109934741608,0.007289373663167842,-0.00771511072124853,0.006588563207013731,0.02678189885196547,-0.0013466084587659966,0.0030062139343067784,0.012269117412382124,0.010867399884746165,0.014267800370968198,0.0034876395466032495,0.015607927186586767,-0.005404196376540438,-0.005722102574298837,0.00793961299526047,-0.012118968131336616,0.001128097948955853,-0.008517129511906751,0.008017762042235033,0.006517205318618657,-0.0062276447465542395,-0.009106663806076054,0.024261878705698958,0.018049565944104007,0.010117155421983437,0.016334307087847888,0.008530329315086904,0.014598542565563477,-0.004040153355854836,-0.002506706100211087,0.00020765936051114764,0.012013395527128434,-0.00016550237450463356,0.004462994147443444,-0.0015530146410365209,0.03145483791619208,-0.004508860137056092,0.0027366372698616193,-0.0036207234879837014,0.004117629107307064,0.0014093304479019242,-0.00573863058658719,-0.0017833233195917453,-0.017302301877758053,-0.002445482056224413,-0.003570079577777885,0.01416818562871125,-0.008438488581066772,0.011212467039496632,0.04879935427742388,-0.008318256454383555,-0.005233390987440356,0.008268392292010596,-0.0003530115442734738,-0.00665362200489672,-0.013852975699285452,-0.021547988276388597,0.02334887243773598,0.004593566924788961,0.014787475443729825,0.0033917236127281036,-0.010389068756138209,0.009253972742385486,0.008410952904478908,-0.005060736678344502,0.015508625571049262,0.007949736943203334,0.01667803857807426
2026-04-07,-0.0207060792616357,-0.001548214614300325,-0.004594347691557865,-0.008293533781734586,-0.0172696071785996,0.004792767608828408,0.006131375004192696,-0.007502152819776509,-0.011695277599337972,0.00460553135602737,0.062144226060108165,0.004252077801504717,-0.010833740078642795,0.00439468167914181,-0.015778402065735775,-0.00099015475126496,-0.027979160810348902,0.008007812463697306,0.0035685412318497978,-0.001959806238813422,0.00443678841939632,-0.016562129577796347,0.004699966335227401,-0.016611557962053602,0.0009875614204348793,-0.0052426996743768495,-0.011187285846396833,0.0029835636062336413,0.06741277660760492,0.01347678776974659,0.001582314250008654,-0.005777642299410246,-0.005193186605103262,0.0031200575664676045,0.014925261095060316,-0.005127601650449454,-0.008423702691326973,-0.00031174040364934097,0.014921564218390637,-0.009491199491264868,-0.009124304962618957,0.021064324298594395,0.018233945467744705,-0.0021937974256857062,-0.02412363351587632,-0.01914903129406742,-0.006768227351139022,0.04194566993537707,-0.01705958499533411,0.0008175916870918343,-0.010623677748186844,0.006600039292219417,-0.016964485080097735,-0.009770370788525717,0.004347138192829059,-0.01598997782898992,-0.015263587787304522,0.016768693901560106,-0.006420741044172007,-0.015851074803805654,-0.0149024105972001,0.0016226169637132415,0.0035425782564793007,-0.0010380812352699387,-0.004507934455307061,-0.012991309182022182,0.01128789223442861,-0.0015822508381434508,-0.00047655439619209705,0.01013688957254022,-0.0011119034672216754,-0.030433827897532795,-0.018258105356562138,0.00258955293576979,-0.01628410657563162,-0.02245891712491943,-0.026230672892017415,-0.01029628996302867,0.014466401368164572,-0.017774672008353254,-0.013202903458423898,-0.002469677526374725,0.004536859463019516,0.003763831221346825,-0.0012379203572828734,0.001787371099806423,-0.00988699709480989,0.0026833764559752726,0.009717467271204816,-0.017487708462248674,0.0016046919204537602,-0.00609664435603452,0.09372343974860531,0.0023214487169285203,0.00421979066491085,0.004865309560478259,-0.0025714404966491466,-0.01078342790566389,-0.0012216825020417987,-0.03391434381843472,0.0033054882558405385
2026-04-08,0.021301735790709264,0.025294360819435147,0.016989110777723804,-0.01753676357611833,-0.0034563247820615928,0.08865118408984785,0.046449729615055224,0.028852956499948235,0.01206341027891722,0.03499085736091123,0.04988473096749679,0.030322761930784647,0.03714287167503727,0.03182184349540229,0.04376902109190994,0.0449470660814415,0.026530304188877807,0.026640954928734528,0.003493167408466613,0.05429863335397456,0.06507102290592859,0.02911111260918542,0.006117242293803837,0.06243452916364922,-0.049707856124172056,0.016837572497734765,-0.036018900127870346,0.03743178770008848,0.007287138914646274,-0.04291949869222367,0.0578472349378798,0.0271190413252691,0.03549803267082341,-0.001669012663713887,0.05956635957856915,0.046022393888830004,0.004563306283468682,0.0674289363947489,0.02780127073754457,0.019740563214204476,0.05470025131954315,0.035567398104004555,0.03882673963431005,0.04813973500490554,0.05455341985018647,0.038554366670920936,-0.013587990740338896,0.11415613178881467,-0.050531327860742214,0.02059826983292168,0.012121972862090713,0.035541383796725334,0.018179385941813564,0.011908908327167733,0.02385374151178654,0.0012744988939890067,0.0520271039594129,0.09868508485546013,0.017741018383977902,0.007085544573933955,0.022952591689213042,0.0258042513791088,0.06498564630983283,0.033391036108365135,0.008301932856721761,0.032696190189396734,0.045063285881900894,0.005479578543501118,0.07720224972380363,0.0053379318639990014,0.005768060074726744,0.010306916590979265,-0.030631543884382273,0.0223470271240227,0.0034225181609717215,0.01037787869464779,0.013653102897932534,0.025477672356128078,-0.062037798114242704,0.02190613263006047,0.027726253761743536,0.0280921870958597,0.021006159037167738,0.03599740683680608,0.003614917314069821,0.018208457934361766,-0.02460772105292497,0.028518879377074757,-0.014510700397439846,-0.009808146419583275,0.0458596197707537,0.009061673861214814,-0.00568680316356196,0.012189682457625306,0.029517221221605716,0.03091247344185777,0.02118654689446986,-0.011929203652586984,0.03559639819849858,0.03894198282771777,-0.0469160615120342
2026-04-09,0.006141348347641795,0.003828129930861346,-0.0081112357376536,-0.03215229670943298,-0.039154215088290645,0.03134396106334347,0.020791958904084362,0.016551864412977402,0.02128507146094316,0.056045170153601775,0.012206595897938932,0.00452042957683374,0.01037646682814275,0.015998392873060263,-0.024309283003176918,7.991527999773318e-05,0.004560818484527829,0.005002319935580646,0.01136010882132621,0.011579916045282745,0.020075615337562525,0.005727590559651441,0.012517896742854306,0.011794669511020928,-0.013975407569507103,0.0017082865483677434,-0.028875045664484622,-0.006332124236809844,0.000634541753111062,-0.013116267217690214,0.014245376110163743,-0.016310703442688923,0.006150439690205678,0.010638256815359792,0.014089428895781353,0.009560013618334029,-0.01748471741640356,0.016100731982037653,0.0341320755467438,0.0038858490733848505,-0.00013022196817702447,0.005178905574425352,0.003687064768298942,-0.002241264843878654,0.010173704442324905,0.015442833078898488,-0.018863321197668537,0.04698898086367986,-0.0685535363756915,-0.015877815084521796,4.1403229871672664e-05,0.00766303647176092,0.011515065068004704,0.005634561662555937,0.0019825517233904577,-0.007366790510334398,0.017031923049623865,0.04977891191941741,-0.00529381269290119,0.008273241439563428,0.004419485185124694,-0.008347409487111102,0.026076927899042923,0.00891606223753838,0.009880179679085721,-0.004059100493272183,0.012157675632513465,-0.003365977272341003,0.03633859902163383,0.00329192925237054,0.02676329287095669,0.02017160629766246,-0.07858832016185868,0.010050504643715596,-0.037021534759576036,0.017377323706678993,-0.00910079799168817,0.012146381284035002,-0.07296099328259864,0.0019261684720466299,0.0018822340752830957,-0.001425156182840448,-0.002983201659269241,0.005894526271514877,0.004322307772569811,0.025407174320504655,-0.01864714033890369,-0.005958765444955327,-0.0004555198597110399,0.006904574267115882,0.029104796472573025,-0.0078750997023187,0.0030393902947563056,0.008189126321408002,0.011846766751202775,0.01752169815767224,-0.0021684527928975683,-0.005412197675627617,0.01606411252446649,0.014694279966346313,-0.007553437836438803
2026-04-10,-3.834482173115106e-05,-0.02099807211932503,-0.023559138807704993,-0.03494060120761222,-0.019961713008419424,0.004223130159618282,0.03549693170279733,-0.012879757827279903,-0.0035569296317556898,0.020244002182271403,0.046885080609622376,-0.013437357715640585,-0.01104240980978033,-0.0032251850476655575,-0.017780292076770565,-0.0023062662789860022,-0.014292958993961657,-0.007932813569677344,-0.010923368048650017,-0.004242709413708301,0.004561236859940365,-0.019758326826692985,-0.013422789400746926,-0.00888412066816191,-0.00745115950328179,-0.03251847280428899,-0.0344746805925179,-0.011422351438705514,0.006215171022876831,-0.009508255202045235,-0.021035598705501646,-0.0175138856241559,-0.0062130748661568536,-0.009097722844103262,-0.00622105638821846,-0.007745340524853983,-0.02091672376844267,-0.01491912042062038,0.024069737529035296,-0.02181709426858436,-0.004040196894952497,-0.0020546152979703525,-0.003924717522926557,0.004514713111804403,-0.006596305351904919,-0.004320977343434063,-0.027068045057695445,0.010693451626030193,-0.029721584581927973,-0.009495773730680335,-0.011810497821746035,-0.0014822655720735378,-0.009081594803033721,-0.0002980508629272238,-0.016457466805701593,-0.016269414316446462,-0.014486888515179652,0.018936441921310054,-0.009750389401067205,-0.012502029775869117,-0.0015231029337533508,-0.00796274085401305,0.00233926489737013,-0.001196035106932336,-0.0011859150925055406,-0.01027064014587642,-0.0029187626141098377,-0.005897032858082851,-0.0021826609248163376,-0.004233653211522914,0.009407144103521059,-0.03136368813200652,-0.07582672022845538,0.025664741901011645,0.0016683282063019167,-0.0027304222079822527,-0.011021288340827162,-0.0102277058466137,-0.018622176659327416,-0.004961259235707338,0.0024265665701461714,-0.00802208155600681,-0.0033017210376299344,-0.025393134709111975,-0.004508572886164575,0.008041443904605705,-0.003840117051834513,-0.008692015701131428,-0.009263817655586704,0.009634908676839249,-0.0011628865897010954,-0.01852101722430699,-0.008406428787131381,-0.0025482623832049356,0.0005902462287745713,-0.01189422975081822,-0.012747853716660096,-0.021923812700562983,-0.0072075662586851275,-0.018276173071495316,-0.01631844232987434
2026-04-13,-0.004913954203973225,-0.007069327427984162,0.0038883054614928803,0.06918062860465835,0.06549808789468536,-0.009411946473350086,0.0073049648790664,-0.0034185308971650397,0.009202997152241155,0.006334400855383171,0.02206974155951369,0.032918683649820535,0.020723220170235424,0.015416818775035868,0.021849363928451382,0.024356811141660106,-0.009553012091393143,0.012464752775688037,0.0006043103742661149,0.015194100553481471,0.0013532558498905445,-0.00426830278416801,0.0042964171347512625,0.023575186595043318,0.008731100943962566,-0.017647013090541952,0.047647916406703406,0.0015810903854041047,-0.015630990799683997,0.017130730109169212,-0.003239705739927712,0.033015107255340626,0.02026824819343287,-0.010547128726237531,0.004799351248936379,-0.005854374633000536,0.016738821337628718,0.011512851378952194,-0.00020176351284495464,0.00028774217247429235,0.005365159301428779,0.01105414394992299,0.012829389221314713,-0.018737608583067167,0.011323898665134058,-0.005956438602087832,0.03059464606849427,0.044886168469332244,0.05271556354732976,0.018507825725136096,-0.0020968116762439815,0.012295471064092123,-0.013682684160207237,0.011368371889999507,-0.010559146677773579,0.009727531809978096,0.01171078115966595,0.013881527767859003,0.019893279664109587,-0.003827502657038684,-0.022372876183461288,0.009058604790972868,0.007414415987556211,0.016431606566275736,-0.00845947934192448,-0.010459534361871081,0.019702776938657296,0.03640089840318694,0.014194349063659129,-0.018920089717096467,0.001456184086672696,0.0068043582642547396,0.07301201877823793,0.003604892099032586,0.12694618903749522,-0.007513020182669861,0.01560176952335035,-0.010884646827238886,0.03365608028082079,0.0143347029947265,0.02483222074477709,-0.0007441480158979497,0.00910979104726617,0.02099150494229196,-0.012557922869909977,0.0006980076010174585,-0.03212390413950894,0.03652414918507829,-0.016759564578518127,0.009944121218842028,0.009220933073635473,0.02639036453414212,0.028488856866806245,0.0033131958603696,0.003146529743394799,0.015271262602430946,0.016526578137347592,-0.01346661021400919,0.014519874676513833,-0.017354255793128326,0.0008524794530593294
2026-04-14,-0.00142758690909639,0.018356118550941325,0.003575350091446161,-0.008231319907135659,-0.018283284238429065,-0.00022746960296515795,0.03338332225433449,0.003230292303174398,-0.015294475875740732,0.038059130876826774,0.00271230751625251,0.009696695879929162,0.007337736955483454,0.0,0.021833539927542,0.03019595082020987,0.00034447911282464716,0.010530323788240592,-0.00551863612947201,0.02613245578870349,0.0031829632298618904,0.002143345350096082,0.0032085616768566805,0.011591925438712458,-0.03907136918970777,-0.0061680837885752515,-0.008737470788275914,0.0031572816156417716,-0.006018613973331921,-0.024820100041575643,-0.011607853965002968,0.013988898562665275,0.013935521135225004,-0.004754576445065384,0.0006922097398693872,-0.0047057031190965715,-0.002582476985541149,0.019557570448494932,-0.003652428701894417,0.0102136098785377,0.03423134302587627,0.035619178191743206,0.03610221659486279,0.021149756129520192,0.004543207606770183,-0.001711962196302319,0.010301902823951936,-0.0210187009124021,-0.007145990231136934,0.01799723269873188,0.008993102697498756,-0.008161175779035967,-0.006674546679590998,-0.018118540936701732,-0.007584268831508423,-0.01308708684058224,0.005504279510146759,0.01904083569666093,0.009005440035369627,-0.0042363176303904515,0.0027739224439247145,0.0013636675747958904,0.04406404684815701,-0.001570812126332366,-0.017811627832616916,-0.001581376937105805,0.01214525799018551,0.022738477393367207,0.09166355571854745,-0.010725913842147383,0.030244232322894637,0.030062950949421685,-0.014260012102861985,0.038032865411783634,0.04742324324875535,-0.0010264714290377785,-0.00841257679805818,0.005571918251549679,0.02515677233429403,-0.020153602330549192,0.012191317955561054,0.006950934099524186,0.010155917202409936,0.016427290063941502,0.0003127384630781105,0.011210203401605279,0.00039048139959030337,0.025261051917925714,-0.012627963437241152,0.03342602102735692,0.00996715688019445,0.007879559760499921,0.0038019247329272865,0.0027850665558775134,0.011762475558529273,-0.007432280683421499,0.0063996485955784,0.0013210342516489781,-0.05701755706626621,0.0038533337571451387,-0.022274613211083927
2026-04-15,0.02936295529114541,-0.0005275049680885102,0.011352237546601973,0.019068156620889454,0.03792636346135003,-0.0034880429649292166,0.011957453661307627,-0.007778957642280315,0.003287805787735243,-0.00208820280916866,0.0418614488484339,0.006422822848049181,0.0007149680487359422,0.018181794659174688,0.025231933980371046,-0.005651793768196578,-0.003271391794355205,0.011110320747536928,-0.0072245511272313045,0.016283386532670363,-0.030317983194830145,-0.007961132139633231,0.005685851132994912,0.01571261008581115,0.0010943253024793265,0.010207247537650899,0.036717113038137184,-0.00302626798393546,-0.03388311430639224,-0.011282222541687315,-0.03254809088999777,-0.002366452944256414,0.004386437213181882,-0.013869606440400362,-0.028777044750019853,-0.014102715482055994,-0.00294221485710755,-0.01279876517049916,-0.0016000173061708756,-0.004841528590647348,-0.021142744533678037,0.011767210761569613,0.012646066883422513,-0.011147403852167503,-0.011087968437284546,-0.004501821133569339,0.01885378742597621,0.017708839426357148,0.06248640728055599,0.0024399300712318883,-0.005955877761235295,-0.0166816743470678,-0.007773438147876566,-0.0034224171540319093,-0.018937628821123043,-0.0007849355853570827,-0.017911770082193357,-0.026614294271632977,0.013251323532612602,0.01002575747443002,-0.021784203288540804,-0.011575172953572133,0.013721002565265872,-0.008587304463126055,-0.018287176583503317,-0.017172370576154727,0.04516203637074412,0.046068533854630056,-0.020250810895547366,-0.0007666759166043979,0.013455027489653437,0.028054234733071448,0.0729012582200228,0.01200957407583192,0.04177912612634205,-0.005586882599319387,0.0029509448859443843,-0.006926251768777925,0.047531297666147276,-0.014297352240823069,0.0015808588795225287,-0.021793758203342173,-0.0013202714704462215,0.019211195354446042,-0.013755709299954177,-0.006651586809508059,-0.006245189286478214,0.008440522844945564,0.0010000288260225698,0.07619439612820611,-0.011787812645615126,0.0599368385364456,-0.0004456368673398936,-0.015910108858639527,0.003390762236045175,0.004991955402659398,0.014580729029576522,-0.009894475977765715,-0.01725817586828793,-0.002319104188471255,-0.0015411767067384785
2026-04-16,-0.011372633634406881,0.0027348974629426426,-0.059964518356522056,0.0,0.014305566695052008,-0.011058685176575378,0.07802578269573357,0.0033600139444287525,0.009096562293816834,0.004828961562342915,0.004411171593605712,-0.010028529196658531,-0.02255163648524927,-0.014911628909044405,-0.006085495314882894,-0.022553864758759534,0.01848332537753583,0.021824744965659226,0.002172580706728988,-0.01784499597953526,0.0032330812680183563,0.0015571538923191408,0.03710251493696659,-0.01118337807761649,0.022283920383648015,0.0024980809417702865,0.020382854689078966,0.02598347952634028,0.02400321935455274,0.01752199899469331,0.013093069508143262,-0.02200464632977761,0.008346279141210333,0.005078984987086033,-0.00021365709694565194,0.04373560990645564,-0.011685527024374087,-0.04981997418453721,-0.00770851156044583,-0.008728634066039742,0.003471438195198129,-0.005082750701819072,-0.0032629979618038485,0.000566975989701568,-0.005193179981068163,-0.012102183262934996,0.025326764451433448,0.05481979403690107,-0.006697156576427665,-0.021948926255048185,-0.017304229491238332,0.013140325000793096,-0.001726161965638462,0.002570601628127722,-0.001149195363954969,-0.005907324344286646,-0.0064346910280047576,-0.015839538953933974,-0.0027310637074078326,0.0022856313912504866,0.008660265958149616,-0.01664749682714406,0.007876913983037692,-0.004562266978261564,0.00807209387211083,-0.020695525104557966,-0.02244020878589681,0.02198340217176664,0.00219187685141109,0.006466531649288676,0.0007427521282583616,0.005721833334589643,0.02388788556831911,-0.002614769796708716,0.05023260645389005,0.02279620866766363,0.001103330585167983,-0.0018830570329746443,0.004291246124117132,-0.006043621944699096,0.010672717674795829,-0.01280306993784408,0.00020344123938875747,-0.07629388134852644,0.0027472630192013625,-0.0012895913201171894,0.036920682162588925,-0.029473138250884157,0.03643720091621949,-0.007781651270713175,0.031485581703114995,-0.010351907802793603,0.007482904616652464,0.012256599517156852,0.014386423099714607,-0.015788529475118107,-0.0025640050170745443,0.03886298128892207,0.011956578143983432,0.0004809025208936113,0.01993157920727917
2026-04-17,0.02593021154924191,-0.0029188027863443766,0.014035784233341397,0.018814401528270075,-0.014950059071238031,0.018055888617737104,0.0004672064912309981,0.01691506780116714,0.021052600102693608,0.003444135445984209,0.020252484000041315,0.018203562432502762,0.02055921006767747,0.007475267146066278,0.0403662894789909,0.026528204624557183,0.02052237285043157,0.0019283259874107728,-0.0011365729720314022,0.02195763702513287,0.028460161235202674,0.026189836609365802,0.009539992356308646,0.028698128781587506,-0.045488183286751194,0.012844271749394398,0.005076692212494072,0.020710059171597628,0.006641580083879273,-0.022109989741121883,0.01073284291933585,0.0050056828713673784,0.023002881179488233,-0.004664634602326578,0.042601720820160116,0.030193246442187016,0.004090514338532136,0.019578249926568203,0.024971371834252132,-0.0065680522704097966,0.0418961793166428,0.019923748684119724,0.01684431209009718,0.028833386077609102,0.03633392163391247,0.018179479552600464,0.00984062319190615,0.0,0.015861163185602933,0.0242970773861928,-0.0015349161024201807,0.0010969392627850905,0.007448757067312739,-0.014001824383887196,0.02548703055421786,-0.025185616817796852,0.03836316213553048,0.025444569535022055,0.0053226556920928925,0.014334020605348607,0.0031540267415159917,0.006304739123258241,0.017255887777621215,0.026569221228766482,-0.011857164205617221,0.031266244924447184,0.008007725101436547,0.006020092104702002,-0.004724107364365349,0.0016334663255117565,-0.09722611808071646,0.007220980358832341,0.002281223715613123,0.016788441530004805,-0.018391829352078948,-0.004482879074225066,0.012490798201486797,0.026692700919842993,0.025427325738925255,0.009920556441842754,0.012865201088312794,0.0029103465401261186,0.01667340505096382,-0.0036709840644604252,-0.004109644894549014,0.0242363520044524,0.004166689846251126,0.020542588344840018,0.0027901566386931975,0.03013628543234881,0.03012105381068353,0.008368192488977133,0.02601141322720979,0.0002787572667493077,0.013135361770921561,0.02613555830755887,0.006093264683172395,-0.004916621381745645,0.0019692966136748424,0.021470926639347132,-0.036452191056455696
2026-04-20,0.010435475371396441,-0.022410970628259697,-0.008366879237895919,-0.013103953543490032,0.0170996440448119,-0.013402505469263581,-0.012356773807962962,-0.014466546738090669,-0.0038385443403121666,-0.009099612075002872,-0.016997106107321414,-0.005487073203360282,0.0076103362480184344,0.0007420086655403058,0.00010420640133235182,-0.00353559566497208,-0.017284313320236055,0.001998433366126484,-0.005267815901923489,0.006581947731346016,0.00663188046054719,-0.020520638192420337,0.0033749707830614817,-0.0036808869754537676,0.003533258318189514,-0.002050192863497391,0.022674892372088307,0.016927525617074224,-0.009314385887845611,-0.004022001032763067,0.006875990596331594,0.0038510911424902705,9.410232518880512e-05,-0.0013277932780156876,0.0028699032000440994,0.003516976762838908,-0.012340520952260237,-0.0017426717876820597,-0.012535534604057541,-0.012859664925238712,-0.009591733367206645,-0.011785489038459662,-0.012467774438631563,0.017052742555414113,0.0045507256222379056,-0.016313461686902953,0.0009468744259792938,-0.04087595695996804,0.029446882574102107,-0.007693752088201444,-0.014903015584690982,0.021592643994152727,-0.003432723978994301,0.012026893720322729,-0.007691217441824216,-0.01842315503649261,0.006237029030425445,-0.01659193699602801,-0.008919937632442365,-0.014195699706944453,0.0010480589221137926,-0.013806734049175096,-0.02561907626340909,-0.020381827932701824,0.006856824902002012,-0.016544899855145956,0.00995648243393532,-0.011163956243767204,-0.014613122793097011,0.00032611036065910426,-0.025485518340967683,0.009776266079929652,0.031657329222647856,0.00188419663120043,0.014395089155747831,-0.004312756821734931,-0.0014513106045288549,-0.0166064714512707,-0.003415533862180964,-0.001520947110630777,0.00969172248861927,-0.0032074586968607877,-0.010500027511692878,0.009427834768410914,-0.010580837041516689,0.006449119229056333,-0.012448129794677576,-0.0011013218411987102,0.0034906812331101378,-0.02026857175416885,0.01688269664564901,0.004797654356980763,-0.003542475677500989,0.004141106533225303,0.006294593567884865,0.0012295748190582767,-0.009715413509900017,-0.0023630636338224376,0.006878755744745613,0.003294094766331135,0.008467550271490154
2026-04-21,-0.025196703995697067,0.006921547085808166,-0.03416665395100915,-0.0032810386427704064,-0.005832008118709098,0.006919893629164786,0.034697136220384506,-0.01513604571530136,-0.037983094881510415,0.0065651880571397925,0.0063559004926736495,-0.00024247907796892676,-0.026301751025348152,-0.00871178196173339,-0.006092810507499213,-0.005312902126683006,0.004397062689609932,0.018837254253139202,-0.007583432202368123,-0.010296926477718737,0.0025676199026587465,-0.0205914192007558,-0.022872529957820187,-0.015604536096328725,0.03271794200929734,0.007987235223100297,0.00450956309992856,0.022688380852141865,0.010185363853445484,0.014897727174373765,-0.012144303809943802,-0.004910520275535513,-0.018908768377474017,-0.017128141263636265,-0.013218055695604192,0.002107907432508993,-0.01993143054977209,-0.05556651771421739,0.0011311025525377882,-0.01898875339495998,-0.01850013660909089,-0.014698859964108912,-0.015203648803314485,-0.016129721022960508,-0.020143021629319025,-0.03273265225260913,0.00776473181285664,0.008523671445973546,4.945170050141279e-05,-0.03073453043600749,-0.0196367760884244,-0.012587117439969986,-0.01033394772126428,-0.006644573807006449,-0.01834984276614604,-0.016050730573096916,-0.008290824047390899,-0.01820188660231259,-0.010258430388264572,-0.01661562257508864,-0.02058977974001086,-0.03529411764705881,-0.003085281739606205,-0.0193526576929276,0.0006191133748563171,-0.03877029013395483,-0.007288926772945237,0.014566950244961241,0.002140830976164354,-0.015324445442308043,-0.023726668317570088,-0.001936339766352435,0.0042117746069392226,-0.010788787118989118,0.020216219736871377,-0.013185641472107212,-0.007630912770284715,-0.01501831244601548,0.0005483709054039387,-0.02729294172304897,-0.01425248564873205,-0.0440266938674444,-0.011621918072120208,-0.012667743080691629,-0.017003601956087966,-0.013490090020681245,-0.011459172685718833,-0.0027565722846887297,-0.014972736519328178,-0.015490411649084379,-0.002353472190139372,-0.0029680698655251136,0.069648812953234,-0.0036878138713816178,-0.007468932863695765,-0.002807014866879065,-0.012741303639698942,-0.0036605980614207168,-0.005123797891508075,0.013133296599485922,0.004604650712823677
2026-04-22,0.026298995241013978,-0.02252337766753576,-0.011000908747110572,-0.022219895618329044,0.035439801056694975,0.023204000260046875,0.06668073349461201,0.003073822471884702,0.008869324218805597,0.021807838295304194,0.05092368845254547,0.009430198826472003,0.05530203921639609,-0.0067315571037662725,-0.06004407367733888,0.01881390039381281,-0.00993433505053587,-0.014791089358333065,-0.0066168753543556225,-0.014808566621842711,0.010519061505090521,0.00660067145388421,0.011015545975113561,-0.015160526268591878,0.01945778081148175,-0.002097802570039109,0.01437658293320232,0.0011148952833670567,-0.01202168112917612,0.001828153110803754,-0.012446786498437001,-0.05397347775455308,0.005081971182703926,-0.0033420492288787074,-0.014223494619327925,-0.021896145650663446,-0.014684194337129086,-0.03641056757712069,0.1374559391493091,-0.0029259465023097064,-0.00063246995719346,0.02196874831367146,0.02115626211004451,0.008947210150069607,-0.012851799413732046,-0.01012509829941155,-0.014940525684450479,-0.014941223381318536,0.009460260626219075,0.0716390479738429,-0.00026525308734171027,6.386266348834546e-05,-0.0009370776129042913,-0.0004446354335897462,0.02044245447845605,-0.02888371732316264,-0.019200779816331726,0.027789576233589575,-0.002327177915717793,-0.0058640695068691295,-0.0012470994742949104,0.014878063667111308,0.008791255923035424,-0.018118159719349047,0.008197970097258533,0.0029317860537700913,0.009191346436145054,0.020652560845584977,0.08478349212144232,-0.006622485659240618,0.00712892654635322,-0.015304974882205724,0.029259040573537787,0.013107830909409257,0.034939569989683505,-0.007294122799247127,-0.01867441764376221,0.003723949421520656,0.04555726410133909,0.06982053473567507,0.0037622433052155735,-0.03344548601816222,0.017586819862233316,-0.002827019334907477,-0.0005438857376321993,-0.015042009736681572,0.0038640025004841316,-0.02018801438817952,-0.033113284761215,0.0028207553957204645,0.013553518562407607,-0.02174476130887859,0.02170451442469501,-0.007363186752307516,-0.009500505390282354,-0.004222408124956112,0.004355653810326432,-0.00626757969868752,-0.011894534133333856,0.0029319518223280827,0.007683974480842126
2026-04-23,0.0009516944880663125,0.0022443738066941776,0.00850606798963871,-0.06217783768919172,-0.06626555658391042,0.0010657474465567418,0.006162245995661397,0.007805227876032328,0.015313918584480168,-0.001096486445127054,-0.006411904635545418,-0.04310605697390846,0.012409179921893054,-0.012236385025717333,-0.01477138478001816,-0.008470843729079913,0.003741517407443551,-0.003385411029576235,0.011065736923129066,-0.009404207560969602,0.03260103017341742,0.016636342100389445,0.07728969988256518,-0.014039977467310005,0.01443725536231999,0.010640593871404702,-0.08693361293308566,-0.013474461834592333,0.040850013141107366,0.006869923849425197,0.020621083422186715,-0.029721724415680106,-0.011161974550197296,0.02227539350438601,-0.002311428382258729,0.01746336065922849,-0.006329110310858033,0.02189723698236845,0.019484523716213564,0.005568137901800441,-0.006075999400713794,5.9131574172033297e-05,-0.0012672556948888358,-0.0037868183754794504,0.0019440468433238323,-0.02559439944870534,-0.08250614376873511,0.023134705284083568,-0.06210239144970153,-0.009925122702599709,0.020123790467088787,-0.004248887032602733,0.02210909267859229,0.02717239630053747,-0.0041562986449399375,-0.04616248374899268,0.005505896779169017,-0.026322690851805386,-0.01525011510790597,0.008198060790935768,0.02943270907531148,0.006849311300928251,-0.023076160429692183,-0.006448085269975312,0.03022401367719385,0.015324682135592571,-0.012562263489475867,-0.039660934617680055,-0.011815889135578406,0.06944441005046231,-0.004504484969626077,-0.019702342445211074,-0.17745222634793312,-0.014123474389033275,-0.059840006510416655,0.012419583420436142,-0.004850771373279605,0.020020986133008956,-0.07240196662622189,0.03196099780848605,-0.015580321562908006,-0.008899513904410572,0.00020102904973873237,-0.03042203493611506,0.0222052764943812,0.00981758755570361,0.024249464173046853,-0.09198795684337624,0.02726029673274355,-0.03558619957523779,0.19432106393086412,-0.011643356198635546,0.0029418663081075547,0.08765045940394334,0.022981956273309567,0.0005300811802646521,-0.00774192749798408,0.02696828383670935,-0.000868713019230527,0.0157716707423059,0.0068896321963785034
2026-04-24,-0.008667702544387201,-0.011147003077347395,-0.01459781633338808,0.00044874260490512796,0.027031579334498845,0.03250719235881383,0.1391281985212871,-0.011674673102626376,-0.004468956022107506,0.03493017225717909,0.0067152624370721,-0.014032338383287768,-0.007302974587452216,-0.008004619252581113,0.019801996479102746,-0.008068595530448808,-0.005252480021799788,-0.010116636175766969,-0.0026139209449754786,-0.004124127529905319,-0.005327824648078128,0.011108460243856255,-0.1289506953985876,-0.026649048242710305,-0.0209858099277358,-0.0031841724041082875,0.028043857615513534,0.004741007062895708,-0.011666220667319482,-0.012739916906947424,-0.049514311942175815,-0.00739209984923217,-0.010130275314039983,-0.006013698924878574,-0.0076523766444565045,-0.011994169424623169,-0.01725706801625393,0.008004568233118237,-0.00029584950541305943,-0.024244279466937968,-0.005985678191361199,0.013530746374449842,0.016258881347370746,-0.004713830468117353,-0.012552943806237948,-0.0054586155439764195,0.0038947243716380697,0.2359988383395475,0.03300293456021475,0.007100776585098334,-0.013657059679457184,-0.010940369069907585,0.004588338748323206,0.004408931483231848,-0.03671331641586173,-0.0308423117705503,-0.008477311571372437,0.03565903971132944,0.0035630569041844584,-0.010478319146598136,-0.0017327755277680712,-0.00560927575567105,0.024091639679341137,0.007939835196981493,-0.0040209123801268065,-0.023730598111368795,-0.00307441970907385,0.021334937195510273,0.03113842058039773,-0.010077892370680575,-0.0040939156934640675,-0.0020098498457201686,0.06357630888483401,0.043227788976992976,-0.017018379968087083,-0.001669882575425996,0.012373489707793173,0.024609084603500975,0.010736659850492547,-0.029493500922976756,0.11123564712299894,-0.028109375081450727,-0.008740269165967263,-0.004723311734441293,-0.004472434350464849,-0.012275360674881108,-0.015407735362945263,0.006449494684631851,-0.02200240380662799,0.0069035282132037246,-0.018034833981063647,-0.000803180201403797,0.0010153877245588916,-0.009437494649545686,-0.006498370654012042,-0.018541395325025634,0.0017482404976179033,-0.017789075198490267,-0.013538755195437902,-0.015981151974077568,-0.010761917027958812
2026-04-27,-0.012727861582674027,-0.00669317994120866,0.01832553328950315,-0.007793223732293297,-0.024975573752595293,-0.029205854754762783,-0.03789423181707385,-0.01268312838363339,-0.016329069931418916,-0.010871605831113018,-0.010786255684689272,0.01515540616762534,-0.0047754284920530354,0.01114315996819526,-0.015145661949402367,0.011378308766303302,-0.015840577749587137,0.007115015861620444,0.007436269879634638,0.00906393521940907,-0.002407347287396111,-0.005670447114957788,-0.0018141958646382683,0.014211818029542744,-0.0006570044674157893,-0.012995114817564657,0.011338061136903166,-0.008426019346141844,0.005388736923136017,-0.0023217128246179053,0.008975521934969644,0.01901266638751764,-0.0024366472097273606,-0.001414326154700496,0.0008489928601358443,-0.00023202868526617237,-0.0021710440098740014,-0.00014057815904378046,-0.025200325806943646,-0.020322040034664646,-0.0011532083083897193,0.0181116722470529,0.017247411505119103,0.011759502751910844,-0.010688083476200205,-0.005254013059352247,-0.01694106877010837,0.029682540841616367,-0.015229192053020979,-0.023288148475592463,-0.009494484857008989,0.010866764359610537,-0.015529098977732803,0.0008818271261279431,-0.017749657229228055,-0.00019485138857489037,-0.007772525752522963,-0.031032928510253743,0.004482573710962612,-0.03056516410633836,-0.003298080878202714,-0.004800786453960537,0.005318231285283526,-0.001506875018779441,-0.0131578542098848,-0.014924022754004174,0.011219160888889856,0.0004710499812119462,0.056047665222807685,-0.004722879578064831,-0.011575072117749552,0.010069401263388178,0.0031052321723714638,0.04004417714781017,-0.0018466762908814216,-0.008620599008774432,-0.007777735091543447,0.001484689104989334,6.99543356013077e-05,-0.02009746110286481,0.009472548848730167,-0.005049798517163029,-0.007905105754122177,0.025536759119798358,0.0029949904939352567,0.0006462001474298873,-0.025954209365430914,-0.0035553489185591314,-0.03714440654314355,0.0062982346841573555,-0.02756741112610761,0.021838119865312144,-0.000648064289490824,0.0007815734079636982,0.011399739423343158,0.0070169013458096785,0.0007433214480307981,0.015523876442961937,0.014354099806368037,-0.01793416950069182,-0.004835155130816782
2026-04-28,0.011584102768505522,0.0015705621183756957,0.011422387109217613,0.0044075197712414305,0.01625506426531964,-0.05866227722607886,-0.03412728464601866,-0.0017931982118092327,0.017683917802393312,-0.005438047398549362,-0.04392641104388939,-0.009220933619289662,-0.0026369282216884837,0.0005700411465665578,-0.023321258133611744,-0.006717981824732933,0.00830736504633367,-0.006916099696049782,0.011315340477445313,-0.004723586102786781,-0.013175814379594253,0.01782107678069811,0.004725523798073894,-0.010354927282459236,0.021696222564205447,-0.0040180174750840125,0.006327087883108318,-0.015862242148124928,0.03343546102826234,0.019374436294238517,-0.006746669966658514,-0.009079832986289227,-0.008597921509891138,0.005586662538758835,-0.02155942473401995,0.005981129161107157,0.0036796272389085782,0.016305927355379835,-0.027940625856768597,0.011819917861729534,0.012698858239448496,-0.0029266389063975495,-0.0015984362710370625,-0.012006673700858395,-0.009750233651972251,0.004149931205896573,0.021881144140482478,-0.005530076862179545,0.026825992754579975,-0.009235813236227908,0.010872454453272784,-0.0005775845488592557,0.038573647117456256,-0.0009005904576732116,0.0065992596447224106,-0.002064857887538074,-0.009193962892110163,-0.03175706422475866,0.0023497866607755657,0.007511905089597759,0.0195054472709435,-0.012300972812230637,-0.010727606486840457,0.0017835589972297061,0.02727277351148194,-0.0018144295704055624,0.0009465182502819136,0.010427908679775388,-0.0386418886457458,0.017715926017774386,0.009849993098725696,-0.00243685430928009,0.0004422434148918519,-0.01588104908680843,-0.04047178381289207,0.014211396473726934,-0.011571552295685628,0.005188708248856422,-0.013417284038027777,0.031013086901509723,-0.0017303690210435096,0.01326552309054363,-0.006231482549253986,0.0007712450292363116,0.006825274434721251,0.007253250348077556,0.021159835364126467,0.004657705828522207,0.021723678443488215,-0.006998242057971282,-0.016697525201642693,-0.028320389770348897,0.03405787163189422,-0.004350965651772176,-0.03972650319530191,0.004287973173757065,-0.0011303999162520784,0.0029724672798583374,0.01166829457855334,0.0,0.0159929614507357
2026-04-29,-0.001994705758897597,0.03136221797599403,-0.026955026239557145,0.014120925495560765,0.0015214242624159713,0.003883439567965441,0.04300607736136852,-0.004564620667436126,-0.0011770821875698445,0.012860978748156615,0.014056038375075408,-0.0007913896955690225,-0.028649447708820608,0.004177774522070576,0.0034605187037144436,-0.009888036466351613,-0.011500140546651494,-0.009510177306589318,-0.0058139508909267335,-0.007157831807591997,-0.009561430754160716,-0.013773786977895885,-0.03183788640372309,-0.006559130212252184,0.03161196651603193,0.004698163502755648,-0.0005515447798146722,0.03119962083156702,0.0360582618905918,0.02049267338673122,-0.006810140673341625,-0.001005658062788517,-0.0016753539657061722,-0.010093938326148244,-0.013437332110825317,-0.004151580488008455,0.0798585147138744,-0.019467512604329107,-0.023711411280626704,-0.003249251019603716,-0.029512329949431315,-0.0005467471925164613,0.00045745218860759884,-0.02261078067763067,-0.018993469012404063,-0.012351433618565055,-0.025489143967139194,0.12103648560394031,-0.01323747001825959,-0.027451627965987546,-0.001931606926378282,-0.007063773064066581,0.006636940428693006,-0.010935014207059335,-0.026075466344614884,-0.004840942350123889,-0.028378857841069305,-0.00987141571354655,0.034691275995732074,-0.007900493606153747,0.042705841491315955,-0.03089131541099477,-0.003306866341159176,-0.01479154146074424,0.005899614726846414,0.008361339445169813,-0.017230505446641398,-0.011159034047451222,0.02809893749158454,-0.024246244160990194,-0.0016255977234355123,-0.014212726785533425,-0.017681495324266105,-0.018389075111261644,-0.01283444683444035,-0.00639829660262714,-0.00830813265657726,-0.018167134734485058,-0.022736872231250538,-0.01916928499295467,0.040000000000000036,-0.016450332664550427,0.08449838025588519,0.003633236033979692,-0.009532880231723717,-0.013119623487592436,-0.011895605230058393,-0.008421571700050756,0.061321789900372625,-0.008563377785179571,0.015924539291186646,0.0048576522383847465,0.010824225917118735,-0.01105550564570712,0.025687912475051755,-0.0007116334491881204,0.08263828563756159,-0.013336177936725258,0.00012276821229706414,0.0032918312727086008,0.02729808106235354
2026-04-30,0.004367659937802859,0.03644125732901227,-0.005912634454187993,-0.008598623322991217,0.010387152371881259,0.031103789805770887,0.051555888695161034,0.024347725471617787,0.02536620579455473,0.0076793983730687465,0.029547367389479273,0.023443668745677826,0.02195349674510716,0.010968184455368402,-0.032302500553706204,0.025226623996915887,0.05209237701078884,0.01587654628331925,-0.003744370316407508,0.0028994404514832706,0.09883340382082118,0.010297109345236422,0.010463403746286515,0.0024104196810630363,-0.0192592235672836,0.015881199872619822,-0.02588015897701279,0.021547396580903433,-0.007270567333224731,0.0056705938221881524,0.05330162234364888,0.0008388920241850784,0.024185556509711104,0.024029710234097612,0.028412403018677646,0.03788049935042337,0.01644370627338776,0.022428272339432676,0.019141928743344305,0.015523129904124522,0.0035238945356332874,0.09970916515302841,0.09961702406520634,0.020064112119443367,0.018555802180151293,0.019163061849692964,0.017084926000132894,-0.0028495687922576174,-0.01665482129164253,0.008329107575827832,0.010996319732185178,0.012869881928304405,-0.0013947078296041582,-0.007073308082321428,0.09796635732749981,0.016005913910046354,0.02265521749949806,0.03662305668969856,-0.042476568114228286,0.012100122980828187,0.006553042352263283,0.020158730235019462,-0.0855003921421249,0.01841953094150295,0.06524933690266699,-0.015953102223987492,0.024236857601337647,-0.03929691983619443,-0.0025075199109442226,0.0393968123365287,0.016174531256457403,-0.0006757781397996876,-0.006524939082429904,-0.04626045560032954,-0.014893501886928173,0.02060663326027301,0.016755545829397978,0.004301444729920112,0.008262661300008523,0.01450433601482004,0.1511539276382845,0.018982634640747786,-0.0016113452907393633,0.005265415528881157,0.03411390111546697,0.018091910851272486,0.014757248961809744,0.027237981863031724,-0.013473293674015507,0.02368566893502,0.044053094812425364,0.0018799434316312258,-0.0007012441465581443,0.01775063265607102,0.020542149031202994,0.008723548058395814,-0.014991335153486829,0.030465525645797742,0.008833237032363606,0.03062257476412933,-0.002198226559964156
2026-05-01,0.03239351812191993,-0.022335799058824768,-0.014649210459774631,0.006267109143925698,0.018732224689228527,-0.013713927116311697,0.017066824105659073,-0.047451248054770856,-0.006020502780880954,0.012072784412985094,0.0092231180582798,-0.010431806978885239,-0.007204269769369276,-0.004115184718163634,0.007543358501788111,-0.00367859884229893,-0.039115347844796755,-0.00439083396093054,-0.0012457692784777485,-0.004219370615690887,-0.0004943236775761806,0.022258686882536072,0.005547322982675684,0.0031887015858034218,-0.020591495555656092,-0.0013425130871378421,0.04129614567117312,0.0038251199357497434,-0.01440754669763733,-0.01386371055352087,-0.021377567016368282,-0.02123499925432737,-0.00645781367658127,-0.007333039420128529,-0.021290243473533033,-0.02390225598082263,0.004472868427308541,-0.011795892099996319,-0.018930104023297756,0.006190748863229567,-0.014566350660002336,0.003351326787381037,0.002312960442559797,-6.496937546707215e-05,-0.014963474060509463,-0.008538209193033053,0.005281858735134204,0.05440303987109485,0.027130009124638033,0.00037152473323720514,-0.01157283531794584,-0.002426363180308977,-0.002285427885901248,0.013529109338827672,0.030740462687453673,-0.010039110568155873,-0.022865243974171223,-0.004420942354840918,-0.01483341639520619,-0.023672420739779487,-0.001139317975078713,-0.011979760480170354,-0.005164114466532643,-0.027436608454160183,0.02615280779040452,0.02729440692987728,-0.002203673734274658,0.01633231850252348,0.04843771778355377,-0.009501460500836889,-0.016558092529126767,0.0009017335965044726,0.03227274580802297,-0.00561207563438304,0.06468803817391833,-0.006814313697371732,-0.013857715678976645,0.0011557425601860238,0.035655284969484,0.007936011997750514,-0.014311193233089825,-0.011813446594734822,0.00541151285790753,-0.0010911984567479882,0.00010349562231803944,-0.006234373524148018,-0.0003826376522895192,-0.020356606342796124,0.002864441794828476,0.024080922159745333,-0.00021344700877912182,0.006835573409172513,-0.00458867457519585,-0.011726322219327012,-0.01130514830404239,-0.006353699458543249,-0.005487473990196556,0.0016656638161143267,-0.017268711565534445,-0.002501247147205121,-0.010237822397487384
2026-05-04,-0.011815603186417278,0.007550810805940333,-0.021462085720930446,0.0016125968035369809,0.012963184208714784,0.005911394809755555,-0.05269872843427492,-0.018100802486095025,-0.004019578905818499,0.014128002271583506,-0.011346370093874403,-0.0014702240724204785,-0.02673938649173757,-0.01972205222736556,-0.023875472935103725,-0.008882185643438123,-0.014428033922630479,-0.014202376392743798,-0.009492443413994356,-0.00953963005377445,-0.016736490945300275,-0.021659401138883427,-0.00441341805356299,-0.010369427058791514,0.013962185842863573,0.00107736068712172,0.009030509940044062,0.008492093546595303,-0.0009744695484075194,0.008655432181935874,0.001957531898444387,-0.006337428769809583,-0.017171170363014965,-0.00894249099015998,-0.014477916248312517,-0.09111684610488613,0.009368465963113914,-0.020906846350161268,0.010348558733054958,0.007899799416167363,-0.0009238288715746057,-0.009341822180433113,-0.006326388005902461,-0.022128188592534515,-0.03538341822284252,-0.013694161606240263,-0.011714070912376306,-0.0385465153725556,0.01992276844229801,-0.011861576937089224,-0.013160780695197993,-0.015425504225649811,-0.004963087052185733,-0.02829186661875327,0.0047751102495317,0.01049207801563834,-0.04118630495408726,0.007206318536611356,0.018730066886012642,-0.008861284717997964,0.00016298087672406147,-0.0212499618530273,0.0027268552682238045,-0.006596504295095285,-0.015291741689895999,0.008470015310485524,-0.011358277766771896,-0.0019785964451384253,0.06314894385353464,-0.014852916334490152,-0.011296990474776059,-0.029504584356582098,0.008885448947501873,0.0001511106711307164,0.04923465847015529,-0.017915063119231855,-0.0011394416161720766,-0.02607630368825231,0.01360443781103804,0.016889033995238334,-0.04875426972118235,-0.006264822912348755,-0.008781822021179941,-0.0006554342829268034,-0.007444947975565497,-0.004593992903351607,-0.0007657142848797038,-0.014087477828560568,-0.0083647843821677,0.00432424750456617,-0.0004625672526179514,-0.015841352474662895,0.005341941610781609,-0.010926700845194648,-0.10467604771607375,-0.018827665594282728,-0.0035972088210205477,-0.0112242965844227,-0.020170692031573956,-0.009650434299747546,0.0061538941189072105
2026-05-05,0.026550690927708454,-0.009848208184534024,-0.004226670581590097,-0.006162561850112103,0.0065364165988175404,0.0496704769589944,0.04017099278984926,0.017724195723246572,-0.015258788650592603,0.005513692583370089,0.026074394601590667,-0.010212647897350213,0.013917766780754848,0.01781944896094778,0.012380730656378569,-0.0031741554125194194,-0.007493905492705233,0.003639639898145086,-0.0064031419583945315,0.01894449817281374,0.03407713546290525,0.011245157005820738,-0.02253419346983576,-0.0012637373543559205,-0.012729219073596587,0.0035841635102698,0.00814109230325366,0.01802877952992943,-0.016095593957326182,0.0018722833512134773,-0.004495299979675682,0.003390092044589288,-0.008192618908909988,0.0010200453338722326,0.021556196930185845,0.013834508154772607,0.00022922279397752376,0.021959232508771853,0.01979608988521897,0.0059536760237959285,0.00594453577927756,0.012195635943741845,0.013515988851422689,0.01729271528716203,0.00960244318465886,-0.0025287296749618715,-0.001960906326550327,0.1291501660496559,-0.021302693231259662,-0.002144359915143168,0.006021430537417105,0.0056882822516448606,0.0037089257765998696,0.013656218904423367,0.021633770995494794,-0.017794193040773676,0.006749483723390126,0.06663564984606074,-0.015176137833961767,0.0037663260001403742,-0.0003258464877098355,-0.006513436990460253,-0.00892834555733013,0.008900874073613396,-0.008445752835482323,0.0003536461436786098,0.006595423272133472,-0.005415548178495877,0.11059068201928368,0.008061935387519759,-0.03438801767585431,-0.0006961659779738394,0.000434934380737495,-0.009975799776516192,0.02806596597600519,0.002910910808671341,0.0057034859624816026,0.010319312135227188,-0.06930079573911663,0.0015958642269919832,0.1079106577063027,-0.00017351741421833822,-0.00028585097616284916,0.010056834864520026,-0.0009376289239770852,0.003970041554096193,-0.007662864368440658,0.008992658035500423,-0.0005657809524989288,-0.007999833304410453,0.005474644049858535,-0.013255827849157797,-0.018556992266520522,0.002277796624519546,0.018274359711103694,0.006516958448874011,-0.014746917683127636,-0.004834970437499364,0.008966901191981957,0.0035293684321406893,0.00774285199079916
2026-05-06,0.011717924952267644,-0.0052399292991921476,-0.009980442072527684,-0.024803012786236533,-0.02132069889815802,0.04332788696140355,0.1861453669565576,0.004611784988609147,0.011453001352148773,0.005264129064761924,-0.004492659528188669,0.018832035004177516,0.024734769909053878,0.009036165233931914,0.004116167432543172,0.023510036431533043,-0.006321345136589218,0.009670586078833532,0.009258458627578126,-0.00320284392085457,0.02469623272099364,0.02119775040241456,-0.0007558031408539945,0.01961198720024404,-0.03584167868475807,-0.020336065069259224,-0.031017716890595293,-0.028207885217664264,0.0764654601841872,-0.03882889507349596,0.02752746179326704,0.0016606154614002833,0.07543783786246361,-0.015990020570118557,0.06944646188020687,0.039807012501361205,-0.005413033075422069,0.06679919905726361,0.021685339658224168,0.02112681611089484,0.03348657328086513,0.028287489416279232,0.024740662220501752,0.02008942003867631,0.024189919693810236,0.03730987731605673,-0.01436492209487139,0.044937591694703904,-0.02452806625728332,0.0007754133983106648,-0.0041232565207839356,0.01777634165642583,0.009556574514770766,0.003158092421367664,-0.0018405070322355943,0.010472983290715332,0.03614083178998673,0.07748378020526658,-0.010440919095570211,-0.003752194014266852,0.008311576213497762,-0.0024425046814509077,0.013091745937741095,0.026046710727392952,-0.03599399249386659,0.003623473505840691,0.021664497244468395,0.0062715193636264654,0.04122151537838992,-0.009243883149322007,0.004323555080860908,0.019043133724449435,-0.03217040556188733,0.057659075388685865,0.04683027995657896,0.005934015136084714,0.003024579047895992,0.02070393461950859,-0.015598633793338701,0.0063141273636107,0.032270175109057275,0.022386833362110226,0.014293929758252943,-0.002705640843931878,-0.024921742796583213,0.01581729517502173,-0.012741309983261728,0.013261638340684945,-0.005918402940757739,0.024038873016714035,0.03003559587689053,0.08526389966974501,0.009371489014946555,0.01598433066871663,0.01855813343446333,0.010071967421935613,-0.010030152563309747,0.0021123462990868536,0.006634097260266536,-0.005428441381225668,-0.039966430551094834
2026-05-07,-0.00024350711440246364,-0.011315378623822925,0.008227103816518255,0.03219336015006169,0.025342813459182878,-0.04194850131323424,-0.030684218286820997,-0.006100667372800683,-0.002164739019321349,-0.01389133038400725,-0.03027455060384543,-0.009972014650333816,0.004784091412844527,-0.015858162908338524,0.017585540704937452,-0.005430395831958812,-0.006008131324812149,-0.0220742065378271,0.011174254836951558,0.011677099385480894,-0.03370264257411082,-0.009074444402520476,-0.007564325223134216,-0.004188189870312442,-0.033809955165316596,0.016379610904939668,0.028423168094772855,0.005674424660893962,0.005756389551998309,-0.01436598960240465,-0.018761470397991253,0.004230536822035225,0.005552527457630907,-0.005336890729238819,-0.046624851417765956,-0.0033405231056362616,0.0014110656476389316,-0.010463269888340343,-0.06553403036266758,-0.016434375957522618,-0.0036848146638680523,0.00040486361837865914,-0.00012565985809642743,-0.012247227055579235,-0.0012690715258001362,-0.0036428707519503556,0.02467437032582298,-0.0299973393997629,0.04691805831696905,0.003896086612009908,-0.009393694034258604,-0.027405541600770578,-0.01009722349945863,-0.015980176455991257,-0.012248548008688798,-0.003597430411968361,-0.010669710273270794,-0.03583815301960935,0.018398397047024728,-0.0014079652614663596,-0.009051197159551827,0.004639183214309117,0.006412336255826601,-0.019039100260586084,-0.016103709318864734,-0.011095408012718688,-0.016446898547641142,0.016450879458010714,-0.02994347525241936,-0.0217003707527349,-0.0002265395244916979,0.012078383890763433,0.050982516906754816,0.01765865404299216,0.0028861390615722016,0.0021158569344168487,-0.0018846798671479092,-0.012440814157020474,0.024366618799755102,0.003401171847806861,0.05182527165357054,0.00022627209783276925,-0.02048102492219006,-0.028757467740193277,-0.011549622631653156,-0.019999030315846045,-0.012123561581626863,0.0031926825437651463,0.005384167370960924,0.03275398690529352,-0.014510821488406767,-0.030819690140763578,0.006697863927396686,-0.012452062475776016,0.0021023260957935275,-0.015135300506242122,0.007779218569211599,-0.007377708352715784,-0.01566765948957194,0.0009224692182163707,-0.014190627753102536
2026-05-08,0.020456497888878378,-0.005722478534307185,-0.030916013968078637,0.0012764067063812945,-0.013527801440040399,0.06039349973528818,0.11440535661732598,0.007931009449023474,-0.018023059554771348,0.0055683857848436435,0.04227264529913466,-0.008346680604134904,0.027399047156216882,-0.02729856607218928,-0.031235459090398376,0.016005680443766268,-0.001600002712673576,-0.0014538406753143995,0.0018102548906462346,-0.027422677097820536,0.001964976454831069,0.0021749363562131308,-0.03201220121626913,-0.01614830989229399,-0.008791772561207445,-0.0032310530394821235,-0.024256676518742526,0.047851517550752565,0.03651559545694716,-0.004821897021768939,-0.009818361159628086,-0.025617669965759315,-0.005889996295537991,-0.005605869964893095,0.0015593009423671145,0.007049189180040605,-0.0035369535075556735,-0.018107956573738093,-0.005240840874075836,-0.020363984613276265,0.004973804810023408,0.004427055512155276,0.007060470320022549,0.011459460118005138,-0.016086056590899567,-0.01365301786193207,0.0006097003424156977,0.13957302535134564,-0.02573873162919138,-0.007563546604432259,-0.005348012936037816,-0.013615382047668101,-0.00012752946820793198,-0.0013972071726152668,-0.02719089293155552,-0.011514170385119482,-0.007276541489259936,0.02628088464340106,-0.010899491812328854,-0.028022588664210923,0.0039144977718770235,-0.023217003333113828,-0.011640525776495991,-0.003200058384634219,-0.013325581644631823,-0.008192393351190042,0.015354673171691369,-0.013427757958591746,0.15492629775807676,-0.002357465802498626,-0.008611922223574764,-0.006079697764895808,-0.025750572999425736,0.017494095947569344,0.006989057176351565,-0.01068520366902892,-0.014203414307912166,0.0024647447375667486,0.005472455186423808,-0.0007012747166119659,0.0816588054457652,-0.0039031341130298935,0.006426203801769503,-0.00639156417216491,-0.006815946636922865,0.0035749813432128796,-0.00395884325271656,-0.019938438699680705,-0.0029351239954404917,0.040214665764012114,0.008974890079368913,-0.016681954290254097,0.027695193980672883,-0.0009060743460405085,0.006793172989412399,0.003977533909664599,-0.007750199577895245,0.002760693728901753,-0.039004028234670085,0.003678256905919719,-0.013712618052667547
2026-05-11,-0.0012626705737772692,0.00610268275323822,-0.020872890685488255,-0.044728922222208145,-0.027228894927519898,0.018785565592119857,0.007908798708686549,-0.006361236235807088,0.005324887825901348,-0.013532354923427414,-0.0036511798237645054,-0.011739364836909183,0.00358108401301771,-0.014811953949321333,-0.048996512345812704,-0.003235553451302331,-0.008725101136006774,0.01524908423880511,0.007584958887768556,0.0023894497417065175,0.032692590585807535,-0.009251915017175039,-0.014566887300850095,-0.029290677441439095,0.022295003978382022,-0.009238798488505728,-0.023814770963755838,0.022263658824409616,0.018442828411510348,0.01717876601185675,0.024180576733570325,-0.02710913350299038,-0.030549856738725456,0.0058790478995245365,-0.013304111240549421,0.0008453195307827066,-0.0072143826185514515,0.012182383279632836,0.03165882888785698,0.01667556849822871,-0.04454318175952299,-0.02589098933153089,-0.03033924459227455,0.008948371441566572,-0.01905816696949858,0.028106231136648896,-0.027028166798173214,0.036183191952564364,-0.007620269567449878,-0.06665777932439831,0.0004969667140473089,-0.006951360678874141,0.003060513883805571,0.022791772537053445,0.01954765968866412,0.01133245098721769,-0.013699822999375999,0.006801564642159308,0.004702483491972664,-0.0041704053312195954,-0.0022745636293061144,-0.02114248953500575,-0.017666485318944103,0.00034894909057547885,0.007193156841059034,-0.0008978135804185161,-0.01030602450731155,-0.0059259923965174766,0.06496969736595304,0.018689501153781984,-0.02331696154232199,-0.03964653880710289,0.0033998416051348457,0.01970259096216065,-0.010768056357300604,-0.033695451208326066,0.005062272555362846,-0.020898767906437188,-0.006603800014195804,0.06503301222264746,0.08416634365446174,0.014310894983042166,0.007719383031516314,-0.008802604377882717,0.014161189555341291,-0.005541238592144948,-0.011526192763810394,-0.026666653540826646,-0.01435728855807128,0.038870068073398656,0.03460744404138438,0.009277728375746808,0.01173743703912522,-0.004912121841207595,-0.007739603946219642,-0.01872856336560591,0.015903784354165618,0.00021173912060001854,-0.027234235526390926,-0.021774104863673482,0.035346173729486674
2026-05-12,0.007243389265544797,0.02505178943503039,0.021681213280765332,-0.014969548823253964,-0.02161280600180293,-0.027996917861505044,-0.0228862874178567,0.020328368345731818,0.0076069538188414665,-0.011784761609137218,-0.0213103775153336,0.006371638664535384,-0.005625337134931074,0.0045499148744689855,0.017490515380129246,0.01033929024519975,0.014011184114413266,0.00717032914827076,0.01128141757860912,0.004688152359465292,-0.01580720953639192,0.008070147508374648,-0.005193810009945232,-0.0011960826543436776,0.020077885188674927,0.022421918453359835,-0.034818906661244875,0.00577390283403556,0.031771852812749746,0.0065496752752050025,0.0007643649395245866,-0.0015614326144237634,0.01375097808079051,0.0013610677928330706,-0.015419898443044588,-0.006545243371345544,0.00706331623522205,-0.01103825823024418,-0.0010250639570061892,0.010635096790797549,0.015274295917179881,-0.007627236134120974,-0.0033193073752800784,0.0011007834533938166,-0.003018664416005956,-0.0026014790029932344,-0.019369276546384873,-0.06821694734633343,-0.01411177042376588,0.028115025537384986,0.012780538949712206,0.016266682942708277,0.01741666734561087,-0.0010507354966394766,0.02366106897991127,0.01708149146597049,-0.0068123210774327925,-0.02300286383850847,0.0040175970948928,0.000873960193244594,0.004722372842337119,0.030587587218850354,0.006913159586054318,-0.0009068441534553218,0.01865615461171921,0.00979514718945107,0.004081626134927241,-0.01185000702966521,-0.03614851619104964,-0.002635959055077297,0.025863157317674412,-0.0009436400900584285,-0.027216066476219547,0.006106452319395217,-0.03616381881588837,0.01633090593219433,0.0023247336122649287,0.003836516806753565,-0.006501566174422324,0.026467475972078436,-0.11459602583761341,0.001567664756856324,0.00794409263163276,0.026756215702254282,0.003974271305098531,0.02318409782143971,0.01447521877180713,0.01480331771785437,0.012837329888116145,-0.025955028748244402,-0.008698267910218327,0.0027577029581711265,0.031084205938877618,0.008543770881987323,-0.01559994529057096,-0.00018355911033896,0.009994250392977966,0.0148211045886939,0.021745018134068816,0.021631866485173346,0.0063469281852877035
2026-05-13,0.013805995565634221,0.003078992532325353,-0.00616474988112703,-0.05966899115202373,-0.01976495648650589,0.012546327534446178,-0.006223668812021521,0.0004758177340122849,-0.027681534527936646,0.016213969753363422,-0.005986118104268079,-0.014953428919024625,0.015747080944054304,-0.01851117564061855,-0.03444202089276427,0.001464558723871967,-0.0010629118242706515,0.01161573009142014,0.0011547293971891914,-0.018506832664524353,-0.010787846928589473,0.004917661175317667,0.001606462495588712,-0.011812155644582267,-0.0039874540574468265,0.010960143185460902,-0.031930426120239774,0.02598450808001984,0.031108765496631108,0.00026896737561532547,-0.014494438113269004,-0.0016238964428738623,-0.011868896879853708,-0.009354736096643501,0.0034964301370181694,-0.01785246620271863,-0.01472033201321854,-0.00921170159524487,-0.008778180890628873,-0.01400622021234299,-0.008241782698487854,0.039654005517664404,0.039421737678543955,0.010064405324173409,-0.025478300587001623,-0.0026538977411821874,-0.02089226259260757,-0.002653177126314965,-0.041342134376202266,0.0009261905226267686,0.02746816512514627,-0.015186318579967661,0.002873964268922391,0.0186357835089217,0.02614483118140898,-0.0020345388138923726,-0.018127593295783506,0.02143552902905066,-0.018346937746240743,0.003129133111294591,-0.002917346887358563,-0.007940648434975994,0.022603656522077076,0.027162866673478225,0.023608549725116834,0.009611054331784441,0.010162585462894391,-0.006277990380058274,0.04833153352160302,0.002748710975531088,-0.001140840740791016,-0.00023611012656155062,-0.021910078070136896,0.022873482047085725,0.01568266684721631,-0.016990504699924802,0.003478865184370905,-0.011604462000198046,-0.04374997756060428,0.005242663161218353,0.013598956085340452,-0.004360218492290846,-0.0059111110599087135,0.010978020186508175,-0.003530579938019973,-0.024798239875045036,-0.019421315101408543,-0.028891768705322396,-0.01562341142618362,0.027269526989873505,0.03784253956030992,-0.021739178219497557,0.0120335751088545,-0.0035768412780581293,0.0001015065606890797,-0.0319382870482694,-0.018718263641311017,-0.015021932320442244,-0.021947346623850894,0.008592213768659596,0.006240504976167571
2026-05-14,-0.00220833028705536,0.010887310659285054,0.012763923075900907,0.027248848159277195,0.003981815366008057,0.009047053580526487,0.009427636828353014,-0.0006538925340643376,-0.019382269579728995,-0.010772604336833247,0.055183664503610785,0.010206400993563625,-0.04733997963719094,0.00020057357734315495,-0.0035476598509182056,0.00907598340918625,0.0067388024867578444,0.007333803941693473,-0.003007067655533824,0.005801782671683631,0.019860338194161553,0.011038961659146196,0.009222114567409179,0.0234108605262644,0.013373080702031581,0.007908433318669417,0.01049207387594775,0.1340924282361735,-0.009784925884215756,0.0034408300909458678,-0.010350485684883504,-0.008735539243602042,0.004957069928527291,0.003309112839263495,0.0008712287439203159,0.02780639287144071,-0.0021677708757015246,-0.010756279061001739,0.026313639968324587,-0.007440852840709389,0.02559032326126398,-0.00468622373119798,-0.0038497776707889786,0.014171845018083218,0.005949400573223018,-0.001101142582372594,0.017377915291398205,-0.036245744261098944,0.017702018350612247,-0.00973926379826695,0.00164921060077039,-0.0011323774784034457,0.0023672415518907197,-0.0031368606747385064,-0.008909649043976398,0.0009039035873983359,0.014334332981874809,0.01255751226787205,-0.0014267328104757837,-0.0026478612057129203,-0.008940169586607039,0.009972472711724745,0.0029190726671026734,-0.013460268206484494,0.01216106703170583,-0.0003525190586920468,0.0036113962834933844,0.010414344989990054,-0.03436904414888675,0.008750681222533307,-0.00708080327175209,-0.007557853824769256,0.03963235872824611,0.04388258597883499,0.03082844789661343,-0.00401954113475389,-0.008089333277298216,0.003304282920079782,0.02829675193715042,0.021020684749412766,-0.061406361134859755,-0.013643351020289796,0.004247307922110366,-0.018975493718155434,0.005797752125985545,0.011168755087911597,-0.003637839669382581,0.004887547209262877,-0.010983807488800568,-0.004424284747029383,0.005973810510284228,-0.0001337952777007434,-0.005160054106396639,0.0177215650587228,-0.00030472517878665784,0.012893372560436545,0.006899539420944345,-0.003177244526382017,0.0035360008234308626,0.007530276747332643,0.007983012925278699
2026-05-15,0.0067738157309671365,-0.0018029362580515018,-0.005064785600088717,0.02945302560683194,0.04468170896638801,-0.008943189461537382,-0.05692685214277915,-0.022175014014619077,0.000762491981304958,-0.011526033074604314,-0.0331976757539828,0.0022701090181169725,-0.03804371958153063,-0.0016047283719160532,-0.0022656574456653145,-0.02004473436137566,0.004051427521256423,-0.007059799126642452,-0.002809538814241508,-0.011216163509868649,-0.034676462324708446,-0.007991885566634549,-0.01628922710247671,0.007427730915759545,0.028914872708327932,0.007394911089435796,0.035386040165816146,0.02319744078155428,-0.012969656370976246,0.023896294448206623,-0.022292212919475918,-0.015983892860928495,-0.02561180985713163,-0.018621491721322436,-0.031130593666567008,-0.011053217686463945,-0.017967222138800087,-0.03433494365176504,-0.03787153743464855,-0.01877931071775696,-0.03717044065940489,-0.009693588020702304,-0.010696401675080014,-0.0211464386893353,-0.0224740758730394,-0.015194168497115301,0.004258863192588391,-0.0617614391724427,0.038885487649170436,-0.016212686261243725,-0.017721001185035057,-0.0070021208958457315,0.004599164209043716,-0.010827745782194476,-4.980131401377541e-05,-0.008454785784154817,-0.0232100640724473,-0.04823664706733877,0.00869496212678511,0.005164299314376564,-0.00869284210895127,-0.010653497230342479,-0.006791410922453722,0.007579966752102818,0.009390866474117798,-0.01789971204603391,-0.010384024495639466,0.030505840389261074,-0.06617187404142222,-0.02424749479528998,0.0009201081138003886,-0.0033317762145526064,0.050497234196952734,-0.04420122720632225,-0.013598505463981891,0.003026822287758746,-0.016310682574522173,-0.00798822322203463,0.0019442890445815486,-0.01172730111978637,0.007047202540134245,-0.025614699408770814,0.009831734992711061,0.016100120446162602,-0.012062331448020047,-0.013708080559482916,-0.02515208687543713,-0.022020917215935687,-0.01578187971740974,-0.04750732717914996,-0.01765260150037906,0.0053553873799665475,-0.01312984610603607,0.004529552396625336,0.005181907096940108,-0.00561586011500359,0.010014917203135631,-0.014662184897382136,-0.005014266729791772,-0.00762501671773852,0.0406589665169379
2026-05-18,-0.007960612067346995,-0.004657995771576995,0.0407245458943255,0.051711854927082745,0.03247170067827665,-0.0527918597001974,-0.007333213450559373,-0.005883923031844818,0.03897318001632555,0.0027257161474880665,-0.010536491828604277,-0.00395566131330527,0.0005442202104313232,0.01848496267451316,0.006098811262782444,0.003678661054063781,0.005438620584052867,0.011553825427569775,0.011767127682078993,-0.008183394278238332,-0.027422842722149676,0.020310915367218296,0.006865915780390308,0.0,0.01740051621350691,0.026235779410166193,0.03440724690051167,0.005667863752088609,0.0010428457060964735,0.026268905523509467,0.004734480294074306,0.012043708876146031,0.01158491459564348,0.01562628720410153,-0.006238269913694139,-0.016126522431116674,0.025739866521860888,0.015841975897476157,-0.03524487591579206,0.0006945233571455933,-0.02351057780920851,-0.0005339830774412357,0.00040326534105239453,-0.002224599920395809,0.007730800115334224,0.018711264920235227,0.015731860010179455,-0.005516213042554563,0.02585242662114351,0.04464290114107561,0.00974811117907426,0.009804954338914929,0.004701772517357483,0.009385350800456882,-0.01674755835379993,0.023836685865835427,-0.001831306198322502,-0.02374265852993207,0.023452035717545394,0.02199786165404105,0.019854414133112952,0.015364387990822292,-0.004916657591003681,0.04315409975695905,0.008619577430268643,0.010594364646023369,0.000935057605873757,0.00383963141857957,-0.05950376275106806,-0.0462725054237747,0.030222994533085412,0.016475626595351178,0.08783000421715248,-0.013314388358780072,-0.03285823497365126,-0.0004023377571185094,0.0,0.005792131263734124,0.008582684150595377,0.009967825449947565,0.010670436127844019,0.027865408225410837,-0.0020595508456435763,0.016615340909615695,0.020917291097014568,0.0019997694627558182,0.016645842992113247,0.00834969131880925,0.029316399338958687,-0.029011937010514632,-0.007035988522818393,-0.00013310037719227452,-0.006906185549196642,0.01689091935078091,-0.01809026744442732,0.00621238399266244,0.021151234530890184,0.008410597339485015,0.012939316280704327,0.014378086219299258,0.016274109384609492
2026-05-19,0.003793999787491842,0.020772602877871194,0.010351450287870545,-0.004224162135223253,-0.0025426142154446607,-0.01610368823548014,-0.01648495831823127,0.019605983736753485,0.03226535006819464,-0.020841158796957915,-0.022913608724904,-0.009383784164167852,-0.02538418969231837,0.0001972858967664859,-0.0034179117198622766,-0.04565877452976497,0.017448961368652816,-0.0019036059697636887,-0.01621690763043171,-0.019933031356991315,-0.0043983884938683104,0.0011120826974797549,-0.005214643663211005,-0.023286990672300445,0.004576840297366269,0.016581954045850722,-0.00033428549154213005,-0.029441454246831866,-0.018856105832636083,0.01497377645850051,-0.011373067762442846,0.019406765921739844,-0.015590440664884353,0.014001964115759158,-0.011874204429918822,0.014199967302706895,-0.008656031097672212,-0.0024825744932410743,-0.00044456627022104733,0.006400877942276839,-0.006429591160172499,-0.020884704295896728,-0.023378884460741545,-0.01861874825420895,0.008772197002677062,-0.0003682816951072754,-0.0018855136652988769,0.02431362602692122,-0.008557426767767162,0.003773352186451362,0.0047177950854324635,-0.016725962143916306,0.008867010440432255,-0.009376289170096253,0.03372156927350134,-0.0031799397502236815,0.001605315282395825,-0.01647714316110782,-0.012040562753326434,-0.005912248976872592,-0.005678106385248793,0.016295940781215768,-0.014070509827927014,-0.02078277495295522,0.0037981385602343654,0.014925376169284688,-0.016139916814300048,-0.014449655975185882,0.025236982072299075,0.011455497514153423,-0.0035694332334377243,-0.003523620089507684,-0.015374167144087902,-0.007691677106092865,-0.02759763077884425,0.008788375568733908,0.013028027031188882,-0.007655006268437847,0.0008879319056493973,0.000365573494614857,-0.03943229266942627,-0.008297755352023928,-0.002063801349458161,-0.006277755545906705,0.004588627781205723,0.002195401883176018,0.022513271804750046,0.013144790856546962,0.014529318433853522,-0.014341825466156255,0.0056885942127669065,-0.013186007845228609,-0.004832190383869395,-0.01297566926822269,0.013608322708777765,-0.002806389592849401,-0.008207103373337188,0.020958156375345594,0.002420334792633261,0.006449682270668999,0.012835675045705486
2026-05-20,0.0109709963070026,-0.006830050021504053,-0.004953866729543455,0.013687772212520155,-0.0063532308760234635,0.049003414564402714,0.08098055734290321,0.0024792360520597967,0.005573793838584251,0.021863243262898013,0.016274606082193888,0.0016488628549045092,0.03344031731128516,0.010453636295018054,0.015594698202510804,0.014735010866759657,0.003944426973409021,0.006161944635850958,0.000915794133188319,0.04042676022982428,0.014427684464678014,0.0036658725101175182,0.0032258034744816477,0.028566703197899557,-0.021980656914587726,-0.01855941362698388,0.003790034229796513,-0.008927013380270798,-0.009556185208776657,-0.030012664988315896,0.004282643068200143,0.02442529929982573,0.01749927558418496,-0.006021194723026535,0.01691547506399571,0.031655910068781656,-0.0011466297161203398,0.05219438696070999,0.012571685996979776,0.001455957405411823,0.04832717981195822,0.0,0.00322451056536055,0.05747576124899578,0.026914454861464376,0.0011052521294496742,0.012009167215202066,0.07364617155202668,-0.03947861979094491,0.016871263267299375,-0.0029564782698280334,0.02123773594875611,-0.004516542058807804,0.001106551964840552,-0.002486737053804311,-0.007671320321019581,0.012272784697971328,0.06843950223462159,-0.0033220004433812678,-0.0018874592828530545,0.00897371885862075,-0.005472134069178014,0.004065668121317145,0.0028119465677780564,-0.00905402931007182,-0.010854323240168662,0.04320077203451467,0.008720179231968883,0.04758565484257904,-0.01987564632779315,-0.013881176175381982,0.04172561569735311,0.014435836141317049,0.012964070657941695,0.03692271960954452,-0.00718228769634599,0.005066292630097058,0.00806793605822409,0.01397308492092919,-0.015346882753052848,0.03527424102882448,0.00206314732399826,0.0011280574326033577,-0.0185164687228887,-0.005523652500932452,0.016130665554708212,-0.0020015707756922962,0.008887722489508088,-0.016854560439773958,0.0325407064678751,0.00850123166608352,0.006883549216341933,-0.01526051431105413,-0.02121087793869425,0.021067859929267074,0.022514085930888106,0.0025461378211220076,0.0016757020013575818,0.01690133407454275,-0.02496267452240386,-0.038572772406928246
2026-05-21,0.009065310949131433,0.01036267977681482,-0.00690202115080929,-0.007532675450956705,-0.03658676714811615,0.002439430496990136,0.004490839237514699,0.017643351250993256,-0.0013042358851851343,0.01301830709151064,-0.007635968898018541,-0.00038730590133229104,-0.011656149295510176,0.005075215827284207,0.01739401303030519,0.011582747006866123,0.01725313129035677,0.0132691164832075,-0.0019130441294085143,0.003204626877558736,-0.0075753935202818035,0.000996170102990579,0.008038616144924848,-0.0030443416035705884,-0.01479239579572722,-0.02193653539494611,-0.02104391125197136,0.03366854853952961,0.0004288262869940329,-0.0016725412698281872,-0.05193955901486047,0.01291495311435531,-0.004803996840926361,0.006865407642976162,0.015354457901258334,0.0053510159558314285,-0.0030610994699686866,0.005296985930519638,0.01883801818401043,-0.0014538406753143995,0.01405309133063315,-0.0037152463221005183,-0.0032141465159613025,0.006160126972720947,0.010303307914540705,0.029486193845652098,0.12431111653645832,-0.003866838332320599,-0.20019270913400278,-0.02055544398240705,0.010509290139404381,0.0033776706290604697,-0.00465977766513781,0.015553702866791141,0.022358131465295417,0.000382534243515531,-0.01646685971226225,0.03474954303037081,0.0031724089333340366,0.013950857375888193,-0.0054980619623051785,0.0,0.003834342600039564,0.012151275355008151,0.005182016145225843,0.025486701357681163,0.013854427745272346,-0.0025229027109182622,0.04113442226432862,0.016087101769790113,0.013736028654444565,0.004525926134314462,-0.034946761894506406,-0.017720537361840427,0.0085565506963039,-0.0029472204308116368,0.006203948884537569,0.006739619760067317,0.0019321866674557597,-0.0009012254919408269,0.05382452521418024,0.006462639758922473,-0.022253546916263245,0.0033292980770809333,0.0066224642063485994,0.003919587305465377,0.016446042615049228,-0.0053565005466333915,0.0038914658987054818,0.0014139776735901943,-0.021287031390823996,-0.013270749115537384,-0.002139256020752933,-0.001354343136654057,-0.006270888331733837,0.0011009426291930247,0.001118654927248608,0.009410304596638497,0.001451004008627521,-0.07267871090584144,-0.006334818920508023
2026-05-22,0.012557845216167651,0.005594391367096385,-0.004101549444293751,0.007702313001548999,0.002703762338459148,0.01123179163954302,0.039858567970152414,0.005571614872918573,0.00038093005051553774,-0.007971333528174807,-0.0010372016021047425,0.006716133323479312,-0.002686564073816622,0.006020542408839535,0.008642295584078363,0.008695608020348411,-0.0015113375943064389,0.0012231844450376617,0.013333875890649605,-0.0010382117995939577,0.016097929724462556,0.001879678951307584,0.005183379631661156,0.006053731928929551,-0.0007466110742985199,-0.021143283326085838,0.021326129077708256,0.018697180803100233,-0.000642922833154258,0.002198828234248662,-0.004140305397490662,-0.007673234968006537,-0.00559955416877389,0.008101993238934346,0.011267637814923237,0.013602131234273562,0.01234100941457994,0.003578958567453716,-0.004866697626106364,0.029578548738326216,0.020463687515968276,-0.010665722141613987,-0.012098216184623256,0.008662436456740918,-0.002262724542977046,0.01840927194373032,0.0034391236628428246,0.011307985973760593,0.04191225066015236,-0.003865351834100972,0.011263116632473036,0.011155131626443993,0.0038192090055619854,0.0059669226775311834,0.022416334698472262,0.019988996063542652,-0.010947080827575006,0.010289888729578589,-0.002161615993796051,-0.006721063693606366,0.004227614984279704,0.005758118227203957,0.004741685369389348,0.010741248100492262,0.002577702398130599,0.056351454638119636,0.002593408242516304,-0.001240757398686787,-0.01456498614555568,-0.012710480705451555,-0.007838796794116587,0.006307696162726417,0.024475822572537886,-0.01904237298751621,0.012172616886687582,0.011555224344740767,-0.0019268263175000744,0.007252500621949931,-0.003893231666549868,0.0028122612778080924,0.11597393274611756,0.010042764660975312,-0.00979541601815348,-0.002875811588308075,0.0032895288095868835,-0.0023913628549083743,-0.0031570609007232076,-0.002425609964471165,0.002985862198851219,0.019528547428303344,0.03626118930081734,-0.02431736042229593,0.015660923609911448,0.0016576944225701329,0.028193350056655575,0.004948688617442798,-0.006764889669626406,0.0016573029956239438,0.006322489047819069,-0.008818194553464775,-0.0023826075934316737
2026-05-26,-0.001586751960143129,-0.011961065681766136,-0.00846591307814848,-0.012497240708071122,-0.017445616561135413,0.0525962856204063,0.0778165261125654,-0.009902698120969777,0.005983088431920969,-0.003867523096163561,0.01900322315840053,-0.0033998253984987015,-0.0005479425332640675,0.007722037446507457,0.013907906905267664,0.004100673168008218,-0.02404978686838244,0.013654396253059753,-0.0056745954560569745,0.014149846704606395,0.03257222228619372,-0.008387618707770383,-0.002379986835435388,-0.007295357400114777,-0.03229287248226331,-0.024614873763881384,-0.005497892224669787,-0.017274327446177296,-0.027128444363545667,-0.03510414365054848,-5.67500623442907e-05,0.004709288131359068,0.00271843475045519,-0.005570119825267672,0.0333529036272453,0.014713326663886361,0.005103677346201652,0.03846913894255244,0.03054660527856501,-0.0046889318245803,0.012692014401795904,0.014391848324462941,0.015431995898472772,-0.0022172036651239013,-0.008081275122015619,0.01667253019606063,-0.012409367877122768,0.030707613631762554,-0.04872787466064288,-0.003332552921109011,-0.012103035726260702,0.0011749635936593172,-0.012518461345573106,-0.005042764364212804,-0.000244140625,-0.0006375736164802026,-0.01371900183690189,0.056754498856602664,-0.011092387139473803,-0.01066352168226914,-0.008419634993498737,-0.012722646557420059,0.003408411261689226,0.010430309055536657,-0.020703636640130307,-0.02197534810007451,0.0036312775803202246,-0.00606830040489359,0.19291611835261313,-0.010163744540568453,-0.010383726690627815,0.006044311104830946,-0.02163907905518614,-0.0021826918622399605,0.0051020185245573835,-0.032476645969996776,-0.0019304725018132185,-0.010246439369449911,-0.0020455783847801445,-0.03947302236645012,0.04475989314379669,0.011072859017525749,-0.016390286406773424,-0.008319467413261283,-0.00486522156551783,0.012377079076222541,-0.009501178501326923,-0.00022308847994101377,-0.001880138882690341,0.017792977626126305,0.05070994995851352,-0.02367024443700605,-0.029886518476737067,0.01963292946405848,0.009404124026982208,0.0071128830316316005,-0.007297475860046698,0.0028956196228349107,0.014659621659930622,-0.014134838244715286,-0.03298477066065375
2026-05-27,0.008173125031610828,0.010698192715531851,-0.011422613184319363,-0.0036158157607256713,-0.009355898160449572,-0.01459696725497317,-0.016571088651838872,0.00035719210667206625,0.00016219940411921208,0.024727646527565872,-0.00035549965780623527,0.0058573870914926385,0.024668841049977575,-0.021072803971091014,0.03104712308687274,-0.006552877007197422,-0.008788528903349802,-0.009287469197097775,-0.007650597011723215,-0.011587586423069673,0.0015189091424290257,0.016026738629505877,0.00278328810679751,0.012766896825390894,-0.012353113538441485,0.0007577894480923497,-0.008767072303807022,0.011324231531778306,0.014769054208221055,-0.012506159565903952,0.0005103181390644362,0.0018517870999346098,0.008714189935286054,0.0030407077675136396,-0.008867134774603547,0.029449985111446475,-0.0056581131735977674,0.0086489278042714,-0.03604020393897345,-0.0002990599522211257,0.05426742937526918,-2.6025855100142437e-05,-0.00012861975688982508,0.0019607070799907422,0.023539661018425972,-0.0007336361472888298,0.017990324555882786,-0.014167746499029965,0.011105650780446785,-0.04143007110796748,0.004822315777527342,-0.024320244156551207,0.014417147344129688,-0.013787186089292303,0.017074641581683814,-0.003302764689227189,0.022444334523477716,-0.011621420866238519,0.0041175609806825,0.005944341537842623,0.016492460709522483,-0.02087622614744966,0.03743015629381041,0.0074011517151402195,-0.003592678269488503,0.004343440008055088,-0.0007434273422290971,-0.008076305462157207,0.03631063098229759,0.0,-0.0037637070016662832,0.02314197743440527,0.02201766030776886,-0.010518481304186755,-0.010877400141317328,0.014140629614129319,0.013926448653400758,0.031687175199729856,-0.0299415184035956,0.0028094227415049744,-0.06197260704998975,-0.013298345346031026,0.006704795084328863,-0.042393745535118765,-0.0037198266313477335,-0.0008214852949633977,-0.005195885920733279,0.017916905954134865,-0.00156980061645684,0.015613803526030035,-0.02290006496339092,0.00869938086791211,0.018972628275704118,0.03057915419659274,0.024517014514778834,-0.00959801851281794,0.0034610828449208597,-0.0051557020281775,-0.018188804099244726,-0.00025300480200796116,-0.012749507330859777
2026-05-28,0.005340207912225559,0.014995408903680785,0.007236259854968452,0.01156721070011768,0.013431820325969568,0.0031901677094952063,0.045505948907660576,0.0012498167910066638,0.009190166436948921,0.007908750591183455,0.011188549245242152,0.008254900178307212,0.01997323079173241,-0.0064578978229394846,0.008612085120363044,-0.022282598036882484,-0.010605017480823542,0.0058679836352932835,-0.00520920138784009,-0.005662326245543192,-0.024463431192290108,0.004053047900880236,-0.0023790431235504172,-0.009427959483713111,-0.0012160114043977543,-0.008458777325393019,-0.007548850089334147,-0.00860699252157393,0.00977518767092489,0.003453974253804226,0.018152940338219903,0.043320047296692366,-0.0043194178049914544,-0.012684454385684663,0.014815288057147269,-0.0009228491149974039,0.01829638731507477,0.011380523837162482,-0.034780852744916935,0.01892436781430784,0.0027341568919414527,0.0033521856415428264,0.0033434443979794004,0.011942211545128423,0.010570946207058896,0.0062621331424386195,0.03534484475048916,-0.007226716577790726,0.017125365825649164,0.012137181311677736,-0.002118510305669896,-0.00852040832454437,-0.014824786127850542,-0.011597448374491615,0.04052007821643788,0.011428357942578682,0.004980639408293408,-0.0029159774782507863,-0.002605867248414162,-0.010501273244518883,0.0022489861790913057,-0.005396204843309715,4.717479655269585e-05,-0.014951292729305399,-0.0019414698164396116,-0.002910832338151259,0.01081291934517914,0.034700793226276616,-0.005267019694671027,-0.004563642061333861,-0.01133369068189316,0.03023057078807212,0.06472777548542319,0.007761016341909066,0.06671548903674096,-0.009814557895590492,-0.0026707248099709924,-0.010712602699902374,0.08172969798512808,-0.019061668259127473,0.04237361427114528,0.013420977547571544,-0.013222316300653736,-0.0030370533159304047,-0.013014734889114532,0.0,-0.000401776983811164,0.0679731052507615,-0.009433532187207994,0.003951359818862743,-0.004725153385792713,0.0026861982609123203,-0.0038540948118290785,-0.04434670577774891,0.021058647674316422,-0.004388331866812756,-0.00811932866355336,-0.0047678969513026415,0.007095006059609776,0.003036954678346193,-0.0063555593063451266
2026-05-29,-0.001439992937726231,-0.004162299967002014,-0.008111292617416166,0.04859873163877526,0.07360002002147259,0.0008450562377733117,-0.003841130240645252,0.0009212956148123563,0.0014999681223057948,-0.01226272026117703,0.04732993360434157,0.004284101689623343,0.01035927585380314,0.016348170858906164,-0.014073790226399985,0.00037267705884724833,0.004744341213980041,-0.008039306363401444,-0.006158104726900593,0.009785059494040516,-0.013293214843520307,-0.01669219231467134,-0.011526192763810394,0.004865727636251149,-0.008783324859545583,-0.03906752854291995,0.08474773281346448,0.015003361332216691,-0.021404730963114016,-0.003114200236197351,0.005899800882711137,0.011293767541313615,-0.018316798075683316,-0.008322549786021205,0.014317047282662365,0.0008507922807492463,-0.006132462698477781,0.00916402460659227,-0.027791157305001257,-0.013140570612840574,-0.013159523967073983,-0.025095830133723296,-0.02509425962392897,0.017047364761175965,-0.012670755157748403,0.020858371718247115,0.12709100907245952,-0.05136900583857895,0.059201274055261655,0.0023841790099461413,-0.023700178285857576,0.008694727451698414,-0.017410787988044962,-0.00854618183902811,-0.01934686535627783,-0.012583590602629924,-0.016336259124937302,0.0005660147037145347,0.00046584503560120893,0.004424923528505431,-0.01955443552874192,-0.02328969357334809,-0.004375904481211723,0.0018318532425001255,-0.03320827218439626,-0.009758930477118066,0.020658554652171146,0.05445092515456418,0.051411966675989795,-0.0027506681565678814,-0.003937053785110778,-0.0240658804228141,0.14384253570108152,-0.014515703746992292,0.10839470869832635,-0.014354974253863784,0.0015302569419026746,-0.01610586008179149,0.0920887211209791,-0.006664066711077776,0.0317728405258102,0.003911471401324862,-0.015781601368641485,0.023432923676107942,-0.005079913622584642,-0.008995505014840699,-0.0032154311255848667,0.010857535675194097,-0.0024468933399306447,-0.014272783242432974,-0.03250520378052846,-0.007332158156965418,-0.005803469604442668,-0.011218961386680548,0.00018753419709693908,0.007346147026207062,0.004339046288857951,-0.004165735372510637,0.011611211636413987,-0.02649286362871328,-0.011567856078975258
2026-06-01,-0.018425943872925732,-0.022000774012793767,0.025467293738735908,0.05088998044016968,0.05717375029035909,0.0180198549374182,-0.011567469454628831,-0.022744153531168876,0.003048737938387225,-0.03465860321873382,0.02954543172466151,-0.009258358341958317,-0.029634397688083847,-0.001744185355233907,0.010870175968830775,-0.02497899855346819,-0.03899964201354633,0.02266372967154484,-0.008830724887011088,0.025337527985303643,-0.01199950885886758,-0.018861611006847356,0.007237571039531154,-0.017932183517941458,0.01403753664676266,-0.010676365541304356,0.09680795085887572,0.0075569147645448975,-0.0039569201700202505,0.018469774159727503,0.0004611014854425388,-0.015328204301880977,0.010016661344646405,-0.02314025820585719,-0.01508839742194168,0.020196912120961752,-0.02197103672298839,0.002594503065708187,-0.01836172872850883,-0.024771157879156513,-0.0067274838580252405,-0.010227671781624759,-0.010438005061361832,0.026952280847063248,-0.020338009614843,-0.005549513666995742,0.07595710732698602,-0.046651538715418384,0.06705278879190324,-0.029154117501295707,-0.008077074998576239,-0.00912101502988949,-0.004682986160968183,-0.0005625919532742385,-0.020633528351244323,-0.01992409867172673,-0.031069246329288203,-0.0033314400119238696,0.0025709319920377283,-0.011067441603267003,-0.0019617285511982496,0.0023032895808576814,-0.05065538658332436,-0.014366957074904319,-0.013365913778414229,-0.02990231650316677,0.014471127436711306,0.022832265019252507,0.06642636457260553,-0.038501366850238306,-0.001976263375720766,0.0024007117216107154,0.09238560432600207,0.0626124588791841,0.0990787281341714,-0.018517308539787836,-0.021008446829561156,-0.022847581743362433,0.02625527524355431,-0.026609544992522882,-0.08776191542441847,-0.029221862924336706,-0.026724500080787306,0.015912986994043754,-0.032808301709266074,-0.010785255352937395,-0.01008064547140819,0.0031065333677684492,-0.00421262353370222,-0.045687150397476395,-0.040826945720281005,0.047869247786147984,-0.00118327735247592,0.003274388149550056,0.0218389178774252,-0.02370098948451027,-0.011000111836699022,-0.001673328357178816,-0.004771766084773699,-0.009935218366124432,0.028363007929087303
2026-06-02,0.029022933365852488,0.011600062488444696,-0.009227586806309973,-0.05274935302081185,-0.04349893617791356,0.06958110184193167,0.022366794807830104,-0.0026433175471111126,-0.01066496034244524,-0.0181429249589532,0.046959597465469294,-0.008196744447847792,-0.029424904207391633,0.01883134531718733,-0.012053069041977227,-0.0017339823560259537,-0.00891722787376692,-0.009187163140740195,0.002594146587289403,0.016809963827602692,0.05136592049489419,-0.0018093821277529454,-0.007983986494296103,-0.0039011770168372317,0.011161108280764331,0.008624826189373103,-0.041793938504461114,0.0549740218271233,-0.012359332516399313,0.009255777881694405,0.06787974083547144,-0.020903956240095778,-0.014000922055181664,0.010009149673461337,0.0026827031358025444,-0.028036250725771872,-0.004687579004266862,-0.021195331957629238,0.020125408004945777,-0.02692605830928896,-0.011489983024143724,-0.03808576061779356,-0.03857903067859958,0.015258731494544708,0.0026713780457139347,-0.005538165197329192,0.02749515382746437,-0.012805282195479162,-0.08938261602303932,-0.024159563713974208,-0.0027739033261375834,0.014768376428344165,-0.0029246659374890793,-0.003015617175840646,-0.01667892032176388,-0.005943867036241501,-0.00510350300514395,0.05452197531263381,-0.03547704659105255,0.007693768838416881,0.00032760782987084625,-0.0031089935995797235,-0.004729571766906249,0.0130524171225197,0.008594265473806484,0.004167781232656376,0.018814280479849455,-0.04171369737114239,0.02761948390723079,0.024145325389125727,-0.02935348500706192,-0.04789899299633882,-0.06042984725150302,-0.006863972045151545,-0.014386428181492938,0.0033917728643135803,-0.0031213393025980585,0.003849504916032087,-0.05278553407853337,0.005791729287559777,0.0517489289797628,-0.0008600949035243444,-0.010361620328102727,-0.012733798519498518,0.01662364795266913,0.004094730357922183,0.0036659941093613035,-0.024208610164755062,0.011192011761867127,0.018899647156100485,0.050886706306209506,-0.02914455733117416,-0.005107071022583898,0.004478150572224893,-0.0008255030330378554,0.019607829169376867,-0.01688503229840954,0.002933152964406549,0.02941563206327036,-0.013438053543038286,0.001204931516252561
2026-06-03,-0.015672595971098935,0.008031620405521078,0.00022992575354408018,-0.04720227949361999,-0.022395160219913834,0.021875321880901577,0.04022710125359996,0.030341775296325313,-0.017732945118199117,-0.02533909644314114,-0.004859098993503563,-0.033443720795123366,-0.032705536136871216,-0.001524381444764078,-0.014532701918506197,-0.027567344820891626,0.004774185468258585,-0.005025420874948172,0.008186433525517733,-0.010132575702533786,0.017992762402166518,-0.038518115166955136,-0.05352112286878741,-0.03383377580834479,0.01865320658803138,0.007922283424881549,-0.050936048168056414,-0.01171875,0.0208938854366707,0.011516948157624274,0.01560634963719254,0.011186197341863657,-0.019919181535496655,-0.0004128782217796001,-0.008096838036810605,-0.013799418069671332,-0.0016882699901399345,-0.009694027950497563,-0.010632480885560236,0.01113118916466882,-0.00036718807373137263,-0.0075616061128123135,-0.007903866515702074,-0.022130734652144102,0.0046547085830275226,-0.05088637264852769,-0.07168242661965485,0.04428795298602117,-0.033215408581602435,0.012403730806278546,0.00157030869251229,-0.0003654484140258596,0.004463696693974617,0.023512362524156893,0.013748066106438417,-0.0027266879591708593,0.00488770087988355,0.02781013633301921,-0.012832869236315658,-0.011108615463035432,0.003929943993222773,0.056949111162605925,0.042417508121782355,-0.00817527828579423,0.015309145301735105,-0.008214479594486956,-0.022513705619497393,-0.03165575513355168,0.014538080122224128,-0.01283839365889372,-0.02172093061581748,0.0018294496202182486,-0.07638072764161585,-0.03621758578863232,-0.05826314454704795,0.003802710348681959,-0.008219142494847897,-0.004473830777199206,-0.06551883643735101,0.013129095538504387,0.03807509382149177,-0.009812874492034052,0.003978612134004189,-0.0116425552488858,-0.00022101725763779,9.828660433797154e-05,-0.04423702027548804,-0.01686436813741421,-0.03908279834374706,-9.43456559803213e-05,0.0015253837081374844,0.0009773763214153686,-0.0024344130901929883,-0.009634229498004965,-0.0023868735472509783,-0.026739910719313587,-0.015504895103281013,-0.025485636791883315,-0.00956699537856931,0.033875835076590866,0.0198582593553438
2026-06-04,0.0031264139436979477,0.03596922296763583,0.04356823782732655,0.008059561481149169,0.008507739917432033,0.0018571863605307826,-0.035611602574429746,0.021820131441596002,0.06403642349200367,0.01507874949703436,-0.12586859324621802,0.03979103424706354,0.032481699489100846,0.03377858618121876,0.016446245254569725,0.03198196320326474,0.03435667418637922,0.024542909358217013,0.006857836630646652,0.040175490763928234,0.015439750271062813,0.0027099766713312157,-0.008078253841823368,0.031415392323218994,0.0015119722852718898,0.010937440409609422,-0.009758148074055173,0.027667984189723382,0.03775852954509462,-0.007168839608986954,0.0058814905945847595,0.0480682697134891,-0.0005030994271544298,0.006444140560121436,0.00837587049179045,0.010910462424184475,0.013232825011881832,0.04134877524266445,0.004138208596251136,0.0014728829717527425,0.018604696867320136,0.03820847891021151,0.03676987830078726,0.0495571313254306,-0.0022212284601749177,-0.025172423432158753,-0.012629701951615169,-0.008251267081270885,-0.03037500443398533,0.02830906365832231,0.022083822587668722,0.03337214007390554,-0.02463182311816914,0.002925035824089095,0.04309496743712993,0.01371005232980882,-0.0005778719995884751,-0.021238800076962105,0.021652045884770432,-0.0020857232478188603,-0.005219371842382969,0.0510584158146441,0.007367856109942839,0.007385495687794563,0.004267360019065913,0.048474327253009486,0.038688516733730305,0.0016614205577816232,-0.07741040455630288,0.013005361610931132,0.0004906883853601496,-0.004336964972616597,0.012383367816599877,0.01939395646671027,0.026092972947763027,-0.002735973672689851,0.013812169667014818,0.004208547882273095,-0.0035161744777110204,-0.005399550614184845,-0.026175234290932825,0.039756595126189787,-0.018250078330784847,0.016283678504931176,0.01248762194152886,0.013117161036182434,-0.033120968346758706,0.017048183066057376,-0.02441439928513689,-0.012390842220308285,-0.010434561259002662,0.007253405291643089,0.05164456557215691,0.006752332738341638,0.014263394477545432,0.0436582559554215,0.024903965849227383,-0.03815653881611758,0.03736657892733697,0.007271780978350906,-0.0032125188296440177
2026-06-05,-0.012498841728371679,0.010180462617934483,0.0031945463695410847,-0.003410492051157177,-0.027010334430928484,-0.09705003240325583,-0.10860092889626116,0.011516146986287668,0.0010829325517627275,-0.03057644001781823,-0.07920553910320094,-0.005983409991013544,-0.009060809664676484,-0.0011133338146831484,-0.007362248951968686,-0.020878594638500392,0.011837491196204253,-0.011317906085663076,0.019848316869156557,-0.01982976542221626,-0.03849093220871369,0.04089310716018235,0.021002990686693757,-0.013810037234944117,-0.017529178130008094,-0.0004936293318265061,-0.01637084152524837,-0.06430769700270433,0.011706397531365376,-0.005521680441838095,-0.01404308839644064,-0.012537485777662338,0.0037246100284071826,0.019701211064613755,-0.027734777622962947,0.009146341463414531,0.014465600121248201,0.0010682316802550496,-0.03085135022374108,-0.0001547376900852271,-0.01119942551688824,-0.009505198933495329,-0.009833745219524848,-0.04935881271785403,0.002677807838611157,-0.01686270069489748,-0.05610230736037247,-0.11281088520361571,-0.01728591638782162,0.007735996795078748,0.02016043362593889,0.004760463183173025,0.034626447184021414,0.0008867507707726041,0.005465376582790782,0.009074312847368704,0.015467675674594616,-0.09848103362612348,0.019345683779720124,0.026107344842029034,0.017215924055815623,-0.0031734668041255576,-0.05508549949927577,0.006480265802764507,0.0225213031395175,0.004407107682373734,-0.029046646229802686,-0.026585620113925623,-0.13252007051644077,0.009205557904133466,0.007601799474511006,-0.014672155096744355,-0.057892121537992836,-0.062014073591381225,-0.09587883563183619,0.008886045470042125,0.013623992767369808,0.040914864020321406,-0.04354268385199034,0.018858150119308803,-0.10978275994038644,0.008806654025995009,0.012215865023739836,0.009545412930575203,0.010696307554690865,0.01983316998196205,-0.0008783687905835613,-0.01914820863784905,0.006101015732619786,-0.06559926253138726,-0.06650947337114665,-0.020772746420412935,0.0075667767820093434,0.03190607662930511,-0.015242245387130482,0.0041471248833959695,0.010587840358502021,0.011143303140234817,0.00392060382327819,0.009682345934534986,-0.013943667526989167
2026-06-08,-0.01887156849768501,-0.018307391108295268,-0.006258918378547196,-0.02143061612464936,-0.02565223069366318,0.08644401407900393,0.05135293417107589,-0.011013146443787147,-0.025860236657441638,-0.0032922715222234444,0.02818031993256742,0.005279032097878611,0.0021814863186842004,-0.0037154143811318763,-0.02134583553005065,-0.0008336240207308387,-0.029683966288653996,-0.004284013013317711,-0.0023149670610471684,0.006114573496864839,0.012562464041581789,-0.02833599101767581,-0.002518869299373616,-0.001549780163472625,0.014939388843420609,0.002963364336055374,-0.01675105326407078,0.020634677316876626,0.011987923717507343,0.010303816986418912,-0.01676269925947904,-0.004177993812863323,-0.008424394199211593,-0.017468991689106872,0.006878165657515423,-0.0023564917803531316,-0.016106734356658214,-0.018170705655725983,0.00025705619920568523,-0.008206856058681877,0.020216733898130945,-0.01195490237739727,-0.013575520711203493,0.006084593871310995,-0.00344297357751977,-0.010141600021336794,-0.014113147961507422,0.11192899746969043,0.029485104839127585,-0.008174222212452897,-0.0026206151959233814,-0.00403370933611058,0.0007548761456930286,-0.01177393294076079,0.015670555390661756,-0.007045216077221084,-0.013144178609935553,0.06980352648688926,-0.011016480598797784,-0.007361340714521769,-0.007092237829031456,-0.0119994581793893,-0.012833027574304379,0.0005854032251262353,-0.012467121421825711,-0.010514150698194724,0.0014628076633640408,-0.011831960627074034,0.09869100886271065,-0.021318665886899346,0.00559745780925347,0.005816658973072375,0.015473593067014013,0.017259839984335112,-0.008704536762057402,-0.008737355616985854,-0.0161290346208669,-0.009826581469848161,0.0069357518621171454,-0.012507688661809513,0.00847458465483375,-0.01287364915375222,-0.004932324653032283,-0.00855464360832936,-0.014254856550490302,-0.01412201633389143,-0.01098901098901095,-0.006704701759730813,0.0018528161760635875,0.04590795960877547,0.0204869023640899,-0.009192498010110128,0.01777356517840989,-0.01340332622765672,-0.007739118852034155,-0.0061052282451453666,-0.012053014210852253,0.0015428630476563843,-0.011960011322117992,0.007991290373363436,0.012206522501370776
2026-06-09,,,,,,,,,,,,,,,,,,,,,,,,,,,,,,,,,,,,,,,,,,,,,,,,,,,,,,,,,,,,,,,,,,,,,,,,,,,,,,,,,,,,,,,,,,,,,,,,,,,,,
