Date,AAPL,ABBV,ABT,ACN,ADBE,AMAT,AMD,AMGN,AMT,AMZN,AVGO,AXP,BA,BAC,BKNG,BLK,BMY,BNY,BRK.B,C,CAT,CL,CMCSA,COF,COP,COST,CRM,CSCO,CVS,CVX,DE,DHR,DIS,DUK,EMR,FDX,GD,GE,GEV,GILD,GM,GOOG,GOOGL,GS,HD,HON,IBM,INTC,INTU,ISRG,JNJ,JPM,KO,LIN,LLY,LMT,LOW,LRCX,MA,MCD,MDLZ,MDT,META,MMM,MO,MRK,MS,MSFT,MU,NEE,NFLX,NKE,NOW,NVDA,ORCL,PEP,PFE,PG,PLTR,PM,QCOM,RTX,SBUX,SCHW,SO,SPG,T,TMO,TMUS,TSLA,TXN,UBER,UNH,UNP,UPS,USB,V,VZ,WFC,WMT,XOM
2021-06-09,21.36,21.34,17.67,23.32,30.2,34.26,29.79,19.79,19.01,21.9,26.1,23.62,32.39,25.71,27.51,20.34,18.61,,16.39,27.09,24.68,14.66,21.19,30.09,32.89,16.25,25.16,17.81,20.98,24.14,23.82,21.89,20.72,16.57,21.11,34.92,17.83,30.13,,20.84,33.33,20.26,20.64,26.74,19.48,18.95,17.95,23.51,22.57,22.87,14.61,22.04,14.75,19.51,24.31,15.48,21.05,34.78,22.18,15.07,15.09,18.34,24.73,17.4,17.16,15.39,26.6,18.64,41.05,20.58,23.86,28.59,28.16,33.62,27.18,16.35,17.86,15.26,51.33,17.95,25.22,26.31,19.93,29.61,17.89,29.6,21.13,21.91,21.22,53.83,22.57,42.17,18.38,18.04,23.26,22.73,19.87,16.24,28.23,18.89,26.47
2021-06-10,20.38,20.3,17.23,22.72,27.47,31.97,29.78,19.82,17.95,20.98,23.68,22.13,30.99,24.19,26.39,18.5,18.06,,18.07,25.53,23.98,14.46,19.8,27.71,30.98,15.64,23.21,17.36,19.58,23.91,25.59,20.89,20.24,15.67,19.58,33.94,17.49,29.46,,14.55,30.91,18.89,19.27,26.07,17.77,17.83,17.53,23.12,22.64,21.62,13.59,21.86,14.14,18.94,25.03,17.31,20.57,33.61,20.44,13.98,14.1,16.74,22.59,15.92,17.14,16.06,25.44,17.21,38.69,19.8,23.61,29.24,29.82,32.29,27.96,13.75,17.93,14.21,48.44,16.12,23.92,20.0,17.93,26.88,15.81,28.86,19.81,21.99,19.67,51.8,20.97,41.31,17.67,17.04,20.39,23.68,18.61,14.76,27.69,13.6,26.12
2021-06-11,18.83,20.01,16.78,22.66,27.58,29.85,28.38,19.26,17.27,20.16,22.72,21.45,30.08,23.07,25.24,18.08,17.17,,17.13,23.71,23.18,13.88,18.15,26.38,30.71,15.06,23.22,16.56,18.42,22.93,23.8,19.86,19.76,14.77,19.03,33.28,17.26,27.76,,19.71,29.06,18.27,18.81,22.99,17.05,17.89,15.15,22.23,21.23,22.4,13.52,20.43,13.14,17.83,23.89,15.41,19.74,31.03,19.97,13.62,13.19,16.52,21.75,15.5,17.14,16.55,24.08,16.27,37.87,18.72,22.62,28.12,26.08,32.83,26.93,13.59,16.81,14.38,48.75,15.74,22.8,20.5,17.58,26.2,15.43,26.37,18.5,20.42,18.55,48.55,19.3,37.19,17.54,16.88,18.92,22.85,19.09,13.99,26.0,13.18,25.18
2021-06-14,20.5,20.65,18.54,22.3,30.22,31.08,29.3,18.67,17.39,20.59,23.29,21.72,30.36,25.04,25.1,20.0,17.12,,16.15,26.27,26.09,14.45,19.6,27.46,30.91,15.49,23.79,17.37,18.83,23.57,25.62,22.31,20.44,15.29,19.14,33.68,17.15,29.28,,20.59,30.85,18.99,19.12,25.33,17.98,18.02,16.31,23.57,21.79,21.73,13.79,22.19,14.0,18.05,23.57,15.42,20.51,32.06,21.07,14.0,13.14,16.0,22.51,16.21,19.68,16.68,25.95,16.94,38.52,19.39,24.73,29.82,27.86,31.74,27.4,15.15,17.71,14.6,51.77,16.23,24.38,19.33,18.42,29.36,15.27,29.55,18.63,21.27,19.72,49.02,20.17,38.67,18.95,17.74,20.12,24.45,18.44,14.72,29.39,13.86,25.58
2021-06-15,21.09,20.85,18.58,22.85,28.29,31.58,28.99,18.59,17.58,20.66,23.62,22.21,30.85,25.33,25.55,20.73,17.27,,15.08,29.3,24.71,14.44,19.71,27.79,31.36,15.61,23.56,17.72,19.33,23.27,24.1,22.49,20.39,15.655,19.01,34.89,16.82,28.82,,19.43,30.27,19.14,19.22,25.62,18.41,16.53,16.18,24.36,21.17,22.01,14.14,22.92,13.92,18.34,22.83,15.72,20.61,32.39,21.32,14.58,13.49,16.94,23.63,16.1,18.67,16.87,26.32,17.84,39.1,19.45,23.27,28.87,26.91,32.0,27.38,15.64,17.58,14.72,51.26,16.39,24.88,20.4,18.39,28.16,15.48,28.35,18.58,21.13,19.14,50.71,21.11,39.61,19.93,17.47,19.95,24.22,18.29,14.19,30.37,13.87,26.41
2021-06-16,21.41,20.91,19.01,22.88,29.59,31.88,29.57,18.63,18.58,21.07,23.89,22.2,31.31,26.5,26.02,21.63,16.76,,16.34,28.62,24.95,15.52,19.87,29.0,31.57,16.44,24.01,18.19,19.52,23.84,25.07,22.75,20.77,16.02,19.45,34.98,17.41,29.73,,20.58,31.59,20.79,20.41,26.36,19.25,18.64,16.49,24.04,22.81,22.29,14.51,23.42,14.73,19.39,22.28,15.82,21.18,32.78,21.98,14.86,13.82,16.62,24.28,16.95,19.13,17.11,27.59,18.82,39.53,19.79,22.95,29.28,28.38,31.73,21.31,16.26,17.91,15.39,50.11,16.35,24.63,20.2,18.55,29.14,16.15,28.04,18.89,20.68,19.39,47.78,21.29,39.37,21.21,17.84,20.52,24.64,18.69,14.9,31.64,14.99,26.97
2021-06-17,20.12,21.88,17.71,22.29,27.29,31.46,32.09,17.5,18.0,20.5,23.49,23.0,30.85,27.91,25.66,21.42,16.8,,16.25,29.9,27.72,14.65,19.74,30.49,34.22,16.24,23.1,17.52,19.69,25.54,25.97,21.02,20.65,15.47,21.2,34.11,17.53,29.8,,20.95,31.93,19.48,19.58,27.26,18.77,18.4,17.95,25.03,22.41,23.14,13.86,24.05,14.16,17.55,22.05,15.65,21.0,32.64,21.83,14.87,13.59,16.82,22.84,17.36,18.57,16.01,28.37,18.0,40.23,19.23,24.38,29.4,27.8,33.67,20.65,15.61,17.38,15.22,48.88,16.38,24.71,20.97,18.57,29.67,16.0,29.24,19.05,21.23,18.93,46.22,21.44,38.13,20.73,18.8,21.12,26.05,18.39,14.56,33.22,14.4,27.89
2021-06-18,21.66,23.52,20.32,23.03,25.75,32.99,33.07,19.8,20.32,22.24,25.3,24.6,32.44,30.33,27.19,23.98,18.01,,17.83,32.37,28.32,16.52,21.69,33.07,35.67,17.6,24.4,19.24,21.78,27.24,26.96,23.1,22.38,17.64,21.69,36.03,18.66,31.1,,22.16,32.68,20.43,20.85,29.16,20.27,21.62,19.67,27.79,23.82,25.8,15.85,25.32,17.08,23.27,22.15,16.81,21.86,35.91,23.56,15.95,14.76,17.7,24.69,19.2,20.46,17.67,31.19,19.79,40.27,21.3,27.95,30.85,29.85,37.22,21.76,18.0,19.31,16.25,48.66,20.96,24.96,21.98,19.82,33.08,18.5,31.72,20.3,22.36,21.15,48.63,23.69,38.79,22.75,19.98,22.23,28.06,19.8,16.38,35.79,16.67,29.57
2021-06-21,20.17,22.75,19.5,21.83,23.87,29.65,30.95,18.54,17.23,22.02,23.39,25.54,31.11,27.66,25.62,21.93,17.53,,15.76,30.09,25.69,15.25,19.52,31.38,32.24,16.08,22.93,17.44,21.09,24.72,24.16,22.4,20.78,15.9,20.28,34.68,17.31,29.57,,21.85,30.79,19.56,19.72,27.66,18.75,19.91,22.84,30.03,23.34,26.97,14.99,24.05,15.98,17.97,21.85,17.02,21.27,33.79,21.52,14.87,13.27,16.99,23.41,16.98,19.09,16.52,28.11,20.42,38.97,19.5,32.55,28.9,28.4,37.8,20.01,16.34,17.78,13.29,45.45,19.38,26.22,20.96,20.34,28.06,16.03,30.0,19.83,21.06,17.6,49.84,23.98,39.72,21.46,20.37,21.13,26.28,18.81,15.03,32.54,14.72,26.83
2021-06-22,20.5,21.67,19.1,21.79,25.57,30.16,31.31,18.87,17.3,21.69,23.9,25.01,30.24,27.01,25.22,22.46,17.06,,15.44,29.76,26.0,15.31,19.34,31.77,33.34,16.01,23.17,16.79,21.08,25.08,24.09,22.64,20.42,15.58,20.82,36.15,16.79,28.45,,22.24,30.14,19.35,19.31,27.31,19.26,21.47,23.82,31.24,23.16,26.79,14.8,23.9,16.55,17.78,20.97,17.21,21.14,33.1,21.8,14.84,14.06,17.45,23.6,16.87,19.05,16.68,28.15,20.62,38.43,19.08,35.08,28.02,29.28,38.39,20.15,16.13,17.09,14.51,45.54,19.19,23.27,22.0,20.19,27.76,16.05,28.81,20.24,20.85,20.04,47.05,23.19,39.13,20.03,20.28,21.33,26.52,18.66,15.38,32.76,14.5,26.69
2021-06-23,20.09,21.01,21.25,21.06,22.82,30.35,31.06,18.5,17.48,21.04,25.83,25.07,30.07,26.4,24.98,21.38,17.22,,15.11,29.13,26.12,14.59,22.29,31.58,32.6,15.94,23.01,16.64,20.68,26.52,24.42,22.36,19.84,15.84,21.03,35.16,18.1,29.03,,21.72,30.45,19.05,18.72,26.83,18.69,20.3,24.95,32.79,22.39,26.78,15.27,23.37,17.62,20.05,22.06,17.36,20.97,32.68,21.14,14.32,13.83,13.59,23.21,17.79,18.65,15.87,28.13,20.87,37.52,19.12,38.02,27.64,29.41,37.77,19.78,16.74,17.74,15.49,47.79,19.56,24.24,24.83,17.76,29.13,16.04,28.9,20.89,20.5,20.28,52.43,24.04,39.45,22.49,21.57,20.62,25.49,17.95,15.73,32.5,14.33,26.69
2021-06-24,20.09,20.8,21.13,16.75,22.61,30.3,32.99,18.98,17.73,21.82,23.57,24.76,29.93,27.44,23.66,21.9,17.34,,14.28,30.39,27.91,15.22,22.66,31.23,33.12,15.6,23.25,16.65,21.81,25.02,24.76,21.3,20.5,15.71,20.46,34.42,17.11,29.75,,21.54,28.89,19.31,18.92,26.77,18.69,19.69,25.25,32.61,21.45,26.55,14.75,23.9,16.87,18.76,26.61,17.97,20.44,32.37,21.4,14.78,13.81,16.69,23.89,17.69,19.38,16.9,28.12,20.53,37.97,18.88,37.62,27.74,29.64,38.46,20.3,15.89,16.77,16.6,46.63,21.56,26.73,22.29,18.23,28.32,16.19,27.47,20.3,21.09,18.75,57.19,23.29,38.51,20.99,20.89,22.65,25.32,18.38,15.2,34.74,13.9,26.24
2021-06-25,20.14,20.41,21.03,14.92,21.02,30.77,33.11,18.62,17.08,23.04,22.03,24.93,30.1,26.11,24.4,20.91,20.87,,14.06,28.8,26.12,14.78,20.55,31.66,32.4,14.6,23.2,16.61,19.94,23.73,25.81,20.72,19.91,15.41,20.16,25.42,17.87,29.73,,21.32,28.5,20.09,20.11,25.91,17.86,19.66,24.96,32.79,19.28,25.61,14.5,22.74,16.36,19.87,23.57,16.03,19.77,33.41,20.0,13.69,13.63,15.7,25.62,17.78,21.55,19.41,26.71,20.61,39.93,18.24,36.0,23.51,29.63,36.56,18.12,15.44,17.1,15.31,47.24,19.32,24.16,21.23,18.72,24.66,15.83,27.53,20.11,20.52,17.21,57.14,22.95,37.88,19.94,20.51,23.23,24.36,18.15,15.21,32.64,13.76,25.62
2021-06-28,22.43,20.59,21.46,15.93,22.78,31.42,38.47,20.19,18.33,25.63,23.47,25.43,33.25,27.22,26.6,21.06,19.32,,16.0,30.09,28.42,16.18,24.05,32.91,34.48,15.54,23.18,17.1,19.71,26.13,24.09,21.66,20.97,15.56,21.11,24.17,19.69,34.47,,23.51,30.5,23.45,23.68,26.66,18.63,20.94,25.15,33.18,21.13,26.21,15.31,23.61,16.99,18.39,24.52,16.49,20.45,35.94,24.36,16.27,15.56,17.46,31.76,20.87,21.34,18.34,28.28,20.95,40.03,19.35,37.14,21.63,33.76,39.1,19.86,15.79,19.66,15.47,49.23,20.41,27.86,19.82,21.94,28.36,16.74,28.02,20.72,21.38,21.46,57.56,26.25,40.65,21.85,21.62,26.36,25.18,21.22,15.27,35.11,14.28,27.8
2021-06-29,22.8,22.09,22.13,15.53,23.66,32.53,40.47,21.59,18.49,26.76,23.86,24.43,34.26,26.49,27.12,21.25,19.71,,14.16,29.82,28.44,16.97,25.13,31.33,34.46,15.54,24.05,16.77,19.87,25.45,24.13,20.88,21.15,16.19,21.12,24.49,19.19,36.07,,23.76,29.98,24.43,24.33,26.86,18.79,20.54,24.73,33.75,20.98,26.74,15.25,23.07,16.84,18.89,24.04,17.36,19.9,36.75,23.22,15.71,16.8,16.49,32.72,21.2,21.34,18.92,29.36,20.83,39.93,19.98,36.98,21.92,36.38,39.13,19.48,15.65,19.3,16.85,48.66,19.75,29.56,22.42,22.04,28.28,18.22,28.52,20.49,23.07,21.0,56.49,25.87,40.15,21.95,21.83,27.91,24.9,20.75,15.64,33.2,14.41,27.98
2021-06-30,24.11,22.74,22.91,15.14,23.08,32.89,45.26,19.52,18.78,27.54,23.09,25.03,33.2,26.54,27.24,20.85,19.97,,15.92,29.42,28.66,17.61,25.37,31.86,34.94,16.14,24.35,16.17,20.16,26.02,24.92,20.83,21.63,16.16,20.22,24.21,19.32,38.72,,29.52,29.55,25.27,25.1,26.34,18.68,20.68,25.7,33.6,21.28,27.26,15.29,22.81,16.93,17.34,23.79,18.47,19.71,37.75,24.96,16.68,16.78,17.4,33.89,22.11,21.99,19.14,29.35,20.96,41.31,19.86,36.19,21.6,37.07,39.58,19.5,15.4,20.88,16.57,48.69,21.29,31.7,23.52,22.88,28.23,19.33,27.52,20.56,22.2,20.36,58.69,26.4,40.52,22.08,21.65,29.68,24.87,21.97,14.02,31.77,17.08,28.06
2021-07-01,24.45,20.31,21.66,15.15,22.39,32.48,44.26,18.76,19.34,26.97,23.75,25.74,32.68,25.68,27.12,20.63,19.92,,16.91,28.64,28.77,17.32,24.24,32.57,34.43,15.55,23.39,16.09,20.67,25.82,22.91,21.06,20.72,16.06,22.41,23.32,19.72,37.34,,23.53,28.8,24.96,25.17,26.31,18.2,20.5,24.54,32.6,21.36,26.43,15.44,21.69,17.09,17.81,23.23,16.75,19.2,37.66,24.02,16.58,16.68,16.39,33.37,21.69,22.24,18.24,28.74,20.03,34.41,19.22,36.61,21.38,35.42,39.76,20.01,15.65,21.49,16.52,52.05,20.93,30.3,23.08,23.19,27.83,17.59,28.56,20.31,21.33,19.98,57.34,23.61,39.11,21.61,21.59,28.83,24.52,19.92,15.2,29.32,16.37,28.43
2021-07-02,24.29,20.86,20.58,13.73,22.79,30.38,43.06,17.96,18.31,27.44,20.82,24.74,32.0,24.88,26.02,20.2,18.95,,14.07,27.44,27.26,16.9,23.55,32.57,33.07,14.87,25.31,15.83,20.49,24.52,22.04,20.05,19.99,15.38,20.64,22.83,19.09,36.07,,24.28,28.68,24.66,24.51,24.94,17.4,19.63,26.5,31.7,20.39,24.98,16.58,21.41,15.88,17.15,21.51,17.08,18.12,36.92,22.67,16.48,17.03,15.89,32.03,20.85,21.72,18.11,27.38,20.32,31.76,18.47,34.51,20.09,35.41,37.53,19.8,14.72,20.11,15.94,49.9,19.37,30.77,22.91,22.29,27.75,16.98,27.94,19.86,21.17,21.27,55.06,25.19,37.6,20.11,20.93,28.36,23.63,19.45,14.05,29.6,16.64,27.07
2021-07-06,27.12,21.25,21.45,15.78,25.25,32.73,43.84,23.63,20.19,31.67,25.58,26.17,32.76,26.5,30.41,21.69,20.03,,15.5,28.98,28.87,17.39,24.96,32.72,36.34,15.85,23.69,17.41,23.07,27.07,23.82,22.68,22.55,16.67,23.49,25.29,20.87,37.77,,24.71,32.67,26.29,26.87,25.96,18.87,20.89,26.67,34.51,21.51,25.63,16.38,22.46,18.25,19.98,23.97,19.42,19.9,37.73,24.19,17.1,17.33,17.45,33.58,22.59,23.95,18.62,28.12,21.68,32.37,19.94,37.35,22.35,36.57,40.92,21.71,16.22,21.36,16.57,50.07,21.39,33.94,26.88,23.56,29.58,18.08,31.08,19.76,23.37,23.37,58.3,26.39,42.67,21.61,21.78,29.06,25.84,21.53,14.66,32.27,16.42,29.04
2021-07-07,28.06,22.38,21.82,15.57,24.53,34.09,43.92,24.31,20.28,31.82,25.65,29.38,33.56,26.81,32.19,21.42,21.06,,16.79,29.17,28.43,17.15,25.02,32.81,37.08,16.47,23.93,17.49,24.11,27.09,22.5,22.6,22.02,17.095,25.26,24.21,20.41,38.05,,24.15,33.37,26.58,26.81,26.87,18.12,21.27,26.47,34.01,21.67,27.84,16.58,23.6,17.72,19.15,26.18,18.76,19.97,37.29,24.41,17.89,16.92,17.93,33.52,21.54,23.19,18.44,27.69,22.22,32.95,19.33,39.12,21.01,36.2,42.45,23.79,16.29,21.19,16.19,52.99,20.94,28.71,22.81,23.85,28.97,17.95,30.97,19.6,22.64,24.82,59.65,26.22,48.28,20.93,22.22,29.62,26.12,19.58,14.57,32.43,16.33,29.7
2021-07-08,29.18,22.3,22.07,17.09,24.11,36.63,43.65,27.67,21.56,32.34,26.12,28.49,36.65,29.86,33.64,22.77,20.41,,17.97,32.23,29.95,17.46,24.91,33.93,37.07,17.22,24.01,18.3,25.62,28.0,25.55,23.7,23.6,17.52,25.31,26.04,22.25,38.92,,24.09,34.83,27.33,27.0,28.68,20.04,21.88,27.4,35.2,22.41,28.95,17.44,26.11,18.47,21.89,28.43,21.05,21.13,39.9,26.14,18.74,18.11,18.73,34.58,22.8,24.21,19.11,29.43,23.92,33.67,20.71,38.24,21.84,38.0,43.74,24.4,16.75,21.71,17.68,53.17,21.67,31.21,24.67,23.93,30.97,18.96,32.48,20.42,24.05,24.1,59.12,26.85,52.14,21.91,24.79,28.06,27.02,23.4,16.29,34.62,17.45,31.21
2021-07-09,29.21,22.1,21.28,16.9,24.79,31.84,41.54,26.32,19.87,31.42,24.02,28.16,33.41,27.76,31.64,21.59,19.16,,17.31,29.47,28.32,16.63,25.38,32.64,35.07,16.14,20.08,16.65,23.78,26.61,23.77,22.16,22.63,16.47,24.24,24.78,20.74,37.44,,23.38,34.27,25.51,25.98,26.87,18.21,20.51,26.71,35.27,22.33,28.34,15.87,22.73,16.68,20.68,30.29,18.69,19.78,36.37,23.18,16.73,17.51,16.41,33.01,21.31,22.5,18.5,28.26,21.54,31.39,20.315,37.14,20.45,38.83,40.7,24.66,15.4,21.69,15.91,49.99,19.93,30.96,25.12,23.47,26.84,18.45,30.75,19.08,22.18,24.38,55.18,25.45,47.12,20.8,22.68,28.85,25.96,21.83,14.28,33.7,15.85,29.99
2021-07-12,27.6,21.48,21.35,15.37,23.19,33.23,41.01,26.93,20.26,30.8,26.08,25.6,32.96,26.82,31.5,23.23,20.24,,18.07,28.9,29.0,16.89,25.05,36.64,35.89,16.23,23.87,16.98,24.44,26.05,23.22,22.29,27.15,17.57,24.88,24.52,20.73,37.0,,29.17,33.86,25.31,25.16,27.33,18.43,21.73,27.06,36.04,22.16,27.22,16.18,22.88,16.5,20.885,30.92,20.14,19.88,40.07,23.24,17.27,18.18,15.64,32.52,21.84,22.56,18.96,28.72,22.16,31.94,19.92,37.82,19.73,36.89,39.95,24.22,16.29,24.22,16.11,51.61,20.82,30.65,25.21,23.77,30.41,18.9,31.87,18.8,24.27,24.93,55.11,25.88,50.85,20.63,22.27,28.14,25.99,21.27,14.36,33.17,16.02,30.51
2021-07-13,27.65,21.87,20.3,16.1,22.16,32.71,41.15,24.54,20.08,30.96,24.59,25.74,34.61,26.77,31.86,23.58,19.53,,18.25,28.47,28.83,17.16,25.16,33.07,36.24,16.43,23.76,16.72,24.15,26.01,23.06,22.83,27.76,18.24,24.36,24.48,21.49,37.18,,24.41,34.7,26.16,25.5,24.84,18.67,21.36,27.66,35.48,21.61,26.78,16.12,20.68,16.96,21.09,27.74,18.67,19.87,38.28,24.72,17.11,18.24,15.45,32.7,21.75,22.87,18.4,28.1,22.43,33.73,20.31,36.33,20.35,37.44,39.11,23.29,14.43,23.83,16.05,54.14,20.81,34.54,26.11,23.96,30.89,19.35,32.23,19.31,24.08,23.88,54.81,25.53,47.73,21.2,21.9,28.58,26.38,20.84,14.58,32.72,16.54,31.38
2021-07-14,28.1,22.64,20.77,16.54,22.44,32.56,39.81,24.13,18.56,30.11,24.78,26.17,34.55,24.42,31.95,20.96,20.46,,17.93,26.28,30.23,16.9,24.5,30.32,35.07,15.48,23.17,16.54,24.21,26.03,24.07,23.01,27.43,18.1267,24.61,25.84,20.51,37.11,,24.06,37.18,25.58,25.41,24.48,18.55,21.26,27.49,34.33,21.99,26.78,14.98,20.91,16.54,21.04,29.52,21.25,22.41,39.13,25.43,17.75,18.42,15.95,33.18,20.95,21.99,18.54,27.35,21.24,30.98,20.44,35.88,20.06,37.07,38.6,23.21,13.6,20.52,15.28,57.37,21.1,32.48,24.32,25.87,29.51,20.32,30.78,18.89,23.68,24.44,53.87,25.77,45.87,21.01,22.38,29.56,23.83,20.86,14.86,27.62,15.96,31.94
2021-07-15,27.79,21.68,20.86,16.0,22.16,31.95,39.93,24.88,20.08,30.25,23.01,25.69,33.6,23.97,32.26,20.0,19.64,,16.74,26.16,28.58,16.85,24.51,32.45,34.54,15.79,23.45,17.83,23.61,26.69,23.91,23.17,26.73,18.0133,24.09,25.12,21.71,37.18,,23.23,33.67,25.59,25.4,24.49,18.57,20.33,27.48,35.18,21.3,27.77,16.32,21.46,16.9,20.99,28.65,18.28,20.83,38.33,25.04,16.84,18.2,15.0,33.45,22.28,22.25,18.87,25.32,21.58,31.3,20.7,37.94,20.33,36.24,40.96,23.43,13.71,20.32,16.06,56.11,21.21,32.68,24.5,23.56,29.75,19.52,30.97,18.54,24.47,26.16,52.03,25.62,45.17,17.98,22.64,30.67,23.76,19.99,14.37,28.39,16.74,31.18
2021-07-16,28.09,22.3,22.45,16.03,22.88,34.52,39.23,24.17,19.87,30.47,24.51,25.99,34.12,26.32,31.47,19.88,21.97,,17.44,26.06,28.47,16.74,24.65,32.65,34.32,15.4,23.44,18.94,23.97,27.69,25.29,23.17,26.58,17.9,24.0,25.21,21.09,36.35,,23.51,35.26,25.45,25.19,24.84,19.24,21.44,27.64,35.52,21.21,28.16,16.02,22.1,16.48,20.94,28.55,19.21,22.35,37.11,24.41,16.58,18.01,15.91,32.94,22.82,21.91,18.53,25.01,21.91,31.15,20.55,37.8,20.64,35.98,40.78,20.7,13.25,21.0,16.31,54.81,21.14,33.25,22.69,23.5,28.66,18.56,30.37,18.8,23.53,22.74,51.67,25.74,45.49,19.6,22.24,29.27,24.64,21.54,14.44,28.39,16.81,32.81
2021-07-19,30.37,23.94,24.65,18.89,24.72,39.21,43.33,26.32,24.15,32.08,26.98,31.29,41.15,30.44,36.4,24.66,21.27,,19.01,30.75,32.67,19.26,26.65,36.9,39.89,17.9,26.17,25.12,25.76,33.37,32.38,26.36,30.13,19.81,28.39,27.13,24.18,42.41,,25.34,39.6,27.92,27.91,29.33,23.19,25.72,28.96,37.07,25.17,32.33,18.31,26.69,18.71,24.18,31.19,23.36,28.35,41.08,29.26,20.3,19.92,20.43,34.92,25.22,24.22,21.38,29.45,24.01,32.87,23.28,37.66,24.06,38.84,46.09,25.16,15.99,22.54,17.59,58.24,22.59,34.54,30.33,26.95,31.62,20.96,38.58,22.23,26.44,28.3,54.01,28.22,48.27,21.71,26.51,31.15,28.66,25.0,16.95,33.4,21.18,37.33
2021-07-20,28.74,21.63,21.42,16.45,22.33,36.36,39.95,22.23,20.94,29.96,24.44,28.6,34.84,26.53,33.1,20.85,20.32,,18.62,26.85,29.42,18.11,24.75,33.87,37.57,16.66,24.11,23.55,24.7,31.27,28.79,24.9,27.47,18.48,25.46,24.32,21.97,38.13,,22.85,35.71,25.39,25.7,26.25,21.8,23.51,19.72,35.43,22.29,29.43,16.98,23.34,17.47,22.08,27.91,20.48,28.12,37.97,24.73,18.08,18.56,17.7,33.02,23.34,21.63,19.17,26.53,21.69,30.98,21.19,35.63,21.55,36.4,44.83,23.81,14.25,22.1,17.07,54.58,18.59,32.05,27.09,23.99,28.6,19.77,33.91,20.25,24.63,25.98,50.77,26.21,46.62,19.17,23.8,29.91,25.08,21.58,16.08,29.44,20.35,33.87
2021-07-21,28.11,22.39,20.93,15.86,21.32,36.84,39.51,23.11,20.27,29.06,23.3,27.31,33.8,25.32,32.35,20.51,18.48,,17.36,25.39,28.84,17.39,23.85,32.83,36.14,15.86,23.45,24.57,24.29,29.68,28.89,26.23,26.74,17.65,24.47,23.11,21.16,36.62,,23.01,35.76,24.76,24.93,25.36,21.56,21.95,18.08,35.59,21.55,21.52,14.93,21.98,14.39,21.85,28.55,19.04,28.28,38.18,24.85,17.32,18.09,17.84,32.03,22.62,20.75,18.82,25.35,20.62,30.35,20.5,26.09,19.77,35.42,44.0,22.24,13.75,22.16,16.42,52.48,16.65,31.54,25.89,23.26,27.64,19.43,34.06,20.16,24.98,24.61,51.1,24.12,45.62,18.62,22.89,29.15,24.12,21.2,13.59,28.41,20.61,32.44
2021-07-22,27.93,22.48,19.49,16.02,22.38,36.07,40.75,23.17,20.69,28.9,23.77,26.86,34.28,25.17,32.23,20.73,19.78,,17.7,25.27,29.01,17.72,23.36,34.08,35.85,16.07,24.75,25.15,24.25,29.81,28.99,21.22,26.84,17.93,24.62,23.84,21.6,38.26,,22.66,36.0,24.82,24.71,24.96,21.43,21.88,17.32,35.7,21.98,22.6,14.82,22.33,13.68,21.75,28.4,19.26,28.16,37.62,25.05,17.82,18.53,17.67,32.0,23.17,21.36,18.95,25.42,21.24,29.91,20.75,24.51,19.81,35.39,45.53,21.47,13.97,22.18,17.53,52.81,16.81,30.96,26.07,24.24,28.21,19.11,33.71,15.82,24.14,25.24,51.09,21.84,45.73,18.29,19.99,30.01,24.78,21.27,13.09,28.91,20.54,32.24
2021-07-23,26.05,21.92,18.69,15.57,20.55,36.02,41.69,22.46,20.36,28.5,22.62,24.86,33.31,24.74,31.87,20.13,18.9,,17.64,25.08,28.48,16.59,24.07,29.28,35.87,15.37,24.64,24.4,23.81,28.95,28.88,20.56,26.29,17.13,23.98,23.15,21.32,37.28,,23.73,35.72,25.34,25.38,24.69,21.02,19.67,16.84,24.18,22.23,22.79,14.79,21.56,13.34,20.97,28.18,19.07,28.24,36.96,26.05,17.99,17.69,17.37,32.21,22.85,21.11,18.75,25.69,20.72,29.55,19.42,22.45,19.15,35.48,43.62,21.88,13.29,22.0,18.14,52.58,16.4,31.56,25.62,24.32,27.8,18.27,34.07,15.5,23.56,24.94,50.12,20.77,46.64,17.52,19.01,29.14,24.25,22.06,12.27,28.29,20.3,31.44
2021-07-26,26.75,22.59,19.43,16.88,21.82,37.37,40.11,22.67,21.09,29.48,23.13,24.48,33.9,25.46,32.19,21.09,19.93,,17.86,26.19,29.17,17.73,23.65,29.69,36.89,15.67,28.11,24.92,24.64,29.62,29.81,21.65,27.04,17.36,24.67,25.72,22.26,38.6,,24.69,35.71,26.36,26.23,25.19,21.95,20.5,17.17,24.14,24.94,23.17,15.46,22.27,13.92,21.16,28.95,18.74,29.33,38.48,26.51,18.72,18.41,19.89,34.15,22.74,22.01,19.43,26.32,21.3,31.73,19.14,24.31,19.87,36.16,43.64,22.96,13.87,21.87,16.86,53.18,20.08,35.01,25.38,24.75,27.94,18.64,34.69,15.41,25.0,24.68,51.82,21.74,47.06,18.65,19.28,30.11,24.99,22.41,13.04,28.95,21.27,31.95
2021-07-27,27.57,22.84,20.21,18.25,23.32,40.36,40.15,22.17,21.91,29.57,25.26,26.82,35.08,27.08,32.94,22.24,21.32,,18.59,27.19,29.5,18.71,24.24,30.99,38.82,15.84,27.51,25.84,24.57,30.02,30.96,22.2,28.33,18.27,24.73,26.81,21.72,34.43,,24.68,37.61,26.65,26.8,26.34,23.28,21.59,18.05,25.34,27.11,23.83,15.48,23.3,14.44,22.56,30.81,17.87,28.87,40.12,29.31,18.64,18.48,19.84,33.71,20.07,23.09,19.28,27.29,22.47,33.51,20.76,24.45,21.33,36.49,44.94,23.72,15.01,21.2,17.17,56.06,18.54,33.68,23.51,24.47,29.28,19.19,36.25,15.93,24.6,25.75,45.99,22.75,49.8,18.47,20.27,22.01,25.59,22.88,13.13,30.3,20.97,32.27
2021-07-28,23.84,22.18,18.4,17.34,21.48,38.93,37.18,23.73,21.94,27.71,25.3,25.52,32.09,25.68,32.67,21.76,17.54,,18.19,26.27,28.53,18.19,24.14,29.98,36.97,16.21,27.16,25.48,24.17,28.88,30.49,21.35,27.14,17.89,24.49,25.74,18.75,32.1,,22.88,36.45,20.32,20.41,25.28,22.79,20.15,17.75,24.04,26.99,23.06,15.47,22.29,14.03,23.76,29.77,18.05,29.7,37.0,26.23,16.64,14.93,18.47,31.88,17.8,21.55,22.7,26.22,18.83,31.92,19.72,23.44,21.0,34.91,42.9,22.54,14.91,19.19,16.65,54.34,14.66,32.73,20.73,20.54,28.02,18.71,35.81,16.08,21.42,23.81,42.89,21.66,47.96,18.52,19.67,23.27,25.3,20.25,13.15,29.13,20.93,30.61
2021-07-29,21.38,20.67,18.13,18.17,21.0,39.27,39.39,22.29,18.09,26.76,24.48,24.45,30.5,24.91,32.01,20.2,17.19,,18.07,25.36,28.13,17.62,19.98,29.82,36.53,15.13,26.51,24.58,25.09,27.9,31.36,20.6,26.69,17.21,24.16,24.15,17.83,32.01,,23.27,35.02,18.92,18.85,24.26,21.2,18.77,16.95,23.23,26.32,22.62,14.58,21.51,13.87,22.87,28.9,17.74,28.56,32.64,24.73,15.22,13.8,20.75,25.41,17.91,18.66,16.42,25.39,17.27,30.86,18.56,22.95,20.0,27.12,41.99,21.99,14.0,17.19,16.25,53.51,16.48,25.45,21.06,18.68,27.41,17.6,34.53,14.76,20.03,25.33,47.6,20.93,49.37,18.58,19.0,21.46,24.11,19.12,12.57,27.95,20.08,29.59
2021-07-30,21.36,19.41,17.83,16.33,22.17,40.48,40.01,24.73,18.41,25.89,24.71,24.39,31.29,25.46,32.52,20.88,17.36,,16.66,25.88,25.27,15.77,19.46,28.99,36.49,15.65,29.29,23.93,25.11,26.58,30.71,20.88,27.58,17.73,25.75,25.04,18.45,32.33,,17.92,37.16,19.28,18.99,24.75,22.1,19.67,17.05,23.67,26.72,22.44,15.01,21.69,13.58,19.51,29.93,18.0,28.15,31.86,24.26,15.42,13.94,24.65,24.97,18.38,17.74,16.36,25.54,17.23,31.81,19.16,22.81,19.41,26.47,41.59,22.25,14.09,17.65,14.18,53.79,16.39,26.89,18.57,18.97,27.82,17.56,34.95,15.655,21.43,19.81,46.44,21.39,48.41,17.9,19.18,21.46,25.25,20.31,12.7,28.5,20.51,29.24
2021-08-02,21.33,19.26,19.21,18.32,22.46,40.58,42.45,23.34,18.77,22.55,25.48,25.4,31.94,26.61,33.49,22.15,17.51,,18.12,26.72,25.23,15.76,20.7,29.88,36.9,16.14,31.62,25.2,24.46,27.04,29.96,21.09,27.83,18.48,24.82,25.95,18.65,31.55,,19.24,36.88,19.34,19.33,26.24,22.96,19.73,17.17,23.79,27.09,23.08,14.75,22.93,14.24,19.3,29.94,18.41,29.38,34.74,25.44,15.74,14.31,20.77,25.08,18.09,19.14,16.85,25.8,17.14,32.22,19.55,23.06,21.16,26.3,43.79,23.04,14.98,19.27,14.46,55.12,17.41,26.32,23.28,19.41,28.09,17.43,35.82,16.55,21.75,19.62,46.89,22.2,48.59,18.84,20.29,21.66,26.1,21.76,13.54,29.28,20.62,28.43
2021-08-03,21.29,19.11,18.19,17.74,22.07,37.46,46.94,22.82,18.44,22.66,26.81,25.26,31.21,25.96,33.43,21.89,16.76,,17.92,26.41,25.12,15.34,20.78,31.15,35.23,16.23,32.39,25.14,24.23,26.04,30.66,20.42,28.88,17.99,29.35,25.73,19.55,30.77,,18.7,37.12,19.71,19.85,26.11,23.03,19.21,17.6,23.08,27.08,22.78,15.08,22.14,13.43,18.36,25.84,18.54,28.18,32.76,25.91,16.34,14.39,20.79,24.58,17.99,18.25,16.71,25.33,16.92,33.21,19.1,23.05,22.61,26.55,43.29,22.1,15.15,23.08,14.29,55.66,16.85,23.07,27.18,18.82,27.87,17.4,30.86,16.39,21.36,19.27,45.85,22.07,49.69,18.33,19.65,20.73,25.98,21.81,12.45,29.25,20.73,27.97
2021-08-04,21.73,18.05,17.4,16.98,24.01,37.84,63.49,21.56,18.9,22.61,28.28,25.88,32.28,29.02,34.25,21.59,16.94,,18.37,26.9,25.76,17.07,20.28,31.09,36.0,16.28,35.75,27.06,22.47,28.1,29.52,21.92,27.73,18.09,21.82,26.26,20.03,33.47,,19.69,34.46,19.47,19.56,25.56,22.86,18.75,17.21,25.92,27.34,23.72,12.48,22.46,14.67,19.31,27.98,22.37,28.59,33.68,24.16,16.65,15.32,21.69,24.52,18.4,19.18,17.22,26.0,17.44,34.9,18.81,23.21,21.13,26.71,44.23,29.35,15.68,23.23,17.52,56.58,18.0,25.03,24.2,19.16,29.96,16.98,31.59,18.4,21.59,21.88,44.82,22.66,52.22,17.95,20.03,21.14,26.3,20.53,13.28,29.41,21.05,29.12
2021-08-05,20.93,19.51,18.2,15.31,21.48,37.65,51.7,18.75,18.22,21.21,27.36,23.28,31.2,25.32,29.36,21.47,15.76,,18.72,25.71,24.97,15.55,21.98,30.04,34.56,16.43,32.8,24.81,22.79,24.85,29.47,20.82,27.09,15.95,21.49,25.48,20.07,31.36,,19.03,32.32,19.1,18.69,25.19,23.61,19.46,17.03,22.99,26.01,25.83,14.27,21.94,13.48,18.72,25.78,18.23,28.08,32.16,23.79,16.47,14.43,20.96,23.76,17.77,18.89,16.82,25.39,16.7,34.05,18.24,22.23,21.05,25.44,42.88,23.99,14.31,21.87,13.2,57.41,16.77,24.85,24.62,18.34,27.58,16.11,30.63,17.015,21.21,19.25,43.97,21.88,40.09,19.64,19.34,20.99,24.81,19.54,12.72,28.72,20.89,27.26
2021-08-06,19.76,19.22,17.71,15.37,20.09,38.7,47.29,20.88,17.61,20.68,27.58,23.13,29.88,25.57,28.31,20.65,16.21,,18.32,25.33,23.57,15.26,19.17,28.5,33.42,16.33,32.52,25.34,20.94,25.21,29.08,20.03,26.47,15.69,21.77,24.47,18.42,29.73,,20.31,30.2,17.98,18.27,25.64,23.47,17.78,16.2,21.71,25.43,23.52,14.26,21.82,13.29,18.34,27.04,17.03,27.16,30.82,22.01,15.67,13.91,19.06,22.94,16.78,17.52,16.21,25.0,16.0,32.77,17.68,21.63,20.14,25.17,41.06,24.09,14.6,22.33,13.37,56.44,17.71,24.17,21.42,17.89,28.44,15.92,29.54,15.63,21.22,19.33,41.22,20.96,38.12,18.88,19.04,20.02,24.93,18.99,11.52,28.45,20.72,25.44
2021-08-09,19.69,18.86,17.65,16.02,20.43,38.16,46.74,19.33,17.62,20.21,27.3,22.73,29.94,25.77,27.74,20.64,17.03,,17.19,25.62,22.58,15.34,20.1,30.31,34.1,16.11,32.53,24.33,20.38,25.15,29.93,20.56,26.5,16.005,20.38,24.45,17.94,29.95,,19.41,30.73,18.12,18.24,25.6,24.14,18.87,17.14,21.57,26.23,22.4,14.0,22.12,13.47,18.35,26.81,16.86,27.2,31.1,22.38,15.5,14.19,20.61,22.94,16.64,20.68,16.23,25.01,16.51,32.99,18.1,21.83,19.24,25.27,39.68,26.03,14.91,22.46,13.3,58.33,16.77,24.24,20.98,17.71,27.29,15.4,30.92,16.31,20.89,18.36,40.38,20.77,37.98,19.28,18.67,19.88,25.05,19.03,11.58,28.79,21.14,26.06
2021-08-10,20.24,18.31,18.0,16.74,21.95,41.11,48.56,19.21,17.95,20.64,25.81,23.43,29.7,25.14,27.23,20.18,17.32,,16.69,25.29,23.87,16.1,19.01,29.48,33.68,15.67,32.55,24.05,19.86,24.16,28.62,20.98,26.13,16.32,20.09,22.88,17.39,28.98,,17.59,30.27,18.3,18.09,25.7,22.67,17.97,16.59,21.96,24.68,22.68,14.54,21.75,12.96,17.61,27.26,17.54,27.07,30.87,22.31,15.12,13.9,20.68,22.42,16.58,18.23,16.46,24.77,17.01,34.26,17.86,22.02,20.19,25.93,39.52,26.66,14.46,26.88,13.5,58.36,16.39,25.97,21.85,18.02,27.59,15.29,28.77,15.85,21.07,18.08,38.63,20.62,37.44,18.62,18.59,20.03,24.37,19.93,11.61,28.25,20.72,25.37
2021-08-11,19.65,19.01,18.35,16.48,20.84,35.1,46.13,19.34,17.77,21.0,26.87,22.93,29.48,24.65,26.51,20.17,17.12,,15.97,24.72,27.07,14.6,18.75,30.22,33.19,16.15,32.59,24.1,20.8,23.42,30.84,20.66,26.65,15.6367,19.61,23.31,17.29,29.17,,20.17,28.8,18.1,18.13,24.72,23.0,17.98,16.15,21.29,24.8,23.89,13.8,21.5,12.94,17.64,27.4,17.12,29.71,31.65,22.46,15.01,13.56,19.21,22.14,16.23,18.18,16.32,24.7,16.14,33.57,18.05,21.61,19.15,25.54,39.47,27.17,14.31,25.83,12.39,59.42,16.49,24.09,18.8,17.58,27.42,15.93,29.15,15.2,21.03,17.88,38.01,20.42,36.21,19.29,18.08,19.4,23.72,18.71,11.68,27.72,20.99,25.03
2021-08-12,20.98,18.17,17.97,16.25,20.92,37.51,43.35,19.21,17.33,20.71,26.83,23.2,29.1,24.16,27.34,20.27,17.12,,15.32,24.32,25.7,14.42,18.42,28.69,32.4,15.84,31.85,24.39,19.97,23.04,29.34,20.63,27.82,14.9533,18.69,23.53,17.58,28.66,,22.24,29.14,17.79,17.8,24.18,23.01,18.3,16.31,21.62,25.03,23.77,13.25,20.88,13.08,18.24,24.97,16.79,28.45,32.8,22.4,14.9,13.72,20.29,22.01,15.76,18.22,16.41,24.24,15.92,35.16,18.25,21.43,19.91,25.44,39.97,26.47,14.045,27.11,12.82,44.55,16.36,23.09,21.4,17.99,26.4,14.79,28.39,15.29,20.52,17.75,38.83,20.38,37.21,18.66,18.08,19.22,22.99,19.33,12.18,27.34,20.61,24.82
2021-08-13,20.02,18.03,17.37,15.53,22.62,35.43,45.49,18.96,16.99,19.79,26.84,22.39,28.52,24.47,26.36,19.63,16.78,,15.16,24.28,23.53,13.91,18.52,28.52,31.03,15.71,32.37,24.0,18.58,22.67,28.53,20.08,21.9,14.27,19.5,23.84,16.96,28.71,,23.56,29.12,17.34,17.09,23.92,22.59,17.73,15.91,20.61,25.42,22.89,13.39,20.46,13.15,17.62,25.27,16.58,27.25,31.54,21.44,14.47,13.17,20.64,21.09,15.96,18.03,16.22,24.29,15.83,32.75,17.45,20.87,20.05,24.51,38.24,27.77,13.78,27.48,12.88,43.74,15.7,22.41,20.47,17.51,26.85,14.81,28.08,14.59,20.23,17.33,38.52,19.55,36.11,17.7,17.86,19.04,23.51,18.72,11.32,26.86,20.3,25.05
2021-08-16,22.68,18.88,17.45,15.89,21.9,37.31,44.4,19.51,17.92,20.51,28.09,23.8,30.3,25.1,28.43,20.59,17.26,,15.13,25.56,22.82,14.6,19.32,29.37,32.81,16.17,32.83,24.63,18.99,23.53,28.29,21.66,22.02,15.31,20.17,24.78,17.38,30.25,,20.74,30.02,18.06,17.91,24.75,22.22,18.64,16.49,21.48,24.88,23.04,14.46,21.22,13.51,18.1,24.88,17.72,28.78,32.83,21.94,15.13,13.76,20.47,22.53,16.98,19.58,17.37,25.18,16.45,33.75,19.0,21.68,20.99,25.89,39.32,28.43,14.27,27.97,13.06,44.74,17.61,23.23,20.87,18.68,27.3,15.43,30.76,15.45,21.38,18.19,42.06,20.27,38.09,17.93,18.42,19.88,23.7,18.75,11.54,27.91,19.95,26.46
2021-08-17,24.29,19.45,18.23,16.96,23.29,38.92,43.88,19.71,18.56,22.41,29.41,25.06,32.83,26.0,29.13,21.76,17.6,,15.82,27.14,23.96,14.77,19.78,31.13,34.4,16.88,34.83,25.47,20.03,24.56,29.8,23.28,22.87,15.56,20.61,25.53,18.59,31.65,,21.89,33.02,19.14,19.09,26.2,20.39,19.88,17.86,22.64,26.88,25.02,15.22,22.84,14.72,18.9,27.9,17.72,29.66,33.83,23.18,15.64,14.69,20.88,24.03,17.19,21.25,18.56,26.35,18.04,33.26,19.2,23.52,22.48,26.61,39.48,29.12,14.82,34.3,13.59,46.08,17.59,25.06,22.5,19.59,28.56,16.04,32.47,15.73,21.06,19.71,46.44,21.98,38.28,20.03,19.53,20.64,25.38,20.06,12.12,29.73,16.07,27.61
2021-08-18,25.39,20.54,19.31,18.41,24.37,38.45,43.35,21.01,18.96,23.75,30.08,25.36,33.27,26.32,29.41,22.19,18.84,,16.2,27.47,24.72,15.85,20.44,31.43,34.57,17.62,36.0,25.07,20.94,26.76,29.26,23.08,23.12,15.81,21.13,25.6,18.98,32.13,,22.57,31.93,19.99,20.2,26.19,20.3,20.89,18.76,23.54,26.99,24.96,14.98,22.64,15.69,18.99,27.55,18.17,24.34,34.05,23.89,16.5,15.17,20.95,24.45,17.81,21.91,18.87,26.12,19.14,33.48,19.41,23.62,22.57,26.84,39.83,30.25,14.55,35.7,14.39,46.83,17.98,25.74,22.85,19.78,28.5,16.51,31.62,16.99,21.88,19.89,44.55,22.74,38.59,19.97,20.17,21.07,25.02,20.64,13.33,29.61,15.82,28.5
2021-08-19,25.81,22.05,19.7,19.57,24.96,38.17,43.2,22.6,22.14,23.7,30.27,26.73,36.07,28.04,30.18,23.83,19.79,,17.25,28.88,27.09,16.3,21.47,34.14,37.38,18.34,36.26,19.95,22.0,29.08,29.7,24.1,24.37,16.91,22.2,28.54,21.21,33.49,,23.21,34.61,20.7,20.95,27.45,21.54,21.87,19.39,24.29,27.99,26.84,15.9,23.88,16.32,20.37,28.25,20.23,24.94,34.76,25.08,17.46,15.88,21.87,25.47,18.83,22.57,20.11,27.91,20.07,34.51,20.3,26.27,25.25,27.63,37.62,31.45,16.08,32.8,14.45,50.13,19.14,26.61,25.3,21.09,30.23,17.07,33.21,18.04,22.47,21.24,46.56,23.46,40.41,20.69,21.16,21.65,26.96,22.29,14.19,31.57,16.31,31.36
2021-08-20,23.22,19.81,19.74,17.87,24.2,35.83,40.96,21.11,18.89,21.19,28.62,24.06,32.61,25.97,28.64,21.26,19.52,,15.09,26.28,24.62,15.14,19.95,29.18,34.25,17.6,37.8,18.03,20.05,27.27,25.83,22.04,21.99,15.9,20.61,26.62,19.51,30.72,,22.31,32.76,18.76,18.69,25.0,19.28,19.58,17.85,23.21,26.12,24.43,14.38,21.88,14.91,18.23,27.27,17.74,23.32,33.36,22.97,15.25,14.8,23.15,23.11,16.92,20.3,19.66,24.98,19.01,31.84,19.34,24.09,23.89,26.02,36.14,29.43,14.27,31.19,13.49,46.01,17.14,23.64,22.14,18.75,27.85,15.62,29.66,16.8,20.71,19.64,42.72,20.94,38.32,19.68,18.42,20.04,25.15,19.88,12.4,28.9,15.52,29.0
2021-08-23,21.79,19.47,17.8,19.09,25.88,31.9,41.6,19.59,18.05,20.52,28.25,23.38,30.97,24.74,27.35,20.37,20.87,,14.8,25.65,22.51,14.55,18.8,30.24,32.83,18.58,36.62,17.15,20.26,24.91,24.91,21.06,20.38,15.81,19.95,28.13,17.75,29.43,,21.31,32.23,18.19,18.05,24.58,19.32,18.85,17.04,21.53,24.76,23.52,13.83,21.03,13.67,16.86,27.01,16.57,21.97,32.03,22.38,14.65,14.31,21.85,22.14,16.74,19.51,17.66,24.24,17.51,31.44,19.0,22.9,27.46,25.71,35.61,27.8,13.66,36.19,13.22,45.71,16.8,22.48,20.54,17.74,26.41,15.54,29.44,16.03,20.81,17.93,40.21,20.19,37.51,18.79,17.79,19.25,23.42,18.82,12.04,28.0,14.16,26.9
2021-08-24,21.23,18.8,17.47,20.79,28.6,32.32,40.35,19.59,19.37,20.03,27.46,22.63,30.48,24.78,27.95,20.23,17.71,,15.89,25.21,23.32,14.8,18.46,28.37,32.08,18.51,36.12,16.82,19.59,24.72,24.41,20.71,20.84,16.94,19.7,30.38,17.63,28.87,,20.85,31.83,17.59,17.9,24.34,18.3,18.41,16.53,21.91,25.52,23.28,13.96,20.95,14.14,16.96,27.02,16.69,21.06,31.88,21.89,16.08,14.62,17.35,21.63,16.38,18.59,17.47,24.26,17.5,32.23,18.8,22.94,29.13,25.81,34.72,27.78,14.44,33.3,13.47,46.26,17.24,22.32,21.2,17.71,26.04,16.13,28.16,15.93,20.38,18.31,40.34,20.73,38.09,18.54,18.34,19.07,22.75,20.18,11.76,27.57,14.0,26.34
2021-08-25,20.65,18.67,17.52,22.95,27.98,32.26,39.98,19.54,18.2,19.32,27.55,23.43,30.41,24.73,27.07,19.83,17.61,,15.75,25.1,22.88,14.72,18.46,28.59,31.67,18.74,35.44,17.05,19.43,24.48,25.18,20.75,20.63,16.91,19.53,31.78,17.04,28.46,,20.51,30.55,17.76,17.5,23.91,17.64,18.63,16.59,21.64,20.92,23.54,14.19,21.48,14.36,16.87,26.21,16.46,20.34,31.21,21.5,14.22,14.55,16.8,21.1,16.6,19.38,17.15,23.9,17.25,32.74,18.65,22.34,30.65,26.96,34.1,28.2,13.95,29.44,13.94,46.11,16.73,22.2,20.77,17.94,26.37,16.17,28.57,15.75,19.81,18.49,39.41,20.19,36.76,19.01,17.48,19.03,23.38,18.58,11.9,27.52,13.83,26.02
2021-08-26,21.61,19.24,17.97,22.41,28.56,31.96,39.85,19.68,18.78,19.67,27.09,25.32,32.35,25.55,27.57,20.05,17.98,,15.21,25.76,24.1,14.98,19.24,29.18,33.02,19.15,28.25,17.4,20.25,25.52,26.29,20.9,21.6,16.81,19.95,31.87,17.65,29.2,,21.08,32.03,18.86,18.14,24.92,18.68,18.95,17.25,22.24,20.82,22.97,14.51,22.01,14.55,17.27,27.31,17.05,20.84,32.44,23.03,15.01,14.96,16.1,22.5,17.65,22.41,17.19,25.2,18.34,34.52,18.8,22.54,31.87,25.99,34.45,29.36,14.2,28.3,13.87,47.23,17.6,23.28,21.83,18.62,27.39,16.12,29.62,16.26,20.76,19.31,41.04,20.67,37.8,18.55,17.51,19.74,25.49,19.93,12.77,28.29,14.5,27.2
2021-08-27,18.95,18.26,17.28,20.57,26.47,31.72,40.11,18.93,17.25,18.03,27.8,23.51,29.26,23.56,25.99,18.73,18.74,,15.03,23.64,22.31,14.19,17.82,27.56,32.14,18.38,25.36,16.19,19.42,23.71,23.44,18.85,21.22,15.88,18.67,30.97,17.19,27.6,,22.7,29.83,17.2,17.15,23.28,17.31,17.61,16.48,20.79,19.94,21.6,13.95,19.88,13.85,16.49,25.76,15.75,19.69,31.35,20.9,14.9,13.95,16.37,20.84,16.62,19.26,16.22,23.07,16.82,33.85,17.64,22.21,31.22,24.7,32.7,28.48,12.83,25.97,13.56,44.49,17.32,21.68,20.62,17.43,26.15,15.34,26.6,15.6,19.75,17.66,37.81,19.49,36.22,17.35,17.43,18.71,22.41,18.43,11.77,25.58,13.81,25.39
2021-08-30,22.5,17.99,17.27,23.2,27.36,30.12,40.75,18.33,17.95,18.77,28.58,23.13,30.65,24.13,26.78,18.8,17.72,,15.54,24.4,22.36,14.03,18.59,29.04,31.12,18.91,23.56,16.6,18.81,23.73,25.16,20.02,21.65,16.27,19.25,31.71,17.29,27.93,,20.0,31.42,17.58,17.46,23.53,18.14,17.8,16.24,21.53,21.4,24.34,13.85,20.61,12.92,16.67,26.73,17.41,20.4,31.51,21.71,14.65,14.32,15.9,21.41,16.64,18.83,16.33,23.43,16.42,35.16,17.95,22.33,31.56,25.35,32.59,28.93,13.15,24.77,13.4,45.78,16.44,23.75,18.68,17.41,29.23,15.41,27.79,15.63,20.13,18.34,37.71,19.75,37.48,17.53,17.88,18.77,23.13,19.38,11.58,26.93,14.16,25.67
2021-08-31,23.24,17.17,17.43,21.35,27.06,30.65,38.66,17.99,17.91,19.22,27.27,22.71,30.06,25.31,26.52,19.33,18.38,,14.16,24.68,22.3,14.16,18.26,28.58,32.62,18.73,24.12,21.75,19.2,24.79,23.85,20.31,21.8,16.46,19.25,30.85,16.85,27.95,,19.37,31.05,17.62,17.56,23.19,17.97,19.54,16.99,21.81,20.99,22.52,13.9,20.71,13.2,16.97,26.49,17.11,20.89,31.9,22.58,14.44,14.3,16.68,21.46,16.46,18.15,16.27,23.66,17.52,36.88,17.97,22.17,32.14,24.65,33.19,28.23,13.43,24.03,14.75,46.24,17.21,22.86,19.48,17.22,28.85,15.56,26.19,15.11,20.57,15.43,37.05,20.1,37.48,17.8,18.53,18.66,27.89,19.0,12.48,30.18,13.9,27.38
2021-09-01,22.28,24.99,16.6,20.86,26.59,30.78,37.68,18.66,17.97,19.5,27.04,22.52,30.01,24.08,26.4,18.93,22.94,,14.33,24.38,22.06,13.84,17.97,28.88,31.74,17.81,24.87,16.36,18.35,23.94,24.92,19.97,21.07,15.99,19.74,31.09,17.54,27.62,,19.69,29.95,17.52,17.02,23.18,18.06,18.11,16.57,20.74,21.44,24.16,13.57,20.17,13.35,16.64,25.47,16.99,19.77,31.44,21.84,13.9,14.33,15.64,20.75,16.45,17.72,16.23,23.6,16.74,36.85,17.31,23.47,31.5,24.11,31.48,29.03,13.46,23.95,13.25,44.5,19.47,20.66,20.23,17.22,28.53,14.92,27.81,15.53,20.08,15.69,38.35,19.92,37.11,18.09,17.71,18.48,23.91,18.22,11.48,31.45,13.9,26.47
2021-09-02,22.85,21.74,17.63,21.07,26.18,30.53,36.6,17.98,18.93,19.83,28.4,26.6,29.79,24.02,26.17,18.23,17.44,,14.13,24.01,22.86,13.65,17.97,28.84,31.51,18.36,22.73,16.53,18.77,22.38,23.74,20.38,20.83,15.55,19.51,29.57,16.78,27.51,,19.21,29.94,18.17,17.4,23.09,17.45,17.84,16.08,21.0,23.11,23.57,13.08,20.53,12.95,15.95,26.14,17.26,20.16,31.04,22.65,13.18,13.98,17.59,21.64,16.37,18.23,15.81,23.25,16.74,36.72,17.61,23.74,31.26,24.58,31.78,31.42,13.75,24.46,12.97,44.22,15.88,24.92,20.83,17.56,30.66,14.67,26.07,15.94,20.31,18.67,38.01,19.93,37.57,18.62,17.66,18.34,34.13,20.51,11.54,29.1,13.87,26.18
2021-09-03,21.78,19.52,16.94,21.28,26.5,28.8,35.23,18.91,18.04,19.29,23.31,24.0,30.27,23.84,25.55,18.81,18.61,,13.47,23.77,22.6,13.73,17.75,28.79,30.82,18.31,26.49,16.72,18.49,23.45,23.96,20.36,20.29,15.67,18.87,31.51,16.4,27.14,,18.77,29.4,17.32,17.22,23.2,17.16,17.81,16.16,21.08,20.63,23.41,13.12,20.48,12.66,16.71,22.39,15.51,18.97,31.27,22.09,13.82,14.86,14.15,20.8,16.33,18.22,15.75,23.33,16.37,36.26,17.49,23.12,31.81,24.76,32.65,32.81,13.89,23.86,12.76,42.13,20.88,23.33,20.03,17.67,27.47,15.12,25.43,16.35,19.9,18.18,36.57,18.12,37.08,18.19,17.91,17.81,23.49,17.29,11.77,28.63,13.85,25.56
2021-09-07,24.08,20.24,17.5,22.56,26.77,30.52,36.97,21.07,19.12,20.57,23.1,24.42,31.93,25.32,26.65,20.08,18.17,,14.15,25.36,24.01,14.82,19.43,26.83,32.76,19.19,25.7,17.08,20.09,24.58,26.88,21.64,22.2,17.81,21.05,34.71,18.37,28.96,,19.82,30.75,18.47,18.13,23.88,18.58,19.48,17.22,21.56,21.58,23.96,14.42,22.12,14.01,18.06,24.44,16.96,20.13,32.74,23.29,15.21,16.09,17.16,22.04,19.79,19.7,16.66,24.5,18.28,36.92,18.96,25.59,32.74,26.58,33.06,31.45,16.17,24.59,13.72,42.7,22.33,22.89,21.65,18.8,29.61,15.96,27.36,19.3,21.07,19.21,37.79,20.21,38.45,18.33,19.79,19.51,24.43,19.21,13.91,30.09,14.87,26.86
2021-09-08,24.67,20.65,17.51,21.39,26.7,31.47,38.62,20.73,18.59,21.02,23.3,25.26,32.17,25.47,27.0,19.75,18.77,,14.84,24.84,24.35,14.65,19.66,30.15,32.23,19.54,25.4,17.19,19.75,25.17,26.45,23.53,22.84,17.11,20.54,32.25,18.08,29.83,,16.12,31.13,18.76,18.48,24.54,18.5,19.4,17.0,22.04,21.79,24.9,15.13,22.66,14.105,18.61,25.75,17.39,20.75,32.47,23.38,15.1,15.78,16.19,23.06,19.93,19.49,16.52,24.89,18.32,37.1,19.23,26.2,30.87,26.81,36.68,30.81,16.29,24.04,14.35,44.03,23.6,22.8,21.52,18.99,29.36,16.23,28.4,20.04,21.69,19.38,39.05,20.88,38.53,19.48,18.84,20.64,24.98,20.08,13.95,30.46,14.96,27.3
2021-09-09,24.14,22.57,18.66,20.79,27.55,31.55,37.41,21.57,19.46,20.97,23.05,25.32,31.6,25.51,26.97,20.58,20.88,,14.816,25.42,24.42,15.01,19.27,30.63,32.82,19.18,25.68,18.62,20.15,25.29,26.09,21.03,22.4,16.98,22.25,34.55,18.2,29.52,,19.76,31.37,18.96,18.52,24.62,18.19,19.04,17.41,22.05,22.06,24.66,15.48,23.77,14.2,18.02,27.61,17.58,20.69,33.12,23.34,15.18,15.96,16.98,22.86,19.04,20.05,17.63,25.04,19.05,37.34,19.38,25.31,31.69,26.12,35.42,31.17,16.68,23.87,14.64,42.68,21.98,23.2,20.41,19.11,28.66,16.38,28.82,19.09,21.52,20.69,38.62,20.89,38.98,19.67,20.09,21.93,24.53,19.95,14.11,30.14,15.0,27.58
2021-09-10,26.64,23.52,18.61,21.44,28.09,32.19,36.65,23.12,21.86,21.1,23.36,26.0,33.02,27.37,27.14,21.37,20.94,,14.792,26.95,25.01,15.26,20.51,30.6,33.43,18.96,26.95,19.57,20.89,25.72,26.99,20.87,22.67,18.35,21.67,33.2,19.77,30.08,,20.34,32.89,20.05,20.09,25.43,19.21,19.68,18.8,22.6,24.27,27.98,16.01,23.86,14.99,18.26,25.82,18.05,21.15,33.14,24.41,16.14,16.29,18.45,23.44,20.05,23.08,19.82,26.39,20.35,38.61,20.29,26.79,32.59,26.37,35.45,34.97,16.77,23.78,14.58,42.51,19.84,22.25,29.2,19.69,31.36,16.56,29.92,19.74,22.92,20.05,41.84,21.55,38.39,22.21,20.69,20.66,25.47,20.78,14.51,31.91,15.8,28.4
2021-09-13,24.39,23.61,21.27,23.19,28.5,33.29,35.94,23.04,20.43,21.19,23.66,25.65,32.53,27.34,27.11,22.74,21.26,,14.768,27.13,25.23,14.9,20.04,30.99,33.55,20.2,26.54,20.46,20.7,25.63,26.29,23.29,22.7,18.12,21.56,32.92,19.27,30.1,,20.86,32.74,19.89,19.47,25.96,19.53,20.2,18.13,23.0,23.95,28.01,16.25,23.66,14.48,19.1,26.73,18.04,21.17,32.71,23.64,15.97,15.98,18.07,23.58,21.02,18.76,20.5,27.12,19.02,37.59,20.22,26.84,32.48,27.38,35.26,31.26,16.82,24.03,14.9,43.35,19.84,23.68,21.86,19.11,30.25,16.59,29.65,19.38,23.88,20.91,39.4,21.58,39.03,23.12,20.68,20.44,25.82,21.0,14.46,32.53,15.94,27.94
2021-09-14,24.2,24.18,19.94,23.45,28.55,32.89,36.74,22.98,20.52,20.87,23.3,27.04,33.14,29.6,27.12,25.04,21.56,,14.744,29.51,27.36,15.37,23.04,32.62,34.51,20.05,26.49,20.45,20.93,26.79,27.01,22.73,22.55,17.89,22.4,33.88,20.1,31.55,,21.55,33.78,19.78,19.42,27.63,19.31,21.26,18.78,23.7,22.48,28.26,16.82,25.57,15.07,19.18,27.04,18.76,20.62,33.68,23.94,16.19,16.4,18.39,23.1,21.47,20.82,21.58,30.95,19.25,38.24,20.3,26.47,32.64,27.37,34.84,23.84,16.64,24.64,15.23,42.14,19.63,24.63,22.41,19.49,32.04,16.67,30.62,19.12,23.23,21.27,40.42,21.6,39.92,24.37,21.93,21.18,27.16,21.7,15.01,34.07,15.93,29.29
2021-09-15,22.44,23.66,19.9,22.47,27.85,31.38,35.67,21.82,19.55,19.53,22.5,25.66,31.01,28.16,25.98,24.75,20.84,,14.72,28.11,26.95,14.6,22.9,30.41,33.43,19.43,25.26,18.61,19.98,25.35,25.71,21.86,21.44,17.0,21.34,32.77,19.02,29.88,,21.63,32.08,18.73,18.78,27.2,18.44,19.73,17.58,22.1,21.47,27.31,15.42,23.48,14.01,17.59,25.53,17.86,19.98,31.64,22.56,15.23,15.6,17.65,22.28,20.02,19.37,20.58,28.66,18.11,36.89,19.37,24.71,31.76,25.75,33.36,20.93,15.77,23.28,14.91,43.33,17.48,24.02,20.24,19.86,30.32,16.15,28.85,18.86,22.07,21.78,36.64,20.48,38.43,25.12,19.85,20.08,26.34,19.71,14.04,33.17,14.84,28.09
2021-09-16,21.96,23.51,19.65,22.39,27.03,30.82,36.09,22.24,19.49,18.96,22.53,25.47,31.04,27.4,26.04,24.27,21.8,,14.8647,27.79,26.17,15.34,22.45,30.7,33.37,19.29,24.94,18.36,20.11,25.09,25.73,21.67,21.05,17.83,21.22,32.31,19.23,29.6,,21.67,31.71,19.11,18.93,26.53,18.1,19.43,18.58,23.28,21.74,28.05,15.63,23.43,14.63,18.7,24.55,18.19,20.09,32.48,22.0,15.37,15.25,17.79,22.02,20.31,18.86,20.38,28.41,17.94,37.06,19.41,25.05,31.05,25.56,32.73,21.14,15.95,23.56,14.59,46.0,19.55,23.57,20.79,19.88,30.16,16.42,28.43,18.76,22.12,22.84,38.11,20.86,36.94,24.45,20.19,20.15,26.42,19.94,14.28,32.72,14.61,27.83
2021-09-17,23.42,23.7,19.45,23.61,28.53,32.92,35.92,22.64,20.59,20.4,22.94,26.75,31.56,27.8,26.26,25.54,22.57,,15.0093,28.39,27.01,15.83,23.53,30.93,34.96,20.04,25.62,18.13,20.95,25.99,26.59,22.49,22.26,18.51,22.51,32.1,19.37,30.06,,22.93,31.95,21.61,21.59,27.37,18.67,20.68,19.99,25.1,22.87,29.65,16.44,23.83,15.94,19.52,25.89,18.09,20.79,33.69,22.92,15.97,15.8,18.27,24.55,21.53,19.41,20.89,29.04,20.35,37.3,20.88,27.32,32.41,26.67,33.35,22.63,16.73,24.64,15.94,47.44,20.26,25.69,22.67,21.22,31.22,17.54,29.59,19.58,23.03,20.98,37.11,21.96,37.31,24.59,21.7,21.62,26.46,20.81,14.69,33.29,15.76,29.15
2021-09-20,27.92,27.38,23.88,26.56,32.87,37.22,40.44,28.65,25.44,26.19,27.27,32.89,37.32,33.5,30.52,30.13,25.8,,15.154,33.38,32.59,17.74,25.86,37.4,38.67,23.16,30.02,20.42,24.42,29.39,31.62,24.91,26.47,20.71,26.91,36.22,23.22,31.57,,26.22,38.87,26.42,26.44,33.39,22.07,25.27,25.98,32.2,26.3,34.99,19.85,29.11,18.75,24.78,29.25,22.74,23.84,39.74,27.1,19.39,18.18,21.98,29.77,23.36,22.6,24.43,34.22,25.01,41.48,23.98,36.81,34.86,33.13,39.37,25.78,19.05,27.16,19.27,51.92,23.19,28.66,27.28,24.88,34.18,19.76,34.36,22.66,25.87,26.89,46.69,25.63,41.75,28.52,26.22,25.12,30.27,25.3,16.83,38.09,18.9,33.35
2021-09-21,26.07,25.57,23.41,26.26,28.59,36.3,38.22,23.72,23.11,25.5,26.4,30.26,34.45,31.53,29.05,29.53,23.45,,15.2987,32.17,30.19,17.28,24.42,34.1,36.62,21.8,28.88,20.44,24.76,28.06,29.92,23.73,27.92,20.64,26.05,35.4,22.88,33.62,,22.16,37.03,25.74,25.41,31.33,21.24,23.99,26.07,32.38,25.76,33.54,19.32,27.37,18.79,23.11,26.9,21.33,23.2,39.12,26.77,18.79,18.22,20.21,27.82,22.58,20.93,23.59,33.04,24.26,39.81,23.53,36.75,34.69,31.16,37.09,24.4,18.53,25.24,18.4,49.34,26.13,28.24,25.75,23.72,33.29,18.72,31.42,22.54,24.5,23.2,41.83,24.71,41.29,27.05,25.89,25.41,29.04,25.53,16.43,36.03,17.76,31.41
2021-09-22,23.71,25.2,21.85,25.12,26.78,33.24,35.73,23.02,21.17,22.34,24.18,28.5,31.74,28.63,26.91,28.14,22.85,,15.4433,29.32,28.57,16.64,22.21,33.71,34.35,21.06,26.75,18.82,23.78,25.76,27.96,21.89,23.79,19.39,24.54,26.81,19.53,30.19,,22.5,33.81,23.56,23.54,28.77,19.94,21.31,25.76,31.9,23.9,33.21,18.26,24.38,17.37,21.99,25.5,20.28,21.94,38.06,23.77,16.69,16.57,19.19,29.38,20.59,19.11,21.63,29.83,21.85,37.72,21.63,38.05,34.54,29.71,34.65,22.58,17.38,23.33,17.59,47.42,21.46,25.06,23.04,20.8,31.23,17.66,29.85,20.93,23.46,21.57,37.61,24.51,39.23,25.24,24.59,23.6,27.46,20.26,15.09,33.02,16.53,28.49
2021-09-23,22.26,23.16,19.25,18.3,23.42,32.09,35.45,21.52,20.89,21.03,21.76,27.62,30.15,27.07,25.79,25.8,22.07,,,27.91,26.85,16.47,21.54,33.7,32.36,20.35,24.5,17.23,22.4,24.9,25.24,21.12,21.73,18.51,21.89,22.88,19.03,29.49,,22.28,33.44,22.26,21.49,27.34,18.36,19.4,24.76,30.9,22.13,32.88,17.39,23.08,16.33,19.96,25.68,18.09,20.93,36.12,23.12,15.8,15.33,17.56,27.42,19.51,18.47,21.82,28.24,21.1,36.28,20.86,36.38,36.14,27.79,34.03,21.27,16.26,22.67,16.45,46.61,19.93,22.23,20.29,19.4,29.42,17.28,27.57,20.47,22.37,21.69,38.52,22.52,37.79,24.19,23.54,23.32,25.49,20.06,14.18,31.26,15.23,26.85
2021-09-24,21.95,23.63,20.69,16.67,21.83,30.84,34.73,22.1,20.7,21.14,20.84,26.59,30.0,26.81,26.33,25.51,22.38,,,27.32,26.79,16.55,20.99,30.49,33.04,16.92,25.22,16.58,22.73,24.61,25.36,20.61,21.14,18.38,22.34,21.8,18.91,29.91,,21.95,33.91,21.09,20.84,25.84,18.13,18.23,23.32,30.8,22.05,32.63,17.38,22.81,15.91,19.75,25.04,19.49,20.44,36.18,22.31,15.62,15.46,17.3,26.29,20.08,18.96,22.22,28.03,19.43,35.86,20.34,35.95,25.99,28.42,33.16,20.27,16.05,21.76,16.63,45.91,20.78,22.33,20.89,19.1,29.81,17.02,27.87,19.68,22.42,21.83,39.69,22.81,37.41,23.88,22.86,22.81,25.35,19.16,14.27,30.67,14.17,26.99
2021-09-27,24.47,22.56,21.91,17.19,25.69,31.69,39.98,23.21,22.33,24.8,21.7,27.01,31.55,27.32,26.52,25.6,24.38,,,27.76,28.4,17.87,23.1,31.25,32.84,17.35,24.99,17.19,21.21,24.09,25.92,22.22,21.26,19.02,21.89,23.21,20.27,32.87,,23.26,35.44,24.49,24.37,27.08,18.8,20.42,24.7,31.39,23.03,33.65,17.94,23.38,16.31,19.66,28.22,18.56,21.01,37.96,23.86,15.99,16.48,18.31,29.8,21.81,20.24,22.36,28.6,21.87,36.79,20.38,36.7,21.62,32.2,34.11,21.17,16.5,22.08,16.93,47.24,21.04,22.93,20.88,20.21,29.74,18.11,28.64,19.72,23.63,22.85,44.55,24.62,38.03,24.34,23.25,25.95,26.1,20.91,14.15,32.48,15.2,27.88
2021-09-28,29.51,24.92,24.08,20.44,27.39,37.85,47.05,23.95,26.85,30.12,26.88,31.42,35.59,30.4,29.64,28.43,26.34,,,30.28,31.19,19.85,26.38,35.82,37.04,21.31,28.09,19.75,22.55,28.2,27.36,26.43,24.7,20.88,24.48,25.93,23.03,36.29,,25.3,38.66,30.36,30.3,29.64,21.65,22.85,27.88,33.52,24.97,36.53,19.37,25.7,18.45,23.08,30.73,21.42,23.05,44.07,27.75,19.23,19.07,18.22,35.72,25.39,22.62,24.34,31.97,27.84,39.98,23.27,39.97,23.78,35.29,39.65,23.99,18.32,24.46,18.41,51.97,24.76,26.82,26.02,23.1,33.6,19.0,31.67,20.89,26.41,25.49,49.91,29.68,40.42,27.33,25.33,28.02,27.82,24.85,15.48,36.0,18.27,30.62
2021-09-29,29.46,25.14,23.15,20.78,26.18,37.78,46.73,25.53,23.88,30.79,25.6,30.36,35.08,29.99,29.33,27.15,26.6,,,31.13,31.4,18.93,26.7,35.62,36.83,20.62,28.37,21.1,22.7,28.32,28.24,25.02,24.72,20.01,23.84,25.52,22.4,37.15,,24.11,39.63,31.89,31.58,29.7,21.0,21.09,27.85,33.7,25.83,34.74,18.93,25.67,17.95,23.33,31.53,22.25,22.73,43.25,28.39,18.14,19.03,15.24,36.72,25.91,22.4,23.72,33.35,28.51,32.95,22.82,40.05,23.17,36.95,38.92,24.23,18.22,23.64,18.03,51.37,23.13,26.88,25.6,26.3,32.67,18.05,31.59,20.36,25.44,27.04,49.94,30.55,40.99,26.09,24.1,29.7,28.1,23.49,15.3,35.58,17.79,30.27
2021-09-30,30.23,27.6,23.71,22.9,25.35,33.8,45.38,25.62,25.58,31.23,25.5,32.74,36.28,30.97,30.87,28.78,29.13,,,32.5,33.28,21.37,27.76,37.19,38.77,19.58,27.93,22.78,24.2,29.51,30.94,25.77,26.29,20.67,26.81,26.43,25.4,39.26,,28.56,43.08,32.91,32.7,30.61,22.92,23.84,27.5619,34.26,27.26,36.14,20.24,26.15,19.05,23.98,32.34,24.25,24.27,43.1,29.31,20.1,20.39,22.62,36.83,27.57,25.79,26.98,35.77,30.15,32.2,23.37,40.23,24.02,37.04,38.65,26.52,19.04,24.57,19.49,52.35,25.89,28.06,26.67,26.81,34.31,19.71,33.38,20.86,26.52,28.51,52.95,29.77,40.86,31.43,28.06,30.86,29.54,27.39,15.46,37.21,18.3,31.75
2021-10-01,27.63,26.32,24.26,20.47,25.44,35.2,46.6,25.59,24.04,30.32,24.49,30.26,35.08,28.56,30.67,27.81,29.84,,,30.18,32.21,20.1,26.1,34.9,37.01,19.37,27.3,20.3,24.61,27.65,31.25,26.11,24.92,20.72,24.52,25.74,24.79,37.16,,29.79,42.13,30.04,29.97,29.15,21.75,24.28,27.2737,32.89,24.93,35.39,20.41,25.55,17.53,21.98,32.69,21.69,22.1,40.19,29.2,19.58,20.17,21.79,34.61,28.32,25.21,28.66,32.51,25.29,30.41,22.51,39.06,22.63,36.35,36.21,23.91,18.09,25.48,18.22,50.92,25.0,26.88,25.43,25.92,32.23,19.44,32.23,20.66,25.61,25.22,51.2,28.68,40.79,27.75,25.99,30.83,28.07,24.32,14.77,33.93,18.6,29.82
2021-10-04,31.77,29.67,25.58,23.31,28.97,37.51,47.29,27.76,25.84,34.13,27.06,32.44,38.31,30.16,36.36,28.41,30.7,,,31.75,33.96,20.71,28.58,35.76,38.44,21.48,29.67,22.12,26.7,28.84,32.95,28.97,26.66,21.35,28.3,27.1,27.52,39.34,,30.33,42.8,33.02,33.37,30.61,23.37,24.42,26.9856,35.37,30.12,39.69,21.49,26.95,19.99,24.7,35.15,22.17,24.44,42.4,32.18,21.1,28.49,20.29,41.56,27.47,25.82,28.29,34.31,29.45,33.12,24.5,40.64,23.5,38.29,39.62,25.57,19.43,28.34,19.06,53.39,26.37,32.72,27.04,27.26,34.53,20.45,34.78,23.85,27.16,27.74,50.62,31.26,45.96,28.69,27.63,32.02,29.09,28.67,15.69,36.06,19.96,31.88
2021-10-05,28.72,26.06,23.46,19.03,25.93,36.45,44.31,26.15,24.35,31.95,25.2,29.88,35.32,28.95,34.64,26.58,28.61,,,29.35,31.72,20.27,27.5,34.28,37.35,19.64,27.42,20.63,24.71,27.8,29.18,26.1,24.23,20.21,25.55,27.38,23.11,36.79,,29.01,42.91,31.13,30.74,29.05,21.6,22.78,26.6974,33.71,26.38,37.87,20.46,25.38,18.5,22.87,31.54,22.39,23.28,39.72,29.45,19.27,19.84,21.96,37.67,25.12,23.95,25.75,31.48,26.7,31.55,22.97,41.33,22.35,37.2,37.73,24.44,16.95,27.5,18.58,49.7,24.39,32.13,23.27,25.79,32.26,19.26,32.16,20.48,25.93,26.6,52.82,28.62,44.26,26.61,26.31,30.99,27.11,27.11,14.85,32.81,18.2,30.3
2021-10-06,28.73,27.71,23.8,20.76,26.29,36.79,44.22,26.2,24.78,31.26,25.22,30.98,36.55,29.67,37.17,28.29,27.79,,16.89,31.47,32.23,19.75,26.92,35.75,38.27,18.87,27.11,21.35,26.5,28.35,29.74,25.58,24.98,20.58,26.8,27.12,23.16,37.77,,28.23,39.79,30.77,30.15,30.48,21.5,23.27,26.4093,34.64,28.5,36.09,20.6,26.32,18.81,23.7,32.05,21.99,23.07,40.81,31.27,19.57,22.4,22.18,37.38,25.63,23.59,25.68,32.12,26.03,32.19,22.52,40.94,23.07,37.19,37.83,25.73,16.51,28.06,18.41,54.99,24.16,32.62,26.62,26.17,33.26,19.44,32.31,21.05,26.12,26.73,51.84,28.83,44.8,26.91,26.42,30.55,27.19,25.87,14.58,34.44,18.22,30.92
2021-10-07,27.37,25.2,22.15,19.54,25.74,33.79,42.72,24.89,23.14,29.75,21.98,27.94,33.81,27.75,34.42,26.11,26.17,,17.01,28.78,30.03,18.78,26.34,32.95,35.95,18.78,26.18,20.14,24.58,26.83,26.84,23.05,23.95,20.14,24.1,25.58,22.82,35.65,,27.48,35.84,28.37,28.26,28.24,19.99,22.02,,32.61,25.25,33.28,19.67,23.89,17.42,21.73,31.11,20.36,21.62,39.53,29.59,18.39,19.59,17.25,39.23,24.26,22.83,24.28,31.08,24.79,29.54,22.55,37.97,21.81,35.77,35.11,22.88,15.91,26.84,17.74,51.7,22.83,31.18,24.16,25.02,32.08,18.97,31.0,19.98,24.27,28.02,48.93,27.79,44.6,23.49,24.59,29.67,25.51,24.49,14.62,32.73,16.55,29.14
2021-10-08,26.47,24.88,25.85,17.95,23.93,33.82,42.17,24.59,23.17,29.65,24.52,29.92,33.59,27.27,33.62,26.27,29.6,,16.29,27.52,29.21,18.41,27.75,32.35,36.39,17.86,25.72,19.5,25.55,26.49,26.57,24.37,23.99,19.6,23.34,25.0,22.67,35.38,,24.24,36.76,27.84,28.35,26.98,20.27,21.74,,31.1,24.44,36.17,19.34,23.51,17.03,21.41,29.92,19.28,21.8,38.6,29.07,17.84,19.54,26.04,36.67,22.72,23.22,24.3,29.82,23.75,29.7,22.06,37.45,21.16,36.85,34.56,24.31,15.75,26.62,16.78,51.45,24.39,31.63,21.79,23.36,30.41,19.18,30.12,20.51,24.7,26.12,47.12,27.52,45.31,22.79,23.24,29.55,25.06,24.32,14.84,32.59,16.14,28.73
2021-10-11,26.77,25.04,23.14,18.75,24.5,33.68,42.31,25.63,23.87,30.33,23.87,30.48,35.48,28.19,33.85,27.04,27.04,,17.23,28.58,29.75,18.84,29.64,35.89,36.35,18.14,25.82,20.01,24.86,26.6,27.82,24.83,26.22,20.42,25.6,24.57,23.13,35.49,,25.8,37.16,28.54,28.86,28.59,20.34,22.62,,32.8,25.52,34.18,18.99,24.67,17.13,22.53,29.99,21.76,22.03,38.49,29.01,18.36,19.33,21.91,37.89,23.89,22.43,23.95,30.94,24.01,30.44,24.0,37.02,22.05,37.38,35.58,23.77,15.44,26.51,16.62,53.66,21.87,31.54,23.19,25.37,32.2,19.78,32.3,21.68,26.17,28.6,46.47,27.7,46.5,24.61,24.61,29.95,25.8,26.3,15.91,33.65,16.34,30.55
2021-10-12,25.08,25.89,22.64,19.36,25.13,35.07,42.27,29.58,23.73,29.71,25.38,30.29,35.32,27.9,33.65,25.83,26.94,,18.25,29.2,30.57,18.47,28.87,34.33,35.15,18.16,25.67,20.07,25.01,26.49,27.23,25.55,27.24,20.05,26.36,25.85,23.24,35.5,,23.93,36.78,29.81,30.2,27.64,20.44,22.44,,33.37,24.69,35.29,20.08,24.47,17.4,23.28,30.03,20.68,21.46,39.3,28.2,18.74,19.15,24.33,37.42,23.95,23.9,23.58,29.14,24.73,31.38,23.68,36.5,21.49,37.57,35.77,23.69,15.8,26.08,17.21,55.01,24.27,30.72,23.31,25.23,32.87,20.32,32.23,24.27,26.12,29.22,45.48,28.34,46.53,24.22,23.94,29.82,25.61,25.22,17.66,34.03,16.33,30.85
2021-10-13,26.49,25.12,21.92,18.59,23.79,35.05,41.86,25.07,22.63,27.74,24.25,28.87,33.61,27.15,32.39,22.49,25.86,,17.44,27.61,30.1,18.06,26.75,35.26,33.55,17.39,24.76,19.54,25.05,24.81,26.78,24.64,27.23,19.27,25.43,25.46,22.02,34.46,,28.22,35.97,27.73,27.49,27.96,19.55,21.46,,32.24,23.75,33.6,19.62,23.11,16.62,21.93,29.52,17.93,21.32,37.98,27.35,19.71,18.63,21.23,36.15,22.52,22.52,23.87,28.61,23.18,29.96,22.72,35.36,21.22,35.4,33.95,22.75,15.1,26.48,16.17,55.07,23.92,31.37,22.79,24.69,31.08,19.48,32.22,24.21,24.12,25.24,42.29,27.17,44.9,23.79,23.1,29.98,25.05,24.74,17.0,32.35,16.07,30.31
2021-10-14,24.17,23.38,20.74,17.36,22.25,30.5,41.27,23.22,21.2,26.22,23.48,24.47,32.49,22.8,31.48,21.06,24.73,,15.09,23.14,28.71,17.26,25.47,32.57,32.49,15.86,23.28,18.03,23.98,23.92,25.2,23.6,25.01,19.81,22.86,24.36,20.26,33.4,,23.94,33.54,25.28,25.39,24.52,18.1,20.15,,30.68,21.7,31.96,18.42,19.6,15.82,20.82,28.51,18.99,20.36,34.96,25.28,17.58,17.72,21.98,34.34,21.66,21.22,22.23,22.65,21.19,27.12,21.52,33.8,20.46,34.93,32.97,21.45,13.21,25.09,15.43,53.1,22.99,30.15,22.82,23.28,29.97,17.62,28.15,22.39,22.69,25.82,40.0,25.53,43.68,18.14,20.75,28.68,21.85,22.05,15.29,28.36,15.32,28.12
2021-10-15,22.7,22.26,20.2,15.58,21.12,29.74,39.79,25.16,20.38,25.89,22.45,23.73,31.11,21.88,30.33,20.02,25.12,,14.91,22.43,27.75,16.55,26.83,30.24,30.86,14.7,21.97,18.7,23.46,24.01,24.28,20.92,25.19,17.83,22.89,22.79,19.79,32.1,,25.53,32.7,23.99,24.24,22.05,17.22,19.29,,30.13,21.83,31.15,17.74,18.94,15.03,18.83,26.56,17.04,20.69,33.23,24.77,17.07,17.04,21.82,34.37,20.57,20.07,21.33,21.85,19.6,25.9,19.83,33.03,19.72,32.14,30.87,20.27,12.3,24.1,14.79,54.31,17.67,28.95,19.2,22.44,27.11,17.08,27.11,21.49,21.89,24.81,35.71,24.03,42.42,17.46,20.51,29.4,20.95,20.77,13.95,27.28,15.78,26.7
2021-10-18,22.9,23.29,21.24,15.92,21.8,31.95,42.22,24.91,20.53,25.59,20.83,25.49,32.26,22.65,31.53,20.68,24.34,,13.98,22.66,28.42,17.58,24.49,31.01,30.61,15.38,21.41,21.52,23.69,23.98,24.18,23.77,27.52,17.38,22.3,23.49,20.48,32.68,,25.14,32.73,24.06,24.45,22.58,19.28,19.57,,31.02,23.3,32.95,17.74,19.04,15.5,20.09,27.88,17.86,24.51,34.32,25.05,17.12,17.69,21.62,33.52,22.12,20.64,21.78,23.3,20.5,26.63,20.16,33.73,19.97,32.96,33.37,20.33,13.11,24.67,16.07,51.31,20.19,29.14,21.56,23.3,27.36,19.57,27.53,21.46,23.69,25.42,35.79,24.5,43.37,17.83,20.85,29.22,21.48,21.32,14.4,27.39,18.2,26.47
2021-10-19,23.17,23.04,20.64,15.74,21.78,32.33,41.83,24.06,21.1,25.14,20.38,25.29,32.07,21.9,32.5,19.93,23.87,,14.03,21.8,28.24,17.25,23.67,30.91,29.53,15.2,22.42,22.36,22.83,23.55,24.17,24.27,27.43,17.37,21.94,23.42,19.88,32.26,,24.27,32.18,23.71,23.75,22.09,19.4,19.39,,30.9,23.75,27.81,15.32,18.39,15.26,20.08,27.4,18.09,25.34,34.33,24.88,17.28,17.42,20.89,33.05,21.54,20.35,20.56,22.13,20.2,27.49,19.64,34.53,19.84,34.22,33.29,19.75,12.65,25.07,13.83,51.48,17.7,29.09,21.85,23.16,26.07,16.98,27.35,21.06,23.09,25.58,37.53,23.87,42.61,17.28,20.47,28.34,20.5,21.48,14.01,26.75,18.58,25.86
2021-10-20,22.76,23.05,18.05,15.95,21.94,31.99,43.08,24.49,20.07,26.03,20.17,25.22,32.11,22.21,32.7,19.65,23.93,,14.03,21.87,27.12,17.28,23.8,30.67,29.6,15.71,22.75,22.99,23.18,24.42,24.35,22.07,27.17,17.5,21.65,23.82,19.92,31.97,,25.16,33.14,25.12,24.96,22.28,20.46,19.17,,32.91,24.5,25.7,15.05,18.52,15.24,20.03,27.13,18.16,26.96,33.79,25.36,17.94,17.65,21.49,33.65,21.06,20.18,20.33,22.56,20.29,27.62,18.56,25.09,19.9,34.98,34.23,19.67,12.78,26.34,13.29,51.57,17.45,29.16,21.84,23.33,25.74,16.68,27.3,20.59,22.72,25.55,36.22,23.86,42.41,17.58,20.87,28.57,20.4,21.88,12.17,26.24,19.69,25.45
2021-10-21,22.49,22.78,17.33,15.96,21.87,31.51,42.62,24.84,20.37,24.76,19.49,25.8,32.5,21.92,32.11,19.6,23.84,,14.6,22.42,27.47,17.28,23.72,32.41,30.3,15.88,22.12,23.63,23.11,24.22,24.74,21.64,26.69,17.07,21.88,23.2,20.01,32.81,,25.11,35.87,25.12,24.83,22.18,20.41,19.31,,32.35,24.7,22.92,14.89,18.65,15.65,19.67,28.79,18.21,26.68,29.37,24.95,16.81,17.49,20.08,34.13,21.41,19.94,20.47,22.3,19.9,26.84,18.5,25.77,19.55,32.4,34.61,19.42,13.6,26.14,13.63,50.34,17.34,28.92,22.18,22.77,25.09,16.46,26.9,18.18,22.37,26.75,36.01,23.55,42.33,16.75,17.39,28.54,20.63,21.66,11.79,26.24,19.68,26.6
2021-10-22,23.12,22.89,17.75,17.32,21.59,34.28,43.64,24.53,20.17,27.17,22.74,23.26,32.54,21.88,32.2,19.72,25.86,,14.15,22.15,27.67,17.07,23.85,31.68,30.7,16.24,23.02,24.27,23.27,23.29,25.84,20.62,27.05,16.97,21.89,23.18,19.81,32.18,,25.92,34.22,26.36,26.41,21.95,20.47,18.04,,23.34,26.36,25.26,14.6,18.86,15.71,20.28,27.96,20.04,26.5,29.58,25.3,17.38,17.35,20.36,37.51,22.02,20.38,20.54,22.62,20.9,28.32,17.76,25.8,19.65,32.64,34.84,20.02,13.22,25.62,13.25,50.89,17.97,29.69,22.58,22.96,26.09,17.37,27.08,18.38,22.5,26.9,36.15,24.17,43.27,17.12,18.2,28.85,20.61,21.65,12.17,25.43,19.47,26.08
2021-10-25,23.03,23.28,18.6,18.57,22.72,33.35,42.78,24.66,20.45,26.4,22.29,23.41,33.05,21.92,32.27,19.92,24.41,,14.87,22.01,27.89,17.6,24.07,31.76,31.31,16.69,23.89,24.71,25.19,23.37,27.68,20.02,26.43,17.73,22.22,25.15,20.77,32.05,,27.82,33.83,26.18,26.12,21.58,20.6,17.8,,20.61,28.62,23.99,15.64,18.67,15.47,21.05,29.26,20.28,26.7,29.74,25.92,18.15,17.39,22.49,37.54,22.7,20.65,20.96,22.36,21.2,28.95,18.93,26.04,19.89,32.86,36.46,20.17,13.6,26.25,14.04,51.75,17.95,29.67,23.67,22.07,25.54,16.85,28.19,18.0,22.91,25.73,47.94,24.46,43.47,18.04,19.44,31.31,20.56,22.17,12.44,25.39,19.71,25.78
2021-10-26,22.44,23.37,17.75,19.81,22.32,35.21,45.73,27.12,18.99,26.14,22.08,23.4,33.62,22.25,31.96,20.37,24.27,,15.34,21.7,26.89,17.95,27.38,33.43,31.15,16.63,23.75,24.48,24.19,23.21,27.0,19.74,26.26,17.25,22.2,23.78,22.1,26.97,,30.81,34.66,24.53,24.41,22.6,21.62,17.26,,21.96,27.03,26.77,16.45,18.77,16.0,20.44,27.43,19.29,27.0,30.34,26.72,17.03,17.76,17.49,31.04,20.08,20.13,20.39,22.71,20.78,28.73,18.37,25.01,19.52,32.37,40.08,19.31,14.55,27.48,13.36,53.87,19.28,30.12,19.14,23.0,26.05,16.6,29.27,17.97,24.06,25.9,49.76,25.52,44.16,20.1,18.58,21.35,20.11,22.48,12.14,24.91,19.54,25.22
2021-10-27,24.04,22.9,17.71,18.09,22.42,35.72,40.71,25.18,19.94,26.84,24.02,23.77,30.65,23.23,31.9,20.98,23.14,,16.01,22.3,27.4,17.77,25.85,30.36,31.48,16.78,23.22,24.92,24.46,23.45,28.24,19.81,27.14,17.89,22.29,23.78,20.07,27.7,,28.89,30.54,19.62,19.66,23.15,21.53,18.5,,21.59,28.19,26.28,16.42,19.83,13.01,20.24,25.34,17.55,27.35,30.3,27.45,15.07,18.1,22.04,28.82,18.76,20.69,20.44,22.84,17.7,28.91,18.65,25.03,19.62,33.79,38.32,20.42,13.53,27.95,13.53,52.63,17.94,31.12,20.89,23.17,26.25,17.22,29.35,18.03,21.19,26.64,52.53,21.18,46.37,18.48,18.4,20.59,21.7,23.84,12.41,25.71,19.84,26.18
2021-10-28,23.26,24.28,17.77,17.43,22.18,33.01,36.02,24.46,18.51,28.08,23.19,24.7,30.26,23.18,31.28,20.22,21.28,,15.53,22.64,25.72,17.65,23.94,28.92,31.45,16.73,24.12,24.9,25.55,24.62,28.37,20.68,27.19,18.19,21.68,22.86,19.17,26.97,,29.11,28.88,20.31,20.35,23.14,21.5,18.07,,21.15,29.79,25.44,17.12,19.23,12.74,17.81,25.14,18.59,27.66,30.28,25.69,15.22,17.62,27.38,30.73,17.37,19.61,22.99,23.01,17.97,29.07,18.54,25.09,20.16,28.03,41.14,20.03,13.36,28.52,13.36,53.39,17.29,30.64,23.51,26.17,24.79,16.88,28.58,18.68,21.38,27.33,55.25,20.1,46.21,18.3,17.95,20.79,21.15,24.89,12.2,25.46,19.61,26.63
2021-10-29,20.02,18.65,17.45,17.26,21.67,28.56,34.62,24.55,18.35,21.46,23.04,23.79,30.4,22.9,31.49,19.71,21.95,,16.43,22.96,24.55,17.53,22.48,28.61,31.34,16.8,25.0,24.32,24.81,21.87,28.69,23.84,27.62,18.28,22.61,23.13,18.93,26.17,,21.05,28.03,21.34,21.03,23.1,21.69,17.34,,19.51,27.01,23.61,16.6,19.24,13.19,17.24,25.16,17.05,27.73,27.93,24.48,14.76,17.02,22.62,29.94,17.49,19.43,22.59,22.81,18.85,28.39,18.64,25.72,20.03,26.35,40.38,16.62,13.54,30.77,13.24,53.23,18.86,32.98,18.72,21.02,24.91,16.86,28.78,19.23,20.99,25.93,58.47,19.53,47.03,17.7,17.81,20.36,18.68,22.3,12.38,25.24,20.12,24.27
2021-11-01,19.66,19.93,17.94,18.54,22.9,30.49,37.89,25.14,19.55,21.84,23.42,24.46,30.92,23.82,32.15,21.14,22.03,,16.25,23.14,24.74,15.01,23.62,29.09,32.12,17.61,28.3,25.17,25.19,22.22,31.53,22.98,27.04,18.79,22.88,23.05,19.55,26.74,,21.52,30.33,22.14,21.96,23.64,22.44,18.2,,21.9,28.11,26.71,17.2,19.68,14.05,18.07,26.48,18.86,28.65,29.62,25.34,15.25,18.16,23.66,30.65,17.64,19.28,23.13,23.38,18.98,28.52,19.35,25.82,20.63,27.95,40.34,21.44,14.66,31.15,13.81,54.51,18.72,33.08,19.71,19.96,25.62,17.03,30.83,19.3,21.09,26.86,63.59,20.13,48.32,19.16,19.44,20.8,21.16,22.78,11.75,25.92,20.52,23.87
2021-11-02,19.67,22.52,18.98,18.56,22.73,32.23,39.75,25.8,19.75,21.75,23.52,24.68,30.59,24.25,33.1,20.31,22.96,,16.05,24.03,25.83,14.9,22.94,30.33,30.62,17.4,28.85,25.59,27.25,22.55,32.18,22.7,27.32,18.4,23.15,22.88,19.4,26.78,,27.55,31.56,21.58,21.45,25.74,22.29,17.99,,21.8,27.78,27.09,17.21,20.85,13.95,17.41,26.28,19.76,27.92,30.15,26.43,15.03,20.38,22.87,31.04,17.57,19.99,24.36,24.74,18.0,29.33,19.15,26.54,20.75,27.27,41.86,21.89,14.95,25.12,13.74,55.66,17.84,32.71,21.63,19.68,25.86,17.08,25.5,19.55,20.74,28.76,65.48,19.86,53.45,18.84,18.82,20.51,21.5,23.68,12.69,26.38,20.46,24.48
2021-11-03,19.64,20.36,17.95,17.39,22.7,34.01,39.87,22.97,19.69,21.26,23.15,24.26,30.88,24.05,33.16,20.37,21.7,,16.19,23.38,25.96,14.43,22.73,29.35,31.06,17.63,29.5,25.23,23.32,22.43,33.7,22.17,27.77,18.7,22.22,23.59,18.74,26.83,,22.64,30.81,21.75,21.62,25.64,22.35,17.89,,21.81,27.51,25.53,16.56,20.08,13.95,17.8,30.63,20.9,27.97,30.14,26.21,14.81,16.02,22.91,29.79,17.15,18.97,24.11,25.17,18.08,29.09,18.66,25.41,21.36,27.17,42.04,21.65,14.67,23.63,13.41,56.97,18.01,34.5,20.04,20.06,25.19,17.18,27.44,19.1,20.53,23.22,66.69,19.31,49.81,19.49,18.62,20.18,20.69,23.17,12.21,26.21,20.36,24.53
2021-11-04,20.14,19.62,17.98,18.04,24.35,41.5,45.89,21.09,21.49,22.95,24.09,23.66,30.87,24.58,27.06,20.54,21.5,,16.95,24.54,25.4,14.03,22.66,29.28,32.41,19.34,30.64,25.67,21.3,22.35,32.17,22.5,27.83,17.78,20.76,23.17,19.88,26.53,,22.92,36.26,23.18,22.89,26.21,22.45,18.65,,22.46,26.27,26.65,16.23,21.24,13.97,17.47,25.96,18.69,28.28,33.03,26.81,15.65,15.45,24.58,29.75,17.6,19.18,24.57,26.37,18.27,30.38,18.86,28.42,21.38,28.46,57.25,23.18,12.86,23.59,14.21,56.85,18.74,33.11,19.39,19.9,26.73,16.33,27.81,20.36,20.96,21.98,68.1,21.16,53.07,18.34,18.78,20.88,22.58,24.16,14.86,27.04,21.01,24.0
2021-11-05,20.23,19.76,19.81,19.47,25.86,40.55,45.31,22.15,21.15,23.55,24.97,23.96,34.05,24.85,28.59,20.56,21.32,,18.0,24.35,25.7,13.83,22.66,29.01,31.92,20.23,30.79,26.1,21.65,21.98,35.31,25.28,30.63,17.23,20.54,22.93,20.07,27.2,,23.4,36.39,23.86,23.95,24.44,22.58,17.89,20.07,23.16,28.32,26.72,17.29,20.63,13.49,17.99,26.16,18.87,28.47,32.26,26.89,15.28,15.32,21.82,30.38,17.36,19.4,26.28,25.64,18.94,30.51,18.81,28.81,23.55,27.61,62.14,23.2,13.17,31.13,13.75,60.59,19.27,35.94,19.16,20.86,26.55,15.87,27.8,20.06,23.45,21.41,62.63,21.92,39.99,19.68,18.6,21.03,22.18,23.02,13.65,27.1,20.48,24.05
2021-11-08,20.81,21.59,20.19,18.42,24.76,38.64,56.3,23.98,20.31,23.93,27.29,24.75,34.28,24.99,31.46,20.35,21.72,,17.44,24.34,27.62,14.93,23.2,29.38,31.97,22.2,31.4,27.5,22.04,22.01,33.35,24.02,32.07,18.63,23.68,24.93,20.05,29.0,,22.67,38.62,23.45,23.16,25.87,23.51,18.28,18.13,24.87,28.49,27.21,17.37,21.33,14.24,18.55,28.41,19.63,29.6,33.93,27.18,15.67,16.23,24.51,30.5,17.33,19.62,25.54,26.26,18.59,35.37,19.91,28.76,24.85,27.97,60.63,25.63,15.37,29.4,14.53,60.85,20.12,33.7,21.38,21.08,26.5,17.19,29.02,20.85,22.29,22.13,61.23,23.08,40.93,20.59,19.34,22.4,22.57,22.85,13.92,27.24,21.58,24.49
2021-11-09,21.75,21.5,20.07,18.99,25.33,39.97,55.14,23.43,21.36,26.28,27.91,25.42,35.06,25.43,30.16,19.45,24.59,,17.86,25.26,27.25,14.93,24.31,29.86,31.69,22.29,32.0,26.76,22.18,21.8,35.09,25.12,31.69,18.37,21.16,24.2,20.54,30.66,,22.19,39.15,22.86,22.94,27.42,23.51,18.25,19.68,24.32,28.77,23.77,17.73,22.91,14.07,18.64,28.24,19.28,29.85,35.75,27.88,16.34,15.76,19.17,30.31,17.61,20.83,25.42,26.97,19.51,34.39,19.67,29.16,25.67,27.66,59.76,28.23,15.82,29.02,14.48,47.89,20.02,33.4,21.25,20.05,27.51,16.68,28.54,21.29,22.7,24.07,74.92,22.53,43.72,20.36,20.29,22.38,23.33,25.56,14.16,28.17,21.84,24.33
2021-11-10,22.04,19.85,18.73,19.33,26.79,40.0,47.68,22.85,21.09,25.86,27.7,26.31,34.13,25.84,30.67,22.43,19.8,,18.73,25.75,27.36,14.46,24.24,29.62,32.41,22.65,33.14,27.5,22.3,23.15,33.42,23.74,32.6,17.51,22.68,24.53,20.27,30.28,,23.62,38.25,23.37,23.32,26.65,23.14,17.51,19.39,24.09,28.18,27.18,16.73,22.44,14.28,18.28,27.33,19.36,30.66,33.15,25.96,15.78,16.59,15.93,29.66,18.34,19.98,24.97,27.62,20.46,33.92,19.85,28.85,24.73,28.12,54.01,28.72,15.89,28.91,14.81,49.85,19.44,32.18,21.86,21.56,27.52,16.6,27.94,20.25,21.08,24.36,65.57,22.63,44.88,20.21,19.97,21.71,23.07,23.79,13.83,28.25,21.54,25.42
2021-11-11,21.31,19.89,19.14,18.37,25.64,37.39,46.84,22.22,19.97,24.74,26.46,24.27,33.74,24.64,29.24,20.93,21.11,,16.64,23.97,26.16,14.3,23.9,29.71,31.06,23.13,32.98,27.94,21.79,21.67,31.39,23.29,25.02,16.85,20.98,25.61,19.98,28.79,,23.07,37.52,22.18,22.22,25.1,23.09,18.52,16.15,22.93,28.08,27.05,16.82,21.1,13.79,18.43,26.19,18.53,30.06,32.51,25.75,15.79,15.45,22.61,28.51,17.34,18.75,25.12,25.72,18.89,32.21,18.82,28.86,24.2,27.53,52.78,29.39,15.31,28.98,14.21,44.07,18.62,30.69,20.87,21.26,26.21,16.32,27.43,19.37,20.62,23.33,61.69,21.66,45.92,19.71,19.24,21.87,22.39,24.34,13.73,27.13,21.8,24.42
2021-11-12,21.13,18.68,18.67,18.74,25.55,37.4,45.79,22.49,21.18,24.83,26.3,23.66,34.12,24.18,28.76,20.92,20.67,,16.46,23.5,25.77,14.64,22.65,28.38,30.5,21.99,35.68,27.87,21.66,20.93,30.77,22.66,24.64,16.65,20.85,26.92,19.46,27.31,,23.07,39.48,21.87,21.94,24.01,23.54,18.3,19.44,22.24,28.66,26.4,16.95,20.58,13.93,17.71,25.66,18.49,29.67,32.47,25.7,15.2,14.99,21.32,29.53,18.52,18.48,24.46,25.04,18.37,32.8,19.08,28.16,24.24,27.23,51.31,28.34,15.52,28.08,14.0,45.09,19.14,32.94,19.75,20.54,26.36,16.31,26.36,18.9,20.78,22.39,61.18,21.48,42.49,18.44,19.46,21.75,21.47,23.86,13.46,25.78,22.65,23.77
2021-11-15,21.39,19.86,18.86,22.24,28.0,37.41,45.3,22.39,22.8,25.78,27.0,23.76,35.04,23.34,29.18,23.07,21.03,,14.87,22.75,26.27,14.59,23.11,28.85,31.12,22.9,32.99,27.77,22.44,21.02,31.58,23.66,24.93,16.63,21.27,31.72,19.72,28.55,,23.12,37.83,22.07,22.03,24.34,24.61,19.31,19.78,22.62,29.47,25.7,17.16,20.44,14.0,18.17,26.5,18.11,30.19,33.2,26.42,14.78,15.35,23.31,31.91,18.22,19.29,25.57,24.83,19.11,33.53,19.6,29.21,25.86,29.31,51.78,28.73,14.86,27.78,15.15,44.92,18.99,34.9,20.26,20.98,26.58,16.52,26.51,19.05,21.46,23.47,61.74,21.58,42.88,19.63,19.13,21.3,21.72,24.03,13.55,26.32,23.8,24.24
2021-11-16,21.14,19.44,18.59,23.37,28.1,37.55,47.17,21.95,21.4,24.84,27.13,23.63,34.16,22.69,28.31,22.51,20.11,,14.59,22.42,25.65,14.57,21.83,28.97,31.18,22.18,33.0,29.2,22.11,21.29,31.05,22.62,24.12,16.04,20.42,32.84,20.09,29.24,,23.67,36.46,20.96,21.07,23.57,20.9,18.67,19.21,23.1,29.07,24.8,16.58,19.33,14.04,17.83,24.73,17.38,30.0,33.09,26.18,14.8,14.95,22.55,30.53,17.44,19.67,26.37,23.65,18.54,33.0,18.84,28.94,25.69,28.3,50.15,30.02,14.65,27.62,14.39,45.33,19.68,37.9,18.93,20.24,26.37,15.97,26.95,19.44,20.82,22.78,60.44,21.45,42.88,19.7,19.01,20.89,21.44,23.43,13.45,26.02,19.83,23.89
2021-11-17,21.73,20.32,19.49,24.29,28.95,36.1,47.87,21.32,21.77,25.26,27.38,24.69,34.19,23.52,28.96,22.54,20.17,,15.03,23.14,26.06,14.34,22.31,29.45,32.24,22.23,32.94,29.05,21.9,21.39,32.03,22.35,24.2,16.36,21.23,33.81,19.52,28.97,,23.62,38.83,21.34,21.19,25.49,20.0,18.17,19.62,23.02,29.72,24.91,16.57,20.39,14.54,17.4,26.66,16.91,24.43,32.89,26.75,14.43,15.9,23.16,30.71,17.03,19.32,26.23,25.2,18.92,33.03,18.3,29.26,24.81,28.27,53.11,29.77,14.67,30.92,14.17,45.39,19.27,36.15,20.37,20.82,26.7,16.15,26.68,19.18,20.73,22.34,60.85,21.38,43.5,20.07,18.99,20.8,22.18,26.59,13.72,26.81,18.25,24.33
2021-11-18,24.01,20.33,19.35,23.87,29.99,40.4,47.67,22.05,22.4,26.71,27.25,25.37,34.9,23.56,28.99,23.73,21.18,,15.64,23.02,25.77,14.97,23.39,29.72,32.03,22.49,33.69,22.26,22.82,21.41,32.25,22.79,24.34,16.68,21.29,34.55,19.61,29.38,,24.83,37.54,22.32,22.37,25.27,20.84,18.65,19.2,23.92,30.88,25.95,16.37,20.92,14.47,17.55,26.09,17.13,24.05,32.99,29.17,14.51,15.99,22.14,30.91,18.83,20.22,25.77,25.55,19.97,33.89,19.17,29.67,26.13,29.21,48.52,29.77,14.49,31.4,14.14,48.33,20.56,35.45,20.11,20.94,26.5,16.47,28.36,20.2,20.89,23.42,61.54,22.26,43.29,20.86,18.85,21.21,22.64,26.5,14.98,27.12,18.85,24.4
2021-11-19,23.32,19.61,19.57,24.05,29.74,35.3,46.82,22.13,22.75,26.51,27.75,25.75,38.26,24.95,30.61,23.22,21.93,,14.56,24.95,25.92,15.01,24.24,30.91,34.11,22.49,33.33,19.56,23.49,23.58,32.15,24.07,24.96,16.87,21.57,34.82,19.88,28.32,,23.77,35.8,21.68,21.76,26.44,20.57,18.87,19.14,23.05,28.04,26.87,16.26,21.32,14.37,17.57,27.38,17.05,23.96,32.46,29.45,15.78,17.58,25.98,31.4,18.47,20.82,26.93,26.79,18.92,39.63,18.79,29.53,28.04,29.04,45.68,30.68,14.67,31.92,13.97,47.56,20.48,33.69,21.61,21.72,28.15,15.87,27.99,20.8,21.25,23.82,63.6,22.38,43.69,21.97,18.83,22.55,25.15,28.02,15.42,28.61,19.15,27.41
2021-11-22,26.2,19.94,19.82,25.13,31.31,33.78,48.42,22.53,24.03,27.75,30.85,26.6,37.07,25.83,31.12,23.46,22.71,,15.94,25.49,26.02,15.0,25.06,30.4,34.2,23.79,34.54,21.98,23.31,23.28,32.62,23.93,25.76,16.52,22.75,35.04,19.76,28.53,,22.51,37.35,22.87,22.91,27.45,21.25,19.62,20.23,24.21,27.42,29.47,17.51,22.0,14.23,17.75,27.46,18.05,24.49,33.77,32.31,16.33,18.17,26.45,33.37,19.11,22.39,26.64,27.13,21.08,43.34,19.5,30.8,33.22,31.77,50.48,30.88,14.98,30.51,13.95,52.6,22.25,34.14,18.8,21.79,27.6,16.33,28.28,20.05,21.34,25.26,66.87,23.76,44.86,21.6,19.33,23.06,22.79,27.44,14.42,29.09,18.08,26.92
2021-11-23,27.43,20.73,20.73,25.3,33.25,37.6,49.91,23.09,25.16,29.01,32.41,27.53,37.43,26.32,30.73,23.27,21.97,,15.85,26.32,26.48,14.9,24.78,30.24,33.43,24.14,38.35,22.37,23.96,24.2,37.23,25.21,27.04,17.17,22.15,35.75,20.01,28.81,,22.75,36.9,23.19,23.24,27.16,21.72,20.56,20.38,24.89,28.62,31.14,17.52,22.64,14.33,18.72,27.82,22.97,24.74,33.9,30.85,16.13,20.16,21.2,34.33,19.89,23.24,27.35,28.17,21.98,45.68,20.01,31.51,35.28,36.07,52.62,32.25,14.77,29.11,14.41,52.34,23.04,33.97,15.98,22.89,28.24,20.06,28.6,20.59,23.49,26.73,72.16,23.99,45.04,22.63,21.89,23.72,23.83,27.55,15.01,30.18,18.9,27.68
2021-11-24,27.48,19.81,20.25,25.25,33.73,36.39,50.48,23.33,22.83,28.21,30.55,26.36,37.28,26.06,30.4,23.64,22.23,,16.84,26.04,27.62,15.36,24.18,30.14,33.64,24.04,38.44,20.67,23.31,24.53,29.74,25.38,25.82,17.56,21.7,36.01,19.98,27.04,,23.51,36.4,23.61,23.31,27.5,21.22,20.31,20.22,23.7,29.2,28.38,16.99,22.57,14.06,19.24,27.66,18.24,24.43,34.69,30.08,16.07,18.62,18.96,33.79,19.49,24.45,26.44,27.6,21.37,45.02,20.33,31.25,35.61,33.79,49.1,31.43,15.46,29.17,14.58,51.12,21.11,32.36,21.37,22.14,28.18,16.53,27.36,21.2,22.58,24.89,67.1,22.93,44.59,23.31,21.46,23.8,22.79,27.41,14.93,29.7,18.73,27.35
2021-11-26,30.62,22.47,25.43,30.05,39.54,39.69,53.58,27.05,28.37,31.62,32.12,35.38,45.58,31.34,39.75,29.72,23.17,,20.5,31.89,32.41,18.59,28.68,35.43,38.32,27.74,43.76,24.33,26.59,30.57,34.26,29.02,30.18,20.5,28.13,39.63,24.56,33.63,,25.67,40.07,28.44,28.29,32.04,25.01,26.5,23.49,27.41,38.53,35.2,20.58,27.69,18.71,24.71,30.59,22.83,27.59,37.7,35.17,20.64,23.23,24.38,37.26,25.01,25.66,30.43,33.18,27.34,47.22,24.41,34.55,40.03,38.34,53.0,34.55,18.34,34.85,17.14,53.26,24.84,36.3,28.22,26.47,33.85,19.24,35.35,24.29,28.5,29.55,71.92,27.74,49.97,27.63,25.0,26.98,30.15,33.33,17.58,36.01,20.97,33.78
2021-11-29,26.61,21.77,21.94,26.99,34.81,39.67,51.26,24.26,24.69,27.58,30.18,31.05,40.89,28.55,33.43,25.35,24.3,,17.92,28.34,28.89,16.64,25.57,32.65,37.22,26.65,39.25,21.28,24.75,26.65,32.58,25.99,27.55,19.32,24.09,38.12,21.82,30.61,,23.22,37.74,24.72,24.51,28.67,22.73,22.33,21.17,25.59,31.56,33.21,18.34,24.83,16.22,22.05,29.47,18.34,25.81,37.5,31.6,18.42,20.13,20.43,34.53,20.02,24.71,31.21,30.74,22.67,44.75,22.45,30.67,37.09,33.55,48.65,32.21,17.16,36.37,16.01,50.02,21.32,35.08,24.59,24.12,29.8,17.17,30.97,22.71,25.15,25.83,64.9,25.25,47.47,24.48,21.97,24.16,27.26,29.37,15.65,31.74,19.87,30.2
2021-11-30,28.48,23.54,24.61,31.53,38.22,40.56,55.18,26.63,28.98,29.94,34.14,35.23,42.21,31.31,37.92,29.6,27.51,,18.06,31.56,32.34,18.63,29.57,36.86,40.38,28.4,44.08,23.51,26.86,27.34,33.71,29.57,30.08,21.63,28.62,40.66,25.59,33.29,,24.15,39.96,27.84,27.96,31.99,24.08,25.46,23.93,28.56,35.36,33.33,20.88,27.65,20.18,25.6,33.27,19.91,27.44,39.45,36.06,21.17,28.32,25.9,37.57,24.15,26.56,34.28,33.23,26.29,48.3,24.86,34.67,38.85,37.35,51.01,34.41,19.45,38.04,18.66,53.98,30.06,37.72,23.44,26.11,33.66,20.05,37.26,28.65,29.37,29.69,66.12,27.87,53.71,25.82,25.12,27.02,31.21,30.94,18.85,35.78,20.62,34.3
2021-12-01,30.52,25.17,25.72,32.75,39.76,41.64,54.77,28.33,30.97,30.97,34.34,39.28,45.71,33.32,40.38,30.8,28.4,,20.91,33.62,32.82,19.09,31.36,40.29,41.25,29.42,34.67,24.73,27.65,32.08,35.14,32.52,33.29,23.03,30.53,40.62,27.07,34.46,,24.85,41.52,29.96,29.78,34.33,26.77,27.7,25.05,29.74,35.89,36.38,21.69,30.3,20.54,25.73,35.6,24.03,29.68,40.06,37.94,21.43,25.55,26.13,38.57,25.07,26.03,30.21,36.09,28.96,50.62,24.93,36.8,41.13,43.37,53.88,36.45,20.45,38.1,19.84,59.23,26.01,37.72,30.24,27.17,35.93,20.67,40.6,30.06,30.07,31.9,70.6,29.95,57.85,26.4,28.51,28.65,32.63,33.35,21.69,38.9,23.29,35.42
2021-12-02,27.39,23.78,25.56,29.24,39.85,41.4,53.11,27.54,29.35,29.95,34.05,34.75,44.08,31.55,40.08,30.14,30.41,,20.9,32.27,31.03,18.45,29.87,36.46,39.89,29.17,33.44,24.06,26.76,30.68,34.42,29.29,31.01,21.12,28.41,40.95,25.5,33.12,,25.17,42.02,28.3,28.32,32.06,25.87,24.55,23.57,28.77,32.57,33.66,21.68,28.49,19.68,24.92,33.83,21.85,28.38,40.42,35.76,21.14,22.04,28.09,37.14,24.44,26.92,29.08,33.92,25.87,49.29,24.56,34.78,40.62,40.12,52.28,35.45,20.3,37.5,18.73,57.75,24.77,36.7,23.59,27.43,31.37,19.83,39.73,28.42,28.75,29.91,71.02,28.37,54.55,26.5,26.11,27.42,30.81,31.19,19.41,35.54,22.97,34.2
2021-12-03,31.37,25.99,27.91,31.72,50.25,42.97,56.48,29.32,31.84,32.81,35.09,38.07,47.9,34.91,44.85,33.98,29.81,,21.71,35.29,35.6,19.38,31.24,38.62,42.83,31.03,37.74,26.77,28.22,31.41,35.42,31.09,34.17,22.21,31.36,43.28,27.21,37.27,,27.08,45.29,31.44,31.08,35.88,28.63,29.05,26.52,32.3,41.15,38.93,22.74,31.61,21.19,27.3,36.09,25.14,31.37,42.29,37.55,23.06,25.43,29.1,39.42,26.03,28.21,30.07,37.28,31.7,51.89,26.45,38.74,42.55,47.65,56.08,39.65,21.8,39.98,21.42,64.34,28.1,40.27,27.36,29.71,35.48,20.53,43.1,29.25,32.34,33.52,75.9,31.3,61.47,27.48,28.19,31.35,34.7,33.02,20.99,39.1,24.88,35.56
2021-12-06,28.21,24.69,24.47,29.45,45.06,41.35,57.6,27.65,26.74,30.87,34.6,35.8,42.38,30.67,38.57,29.76,31.27,,20.19,31.48,30.95,19.08,30.83,36.46,37.06,28.52,32.56,24.17,25.81,28.23,32.51,29.38,31.15,21.98,28.39,39.87,25.54,33.66,,25.14,42.11,28.41,28.1,31.67,26.49,25.64,23.84,29.49,35.33,34.94,21.26,28.25,19.33,24.49,33.98,23.25,29.1,40.22,35.76,21.0,21.28,25.42,36.57,24.18,26.24,28.54,33.2,27.04,48.81,25.09,34.31,41.73,42.17,54.8,35.45,19.14,39.1,18.98,59.12,26.18,36.42,29.34,27.4,34.32,19.0,40.06,29.02,29.79,32.22,71.96,27.6,54.32,25.62,26.25,28.37,31.06,31.83,20.82,35.7,21.15,31.09
2021-12-07,28.15,22.3,25.04,26.57,39.28,40.28,52.73,23.58,22.52,26.78,30.1,31.09,39.54,26.94,35.28,25.63,29.15,,16.37,26.86,28.1,18.09,32.06,32.85,35.22,26.08,30.12,22.39,24.6,25.12,29.68,28.19,27.53,20.32,25.08,36.87,23.42,29.76,,22.68,37.78,23.86,23.71,26.41,23.48,21.94,21.29,27.9,31.24,32.54,18.81,24.55,16.39,19.91,31.04,20.39,26.41,38.18,31.08,18.4,19.57,21.42,31.85,21.0,23.78,26.34,29.0,22.98,46.2,22.62,30.16,39.44,37.1,48.11,32.68,17.77,36.63,16.09,52.87,22.69,34.21,25.62,23.99,30.76,18.16,33.57,28.4,27.54,29.54,66.26,23.7,50.55,24.06,23.79,23.81,27.25,27.52,19.32,31.43,19.53,27.82
2021-12-08,28.88,21.25,21.15,26.56,39.2,36.31,51.17,20.39,21.74,26.16,28.38,31.86,36.75,26.45,33.0,24.61,27.81,,15.73,26.69,26.46,16.72,28.45,31.2,33.93,26.85,28.53,22.33,24.27,23.83,29.47,26.79,27.07,19.53,23.86,35.61,21.92,29.18,,18.7,36.72,22.7,22.6,26.28,22.25,21.92,20.51,26.91,30.11,32.43,18.42,24.32,15.58,20.07,32.55,19.09,25.66,35.83,30.4,18.53,17.92,23.43,30.78,20.02,21.68,24.78,27.92,21.64,45.04,22.05,29.1,37.64,35.98,48.94,32.75,16.86,34.64,16.73,49.1,22.19,32.61,20.27,22.96,28.23,17.49,31.3,27.78,25.6,28.77,65.2,23.11,47.89,23.0,22.49,23.33,26.99,25.97,18.73,30.91,20.58,27.2
2021-12-09,30.16,21.51,21.21,25.3,40.32,37.41,53.13,22.93,22.77,27.53,31.47,30.68,37.18,27.42,34.46,25.86,24.39,,16.61,27.33,26.84,16.99,28.01,33.22,34.55,28.06,29.26,23.24,23.36,24.48,28.8,27.19,27.22,19.66,23.07,35.08,21.66,28.95,,22.39,36.99,24.22,24.38,28.56,22.42,21.91,21.24,26.94,30.8,32.47,17.41,25.31,16.23,20.51,30.83,19.24,25.85,35.91,30.36,17.86,17.85,22.57,32.41,20.23,21.67,24.83,28.85,23.38,45.02,22.02,30.03,37.07,37.98,51.68,39.01,16.9,33.87,16.33,51.87,22.13,34.65,23.85,23.78,28.53,17.96,32.24,28.67,26.13,28.53,66.56,24.5,47.76,21.92,22.85,23.81,26.4,26.46,19.2,31.59,20.12,27.44
2021-12-10,30.09,22.74,20.75,27.91,37.12,35.09,47.66,23.15,21.57,25.6,25.81,28.38,34.69,25.75,32.69,24.71,28.57,,16.53,26.86,25.61,15.72,26.68,29.6,33.02,22.48,27.79,20.86,21.82,22.62,26.62,25.93,25.71,18.69,22.37,34.37,19.69,28.82,,21.77,37.26,22.11,22.03,26.58,20.99,20.05,19.4,25.16,26.96,29.96,16.73,23.98,14.93,18.59,31.09,19.81,24.41,32.91,27.85,16.28,19.03,23.9,30.26,18.8,20.44,24.11,27.88,21.89,42.95,20.29,27.51,34.85,34.81,48.68,27.2,14.93,32.12,15.8,49.76,19.9,31.85,20.78,21.89,27.25,16.69,31.54,28.36,24.23,26.49,58.77,22.94,47.92,21.53,21.57,22.9,24.93,23.57,18.72,29.83,18.89,25.62
2021-12-13,32.03,23.36,21.12,28.89,38.18,37.68,51.87,22.75,22.19,27.24,27.44,29.36,37.02,26.64,35.01,27.68,28.34,,16.2,28.04,26.91,15.98,26.17,30.4,35.44,22.58,28.52,22.27,21.91,23.83,29.87,25.9,25.88,20.04,23.32,37.41,21.83,30.65,,22.34,39.64,23.64,23.56,27.78,22.44,20.95,21.36,26.68,29.37,32.54,17.8,24.96,16.05,19.87,31.38,17.0,25.61,34.01,29.21,17.08,17.1,21.65,32.42,20.06,21.28,24.8,28.67,24.1,46.22,21.91,30.2,36.25,37.06,53.28,25.18,15.99,33.41,15.27,49.74,20.3,34.96,23.42,22.26,29.24,17.34,33.01,28.61,25.93,26.72,61.77,24.16,49.03,22.17,21.6,23.78,26.28,25.37,18.7,32.66,19.55,27.47
2021-12-14,33.09,23.57,22.39,29.65,44.02,39.98,52.07,21.92,23.53,27.86,27.64,30.6,37.94,27.65,36.31,30.25,28.99,,17.1,29.45,27.36,16.39,28.49,32.4,35.21,22.8,31.13,23.05,22.71,24.53,29.98,27.65,26.8,19.725,23.94,39.77,21.98,31.24,,23.18,40.19,25.42,25.29,29.05,22.7,22.21,20.76,28.06,31.77,31.97,16.61,26.39,16.85,21.3,30.98,19.32,26.85,35.95,31.37,17.46,17.85,23.49,33.13,21.2,22.07,24.36,29.73,26.94,45.85,22.24,31.94,37.15,40.05,53.06,26.2,16.86,33.73,15.84,52.28,21.17,36.02,22.92,23.04,29.93,17.81,33.72,30.09,26.74,27.86,62.21,25.6,51.54,22.62,21.94,25.2,26.38,26.88,19.45,32.97,19.61,28.03
2021-12-15,30.89,24.19,23.9,27.61,42.39,39.39,55.89,23.29,23.25,27.65,28.95,30.73,37.91,26.37,34.16,28.06,22.34,,17.63,28.0,27.15,15.94,30.19,32.67,35.49,23.8,29.93,23.01,22.61,24.0,29.06,25.48,26.94,19.41,22.76,40.07,22.3,32.05,,24.0,38.77,23.62,23.68,27.71,21.76,21.44,20.62,26.86,31.29,31.88,16.23,25.27,16.12,20.9333,29.67,18.5,25.09,36.25,29.49,17.19,16.19,23.54,32.03,20.86,20.98,23.34,28.23,26.07,45.32,21.32,29.42,35.34,39.24,52.98,24.09,16.23,35.38,15.47,51.94,21.0,34.6,24.39,22.01,28.95,16.47,32.61,29.96,26.63,27.05,62.49,24.12,51.29,23.37,21.48,24.63,26.36,25.43,18.54,32.41,19.3,27.23
2021-12-16,34.07,26.68,25.85,26.09,38.58,38.13,61.02,24.59,23.54,29.94,31.01,29.16,38.16,27.97,34.0,28.61,24.64,,17.47,29.03,26.79,16.78,29.81,33.85,32.37,24.46,32.39,22.78,23.93,24.33,28.73,26.27,27.1,18.88,22.44,47.14,21.96,30.82,,23.3,39.77,25.73,25.66,29.18,22.74,21.74,19.69,27.95,32.82,34.14,17.39,25.06,16.23,20.5667,30.47,18.57,25.83,38.64,29.79,17.17,17.63,26.84,33.76,19.89,22.14,23.31,30.02,27.33,49.65,22.15,33.16,38.01,42.92,60.26,25.43,16.7,38.57,16.5,55.2,20.48,39.2,21.47,23.07,30.81,17.66,33.0,29.51,26.33,27.97,65.99,27.16,52.49,22.66,21.29,26.13,25.13,25.64,21.6,33.69,20.17,27.92
2021-12-17,33.32,24.99,24.34,24.22,34.49,39.72,57.65,23.27,23.38,29.07,29.64,30.6,36.88,29.15,33.24,29.04,23.93,,19.01,29.91,27.0,16.56,28.64,33.01,33.97,23.97,31.72,22.81,21.25,26.02,28.94,26.17,27.03,18.35,24.37,28.66,21.57,30.65,,23.47,41.92,26.65,26.57,30.0,23.55,22.47,22.22,28.32,32.09,33.79,18.24,26.28,16.74,20.2,29.91,18.64,25.72,37.28,29.66,17.74,21.99,23.07,33.69,21.36,21.81,23.44,30.88,27.84,49.68,21.86,33.41,37.29,40.77,57.86,28.01,17.05,35.83,17.28,52.9,20.6,37.03,23.33,25.55,31.89,17.87,32.01,28.53,25.9,28.24,61.74,26.0,51.88,22.72,22.31,24.95,28.56,25.36,19.71,35.14,20.33,29.24
2021-12-20,32.24,25.19,24.63,28.08,36.41,41.42,55.93,24.67,24.82,30.79,30.55,32.52,38.71,30.18,35.8,29.6,23.73,,18.53,31.44,29.39,17.99,30.11,35.4,35.38,25.39,32.41,23.09,24.17,26.51,30.44,27.03,28.67,19.26,26.24,28.52,23.45,33.8,,24.23,42.96,26.63,26.58,31.91,23.96,24.98,23.43,29.65,35.21,37.93,18.23,27.58,17.1,21.57,30.41,20.13,26.95,39.57,33.1,18.47,19.14,27.2,34.85,22.62,22.15,24.2,32.88,28.09,53.96,22.97,39.09,42.67,43.59,56.23,31.27,17.35,38.34,17.53,56.26,20.99,38.34,25.54,25.68,33.23,17.71,35.59,28.22,27.0,29.31,63.53,27.65,53.07,22.68,26.35,26.23,29.03,27.92,20.41,35.96,20.8,29.89
2021-12-21,28.75,23.43,24.04,23.12,32.52,37.13,51.56,22.8,21.2,27.05,26.66,28.46,35.7,28.0,32.61,26.75,23.01,,18.47,28.04,26.03,16.81,26.87,31.24,32.77,23.31,28.43,21.24,22.62,23.92,27.4,30.92,24.87,18.24,23.03,24.87,20.44,30.35,,22.25,39.45,23.58,23.63,29.15,22.17,21.56,20.78,26.84,30.87,36.14,16.73,24.64,15.26,19.77,28.68,17.87,24.43,35.53,28.82,16.98,18.55,25.23,30.79,19.94,20.24,23.35,29.86,24.29,41.1,21.7,36.82,25.85,38.42,51.0,29.29,16.03,34.73,16.98,49.24,20.03,34.03,22.77,22.83,30.92,16.85,32.31,25.41,26.12,26.44,58.42,25.01,47.68,24.62,24.65,23.43,27.03,25.44,17.94,32.37,18.69,26.82
2021-12-22,27.82,23.1,22.42,22.08,30.51,34.54,49.46,21.68,19.5,25.7,26.0,26.8,34.42,26.94,32.19,25.64,21.35,,16.61,26.55,24.96,15.97,24.75,30.24,30.61,21.76,26.65,19.94,21.33,22.13,26.14,25.94,24.27,17.46,21.62,23.58,18.75,28.86,,20.52,37.4,22.16,22.05,27.18,20.39,20.24,19.44,24.39,28.93,35.6,15.51,23.0,14.43,18.09,27.52,17.11,22.56,33.36,27.14,16.14,15.79,23.95,29.53,18.53,19.9,21.81,28.19,22.44,37.38,19.84,36.58,23.79,35.95,48.12,27.5,14.72,35.93,16.25,49.81,18.78,32.02,21.19,21.63,29.59,15.62,31.65,24.07,24.93,24.79,59.1,23.4,45.61,24.1,23.24,22.09,25.25,23.32,16.79,30.9,17.86,24.92
2021-12-23,26.63,22.44,21.9,20.63,28.94,34.04,48.51,20.91,19.35,24.93,24.51,26.47,32.74,26.39,30.25,24.38,20.79,,15.43,25.17,24.58,16.02,24.19,28.89,28.51,20.61,25.71,19.19,20.86,21.12,25.12,25.11,22.68,16.99,20.5,22.44,18.17,28.05,,19.83,35.85,21.51,21.3,26.15,19.82,19.83,19.92,26.84,27.38,34.04,14.84,22.42,13.85,17.05,27.78,16.87,21.95,33.79,26.22,15.51,15.54,23.62,28.87,17.85,19.14,21.76,27.3,21.56,37.39,18.99,35.32,22.09,36.5,46.48,26.27,14.39,34.75,16.12,47.57,18.71,31.19,19.91,21.76,28.29,14.98,29.87,23.48,24.02,22.96,59.94,23.18,44.4,23.5,21.96,21.52,24.55,23.09,15.88,30.04,17.49,24.11
2021-12-27,29.11,21.62,22.93,21.48,29.52,36.91,53.12,20.31,19.8,27.38,26.37,28.41,34.86,26.82,30.5,23.9,20.12,,15.57,25.88,25.93,20.96,26.46,30.5,28.03,21.01,26.56,19.7,21.09,22.27,24.45,26.6,23.74,17.45,20.99,22.86,19.07,30.97,,20.49,36.47,21.9,21.91,27.04,19.73,20.91,24.49,32.55,27.68,36.03,15.74,22.49,14.36,16.4,28.54,19.95,22.25,36.69,27.53,16.95,21.17,22.46,33.63,20.24,20.35,21.4,28.2,22.93,38.88,19.6,36.73,21.39,37.8,47.07,25.04,14.5,33.18,16.76,47.31,18.74,32.2,20.65,23.17,28.33,15.23,28.79,25.96,23.81,21.1,62.98,25.79,47.02,22.68,23.1,21.72,23.99,24.3,17.12,30.55,17.62,25.15
2021-12-28,30.08,23.33,23.15,20.09,28.56,36.8,54.33,19.4,19.25,26.77,25.71,28.1,35.09,26.95,29.23,24.42,19.66,,15.0,26.5,26.36,18.11,26.07,30.32,30.23,20.54,26.94,19.72,21.14,22.36,23.89,27.36,24.61,16.45,20.05,22.58,20.41,31.07,,20.89,36.36,22.2,22.17,26.66,19.89,20.5,25.0,32.56,30.5,34.58,15.82,22.17,14.21,17.84,27.91,20.96,21.98,37.92,28.21,17.1,16.87,22.61,34.74,21.21,20.44,21.76,28.2,24.02,36.64,19.74,36.81,21.52,37.4,49.3,25.11,14.74,32.94,17.08,47.98,19.31,32.43,21.89,23.29,28.16,15.2,29.73,25.46,24.11,24.77,62.58,26.81,47.18,23.2,22.04,21.17,23.84,25.89,16.88,30.76,17.25,24.7
2021-12-29,29.7,21.54,23.59,19.31,27.08,34.9,54.69,19.14,18.49,26.56,26.22,28.49,35.61,26.22,28.52,23.41,18.7,,16.68,25.82,26.21,18.4,25.15,32.14,28.78,20.1,25.61,19.57,20.22,21.27,24.71,27.87,24.0,16.18,19.88,22.03,19.51,31.92,,20.71,33.71,21.42,21.33,25.78,19.67,20.59,26.87,34.62,26.24,37.59,16.11,21.57,13.97,17.2,27.42,20.37,21.29,37.74,26.76,17.2,18.58,22.25,34.46,21.19,20.2,20.95,28.24,23.16,39.53,18.85,36.48,21.27,39.2,46.92,24.11,14.32,31.13,16.48,47.22,18.56,31.67,21.59,24.22,27.58,14.86,28.23,25.62,24.81,23.38,62.12,27.09,45.53,21.49,21.7,21.65,23.61,23.38,16.72,30.01,16.52,24.33
2021-12-30,29.83,23.41,22.39,19.33,27.46,33.97,53.16,18.93,18.3,26.69,23.75,27.83,34.89,25.95,27.99,22.96,19.14,,14.66,25.7,26.2,19.07,24.97,31.1,30.0,19.45,25.77,18.96,20.33,21.84,24.75,26.25,24.0,15.88,20.77,20.69,20.06,31.87,,21.0,35.26,22.26,22.28,25.54,19.66,21.35,26.0,35.29,27.86,30.56,16.11,21.34,14.01,15.94,27.19,20.76,21.15,36.46,27.17,16.99,17.52,20.31,33.93,21.18,20.08,20.98,27.5,24.58,37.0,18.62,36.49,21.37,37.51,45.81,24.73,14.11,33.58,17.42,47.36,17.8,31.58,22.03,20.68,28.08,15.14,27.45,24.92,23.62,24.47,61.13,28.16,45.27,21.67,21.77,21.69,23.66,25.77,16.87,29.91,16.7,23.47
2021-12-31,30.13,21.23,22.52,18.83,27.28,33.78,54.4,19.37,18.09,27.28,25.45,27.35,34.31,25.47,27.97,23.94,19.95,,14.92,25.36,26.4,19.38,24.28,31.13,29.51,19.32,25.61,18.84,20.31,21.94,23.61,27.31,23.19,15.83,20.81,21.28,19.39,32.16,,23.35,35.21,22.38,22.49,25.63,19.06,19.02,26.77,33.81,26.57,36.06,15.73,21.38,13.94,16.31,27.79,23.18,20.73,37.03,26.89,16.15,22.56,18.44,34.3,20.78,19.84,21.52,27.71,24.07,35.01,18.54,37.09,21.19,39.03,44.62,23.34,14.44,34.28,16.7,47.15,17.14,32.85,21.47,23.39,27.63,15.65,27.79,25.62,24.59,26.33,61.18,26.71,44.63,22.65,21.46,22.72,23.34,24.66,17.3,29.49,15.82,24.1
2022-01-03,28.16,23.82,23.44,19.95,26.31,33.98,54.63,21.12,19.56,28.68,23.57,27.32,35.02,26.14,25.79,23.35,20.9,,14.6,26.61,26.17,19.04,24.81,31.07,30.55,18.06,26.22,18.89,20.34,22.16,23.01,29.25,23.02,17.06,21.97,21.47,19.74,31.75,,23.56,37.61,25.33,25.46,26.45,20.14,20.73,26.7,34.97,27.13,34.65,17.17,21.41,13.25,18.55,30.19,20.21,21.34,37.17,27.78,16.45,18.05,21.93,34.57,20.86,20.05,22.01,28.04,24.36,36.29,19.27,36.9,21.32,41.64,45.15,23.45,14.3,35.18,16.87,46.9,16.43,37.04,21.84,24.09,27.2,15.58,28.65,24.28,25.61,27.28,67.13,26.76,43.7,22.67,21.82,26.77,23.74,24.39,16.69,29.97,15.89,24.55
2022-01-04,29.82,24.82,24.09,22.29,28.21,35.23,55.81,21.45,19.46,29.71,24.19,27.89,34.82,26.27,27.13,25.47,20.28,,14.58,26.66,27.62,19.83,25.81,31.53,33.06,19.2,27.39,20.45,20.33,22.76,25.66,28.4,23.64,17.31,21.44,21.71,19.53,32.0,,25.16,41.51,27.12,27.19,26.46,19.91,20.86,27.13,36.13,27.7,35.89,16.85,21.88,14.06,17.93,29.53,20.49,21.32,37.87,28.99,16.49,18.33,20.24,35.54,20.37,20.5,22.41,27.78,27.12,37.3,20.18,37.76,21.15,44.74,48.29,23.22,13.9,35.55,17.31,48.76,19.45,40.23,22.19,25.39,28.01,16.29,27.07,24.08,26.35,28.28,66.84,27.15,43.75,23.22,21.46,28.25,23.32,25.59,16.47,30.62,16.75,24.93
2022-01-05,31.26,26.24,25.01,23.44,31.52,37.91,58.2,23.34,25.93,32.4,28.15,30.68,35.36,27.85,28.76,28.03,23.02,,14.5,29.39,29.59,18.49,26.92,32.49,32.04,22.63,33.2,21.07,21.5,24.2,28.86,30.08,24.36,17.57,24.97,23.97,20.72,32.92,,20.94,42.84,33.22,32.66,28.34,21.17,22.37,29.78,33.54,31.0,38.04,17.52,23.57,15.07,20.45,30.17,22.39,22.72,41.69,31.44,17.5,18.9,21.81,37.49,22.48,21.45,23.63,30.36,31.66,39.34,21.29,40.74,23.12,49.14,53.01,25.62,15.53,35.46,18.49,57.31,20.07,44.5,22.28,27.41,30.45,16.06,29.77,25.61,27.04,29.17,67.36,29.23,46.17,22.88,22.25,29.62,24.45,26.58,17.54,31.94,17.78,26.72
2022-01-06,31.72,25.13,24.9,25.4,31.9,37.88,57.34,24.37,26.2,31.61,27.37,30.29,35.74,28.08,28.37,28.67,22.51,,16.12,29.49,29.27,19.64,26.87,32.25,33.34,22.39,33.26,21.54,23.24,24.15,28.42,29.84,24.98,17.57,25.19,23.48,21.02,33.85,,28.69,41.97,30.82,30.9,29.41,21.66,21.51,30.19,37.43,32.31,37.71,17.67,24.27,15.44,19.93,30.6,23.16,23.0,40.33,32.18,17.69,19.75,21.96,39.43,23.43,22.65,24.07,30.79,30.54,39.57,22.77,42.21,23.44,46.77,50.06,25.83,15.41,35.2,18.15,57.92,20.36,44.56,23.22,28.02,29.82,17.2,29.8,26.03,27.46,29.69,66.35,29.05,47.72,28.07,22.44,30.66,24.88,27.46,17.34,31.91,18.0,27.2
2022-01-07,30.25,24.64,25.39,25.39,30.87,37.62,59.09,23.2,24.99,31.51,27.43,30.14,36.53,27.68,27.77,27.59,22.85,,16.98,28.92,28.84,19.8,27.59,33.18,34.37,23.19,31.51,21.1,23.09,24.25,26.97,34.54,25.6,17.5,25.19,22.89,20.72,32.64,,27.46,41.95,30.36,30.28,28.4,22.26,21.64,30.19,36.77,32.93,38.55,17.09,23.58,15.26,20.14,30.41,22.2,23.6,41.46,30.24,17.75,19.48,22.57,36.97,22.5,22.26,23.96,28.74,30.4,39.19,22.43,42.87,23.43,48.12,49.64,25.46,15.66,35.75,18.07,57.65,21.43,44.96,22.81,29.07,29.64,16.97,30.47,25.86,27.87,30.92,66.27,30.39,48.31,28.48,22.93,30.06,24.8,27.02,17.1,32.19,17.52,26.98
2022-01-10,30.94,26.48,26.34,24.27,32.42,39.19,58.88,23.42,25.67,33.0,27.19,31.3,37.43,29.22,30.01,30.67,25.1,,18.49,30.77,29.35,20.74,28.92,34.86,34.4,24.03,32.51,21.9,24.85,25.45,27.71,31.51,28.11,18.13,25.93,24.81,21.33,33.94,,28.8,43.34,31.39,31.35,30.18,22.95,22.09,31.41,36.41,33.89,38.27,18.05,24.78,17.16,21.78,32.39,23.25,24.87,43.1,32.18,19.21,19.74,22.82,37.86,24.29,23.24,24.85,31.25,30.72,39.48,24.12,43.32,25.17,51.34,51.34,26.28,17.79,37.18,18.39,61.05,21.48,46.3,23.8,30.82,30.88,17.36,31.96,26.38,28.09,35.81,70.32,30.57,55.48,28.91,24.58,32.44,25.68,29.24,18.18,33.26,18.13,28.44
2022-01-11,28.38,24.1,24.65,22.72,30.92,37.74,56.25,22.36,24.96,31.57,26.17,30.07,37.13,27.21,28.43,28.01,23.08,,17.61,27.98,28.01,19.5,27.7,33.89,33.44,22.23,30.75,20.29,25.06,23.98,26.99,30.16,27.18,18.22,24.41,23.05,20.22,32.67,,27.36,41.03,29.28,29.22,28.13,21.86,20.65,31.57,34.6,31.85,36.23,17.44,23.38,16.69,19.66,32.12,22.08,23.36,40.18,30.76,18.62,18.96,20.91,35.72,21.47,21.82,23.58,28.99,29.26,36.91,22.25,40.86,23.99,45.61,47.61,25.15,16.6,35.54,16.93,57.56,20.92,43.9,23.22,31.35,29.61,16.53,30.65,25.22,26.74,32.8,67.86,28.53,54.76,25.92,23.43,30.55,24.42,27.72,17.03,31.97,17.53,28.86
2022-01-12,27.62,24.02,24.13,22.94,30.07,36.48,55.83,20.73,22.85,30.25,25.31,29.21,35.98,26.75,28.26,28.13,22.37,,17.56,28.06,26.86,19.8,26.61,34.28,33.48,21.69,29.14,20.43,25.15,23.66,26.47,28.73,27.18,17.7,23.9,22.1,20.06,32.29,,26.64,40.54,28.21,28.31,28.92,21.1,20.2,31.38,34.45,30.9,35.2,17.36,23.04,17.36,19.12,28.6,21.86,22.83,39.71,30.44,18.56,18.14,17.08,35.53,22.71,21.8,21.98,28.89,27.23,36.77,22.02,40.86,23.32,43.31,47.15,24.15,16.59,34.23,17.47,55.29,20.47,44.01,23.06,30.65,29.07,17.02,29.74,24.99,25.82,32.61,66.19,28.46,55.08,25.16,23.22,30.75,24.74,26.47,16.65,33.28,17.23,29.32
2022-01-13,30.56,24.79,25.3,25.08,31.83,40.42,57.9,22.42,24.12,32.75,28.35,30.42,36.66,28.05,30.5,34.01,23.12,,18.77,27.54,28.64,19.54,27.99,35.51,35.58,23.81,33.18,21.89,25.9,25.21,26.81,32.03,28.14,18.1,24.33,23.19,21.56,32.67,,27.91,41.63,30.46,30.53,31.14,22.62,21.4,32.92,35.88,34.99,36.9,18.2,24.11,16.93,21.77,30.28,23.1,23.69,42.84,31.14,18.66,19.12,21.98,37.43,23.17,23.31,22.33,30.78,33.3,39.01,22.97,43.17,25.5,53.93,53.02,25.77,16.78,34.55,18.06,59.99,21.74,45.54,23.74,31.89,31.31,16.83,30.45,25.36,28.25,32.48,69.31,29.6,56.56,26.36,23.73,30.87,25.2,30.99,17.09,33.08,17.97,30.04
2022-01-14,29.26,23.76,24.34,25.23,31.3,39.01,55.55,20.65,24.7,32.01,27.15,31.86,36.05,27.91,30.1,26.26,22.53,,17.15,25.86,28.92,19.54,27.84,34.11,36.68,23.75,30.98,22.51,24.83,25.14,26.81,29.71,29.28,17.72,24.16,23.57,20.72,32.6,,28.46,41.47,29.61,29.71,31.11,23.48,21.88,32.38,35.77,36.38,35.23,18.46,23.35,16.86,21.55,29.57,23.95,23.87,42.02,30.4,19.68,18.1,20.62,36.88,23.1,21.58,22.58,30.38,29.42,37.52,22.3,42.37,25.51,50.04,49.22,24.93,16.77,34.66,17.54,58.87,21.05,45.36,23.79,32.18,29.55,20.18,32.79,25.41,27.89,32.54,65.21,29.22,58.63,25.56,23.65,31.17,25.79,28.38,16.97,29.94,19.11,29.16
2022-01-18,33.32,25.53,27.01,28.57,34.77,47.03,61.95,24.63,25.97,34.32,31.59,33.18,38.6,30.92,32.26,27.41,23.62,,19.02,26.94,30.04,20.26,30.4,36.31,38.4,26.46,34.28,29.32,27.33,27.71,32.22,33.23,29.95,20.65,25.62,25.74,23.94,34.71,,30.35,43.66,33.48,32.88,29.37,26.3,25.06,33.9,38.8,36.6,38.68,20.55,25.79,18.59,24.49,31.37,24.58,26.53,46.18,33.07,20.98,20.34,23.55,40.94,25.35,24.62,23.62,33.92,33.83,41.61,25.58,45.47,27.55,53.1,54.98,27.56,18.56,36.89,21.12,70.03,23.37,48.78,25.54,33.4,30.01,19.62,35.64,26.36,30.88,36.02,67.71,32.44,65.77,29.2,26.87,34.38,28.1,29.76,18.77,30.89,23.55,31.07
2022-01-19,32.92,24.89,26.74,27.83,33.8,48.61,61.26,24.94,25.68,34.18,31.55,33.52,38.59,27.78,31.97,26.52,23.6,,18.57,26.83,30.19,19.88,29.3,38.52,38.13,25.84,33.98,29.85,26.94,27.88,32.38,31.18,30.01,20.14,25.35,25.56,23.87,35.04,,28.28,44.03,32.76,32.58,28.88,26.04,24.89,33.97,38.81,37.4,36.67,20.08,24.53,18.21,24.55,30.94,23.97,26.39,46.97,32.73,21.17,20.22,23.64,39.47,25.25,24.02,23.68,29.9,33.39,41.43,25.12,45.48,26.96,52.24,54.96,27.99,17.92,36.97,17.11,69.84,23.08,49.12,25.97,32.62,29.12,19.44,36.44,25.5,29.39,33.7,68.9,32.57,63.05,24.85,26.5,33.62,25.89,29.69,18.74,29.76,23.69,30.82
2022-01-20,34.1,25.14,27.07,28.21,34.96,48.61,62.96,25.41,26.84,34.97,31.58,32.74,38.74,27.67,33.28,27.48,23.02,,19.09,27.66,30.64,20.34,29.44,34.71,38.08,27.41,35.43,30.39,27.41,28.42,33.22,32.21,30.52,20.37,25.85,25.52,24.05,36.37,,29.23,44.89,33.14,33.2,29.86,27.52,25.25,33.89,39.28,39.14,38.07,20.53,25.35,17.9,25.05,31.41,24.6,30.11,47.8,32.13,21.2,20.71,24.61,39.94,26.38,23.66,23.76,30.85,34.5,44.1,25.33,48.07,28.49,49.96,54.65,27.79,18.41,36.43,17.77,70.48,22.69,49.8,25.92,32.66,30.18,19.43,35.87,25.2,28.99,34.07,67.42,33.26,63.28,24.76,24.83,34.16,25.37,30.13,18.97,30.6,24.51,31.13
2022-01-21,35.99,26.65,29.56,31.77,39.57,52.93,66.53,27.69,29.55,42.25,34.24,35.81,42.95,30.05,39.4,30.75,25.75,,20.83,29.74,33.04,22.05,35.46,39.67,40.54,28.53,39.93,33.25,28.82,29.68,36.15,34.05,37.04,20.38,28.76,28.86,26.02,37.83,,30.29,48.72,37.86,37.91,31.76,30.48,28.38,39.43,44.47,43.96,37.17,21.71,27.9,19.26,27.84,33.5,28.39,32.87,51.98,36.47,23.67,22.82,27.18,45.78,28.67,25.42,26.64,34.02,40.06,46.97,27.25,48.08,30.76,58.27,60.99,30.9,20.09,39.2,18.82,80.76,24.05,53.49,29.63,35.01,32.8,20.84,39.57,28.3,32.21,37.28,74.71,36.49,67.95,26.46,26.99,36.51,27.27,34.28,20.68,33.26,25.89,32.58
2022-01-24,38.17,29.16,32.25,33.99,41.49,53.25,71.62,29.26,32.31,44.06,37.57,37.66,45.43,32.4,43.26,34.69,28.84,,27.05,32.16,33.63,24.55,40.66,40.27,42.64,32.3,42.0,34.0,30.88,30.0,37.43,34.59,38.48,22.44,30.53,30.31,27.61,43.7,,32.27,52.56,38.75,38.68,35.52,33.41,28.02,44.62,45.31,47.51,36.92,25.14,29.3,21.19,28.49,37.48,30.65,37.51,54.35,39.73,25.37,23.21,29.45,46.38,29.07,26.13,28.47,35.35,41.43,48.0,29.72,46.04,33.06,64.35,65.67,31.06,22.6,40.73,21.16,94.11,27.62,57.15,30.17,38.16,36.36,22.58,42.11,30.84,35.6,40.53,83.9,37.91,72.09,28.73,28.48,39.36,32.51,35.91,22.77,35.53,27.36,32.9
2022-01-25,39.07,28.69,31.68,35.58,43.52,58.19,69.98,28.54,31.85,45.61,39.62,34.19,47.39,32.43,47.17,35.74,26.15,,26.77,32.68,35.07,24.61,37.62,39.2,41.55,32.21,46.77,34.41,31.03,31.31,38.51,34.34,39.46,22.61,31.63,31.2,28.63,40.43,,31.14,52.31,41.18,41.14,36.4,33.29,30.84,27.95,47.64,49.24,43.47,18.62,29.85,21.0,28.9,36.6,27.74,39.4,56.45,41.17,25.41,24.99,30.94,48.88,26.57,27.74,27.17,36.0,49.18,49.04,31.89,47.48,32.82,63.56,69.93,33.09,22.27,40.17,21.29,90.3,28.49,56.04,27.25,37.18,36.57,22.63,44.31,30.63,36.91,40.56,82.75,40.11,70.68,29.58,27.75,38.68,30.11,36.09,21.25,38.41,28.29,33.79
2022-01-26,41.13,28.0,29.15,33.37,40.56,53.81,71.55,28.2,33.03,43.95,36.17,33.35,45.23,31.42,44.65,31.15,26.96,,25.39,31.16,34.48,23.88,36.58,37.26,42.38,31.47,47.73,34.97,30.22,31.26,37.25,38.01,39.39,22.62,31.17,29.75,26.48,36.48,,30.86,51.34,38.93,38.75,35.34,33.01,32.77,27.25,46.97,50.13,39.11,19.89,28.85,20.84,28.57,37.88,26.64,39.53,51.15,39.51,24.92,25.05,31.32,48.55,26.83,26.34,29.54,34.79,37.32,51.01,32.04,48.67,31.78,68.09,66.51,31.52,22.55,40.33,20.68,91.67,27.66,53.36,29.44,35.51,35.38,22.01,43.88,31.04,36.79,39.67,81.79,32.96,70.14,29.77,27.3,38.25,29.19,35.87,21.71,34.44,27.38,33.19
2022-01-27,41.3,27.8,28.05,35.79,40.48,56.09,72.7,28.13,34.26,42.86,40.3,34.13,44.41,32.75,45.85,33.66,25.57,,25.08,33.07,35.05,25.08,33.28,37.87,41.38,31.6,46.77,36.81,29.98,31.75,38.18,30.94,39.36,22.83,31.69,29.95,25.54,37.07,,31.61,52.48,39.93,40.21,35.7,33.58,31.2,27.7,38.11,49.11,40.81,20.54,30.55,21.39,28.26,36.22,25.93,39.87,49.28,36.65,22.87,24.82,30.46,49.28,25.63,23.47,25.85,35.03,35.79,50.94,31.54,48.2,31.19,54.59,66.35,31.64,23.34,39.21,20.18,88.69,26.83,55.33,28.92,36.55,36.74,21.92,44.48,31.14,36.66,39.16,74.16,35.43,69.72,29.4,27.51,38.79,30.17,37.1,21.59,35.54,27.59,33.22
2022-01-28,31.19,26.38,25.2,30.62,38.64,50.44,66.41,26.29,31.49,38.83,37.09,30.33,41.54,29.65,42.59,30.36,24.42,,23.08,29.65,31.74,21.1,28.44,34.98,39.96,28.87,43.39,34.24,29.23,29.6,36.12,30.49,37.12,20.88,30.2,27.02,22.74,34.07,,31.95,49.58,36.45,36.96,31.24,30.24,28.08,24.38,36.35,44.79,37.36,18.47,26.96,20.12,26.39,35.71,23.24,36.94,46.33,32.17,20.1,21.98,29.36,42.91,26.15,22.52,24.56,31.64,30.94,46.85,30.92,42.19,30.24,49.81,60.08,29.27,21.01,37.34,18.83,86.79,25.08,49.61,26.22,32.96,34.61,20.41,41.47,27.18,34.44,36.26,65.54,31.91,68.42,27.36,26.3,37.69,27.94,30.06,19.43,31.84,25.91,31.81
2022-01-31,25.2,26.08,24.13,28.26,34.88,48.0,60.66,26.18,28.23,36.0,37.3,28.61,39.93,28.19,41.1,28.87,23.62,,21.38,28.34,28.4,19.77,26.29,32.39,37.78,27.76,39.88,32.46,28.21,26.97,33.85,28.0,34.41,20.54,27.16,26.83,21.9,31.97,,30.22,46.78,34.61,34.66,30.61,29.13,25.23,22.44,33.37,42.56,37.46,17.37,25.48,19.45,26.44,34.25,21.26,34.69,43.49,30.92,18.3,19.68,29.69,39.85,23.48,21.02,24.01,30.34,29.55,43.21,29.52,43.28,28.09,45.4,55.87,27.18,20.31,38.2,18.0,78.9,24.79,47.68,25.58,32.46,31.99,19.76,39.02,25.95,32.29,34.96,61.82,28.57,64.16,25.26,24.05,39.18,26.47,27.45,18.02,30.28,24.61,29.86
2022-02-01,25.75,27.03,23.07,26.86,34.23,47.04,62.0,25.36,27.38,34.17,36.09,27.82,37.5,26.97,38.37,28.17,20.82,,20.46,26.71,26.9,19.73,25.03,30.88,36.86,26.89,38.46,31.05,27.77,26.13,32.5,26.68,33.2,20.24,27.57,26.08,20.95,30.07,,29.78,47.0,33.38,33.44,28.54,27.9,25.59,21.37,32.87,39.48,34.96,17.45,24.11,18.66,24.46,32.8,20.47,34.13,41.04,28.72,17.71,18.63,28.63,39.02,21.97,20.07,23.95,28.36,26.3,41.23,28.8,42.93,26.43,42.8,57.15,26.34,19.96,36.59,17.45,76.21,22.78,47.72,23.76,34.43,30.91,19.54,38.62,25.39,30.22,33.61,60.52,27.04,62.6,26.67,22.43,26.68,24.97,26.47,17.27,29.22,23.74,29.42
2022-02-02,24.44,20.47,21.49,25.44,33.41,46.99,56.59,24.27,26.53,38.1,36.72,27.11,37.23,26.38,37.91,27.45,22.12,,20.69,26.27,26.95,18.17,23.89,30.99,37.14,26.88,40.29,31.13,26.91,25.18,33.38,26.0,34.84,18.92,23.19,24.85,20.95,29.54,,24.56,43.24,26.86,26.99,28.66,27.22,25.03,20.34,31.4,39.55,35.64,15.51,23.79,18.3,25.09,32.57,20.45,34.07,42.47,29.97,17.07,17.61,27.58,45.84,21.99,19.48,23.47,27.67,24.94,40.13,27.25,42.52,26.05,43.35,59.24,26.18,18.93,36.1,16.74,80.26,23.04,57.35,22.91,26.95,30.06,19.0,38.21,24.93,25.89,34.75,58.85,27.22,65.06,24.23,21.24,23.51,24.41,25.57,16.68,28.31,23.85,28.08
2022-02-03,28.58,21.48,22.29,31.7,38.54,53.45,61.06,25.99,28.32,53.78,41.54,29.54,39.88,28.75,39.8,29.88,20.1,,21.16,28.33,29.71,19.38,26.79,33.24,37.92,29.61,49.43,33.69,27.81,27.11,35.59,27.55,39.73,20.4,25.77,27.68,23.08,31.94,,24.14,45.17,31.75,31.69,32.1,30.32,26.6,22.76,34.66,46.7,37.46,16.56,25.9,19.55,27.79,30.47,21.08,37.0,46.87,32.1,18.52,19.57,27.98,50.51,24.53,20.73,23.2,30.82,32.29,44.34,29.9,47.81,28.33,50.66,66.2,28.98,20.48,37.17,18.36,89.63,23.42,45.8,23.5,28.48,33.1,19.62,41.92,26.17,27.6,31.69,63.29,33.3,74.85,24.54,25.74,25.88,25.81,28.96,18.53,31.52,25.61,29.79
2022-02-04,26.32,20.79,21.69,28.96,35.9,48.34,53.7,26.45,28.98,32.03,40.2,28.41,37.0,27.66,38.64,26.89,23.25,,21.08,27.23,27.01,18.46,25.58,30.35,38.01,28.04,45.31,32.9,27.51,27.13,33.23,27.43,38.84,20.5,24.67,26.48,21.04,30.22,,23.52,43.76,27.35,27.27,28.58,28.89,23.78,21.6,32.79,42.91,35.64,16.74,24.09,19.39,31.11,29.66,19.45,36.22,44.93,31.36,17.65,19.25,27.46,44.76,23.48,19.85,22.07,28.41,28.62,42.76,27.88,42.63,26.83,45.71,62.93,28.73,20.2,37.99,17.98,85.92,22.65,39.56,23.37,26.07,30.82,19.81,42.92,25.15,26.63,28.69,57.79,31.67,75.67,24.14,24.1,23.87,24.26,26.89,17.01,30.11,25.35,30.03
2022-02-07,26.6,20.44,22.44,29.53,36.67,49.23,54.69,28.55,28.96,31.57,40.06,28.77,37.59,27.73,39.22,27.89,20.6,,20.94,27.06,27.28,19.04,26.25,31.42,38.56,28.95,44.16,33.27,28.62,27.83,34.59,27.35,41.47,20.25,24.23,26.64,20.66,30.78,,23.75,43.34,29.36,29.31,28.46,29.7,24.28,21.48,33.26,43.06,36.75,16.77,24.02,19.33,30.42,29.47,20.41,36.37,43.51,30.65,18.1,19.09,28.63,45.98,23.31,20.21,22.95,28.87,28.81,42.33,27.9,43.48,28.24,45.07,63.59,35.12,20.45,40.99,18.35,86.25,23.1,40.06,22.89,26.79,31.08,21.1,57.88,25.39,27.34,28.99,60.08,30.11,76.4,24.59,23.68,23.43,25.22,26.5,17.31,30.1,25.47,30.87
2022-02-08,24.47,19.86,21.64,26.7,35.03,46.6,49.66,21.05,26.42,29.39,38.29,28.32,36.33,26.43,37.38,26.23,16.93,,19.16,26.06,26.14,18.63,24.88,30.89,37.45,27.27,42.69,31.87,28.53,26.79,33.75,27.18,41.34,19.59,23.01,24.41,20.93,29.74,,23.28,41.36,27.34,27.23,27.31,29.17,21.51,19.62,30.6,39.92,37.13,16.48,23.49,19.12,27.76,28.9,19.18,35.2,41.91,30.07,17.6,17.79,25.95,44.51,21.7,19.21,22.06,27.44,26.23,40.61,26.08,40.46,26.65,41.49,60.64,35.81,19.4,29.2,17.35,82.3,22.82,37.77,23.21,25.44,29.84,18.79,35.6,24.43,25.71,28.29,56.03,28.31,77.83,22.96,21.84,22.48,24.03,25.47,17.05,29.49,24.93,29.85
2022-02-09,22.78,19.29,20.15,23.48,31.22,42.25,47.56,19.94,24.37,28.09,36.2,27.25,33.95,25.71,36.43,25.36,17.51,,18.53,25.04,24.53,16.85,23.13,29.65,35.56,25.65,40.13,29.41,23.05,25.29,32.29,24.67,45.33,18.94,22.06,24.19,19.79,29.11,,22.15,38.59,25.38,25.52,25.32,27.97,20.85,19.15,30.23,37.6,34.27,14.49,22.21,19.48,30.23,27.15,18.36,33.75,39.28,28.94,16.35,16.76,24.48,40.88,20.62,18.32,20.95,25.72,23.88,38.93,24.86,37.9,24.89,38.89,57.66,37.29,20.24,28.67,16.56,76.08,22.99,34.97,20.44,23.99,29.29,17.95,31.89,22.58,24.18,26.84,53.5,25.85,66.63,22.64,20.56,21.03,23.3,25.34,16.29,28.12,23.84,28.12
2022-02-10,25.09,19.92,22.43,30.02,35.95,46.54,51.05,21.83,28.01,30.24,40.1,28.93,36.31,27.5,38.51,28.05,18.13,,19.98,26.88,26.79,19.12,24.8,32.31,35.89,29.29,43.58,31.89,23.16,26.27,34.72,27.69,29.16,19.98,24.55,27.8,21.12,30.68,,24.14,40.69,27.7,27.7,28.57,31.58,23.86,22.22,31.55,44.22,36.32,16.18,24.1,17.59,25.32,28.23,19.92,36.41,42.6,31.06,18.09,18.34,25.94,41.51,23.51,19.53,21.47,27.98,28.18,42.32,26.89,39.93,27.82,42.4,61.76,37.93,18.39,29.2,18.36,79.19,18.05,39.6,23.37,25.76,30.5,20.8,33.48,24.24,26.5,28.66,55.01,30.21,53.53,24.17,23.2,23.46,25.19,27.84,17.4,30.2,25.59,29.09
2022-02-11,29.52,21.43,26.24,34.35,40.88,52.27,60.56,23.61,32.11,33.76,43.67,32.13,40.35,29.8,42.78,29.68,17.99,,22.2,29.02,31.04,19.7,27.67,34.46,39.7,31.13,49.63,34.99,24.28,29.8,37.56,30.75,31.07,20.14,26.6,33.66,25.81,34.85,,26.45,44.76,31.63,31.55,31.49,34.11,27.8,24.76,33.87,46.81,38.54,18.68,26.13,20.41,31.16,29.4,25.21,38.53,48.21,34.04,20.1,20.53,28.54,44.49,25.17,21.45,23.84,31.64,32.75,47.37,28.94,44.05,31.65,46.28,69.57,40.5,20.63,30.4,20.58,83.99,21.34,45.48,28.52,27.98,34.13,21.45,38.82,26.32,30.17,30.75,58.85,34.67,57.61,26.16,26.02,27.85,27.52,30.58,18.8,32.6,27.3,32.45
2022-02-14,29.43,22.32,26.95,37.58,42.01,52.34,62.12,24.79,33.17,33.83,44.13,33.05,41.83,30.91,42.27,31.82,21.57,,23.76,30.67,31.0,20.19,28.61,35.02,40.2,31.59,48.88,36.49,25.25,30.66,38.63,31.31,30.9,19.49,28.18,36.65,25.87,34.96,,29.38,44.56,31.43,31.59,32.05,34.9,27.95,26.16,35.76,46.65,38.58,19.79,27.94,20.89,32.45,31.13,24.38,39.37,49.16,34.38,20.67,21.23,29.51,45.23,25.72,21.91,25.51,33.25,32.01,48.99,28.88,44.45,33.38,47.2,68.51,41.27,21.33,32.49,20.92,87.03,21.54,44.46,28.28,29.37,34.73,23.06,39.13,27.25,30.68,31.27,59.27,35.28,59.16,27.53,25.75,27.77,28.96,31.1,20.05,34.12,27.95,33.53
2022-02-15,26.61,21.19,23.93,34.65,37.7,50.16,55.85,22.18,29.73,30.92,41.11,29.87,37.79,28.54,39.09,29.84,19.11,,21.59,27.18,28.25,19.03,25.81,31.31,37.74,29.41,45.33,34.24,23.36,28.05,35.51,28.96,28.41,19.65,25.27,35.45,23.39,32.03,,28.28,39.77,28.71,28.85,29.02,32.28,24.51,23.56,33.11,43.26,35.05,17.41,25.01,19.36,28.2,28.48,22.08,36.58,45.07,31.41,19.04,19.56,26.9,39.61,23.06,20.16,22.62,29.76,28.47,46.33,26.54,40.24,31.64,43.03,62.35,38.63,19.22,29.09,18.79,90.55,20.31,40.81,25.31,27.0,31.8,21.7,35.01,25.79,27.41,28.85,54.24,32.19,54.5,24.69,23.48,25.47,25.8,27.79,18.43,31.01,27.06,31.0
2022-02-16,25.98,22.54,23.44,34.63,36.03,49.21,57.88,22.39,27.89,29.88,41.08,28.41,37.0,27.39,37.47,28.95,19.92,,21.54,26.22,27.15,18.8,25.31,30.34,37.32,28.64,44.57,34.13,22.76,27.34,34.82,28.22,27.61,18.81,23.93,36.45,21.79,31.76,,33.8,39.31,27.73,27.66,27.85,31.98,24.23,23.0,32.05,42.49,33.6,17.25,24.54,18.85,26.74,28.04,21.45,36.39,44.0,30.14,18.46,19.1,27.16,39.69,22.5,19.06,23.01,29.52,27.08,45.27,26.14,40.12,31.52,41.03,66.22,39.03,18.34,30.01,18.08,90.35,19.68,39.54,24.23,26.11,30.78,20.53,32.57,25.23,26.96,28.41,53.14,31.17,53.52,24.45,22.91,24.74,24.8,26.69,17.8,30.56,27.3,30.23
2022-02-17,29.5,23.32,25.81,37.97,41.44,47.63,59.43,23.56,29.83,34.27,43.98,31.06,39.6,31.08,41.11,31.72,20.79,,22.32,30.5,31.72,19.76,27.74,33.33,38.59,31.1,51.15,27.17,24.4,29.3,38.66,29.0,30.06,20.58,26.91,38.54,24.47,33.72,,34.03,42.53,32.7,32.65,31.77,34.53,26.79,26.25,33.43,47.2,36.09,18.43,28.03,19.94,29.75,29.35,23.04,38.47,45.92,33.31,20.05,19.96,28.15,45.07,25.55,21.52,24.17,34.12,31.9,47.23,26.68,44.78,34.91,45.7,61.09,42.04,20.02,31.13,19.91,77.88,21.17,43.4,25.3,28.49,33.98,21.69,35.51,26.53,29.58,29.84,59.29,34.92,57.92,26.46,25.06,27.07,27.56,29.39,18.89,33.73,23.06,32.14
2022-02-18,29.06,23.85,27.87,38.23,42.19,48.5,59.19,23.89,30.3,34.24,44.55,30.94,40.31,30.98,41.14,31.01,21.06,,22.01,31.01,30.58,20.06,29.44,33.04,39.44,31.56,52.26,26.35,24.53,29.57,31.79,30.28,30.84,19.64,27.4,39.28,24.52,36.7,,35.06,43.61,32.07,32.12,31.6,35.59,26.74,26.04,32.1,46.65,36.32,19.53,27.99,19.55,29.79,30.28,23.12,39.11,46.78,34.04,20.15,20.55,31.22,43.56,26.17,22.03,24.39,34.31,32.02,48.2,27.19,44.43,35.61,47.27,59.29,42.52,19.66,31.05,19.86,82.87,21.94,43.46,25.8,28.53,33.74,22.51,35.59,26.62,30.6,30.6,59.74,34.21,58.64,27.04,25.19,27.49,27.63,29.32,19.19,33.89,22.71,32.66
2022-02-22,30.28,25.03,28.8,38.49,47.99,49.37,59.24,24.32,32.62,35.75,45.2,33.73,43.1,32.53,43.93,31.93,22.22,,22.79,31.99,30.64,20.98,29.58,36.53,41.19,32.3,50.66,27.84,25.82,30.76,35.15,31.98,32.64,20.35,28.16,40.36,25.02,38.93,,35.93,45.94,33.15,32.76,33.17,34.97,26.49,26.9,32.42,44.95,37.46,20.99,29.16,20.91,31.91,31.68,24.74,46.53,48.39,34.78,20.65,20.68,24.87,43.2,27.58,24.35,24.99,35.97,33.18,50.17,28.43,46.87,42.85,48.63,59.62,43.09,20.07,33.47,21.31,79.58,24.47,45.33,26.18,29.77,35.22,22.18,36.9,27.61,31.54,31.58,63.89,35.92,59.3,27.77,26.6,29.36,29.3,30.73,19.15,35.1,23.31,34.08
2022-02-23,32.37,25.55,28.39,40.18,49.21,50.94,61.58,25.72,33.5,36.97,45.29,35.11,44.34,33.93,45.66,34.05,22.52,,24.09,33.66,33.76,21.45,31.92,37.98,41.88,34.42,52.72,29.65,25.79,32.36,37.67,34.66,33.33,21.96,29.66,42.06,25.18,39.35,,34.87,47.43,35.09,35.15,34.61,33.92,30.47,27.64,33.54,48.75,41.46,21.49,30.98,21.25,34.3,29.69,24.48,35.28,50.72,37.03,22.28,21.29,27.07,46.28,28.23,25.69,25.58,36.64,35.0,51.08,29.71,47.91,44.48,51.4,62.43,45.77,21.65,33.25,21.95,82.29,23.75,46.54,27.13,32.03,37.26,22.87,38.52,28.08,33.05,32.27,68.48,36.34,61.18,29.57,27.99,29.84,31.58,32.95,20.37,36.6,23.8,34.99
2022-02-24,30.95,24.87,27.63,37.88,50.07,49.74,57.32,25.73,31.96,34.46,44.71,34.59,43.87,34.81,39.11,32.74,23.05,,23.31,35.81,32.57,22.69,30.18,37.8,42.08,31.72,54.71,28.11,25.51,32.4,35.79,33.06,32.16,21.58,29.13,41.69,25.1,38.93,,35.35,47.48,32.76,32.83,33.83,31.41,28.69,26.64,32.0,48.72,36.87,21.8,31.71,22.29,33.17,30.48,24.68,34.42,49.0,35.55,22.52,22.94,25.27,43.4,28.26,27.52,27.39,36.87,32.86,50.37,28.82,46.31,43.99,49.58,57.75,44.2,22.27,33.51,22.24,79.22,27.57,44.16,27.79,30.26,37.16,22.28,36.97,28.6,31.55,32.69,64.06,34.2,59.47,28.83,27.56,29.72,30.49,32.46,21.58,36.85,23.39,35.31
2022-02-25,27.22,22.99,25.62,36.44,45.86,45.58,54.26,21.92,27.94,31.98,40.62,33.07,40.0,31.34,35.66,29.83,20.86,,23.33,32.23,29.56,20.2,28.81,35.27,39.04,29.44,48.89,25.48,24.28,29.04,31.45,31.06,29.82,19.2,26.57,40.0,24.68,36.53,,33.43,43.81,29.69,29.8,30.06,27.91,26.13,24.18,29.18,40.86,35.63,18.63,28.88,19.94,31.02,28.3,24.68,30.47,44.78,32.97,19.69,20.34,23.8,40.21,26.46,25.79,24.24,33.67,30.04,48.04,26.78,40.88,40.46,45.51,53.25,42.96,19.51,31.25,20.0,75.41,25.23,40.43,25.91,27.66,34.32,19.79,35.49,26.63,28.89,30.93,60.32,31.54,57.13,26.65,25.21,26.94,33.47,29.7,18.77,33.8,20.81,32.68
2022-02-28,29.82,24.09,28.46,38.86,47.25,48.69,54.62,23.85,31.3,33.29,42.42,34.84,44.3,35.38,40.8,31.67,22.22,,22.81,37.98,31.24,23.31,30.7,38.23,39.04,31.91,53.11,26.61,26.27,32.66,34.19,32.97,32.23,20.81,28.39,41.61,28.43,38.79,,35.62,46.82,31.69,31.56,34.97,30.25,28.28,25.51,31.51,41.25,38.47,20.59,33.84,22.28,35.38,29.01,28.92,32.92,47.71,36.72,23.05,23.44,25.83,41.48,27.46,27.15,24.24,37.72,30.62,53.68,29.29,44.27,43.66,47.54,54.43,44.34,23.39,32.86,23.77,78.42,28.3,42.44,32.67,30.6,38.54,21.13,38.76,28.36,31.6,32.57,63.12,34.22,61.76,27.94,26.37,28.38,34.35,33.11,19.86,37.11,22.21,35.03
2022-03-01,32.54,25.8,32.92,43.37,51.54,53.17,61.44,26.86,34.99,36.85,46.67,42.57,49.51,42.61,47.26,36.22,23.16,,25.42,44.67,36.55,25.31,34.41,45.07,42.98,36.18,57.52,30.89,28.9,36.28,39.11,36.87,36.38,22.13,33.43,46.16,31.66,44.97,,39.42,51.13,34.89,35.01,40.21,33.98,33.24,28.93,35.02,45.42,40.85,22.98,40.86,24.9,39.42,34.53,34.87,36.0,52.6,41.8,26.61,30.45,28.5,46.03,31.53,31.19,26.99,43.3,35.58,58.95,31.85,47.57,46.65,51.45,60.36,47.76,26.08,36.89,26.32,79.04,30.21,49.23,35.1,33.42,44.58,23.61,42.59,30.49,34.35,33.93,65.59,37.96,65.04,28.7,30.08,32.6,38.34,37.92,22.44,44.44,24.62,38.99
2022-03-02,29.25,24.6,29.33,39.01,47.56,48.1,55.48,24.35,30.38,33.52,42.89,38.87,44.03,36.55,40.38,33.29,21.79,,22.98,39.3,32.74,23.3,30.99,38.76,42.98,32.92,41.38,27.02,26.84,35.05,35.06,34.36,32.04,20.78,29.72,42.49,27.3,39.72,,38.45,46.66,31.99,32.03,34.67,30.19,29.46,25.88,31.99,39.57,38.78,21.92,34.86,21.77,35.3,31.26,30.61,32.44,47.49,37.17,22.99,24.92,26.86,42.03,27.94,26.51,22.79,35.97,31.75,56.79,28.89,44.15,43.38,47.7,55.65,44.68,22.29,33.28,22.96,76.13,27.88,44.12,32.03,30.15,41.03,21.14,36.55,28.09,30.81,31.06,60.18,34.04,59.28,27.25,27.94,30.87,34.18,33.53,20.23,39.0,22.05,35.6
2022-03-03,29.36,25.22,28.95,38.97,48.1,49.28,60.02,23.81,31.19,35.17,43.69,38.84,46.02,38.18,42.32,33.29,22.63,,23.04,41.29,33.21,23.8,30.97,41.12,43.34,33.99,41.12,27.64,26.53,35.87,36.35,34.1,32.94,20.65,30.21,42.97,28.09,40.37,,38.7,47.67,32.02,32.31,35.17,30.77,30.23,26.65,33.21,43.04,38.15,20.59,35.5,21.88,36.23,30.62,32.34,33.01,48.16,37.63,24.26,24.79,26.02,42.61,28.39,27.9,25.01,38.43,32.88,58.25,29.29,46.65,45.83,50.7,56.91,46.33,23.75,33.97,22.99,77.79,27.23,45.37,32.49,31.57,41.5,21.34,36.68,29.38,31.9,33.24,63.02,34.92,63.36,27.33,28.17,30.2,34.74,33.54,21.8,40.17,22.11,36.46
2022-03-04,32.77,26.27,30.89,41.61,49.56,52.78,62.86,23.96,32.11,36.9,37.32,43.51,51.03,42.46,47.06,39.01,20.02,,28.06,44.88,35.03,23.78,32.92,44.88,46.29,30.18,42.31,29.02,28.17,37.84,38.18,38.14,36.01,20.54,31.53,48.89,31.67,45.22,,39.28,52.42,33.91,33.91,37.62,31.77,30.49,28.24,34.77,44.21,40.15,21.46,40.42,23.71,40.3,31.89,36.08,35.0,52.6,40.12,25.27,35.79,28.58,44.1,30.69,29.27,24.34,42.97,34.85,63.59,31.44,48.93,47.45,53.06,61.12,49.65,24.84,34.7,24.21,84.49,30.47,47.52,33.15,32.88,44.73,21.86,40.84,31.05,34.7,34.33,64.56,36.5,67.91,28.42,30.67,32.45,37.33,36.96,22.4,45.68,23.2,37.86
2022-03-07,37.1,27.66,33.22,45.4,52.23,55.88,66.87,27.34,35.01,43.36,41.73,49.65,56.43,47.98,55.32,43.36,24.97,,29.5,48.85,39.29,26.01,35.97,52.68,50.27,33.22,46.84,32.65,30.59,42.57,44.13,39.37,41.26,23.81,34.85,54.78,36.87,48.5,,30.07,58.68,39.06,38.92,42.28,34.98,34.77,30.56,37.34,49.57,42.32,22.85,44.47,26.1,44.13,33.71,39.31,38.03,56.01,46.21,30.65,32.51,32.21,50.87,33.21,31.23,27.25,47.26,39.9,68.26,37.04,52.69,51.79,56.51,66.42,52.18,27.62,36.5,26.73,85.3,33.62,54.28,37.62,38.54,49.77,25.27,45.86,34.43,37.9,36.31,70.67,40.08,71.16,32.08,32.85,38.77,41.13,42.19,23.56,50.95,26.62,43.86
2022-03-08,38.06,28.21,33.81,46.23,52.73,56.05,65.33,26.02,35.57,41.42,41.83,47.42,54.28,45.4,52.88,40.7,25.51,,29.11,46.1,40.08,26.97,34.79,49.08,50.77,32.84,46.16,32.56,29.73,44.24,43.24,38.75,39.72,22.84,34.76,52.46,36.3,46.75,,26.65,57.21,37.49,37.77,41.87,35.38,32.86,30.15,35.78,47.91,47.63,23.04,42.87,27.65,44.75,34.32,36.38,37.43,54.86,42.8,29.34,31.92,32.49,48.93,33.25,31.98,26.88,45.57,40.06,65.26,35.71,53.55,51.83,55.7,64.24,51.84,29.27,35.71,27.97,83.38,32.68,52.62,35.79,36.26,48.29,26.48,44.04,35.07,38.04,36.83,68.4,39.84,68.71,33.49,31.96,36.92,40.43,40.57,25.7,49.29,25.83,45.94
2022-03-09,31.96,26.28,30.43,41.69,48.02,51.25,58.41,25.48,31.63,38.31,37.43,44.01,49.62,41.1,48.32,37.3,23.76,,27.51,42.47,35.69,24.2,31.76,45.82,48.43,29.65,42.34,30.08,26.91,42.59,37.31,33.94,36.05,21.87,33.08,49.01,33.04,42.46,,26.24,52.33,34.18,34.26,37.94,32.13,29.92,27.73,35.16,41.84,42.62,21.51,38.46,22.57,39.13,31.63,38.48,35.46,50.58,41.96,27.16,28.31,27.44,43.69,30.12,30.13,25.1,41.32,34.2,60.75,32.31,47.71,48.75,50.41,58.42,49.46,25.84,33.27,25.78,75.48,29.57,47.95,33.75,33.48,43.15,25.12,41.13,32.05,33.56,34.19,61.97,36.6,65.76,30.02,29.53,32.56,36.63,37.11,24.18,44.38,22.08,43.16
2022-03-10,32.75,26.25,29.65,43.25,48.37,51.0,59.0,26.77,32.08,37.19,37.18,42.9,49.12,40.68,47.67,37.52,22.86,,26.33,41.83,36.18,25.31,31.77,45.43,47.53,28.66,42.4,30.12,26.93,41.71,37.09,35.1,35.26,20.9,31.32,49.19,32.16,40.97,,25.5,51.92,33.86,33.94,39.07,31.55,28.68,27.71,33.72,43.3,41.52,20.71,38.27,24.28,41.17,30.6,34.03,34.65,51.09,39.58,27.08,28.8,28.1,44.08,29.64,28.09,24.64,41.36,34.53,61.99,32.29,47.24,48.93,52.97,57.85,53.9,25.83,32.56,26.84,75.28,31.36,47.84,32.78,32.85,41.9,23.52,39.85,31.8338,32.63,32.43,62.68,35.74,66.16,29.06,29.1,32.4,36.57,36.93,22.59,44.04,22.43,41.73
2022-03-11,35.29,25.79,30.5,44.16,50.25,51.4,60.43,24.82,32.56,37.78,38.48,43.41,49.77,40.92,51.28,38.34,22.34,,26.25,42.42,36.23,25.56,31.37,46.19,47.16,29.3,42.4,29.96,27.49,41.12,38.85,34.0,36.55,21.15,33.1,49.97,32.37,40.35,,24.64,52.03,34.29,34.37,39.5,31.68,29.25,27.7,35.16,45.05,42.81,20.38,39.87,24.67,40.08,30.47,35.09,34.77,52.03,39.77,27.04,28.62,28.05,46.34,29.9,28.3,24.85,41.69,35.94,62.16,31.35,48.71,49.67,53.52,59.5,36.17,26.47,32.75,25.89,77.31,31.64,48.31,33.07,37.82,41.46,23.57,39.83,31.6177,32.5,33.03,67.2,36.79,65.96,30.58,29.77,32.75,37.1,36.79,22.84,45.94,22.52,40.63
2022-03-14,38.58,26.87,29.56,44.38,52.7,53.52,63.17,24.91,33.65,40.22,40.29,44.74,51.41,41.36,51.49,39.53,23.01,,26.51,43.66,36.74,26.02,31.72,47.99,48.13,30.23,45.47,31.6,27.53,39.4,40.63,34.3,37.95,20.715,32.09,51.08,32.13,40.89,,27.62,54.02,37.34,37.41,41.77,32.14,29.79,27.98,37.59,48.24,45.22,21.03,39.69,25.71,42.5,31.89,34.62,35.43,54.63,41.07,27.56,28.74,28.52,48.44,30.49,27.96,26.05,43.23,37.16,66.72,31.4,50.8,51.31,57.04,63.32,35.45,26.47,35.39,26.27,86.16,31.97,54.26,32.76,40.24,43.71,23.69,40.92,31.4015,33.29,33.89,70.37,38.72,68.48,31.29,29.71,33.04,37.82,37.23,23.42,46.5,23.39,40.04
2022-03-15,34.51,26.17,29.35,42.09,48.99,50.64,58.55,24.48,31.03,38.05,36.69,42.62,47.56,39.44,49.55,37.06,23.15,,24.8,40.82,34.28,25.39,30.11,46.29,47.02,28.05,42.15,29.16,27.55,38.79,37.98,33.02,34.79,20.28,30.31,49.15,30.88,39.43,,27.11,50.75,34.51,34.51,39.68,29.69,27.71,26.66,34.89,44.98,43.91,20.85,37.2,23.83,38.3,30.24,33.02,32.82,50.9,38.61,26.25,26.42,27.68,46.25,29.32,26.53,24.67,41.59,34.01,62.6,29.64,48.27,49.26,53.02,58.22,33.09,24.49,34.83,24.18,77.22,28.94,50.07,31.78,37.39,41.41,22.66,38.02,31.1854,32.06,32.85,63.72,36.28,64.91,31.93,29.62,30.85,36.91,35.51,21.95,44.77,21.68,39.26
2022-03-16,29.2,25.06,26.38,39.08,44.47,45.62,53.26,22.78,27.45,33.79,33.71,36.8,44.18,35.09,42.72,32.92,20.48,,21.3,36.46,30.81,22.86,26.8,39.92,40.76,25.87,37.7,26.06,24.73,35.08,34.98,29.7,31.29,19.35,27.69,43.51,28.81,35.02,,24.61,45.87,30.28,30.31,35.18,26.66,24.87,23.99,30.68,39.42,38.72,19.69,33.26,21.95,34.01,28.53,31.42,29.6,45.86,34.28,22.75,23.32,25.02,41.46,26.37,24.79,23.19,37.74,29.31,57.8,26.7,44.96,45.99,47.65,53.17,29.55,22.0,32.86,22.89,71.15,25.85,45.08,29.46,34.41,37.11,20.79,34.63,30.9692,28.41,29.93,58.83,32.07,60.11,30.52,26.96,28.33,31.33,32.12,20.47,40.78,20.13,36.21
2022-03-17,27.14,23.98,24.86,30.43,43.23,43.2,51.38,20.86,25.82,31.44,31.82,35.28,42.67,32.77,40.86,31.17,20.33,,19.5,34.32,30.01,21.98,25.68,38.68,39.66,24.5,35.82,24.62,23.35,35.09,34.1,29.0,29.57,18.69,26.21,44.68,26.95,33.35,,24.01,44.7,28.32,28.21,32.92,25.27,24.43,23.16,29.46,38.14,36.14,18.73,30.45,20.26,29.79,27.81,29.85,28.14,44.0,32.52,21.55,22.27,22.07,38.74,24.81,23.45,21.61,35.47,27.62,54.63,25.64,43.86,44.69,46.04,49.74,27.98,20.89,29.53,21.38,67.47,24.69,41.69,27.12,31.52,34.8,20.07,32.35,,27.03,28.45,55.76,30.09,58.07,29.04,26.45,27.27,30.58,30.04,19.01,38.19,19.33,36.41
2022-03-18,24.94,22.36,23.65,28.17,41.82,39.85,48.48,20.37,24.77,28.62,28.47,33.5,38.87,31.56,38.46,29.29,19.27,,18.96,32.46,27.71,25.1,24.44,36.64,37.09,22.42,33.8,23.07,22.68,32.46,31.09,27.94,27.63,17.13,26.92,30.37,24.89,29.77,,24.4,41.65,26.13,26.18,31.93,23.84,23.42,23.35,27.83,35.44,34.02,17.83,29.16,18.49,27.69,27.02,27.35,25.83,42.26,30.62,19.95,20.41,21.06,36.65,23.16,21.69,20.27,33.47,25.23,54.0,23.69,41.55,43.22,42.74,47.98,27.31,19.21,27.96,20.34,64.02,22.25,39.92,25.51,29.71,33.4,18.48,31.14,,25.09,28.54,55.0,27.46,53.47,29.0,25.46,24.62,28.1,27.97,18.875,37.02,17.94,34.52
2022-03-21,25.68,23.19,22.91,28.17,43.68,40.91,50.49,19.36,24.27,30.06,31.84,33.58,42.76,31.82,37.47,30.47,16.26,,19.46,31.42,28.47,21.12,25.68,34.36,38.42,23.47,34.81,22.64,22.34,33.1,32.68,29.56,28.16,18.08,24.31,29.77,25.06,31.66,,22.7,42.7,26.76,26.59,32.34,25.04,24.45,25.46,27.87,35.75,37.48,18.2,28.77,19.09,27.88,25.06,30.54,27.91,45.49,31.69,19.82,20.39,21.1,38.33,23.09,17.99,21.16,33.78,26.84,54.78,24.55,46.88,42.72,43.99,52.37,25.92,19.27,28.0,20.99,63.41,23.38,39.54,26.69,29.25,33.82,16.01,31.38,,24.41,27.15,55.55,29.17,54.7,26.68,25.93,25.2,28.34,27.65,18.74,35.99,17.86,34.72
2022-03-22,23.53,20.24,22.16,25.86,40.78,38.53,49.13,18.66,24.06,29.14,27.05,31.6,38.48,30.35,34.67,27.26,17.04,,19.83,30.31,26.68,20.45,23.15,34.27,35.88,21.96,32.96,21.31,21.29,31.05,30.99,29.03,26.45,16.83,23.87,27.82,23.72,29.81,,22.07,39.66,25.41,25.66,29.31,24.78,23.0,25.36,27.0,32.6,36.16,17.06,26.66,17.91,26.72,24.83,28.78,26.45,44.34,28.37,18.52,19.04,19.92,36.48,21.52,19.19,20.11,30.99,24.82,51.83,23.36,46.71,28.66,40.69,48.62,24.93,18.38,27.77,20.69,61.39,22.68,36.95,24.83,27.49,31.75,16.62,29.69,,23.98,23.38,59.53,25.46,51.76,27.15,23.71,23.98,26.24,25.6,17.89,34.28,16.9,32.59
2022-03-23,25.14,22.27,25.03,27.06,36.69,40.96,49.93,20.33,25.38,30.56,30.17,33.57,38.86,32.51,35.29,28.61,17.33,,19.84,31.1,27.16,21.03,23.29,38.66,36.2,23.08,34.65,22.25,21.74,31.32,31.46,29.32,28.03,17.34,23.43,28.53,23.88,30.32,,23.34,40.47,26.83,27.2,32.08,25.86,24.4,26.92,28.17,34.9,38.61,18.21,28.76,19.28,29.7,25.42,29.28,28.03,45.95,30.64,19.27,19.07,22.42,37.72,24.52,19.88,20.15,32.62,26.76,54.75,24.64,49.58,29.18,42.87,48.19,25.74,18.9,28.27,21.75,61.93,22.12,39.51,25.06,29.04,33.84,18.68,31.96,,25.49,26.42,59.3,28.66,52.39,26.99,24.42,25.08,28.2,28.17,18.52,37.79,17.7,33.55
2022-03-24,24.68,21.42,23.7,24.96,33.34,39.79,49.4,19.96,24.11,29.45,29.83,32.25,37.83,31.7,34.95,28.28,17.49,,18.51,29.41,26.84,21.14,23.67,34.8,34.78,22.1,33.34,21.62,21.01,30.74,30.4,28.86,26.94,16.94,23.2,27.23,23.5,30.38,,22.14,39.52,26.1,26.09,30.33,24.62,23.8,26.86,31.4,32.52,37.14,18.1,27.77,16.98,27.6,25.86,28.23,26.89,45.23,29.45,17.96,18.88,20.45,37.95,22.25,21.87,19.82,31.99,25.64,53.67,23.09,48.76,28.2,40.38,49.73,24.79,17.76,27.29,19.71,59.95,24.09,38.14,25.25,27.5,32.5,17.63,30.19,,24.59,25.54,56.79,26.23,51.19,26.27,24.16,24.9,27.21,26.85,18.05,36.38,17.32,33.37
2022-03-25,24.74,21.23,23.23,24.54,33.41,38.53,49.62,18.47,23.24,29.65,28.32,31.4,37.79,31.18,33.72,26.95,18.53,,17.7,29.35,26.26,20.47,24.49,33.38,34.75,21.6,32.88,20.98,20.96,29.83,29.31,27.93,26.22,16.34,22.39,26.36,22.88,29.56,,24.12,38.69,25.83,25.73,30.25,24.97,22.59,27.16,31.1,32.89,35.89,17.35,27.21,16.84,27.32,25.41,28.09,27.3,43.92,29.25,18.5,16.56,20.43,39.55,22.16,20.56,19.37,31.22,25.84,53.56,22.84,49.51,27.04,43.07,48.36,23.7,17.74,26.98,21.58,60.08,24.07,37.92,24.55,26.27,32.31,17.17,29.77,,23.78,25.56,56.24,27.03,51.21,25.52,24.6,25.32,25.98,27.57,17.29,35.59,16.8,32.92
2022-03-28,26.03,21.49,22.56,24.67,31.55,38.57,50.28,19.76,23.45,32.13,27.68,32.55,39.12,31.32,32.3,26.51,19.06,,18.4,29.59,28.38,20.61,24.39,34.32,33.95,21.31,31.29,20.88,21.44,30.67,29.23,29.15,25.75,16.05,21.79,25.69,23.58,32.42,,24.67,39.14,28.47,28.6,29.8,23.6,23.21,26.58,34.27,32.59,35.28,17.97,27.23,17.42,26.76,27.07,27.61,26.0,44.11,29.56,19.1,19.47,20.33,42.71,23.62,22.52,21.19,31.74,26.08,54.47,22.8,49.01,25.72,44.66,48.29,23.12,18.06,27.03,21.88,59.42,24.15,40.03,25.12,25.64,31.51,18.25,30.21,,23.53,24.59,62.72,29.16,50.74,25.9,23.14,28.67,26.46,28.34,17.56,36.42,16.22,31.83
2022-03-29,25.61,20.71,23.29,23.16,29.57,37.5,49.12,19.55,21.28,31.42,26.52,30.29,37.03,30.35,31.27,25.5,18.64,,18.16,28.44,27.31,19.77,24.25,32.84,33.16,20.18,29.4,19.5,21.41,29.13,28.11,26.22,24.7,16.24,21.45,24.36,24.24,31.11,,22.52,39.05,22.56,27.81,28.17,22.95,22.19,24.64,34.59,30.95,35.35,16.98,25.77,17.28,24.24,26.6,27.4,25.17,43.89,30.07,18.15,18.55,19.08,41.97,23.04,22.83,20.6,29.9,25.14,52.05,21.68,49.83,24.14,46.07,47.09,21.95,16.8,26.58,19.5,56.91,22.48,39.89,25.1,24.48,30.74,16.45,28.03,,22.64,24.29,59.41,29.22,47.83,24.66,23.07,29.16,25.03,27.42,16.37,35.32,15.49,30.99
2022-03-30,27.63,21.08,23.23,23.41,31.03,38.11,50.27,18.88,22.06,33.56,27.88,31.61,38.77,30.87,31.4,25.85,17.75,,17.2,30.07,28.42,20.57,25.05,35.27,34.58,20.65,30.84,20.06,22.07,29.76,28.69,27.5,25.45,16.01,21.99,25.16,24.32,33.04,,22.74,40.22,29.31,29.89,29.14,24.79,22.21,25.2,35.68,33.69,32.36,15.84,26.56,17.55,25.12,26.94,27.61,27.43,43.11,31.03,19.22,21.34,19.36,44.99,24.29,22.8,21.4,30.74,25.61,44.03,21.58,50.36,24.5,46.91,46.37,22.52,17.35,26.77,20.02,56.46,22.85,44.44,25.29,25.33,31.97,17.02,29.19,,22.99,24.9,59.05,29.66,48.32,23.32,23.17,30.86,27.16,28.07,16.87,35.06,15.98,31.09
2022-03-31,27.55,21.91,23.72,24.95,31.92,39.86,55.08,21.29,23.24,34.94,28.85,32.65,39.67,33.57,33.2,27.03,19.21,,19.44,32.37,29.89,20.41,26.26,36.39,35.48,22.1,32.65,21.23,22.53,29.77,29.59,27.83,27.6,16.64,23.09,26.43,24.25,34.63,,24.67,41.76,31.16,31.12,30.55,26.34,24.78,26.46,36.8,33.78,31.61,17.07,29.16,18.57,26.52,27.68,28.15,28.58,44.57,32.15,20.31,20.11,20.24,45.95,25.29,22.91,21.53,33.97,27.65,43.3,22.9,51.49,26.45,48.71,47.5,23.22,17.03,26.52,20.93,57.6,28.86,44.88,25.0,26.87,34.38,18.3,30.34,,23.35,23.84,60.27,31.57,50.48,25.0,23.86,32.29,29.73,28.1,17.47,37.62,17.15,31.57
2022-04-01,26.94,20.97,23.42,23.56,31.09,39.95,54.78,20.73,22.51,35.02,27.49,31.89,39.16,33.74,33.88,26.33,19.01,,19.0,32.84,29.73,20.83,26.09,36.87,34.48,21.88,31.68,20.28,22.2,29.08,29.34,28.42,27.3,16.17,22.77,28.02,24.36,33.94,,24.43,41.18,30.11,30.16,29.55,25.26,22.88,25.24,37.56,32.79,32.37,17.08,26.99,17.84,25.15,27.25,27.73,27.59,44.53,31.34,20.4,19.68,19.0,45.34,24.92,22.33,20.32,33.08,27.93,43.21,21.84,51.27,26.07,47.3,48.17,22.72,17.36,26.72,19.98,56.4,22.78,46.48,25.12,26.65,34.01,15.81,29.38,,23.21,26.16,60.05,30.62,51.01,24.34,27.57,34.42,28.91,28.64,16.88,36.29,16.41,30.55
2022-04-04,26.54,22.55,23.46,22.44,30.13,38.1,54.63,20.9,22.89,34.2,25.55,30.5,39.3,32.91,34.66,25.59,19.48,,19.38,31.76,29.01,20.25,25.24,37.39,35.23,20.24,29.94,20.17,24.57,28.65,28.73,28.12,26.91,17.36,22.8,27.55,24.24,34.09,,25.28,41.23,28.89,29.0,29.54,24.68,23.09,25.55,36.34,32.39,34.69,17.61,26.0,18.16,24.32,27.03,28.77,26.56,42.74,30.39,20.02,20.19,20.56,46.16,24.75,22.59,21.33,31.52,25.99,40.53,22.18,52.12,24.74,47.27,44.78,21.75,17.23,28.0,20.37,54.58,23.34,44.65,25.24,29.94,33.98,18.35,29.28,,23.24,28.3,61.49,30.02,53.66,25.25,26.04,34.47,28.69,28.12,17.0,35.98,16.81,30.33
2022-04-05,28.42,23.21,24.15,24.47,32.88,42.61,57.77,21.69,24.26,35.65,28.7,32.75,42.28,34.79,38.34,27.49,19.53,,19.54,34.09,31.04,20.85,27.21,36.43,36.36,21.51,33.57,22.54,25.69,29.16,29.25,31.52,28.78,17.95,24.39,30.43,25.02,35.87,,26.0,43.19,30.75,30.91,31.69,25.99,25.03,24.5,38.22,35.19,34.63,17.48,30.36,19.19,24.85,27.54,29.4,27.82,46.13,32.22,21.13,20.88,20.68,48.63,25.86,23.51,21.68,33.76,27.16,43.44,22.68,53.03,26.77,49.4,47.62,23.51,18.76,29.4,21.96,59.61,24.15,48.34,24.88,33.33,34.45,18.93,32.09,,25.12,30.22,58.59,32.24,57.34,25.19,26.76,36.38,29.47,29.99,16.84,36.91,18.18,31.14
2022-04-06,30.44,26.17,25.26,26.22,35.69,44.57,60.87,21.88,26.17,37.95,30.38,33.57,43.68,35.41,41.25,29.31,19.98,,21.97,34.98,31.06,24.76,28.09,38.68,38.16,22.84,36.75,23.51,27.07,30.27,30.03,31.19,30.33,18.78,27.51,32.41,25.0,36.52,,27.0,45.87,32.88,32.84,32.67,28.02,26.12,27.71,40.18,38.66,37.57,17.87,31.47,17.49,28.05,29.38,30.29,29.82,47.65,33.83,21.66,21.81,21.03,50.48,27.26,23.7,22.24,34.44,32.05,45.09,24.48,54.65,29.35,52.18,53.08,24.53,19.12,31.77,22.69,62.3,25.48,51.63,26.87,34.2,36.22,20.58,33.03,,26.61,32.5,60.63,34.4,61.1,24.63,28.96,37.45,30.35,32.06,17.44,38.49,19.18,31.89
2022-04-07,29.26,25.57,25.23,25.45,34.96,45.46,60.2,23.32,26.74,38.76,30.5,35.55,42.84,36.11,41.28,29.72,27.44,,21.75,36.06,31.81,21.67,29.63,39.47,37.61,23.74,36.64,23.86,27.76,30.43,30.26,31.17,31.09,19.02,27.69,32.85,25.84,37.12,,28.31,46.16,33.03,32.87,33.02,27.84,26.59,26.37,40.39,36.78,38.77,19.63,32.16,19.66,26.92,33.68,29.41,29.93,47.36,34.4,21.28,23.86,21.43,49.83,27.93,24.1,23.54,35.37,30.35,45.46,24.43,56.01,28.17,52.34,53.23,25.42,19.66,34.59,21.97,63.8,27.48,50.36,27.28,35.38,37.3,22.18,34.4,,27.53,33.13,61.19,34.66,62.74,26.81,29.93,38.66,31.23,32.64,18.24,40.78,20.17,32.31
2022-04-08,29.92,27.15,25.89,25.22,34.6,44.42,61.35,22.44,26.63,39.16,31.62,35.24,42.32,36.1,41.56,30.34,21.74,,20.73,35.28,31.59,21.76,29.41,37.63,37.74,23.81,35.66,23.55,28.04,29.95,30.94,31.51,30.61,18.71,27.17,32.64,25.33,36.84,,27.57,45.35,33.52,33.31,33.19,27.07,26.74,28.83,40.01,35.1,36.95,18.84,31.97,19.08,27.75,32.67,28.77,29.19,47.94,34.04,21.62,22.27,21.48,49.3,27.56,23.45,23.39,35.12,30.76,45.52,24.51,55.83,28.19,52.9,54.24,24.64,19.24,33.81,21.29,66.21,24.59,50.7,26.57,34.66,35.8,21.05,33.13,,28.31,32.45,59.2,35.94,62.5,26.28,30.16,40.11,30.61,31.64,17.76,39.0,20.3,31.94
2022-04-11,33.59,28.03,27.89,29.37,37.02,48.13,63.0,23.42,29.07,41.27,33.84,38.4,43.92,38.12,43.73,32.04,22.99,,21.92,37.1,33.6,22.5,30.44,39.81,39.71,25.34,38.35,26.06,29.04,32.04,33.04,34.61,32.86,20.85,29.74,34.67,27.75,38.97,,29.74,46.64,36.01,36.19,35.67,28.72,29.29,31.12,41.67,38.88,38.96,21.94,33.51,20.51,30.05,33.43,30.74,30.68,50.17,35.99,22.52,23.67,22.6,51.89,28.07,24.61,24.1,36.65,35.91,48.24,27.21,58.11,29.81,54.44,57.84,27.41,20.49,39.1,22.81,74.24,25.29,52.04,27.92,36.2,37.29,23.81,36.58,,31.76,33.78,61.34,36.42,63.95,27.47,29.99,40.41,32.66,33.52,18.87,40.66,21.12,34.24
2022-04-12,31.53,26.67,27.62,28.49,36.94,47.01,61.81,23.35,28.09,41.18,32.44,37.89,43.84,38.54,42.98,30.49,22.9,,22.4,36.82,32.23,22.37,30.53,40.18,38.86,24.33,38.53,26.35,28.2,31.16,31.24,35.39,34.87,20.115,29.27,33.09,26.59,37.96,,27.45,46.9,35.83,35.82,35.68,27.79,27.75,31.81,41.45,39.2,40.46,18.79,33.03,20.63,29.68,32.97,30.13,30.48,50.19,35.38,21.74,22.73,22.87,51.08,28.41,23.85,24.06,35.91,34.4,47.35,26.2,58.13,30.55,54.42,56.1,27.31,20.17,34.1,22.31,75.7,24.75,51.35,27.94,35.95,37.7,22.27,35.92,,30.92,33.69,59.44,35.63,63.61,27.24,28.66,41.04,31.9,33.86,18.53,40.56,20.41,33.7
2022-04-13,29.31,27.62,26.55,25.15,33.62,43.53,57.89,23.56,26.35,37.79,29.93,36.02,41.34,35.89,40.5,27.65,24.12,,20.84,33.34,30.34,21.57,28.42,39.01,38.1,22.48,33.63,23.48,27.22,30.04,29.3,33.94,34.27,19.38,28.25,30.74,25.79,36.41,,26.22,44.11,33.02,33.1,32.58,25.91,25.75,29.75,41.08,35.69,38.83,18.08,27.43,19.46,26.37,32.16,29.48,28.54,47.21,33.8,20.37,21.18,21.99,48.75,26.89,24.02,23.41,33.94,32.34,44.86,25.85,56.53,27.93,51.64,54.04,24.53,18.61,33.79,21.16,71.44,23.64,49.54,27.15,34.38,35.92,23.51,34.28,,28.42,32.38,56.69,34.18,60.83,26.39,27.43,39.1,30.18,31.33,17.29,36.97,19.98,32.52
2022-04-14,31.57,26.65,26.85,25.83,34.82,45.01,57.89,23.26,24.62,38.23,31.29,34.8,40.69,35.14,41.14,27.09,23.8,,20.57,30.32,30.94,20.83,29.09,38.55,37.91,22.3,36.25,25.17,26.34,30.38,30.25,33.36,34.56,18.8,27.73,30.47,25.76,36.13,,25.02,44.29,33.78,33.94,28.5,26.76,28.26,30.41,39.52,35.63,38.83,17.66,27.1,18.58,27.42,31.63,28.39,29.05,46.74,33.77,20.13,21.28,22.43,48.83,26.63,22.7,22.12,30.58,33.68,44.54,25.68,55.53,27.84,52.69,55.47,25.18,18.93,32.43,21.03,73.09,23.72,48.91,26.41,33.9,37.17,21.84,33.09,26.43,28.08,33.19,55.61,34.43,60.73,23.0,27.07,39.39,26.8,33.05,17.77,34.15,19.76,32.57
2022-04-18,31.14,26.73,27.35,26.92,35.39,45.86,58.35,23.89,25.14,38.81,31.39,35.46,42.34,32.07,42.71,27.71,22.05,,20.4,31.33,32.65,21.33,29.79,37.04,38.8,24.41,37.59,29.0,27.37,31.69,33.02,33.98,36.39,19.91,27.56,31.27,25.56,37.31,,26.76,44.2,34.92,34.77,29.48,29.46,27.06,30.88,39.84,37.65,40.21,18.75,27.43,18.87,28.48,32.13,29.05,33.24,47.27,34.8,20.19,22.23,21.63,49.62,27.67,23.12,23.07,31.04,33.92,45.93,26.98,59.54,29.02,53.02,56.33,26.16,19.58,33.5,21.53,76.64,24.34,48.56,27.63,34.51,37.08,22.64,33.73,25.44,26.4,34.16,56.89,34.26,62.68,23.13,27.53,40.18,27.18,32.0,17.98,34.26,22.42,33.21
2022-04-19,29.34,26.38,25.69,24.81,33.96,44.39,57.44,22.49,23.54,38.36,29.56,33.99,40.06,29.55,40.59,27.04,21.75,,19.59,28.94,31.39,20.21,28.6,36.6,38.38,22.99,35.11,28.21,26.5,31.87,32.97,33.1,35.48,19.1,26.03,29.66,24.38,36.03,,23.39,42.75,34.18,34.04,27.39,28.87,25.34,29.55,38.67,36.15,38.34,16.57,25.53,18.33,28.02,31.99,24.63,33.18,45.0,32.91,20.01,21.25,21.2,48.77,26.77,21.79,22.39,28.83,32.48,44.55,25.0,61.44,28.7,52.44,54.06,24.34,18.48,33.6,20.41,73.27,23.38,47.0,26.52,33.05,34.78,20.6,32.17,24.52,27.79,33.34,54.71,33.28,60.14,22.27,25.97,38.74,26.12,30.72,17.56,32.04,22.16,32.07
2022-04-20,31.15,26.38,23.04,25.31,35.38,46.33,59.24,22.93,24.01,40.2,30.74,34.22,41.33,29.54,42.07,26.03,21.2,,19.6,28.26,31.06,20.06,29.81,36.34,38.37,22.82,37.07,29.52,26.24,31.96,34.03,33.12,40.14,18.82,25.85,29.99,23.84,36.64,,23.69,43.48,36.34,36.22,26.82,29.75,25.39,22.4,39.08,36.88,39.02,15.39,25.35,18.38,26.15,31.93,24.66,34.51,47.18,33.18,20.47,22.06,20.45,60.45,27.09,22.1,21.67,28.84,33.72,45.69,25.82,58.93,28.82,52.89,57.18,24.73,18.16,33.72,17.27,75.33,23.65,48.21,26.22,33.76,33.59,20.97,31.88,25.54,28.19,35.25,64.11,33.25,62.1,22.12,26.24,39.28,25.51,31.38,18.17,31.67,23.2,32.07
2022-04-21,32.75,27.22,24.21,27.0,38.0,48.03,62.8,23.89,25.35,42.95,33.21,36.6,42.64,31.94,44.32,28.81,21.54,,20.58,29.85,32.13,21.6,32.23,38.8,41.19,24.59,41.68,30.73,28.01,34.5,35.67,30.79,42.05,19.72,26.85,31.5,25.51,38.16,,23.88,46.74,39.67,39.82,29.79,31.5,26.76,22.57,41.11,41.95,42.38,16.2,27.05,19.77,27.97,32.61,26.97,35.96,45.7,36.05,21.12,24.68,21.7,71.37,29.03,23.2,22.5,31.77,37.23,48.59,26.99,58.45,30.36,56.08,61.29,26.91,19.74,34.99,18.18,78.38,21.24,50.08,27.37,35.34,36.75,21.95,33.46,23.19,31.17,37.47,55.23,35.0,68.06,23.08,25.81,41.8,27.32,34.2,18.98,34.73,24.02,33.74
2022-04-22,38.11,29.45,27.77,32.21,40.92,51.23,66.84,26.13,27.98,45.38,35.86,34.64,46.57,35.08,46.2,31.33,24.5,,23.1,33.09,37.31,23.52,34.47,41.36,43.05,28.6,44.74,33.19,30.43,36.5,38.99,33.52,44.31,21.61,30.36,33.76,28.1,41.53,,27.21,49.91,46.66,46.97,32.74,34.05,30.33,25.4,44.09,44.38,42.15,17.94,30.32,21.65,31.67,34.28,29.43,39.56,47.83,38.97,24.29,26.0,27.2,70.81,31.31,24.66,25.01,35.44,41.71,51.57,27.99,57.58,33.54,59.1,66.24,29.96,21.66,37.15,19.83,82.52,24.17,53.49,30.76,37.55,39.15,23.19,36.59,24.52,34.0,39.0,57.66,37.83,69.75,26.46,29.46,44.67,30.2,37.37,19.06,36.76,25.18,36.39
2022-04-25,38.24,29.21,27.42,31.83,41.59,51.51,67.1,26.87,29.88,45.4,36.13,35.34,47.4,35.63,46.96,30.81,24.58,,23.63,33.4,38.24,24.7,36.06,43.54,46.48,30.43,44.69,33.29,31.32,38.41,41.67,36.98,44.57,23.07,31.98,35.52,28.48,43.27,,29.07,50.24,44.97,45.34,32.24,34.61,30.98,24.71,44.07,45.92,41.52,19.46,30.92,19.97,33.39,33.36,29.33,39.49,48.87,40.14,23.07,26.17,28.15,70.9,32.85,25.77,25.32,35.01,40.03,51.54,27.77,55.2,34.54,60.9,67.13,30.35,21.59,36.62,20.78,83.83,24.91,53.26,30.69,37.36,39.68,23.92,37.89,26.41,37.03,40.01,58.46,38.97,69.66,26.71,30.56,48.28,31.17,37.12,20.8,37.58,25.77,38.42
2022-04-26,43.49,30.81,30.08,36.41,45.7,57.58,73.09,30.77,32.0,50.56,40.86,38.62,50.9,39.3,52.5,34.5,25.78,,24.68,37.05,40.67,26.37,37.99,46.23,48.54,33.36,51.38,36.06,32.87,39.79,43.3,37.98,46.39,24.21,34.36,36.55,29.42,40.38,,32.18,56.39,49.45,49.54,36.8,37.19,32.93,27.51,46.93,53.24,42.59,21.12,35.58,21.68,38.42,35.4,31.15,41.41,53.46,43.72,26.15,27.48,30.3,75.97,30.78,27.29,26.39,39.73,45.24,56.07,29.79,59.07,39.36,65.57,76.09,34.32,21.67,37.77,23.64,90.49,28.07,57.55,30.25,40.67,42.93,26.32,39.76,27.48,38.77,41.63,70.79,42.7,74.09,29.69,32.69,33.92,34.21,43.22,23.72,41.71,27.13,40.71
2022-04-27,42.14,30.06,29.74,35.42,44.56,55.57,70.61,26.72,29.64,49.28,39.63,36.99,48.4,37.81,51.03,35.19,24.88,,24.54,36.9,38.98,25.97,37.72,41.4,48.86,32.67,49.76,36.52,33.06,39.65,41.99,37.63,44.42,23.5,33.43,35.79,26.98,40.79,,29.38,47.24,37.75,37.75,35.11,36.77,33.14,26.23,45.85,49.97,43.84,21.27,34.08,20.94,35.41,33.96,30.96,41.52,52.17,40.18,25.72,24.53,30.81,79.59,30.0,38.46,26.39,37.43,35.68,53.95,28.91,60.77,37.93,67.56,75.21,33.15,21.38,36.4,22.35,90.14,24.72,56.36,30.97,41.22,41.86,25.86,39.65,27.02,39.82,32.62,66.9,34.33,74.01,28.37,30.46,31.51,33.86,34.28,23.32,39.95,26.75,40.06
2022-04-28,37.79,29.6,28.17,31.38,41.5,52.6,66.05,26.16,27.72,46.7,36.84,34.73,44.06,34.75,49.37,32.58,23.96,,22.55,34.3,34.81,25.46,33.86,38.04,46.51,31.0,47.04,34.09,32.32,37.79,41.5,33.55,43.41,22.91,31.84,34.02,26.54,39.04,,27.08,45.12,34.02,33.85,32.57,34.98,32.03,24.65,42.11,47.96,41.91,19.91,30.75,19.5,31.7,29.29,30.03,39.75,48.23,34.87,22.47,22.22,29.26,46.95,27.83,23.81,22.28,35.44,32.06,51.2,27.7,55.66,35.3,51.64,71.47,30.74,20.07,34.88,21.04,86.26,23.93,44.1,28.15,38.45,39.17,21.66,38.32,25.51,32.04,30.06,67.51,33.12,70.92,26.81,29.08,30.18,31.17,31.36,21.13,37.02,25.43,38.68
2022-04-29,37.2,29.71,30.35,36.03,44.44,55.9,71.49,24.35,32.11,43.99,41.2,38.49,47.96,39.47,54.96,35.78,23.09,,24.94,38.13,36.17,23.51,35.9,42.37,47.67,34.9,52.4,37.27,35.13,37.87,41.76,37.7,46.51,25.47,33.84,37.31,27.02,42.01,,25.37,47.65,38.38,38.4,36.79,38.2,29.67,27.09,36.51,51.14,43.82,21.54,34.81,22.3,34.88,31.61,31.21,42.63,53.1,38.98,23.74,25.03,31.56,49.33,28.97,25.17,26.46,39.63,36.66,54.21,30.63,59.44,37.98,55.61,76.37,34.42,23.23,34.6,23.8,88.29,25.79,48.46,30.29,40.79,42.6,24.72,42.81,27.73,33.92,35.08,69.79,35.75,73.93,29.11,32.19,34.43,34.54,35.24,25.29,40.88,27.35,38.12
2022-05-02,35.01,29.15,31.66,34.58,44.79,54.27,67.92,26.35,34.69,43.0,41.7,38.72,49.24,38.75,57.75,36.89,23.26,,24.59,38.64,36.37,23.8,35.47,41.58,48.38,34.98,52.49,36.42,36.61,36.13,43.76,36.85,45.75,25.72,34.06,37.45,28.08,41.83,,25.84,46.54,36.62,36.54,36.63,38.84,30.27,26.04,34.56,51.5,43.75,22.7,34.19,23.85,34.25,32.1,32.67,42.39,51.73,38.94,25.2,26.19,32.58,49.52,29.15,25.69,24.1,38.97,34.29,52.71,31.75,58.63,37.94,53.96,73.55,33.38,25.22,38.54,24.11,88.23,27.69,47.15,31.28,40.73,42.33,25.13,44.11,28.0,35.41,34.07,66.95,34.53,77.38,31.68,33.24,34.91,34.33,35.42,26.41,40.49,27.5,38.99
2022-05-03,32.57,26.47,30.86,34.39,42.46,54.57,63.55,23.54,31.85,41.48,40.55,37.26,46.41,36.4,55.46,35.34,21.37,,22.16,36.09,34.82,23.2,33.47,40.18,45.67,34.36,52.04,35.7,33.9,34.45,41.5,35.91,44.36,25.05,34.13,35.39,27.0,39.78,,25.44,45.3,35.01,34.96,35.17,37.91,28.37,24.96,33.56,50.8,43.54,21.46,32.65,22.28,33.65,30.93,30.73,41.61,49.58,37.77,24.03,24.65,33.4,48.27,27.07,24.46,22.21,37.08,33.99,51.2,30.78,56.9,37.52,50.82,72.47,31.66,23.49,33.26,23.74,87.34,25.9,45.73,29.43,41.2,40.53,23.52,43.01,27.51,33.72,33.76,66.3,33.19,76.35,29.25,31.43,32.33,32.58,34.81,24.07,38.33,26.26,35.41
2022-05-04,29.11,24.62,27.07,29.32,38.76,48.84,53.89,21.59,28.61,38.47,38.94,33.35,42.49,33.16,50.93,32.33,19.08,,21.31,32.4,30.24,21.58,29.35,35.89,41.45,29.68,47.45,31.83,27.72,31.29,38.92,30.94,40.69,22.36,28.52,32.66,23.49,34.97,,23.85,40.63,30.72,31.09,30.98,35.05,24.26,21.79,30.0,45.17,39.02,18.57,29.21,19.48,29.22,28.7,26.23,38.56,44.89,32.78,21.65,22.17,28.92,42.3,24.42,22.05,21.59,32.57,28.27,46.23,28.06,50.48,33.15,47.44,65.72,27.96,20.82,29.71,21.16,81.6,23.79,40.97,26.86,29.37,37.36,20.94,38.38,24.86,29.49,30.55,60.6,29.94,59.19,24.73,29.18,28.8,28.76,30.65,21.24,36.03,24.65,31.67
2022-05-05,36.34,26.23,29.47,36.61,45.85,54.79,68.38,22.0,31.86,46.58,44.31,37.63,48.1,37.72,46.91,36.52,21.99,,25.02,37.09,35.1,22.86,34.05,40.88,42.18,35.73,53.9,36.6,30.12,34.75,41.57,34.04,45.56,24.62,31.34,36.3,27.03,38.92,,24.16,46.18,38.9,39.26,36.06,38.96,28.41,25.38,36.36,54.16,42.98,22.3,33.59,22.6,33.2,29.26,29.7,42.98,51.88,37.8,24.19,24.82,30.7,49.87,27.96,25.01,23.07,38.4,36.33,51.4,30.66,59.17,40.04,54.3,72.19,33.22,23.98,33.17,23.81,91.67,25.67,48.57,29.58,34.73,41.07,23.06,42.28,27.04,34.15,34.34,68.14,34.68,66.32,29.16,31.23,32.22,32.75,35.49,23.97,39.38,26.45,35.52
2022-05-06,35.28,26.22,29.62,34.3,45.02,53.56,59.78,22.7,30.79,46.18,43.63,37.7,45.56,37.28,45.62,37.96,20.2,,23.82,35.95,34.74,22.43,33.91,41.26,42.23,35.91,53.5,36.03,28.76,34.1,41.55,35.1,46.48,23.52,30.23,35.92,26.71,37.98,,25.62,45.42,37.12,37.53,35.27,40.77,27.79,24.87,35.12,53.21,45.17,21.6,32.8,22.36,32.49,29.47,29.47,43.33,51.12,37.79,22.68,24.4,30.87,49.42,27.59,23.47,22.49,37.7,35.75,51.77,30.44,58.46,41.86,55.6,73.68,32.44,22.73,32.08,22.33,101.61,25.15,47.45,29.33,33.78,41.95,22.76,42.56,26.11,33.06,34.82,66.89,34.83,66.17,28.82,31.69,32.2,32.55,34.72,22.47,38.89,27.43,34.44
2022-05-09,39.56,29.51,34.05,38.32,50.68,59.76,69.99,26.82,36.5,53.65,47.37,42.34,55.68,40.99,51.83,41.4,24.84,,26.92,40.9,38.62,24.32,37.0,45.49,50.13,38.47,59.52,39.67,30.89,40.87,45.48,40.5,51.96,24.79,33.39,40.29,29.29,44.95,,28.71,52.0,41.82,42.0,38.84,41.96,30.34,28.52,38.85,58.68,51.56,22.73,35.96,23.8,36.88,34.83,33.73,45.75,57.81,44.04,25.47,25.77,34.86,53.9,29.77,26.5,23.92,42.28,41.97,57.27,34.15,66.35,45.46,62.37,83.6,36.82,24.82,33.72,24.41,93.85,28.04,52.33,33.44,37.15,46.43,24.44,47.77,29.68,38.45,38.92,78.22,39.01,75.75,33.09,34.11,34.24,35.64,40.77,25.16,42.72,28.54,42.47
2022-05-10,37.66,28.59,33.52,38.07,48.72,57.43,65.21,26.14,37.31,51.61,46.04,40.67,54.31,40.9,49.14,40.2,23.28,,25.85,41.62,39.06,23.62,36.0,45.76,50.08,37.71,57.84,38.49,30.91,38.94,45.03,39.7,53.28,24.83,33.33,39.03,28.66,43.53,,28.03,49.9,40.16,40.01,38.78,43.17,29.98,30.71,38.18,56.25,50.53,22.26,36.74,23.59,35.33,32.94,31.32,46.18,56.06,41.61,25.34,25.57,33.88,53.18,30.77,29.82,24.93,41.87,38.99,57.16,32.88,66.17,44.35,60.89,81.16,35.64,24.39,32.66,24.01,89.14,27.32,50.08,32.58,37.83,44.38,24.34,43.31,29.77,38.02,37.71,73.23,36.62,72.99,31.72,34.64,33.66,35.6,38.36,24.79,42.95,29.2,39.99
2022-05-11,41.14,29.37,33.73,37.97,50.75,58.41,68.87,27.61,37.26,53.21,46.31,40.93,56.32,40.87,49.36,39.69,23.95,,26.26,42.22,38.93,23.14,36.27,45.91,49.71,37.97,60.07,38.94,30.8,38.22,44.73,39.23,58.09,24.0,33.56,39.33,28.67,44.15,,28.63,51.24,42.25,41.91,38.99,44.4,30.58,29.67,39.13,59.87,51.87,22.51,36.51,23.97,34.64,33.6,32.71,48.07,56.98,42.5,25.09,25.25,33.04,54.74,30.66,29.75,26.74,42.34,41.43,58.03,33.12,70.97,44.26,62.73,83.53,36.16,24.62,33.03,24.14,92.97,27.4,52.2,33.67,37.68,44.09,23.71,45.99,28.94,38.88,38.0,80.05,38.45,74.83,34.0,33.76,34.0,36.2,37.94,24.48,43.15,29.69,39.39
2022-05-12,42.66,28.53,30.36,38.48,50.83,57.52,68.54,26.09,35.64,53.82,44.8,44.29,59.26,41.48,50.4,40.75,24.08,,26.42,43.15,39.04,24.01,35.09,49.7,49.89,38.37,60.58,38.98,31.04,38.55,45.75,38.5,41.14,24.46,32.56,39.75,29.81,44.08,,30.94,53.65,41.78,41.82,38.61,45.14,30.33,29.15,38.3,60.44,48.98,21.69,36.17,24.84,34.19,33.02,31.56,48.03,55.54,42.8,25.27,25.2,33.8,55.26,30.24,29.12,27.48,41.93,41.84,56.33,35.41,68.57,45.3,62.46,83.39,37.37,24.48,33.73,24.95,91.76,28.06,52.18,33.45,38.09,45.09,24.87,44.84,27.97,36.62,37.45,82.82,36.89,77.22,32.33,33.98,33.45,36.49,39.1,24.7,43.51,30.0,40.71
2022-05-13,36.98,27.26,29.9,34.53,47.45,53.24,62.22,24.22,32.08,48.43,42.78,40.31,55.0,38.18,45.77,38.05,22.41,,24.89,38.91,36.55,22.48,32.6,45.73,45.57,34.85,55.57,36.58,29.46,34.98,43.04,35.51,37.22,22.61,31.03,37.74,27.33,40.21,,26.77,49.27,37.06,36.79,35.1,41.89,28.01,26.34,34.78,56.23,46.23,20.11,33.76,22.61,30.93,30.62,30.29,45.35,51.86,37.96,23.01,22.89,33.26,49.03,28.12,26.95,24.17,38.24,35.92,51.36,32.26,60.98,39.41,56.48,74.73,34.98,22.27,32.47,23.23,83.61,25.91,46.24,32.69,35.35,41.56,23.58,41.47,26.51,33.93,34.3,73.53,33.43,70.11,29.62,30.95,30.74,33.78,34.64,22.77,39.9,28.69,37.06
2022-05-16,37.14,25.52,30.0,33.09,49.4,52.52,62.9,22.63,31.66,49.27,42.71,39.65,57.19,37.41,45.39,38.11,20.52,,24.47,37.95,35.09,21.99,31.34,45.31,43.69,34.63,55.03,36.23,28.36,33.87,42.44,34.97,36.66,22.03,30.45,36.21,26.15,39.65,,26.81,49.17,36.24,36.34,34.69,41.06,27.1,25.47,34.56,56.9,45.82,19.12,33.18,21.79,31.26,31.57,26.53,46.01,51.34,37.45,22.38,22.09,29.88,49.19,27.05,26.3,23.59,37.67,35.4,49.87,31.51,61.54,39.18,57.48,74.89,37.41,21.61,30.71,21.83,80.97,25.1,45.49,29.42,37.02,41.11,21.99,39.13,24.93,32.91,33.09,76.47,32.37,69.64,28.52,30.5,29.9,32.55,34.01,21.83,39.34,28.66,35.48
2022-05-17,33.26,24.73,28.11,30.32,47.12,49.05,59.6,21.55,29.3,45.55,39.2,36.51,51.97,34.59,41.39,35.74,20.05,,21.81,36.39,32.09,21.19,28.67,41.46,41.93,32.93,52.99,33.86,27.06,32.69,37.8,32.58,33.37,20.8,28.01,33.34,24.87,36.1,,25.63,45.2,32.68,32.83,32.01,33.2,24.88,23.33,31.51,52.33,42.76,17.97,31.12,20.95,29.22,30.67,25.89,42.73,47.84,34.71,21.56,20.79,27.48,44.81,25.3,24.32,23.11,34.82,31.46,46.31,30.3,55.48,36.24,53.25,66.81,36.01,20.9,29.07,21.03,75.32,23.84,42.15,26.99,33.86,38.17,21.34,36.71,24.17,29.65,30.27,65.25,30.31,65.14,26.66,28.96,27.22,30.44,31.66,21.11,36.51,27.21,33.84
2022-05-18,39.58,27.29,30.91,35.85,53.23,55.17,65.56,23.43,32.29,53.01,45.98,40.1,57.89,38.89,45.09,38.55,21.93,,24.85,41.56,35.77,25.06,32.09,45.32,44.95,49.56,57.81,41.94,33.05,36.06,44.66,35.26,38.55,22.04,31.41,42.82,27.17,39.63,,27.43,52.54,37.9,38.11,35.74,37.87,28.7,28.96,37.17,59.8,47.61,20.89,34.58,28.33,30.72,32.88,27.9,41.84,55.4,38.71,26.83,26.73,30.95,50.0,28.72,28.16,24.35,39.21,37.4,52.62,32.78,62.44,43.51,58.84,76.55,43.68,27.21,31.78,28.94,82.63,27.33,48.78,30.71,38.19,42.58,22.13,41.97,27.1,33.91,34.08,76.39,34.54,72.19,30.72,32.51,34.78,33.46,35.77,23.55,40.91,33.75,36.59
2022-05-19,38.14,26.71,30.0,35.67,51.88,56.45,63.15,22.86,31.56,50.13,46.58,38.81,55.04,38.18,42.62,37.03,22.22,,24.64,39.2,35.79,25.47,31.16,44.43,43.99,49.96,56.94,34.06,32.64,34.81,48.27,34.27,36.8,21.52,31.32,43.62,28.95,38.31,,27.21,50.46,35.99,36.11,34.57,36.49,28.68,28.12,35.23,58.11,46.11,20.8,34.17,26.32,33.31,33.7,28.32,38.64,52.7,38.06,26.1,25.41,30.89,47.34,28.15,28.63,24.34,38.21,35.41,51.51,32.4,58.75,42.13,56.33,71.99,42.24,26.19,30.33,27.84,80.3,28.55,46.14,30.73,36.43,41.21,22.41,41.36,26.84,32.76,33.49,72.18,34.2,68.32,29.79,34.14,34.78,32.89,35.11,22.38,38.61,31.63,35.49
2022-05-20,38.16,26.69,29.42,35.1,51.3,48.01,64.5,21.67,31.02,49.75,46.56,39.42,58.29,38.57,42.33,36.31,21.82,,24.17,39.09,37.28,30.49,30.1,43.93,43.7,50.28,55.58,30.76,30.78,34.3,41.59,34.21,36.33,20.81,30.86,43.14,28.61,38.42,,26.18,51.26,35.38,35.26,34.7,35.88,28.61,27.79,34.91,58.37,44.85,19.08,34.01,25.16,30.08,32.52,28.02,37.95,50.76,37.73,24.22,24.3,29.74,45.96,29.38,28.21,23.53,37.88,34.62,50.88,31.18,59.39,43.86,55.98,73.95,41.3,24.52,29.75,25.94,78.11,27.22,45.01,30.35,35.12,40.55,21.7,41.99,24.97,33.3,34.2,79.65,32.81,67.66,29.35,34.47,32.49,32.27,34.45,21.72,38.87,29.83,35.0
2022-05-23,36.6,27.61,28.09,35.29,49.75,46.34,63.44,22.04,29.66,50.08,46.0,37.87,54.14,36.91,41.88,35.45,21.6,,23.83,37.68,35.0,25.21,29.13,42.32,43.18,48.09,54.49,29.25,28.26,33.66,37.19,32.24,34.29,20.83,29.38,45.2,26.18,37.31,,25.01,48.22,33.93,33.93,33.41,34.26,27.86,26.1,33.62,56.51,44.01,18.58,33.0,23.43,30.03,31.69,26.55,35.94,49.86,36.07,23.2,22.57,27.51,44.99,27.75,26.35,23.3,35.93,33.58,49.58,29.99,57.91,41.7,54.5,70.24,40.86,23.08,28.94,23.82,75.88,26.42,43.52,28.05,34.78,38.48,21.24,40.86,24.31,31.8,32.06,73.83,32.54,65.17,28.27,31.2,32.01,30.59,32.73,21.17,37.48,26.47,34.31
2022-05-24,38.72,27.1,28.83,38.09,53.41,48.64,65.45,21.73,31.2,52.24,47.77,38.9,57.09,37.41,43.79,36.06,22.08,,23.68,37.82,33.74,24.8,29.42,43.73,43.45,46.94,56.93,29.87,28.61,33.54,37.88,32.24,37.51,20.3,30.44,47.1,26.19,38.1,,25.46,50.67,38.49,38.49,33.73,34.41,28.3,25.98,34.31,59.35,43.28,18.77,33.13,23.13,30.2,32.55,27.79,36.99,52.22,37.46,23.45,23.32,26.54,50.9,27.29,26.47,23.4,36.35,35.39,51.25,29.95,60.01,43.33,54.87,75.1,42.18,23.55,29.04,24.16,81.01,25.47,45.27,29.89,35.69,40.2,21.63,40.81,25.16,32.44,32.17,75.28,33.51,72.55,28.95,30.79,32.02,30.29,34.66,20.9,38.58,26.05,34.43
2022-05-25,37.45,25.85,28.69,37.43,51.91,47.6,63.97,20.41,30.8,49.23,45.64,37.82,54.47,36.23,43.37,35.2,21.57,,22.89,36.78,32.32,24.45,28.39,41.65,42.0,45.84,56.39,29.13,27.26,32.89,37.39,33.18,35.74,19.66,29.15,53.95,26.03,37.82,,24.06,48.17,37.12,36.99,33.15,33.3,27.45,24.73,32.86,45.56,42.58,19.0,31.54,22.88,30.43,30.65,26.19,35.53,49.87,35.65,23.28,23.03,28.91,47.23,26.89,25.36,23.34,35.76,33.53,49.99,29.85,58.16,38.8,52.98,74.49,41.54,22.37,28.47,24.02,75.44,25.33,43.43,27.58,34.89,38.48,21.05,40.53,25.02,34.42,32.17,72.83,32.03,68.14,27.88,30.04,32.97,30.35,33.33,19.59,37.11,25.24,33.78
2022-05-26,35.13,26.31,27.38,35.89,48.6,43.85,57.37,22.41,29.23,46.26,37.77,35.41,50.5,33.89,40.61,31.19,21.45,,23.05,34.57,30.24,23.39,27.14,38.71,39.62,44.12,52.95,27.61,26.52,31.49,34.11,32.8,33.71,18.52,27.38,50.09,25.33,35.29,,25.17,44.48,33.59,33.85,30.94,29.94,25.43,23.17,30.8,44.08,42.36,18.8,30.19,21.61,28.33,30.37,24.75,33.08,46.38,33.64,22.01,21.63,29.35,44.15,25.52,24.24,23.85,33.18,31.95,45.18,27.84,54.44,36.53,51.84,57.72,39.85,20.7,27.85,22.8,70.77,25.46,40.62,27.63,32.08,36.48,20.13,35.68,22.93,30.52,29.75,69.67,29.58,63.5,27.5,27.9,31.43,28.3,30.57,19.7,34.59,23.56,32.01
2022-05-27,32.37,25.1,25.34,33.1,45.45,41.04,56.09,19.49,26.6,42.89,34.09,33.98,45.4,31.12,37.87,30.94,22.38,,19.84,32.28,28.75,21.6,25.92,36.79,37.56,31.84,50.94,25.08,25.06,29.66,31.78,31.45,32.22,16.54,24.64,48.71,23.35,31.83,,23.2,41.63,32.21,32.27,28.08,27.78,23.27,22.17,28.72,39.96,38.63,17.32,26.49,19.74,27.43,29.49,23.97,31.03,43.27,31.13,19.53,20.11,22.76,42.2,23.3,23.13,20.99,30.06,28.78,45.77,27.38,50.74,34.2,46.84,52.28,39.21,19.47,26.03,20.78,65.75,24.75,37.54,25.39,29.59,34.07,19.19,33.55,22.08,30.94,27.31,65.03,27.8,59.23,25.91,26.73,28.53,26.22,28.71,18.43,32.4,20.91,29.69
2022-05-31,34.77,26.98,26.02,34.93,49.41,43.15,57.81,21.95,28.81,46.0,35.38,35.45,48.13,32.23,39.23,31.29,25.31,,21.72,33.04,30.63,22.96,27.04,37.71,41.31,31.06,53.15,26.86,25.85,31.89,34.09,33.23,33.32,18.72,26.52,48.48,24.48,34.5,,23.76,43.07,34.07,34.02,30.49,29.58,25.49,23.47,30.55,42.79,41.89,19.15,27.91,21.47,28.23,32.75,24.93,32.89,46.08,32.56,20.64,22.27,25.39,44.37,24.36,23.41,22.61,32.65,30.9,48.03,29.93,53.74,42.32,49.54,55.15,40.04,21.58,28.06,22.27,70.53,26.49,38.79,26.01,31.36,35.99,21.28,33.78,22.25,31.0,29.06,68.64,29.56,63.15,28.08,27.54,30.02,27.41,30.19,19.4,33.83,22.75,32.74
2022-06-01,33.65,26.58,26.52,35.3,47.96,43.81,57.56,21.58,29.3,47.26,35.34,36.45,48.57,32.69,38.98,30.97,28.2,,22.95,34.39,30.95,22.86,26.57,39.07,41.0,31.44,40.76,25.83,25.62,31.74,34.81,31.5,33.99,19.6,26.9,48.86,24.67,35.09,,23.52,42.87,33.87,33.52,31.17,30.39,25.84,22.92,30.7,44.54,45.99,19.78,28.82,22.12,27.37,32.57,24.62,33.45,46.48,32.9,21.07,22.65,26.84,45.2,25.14,22.82,22.47,33.2,31.18,49.83,30.09,54.43,44.28,49.6,55.75,39.92,22.15,28.14,21.95,72.23,25.53,39.99,27.13,32.54,35.8,20.67,35.88,22.18,30.55,28.68,67.43,29.44,62.63,26.99,27.22,30.35,29.32,30.69,18.9,34.21,24.16,32.07
2022-06-02,31.57,25.77,25.73,33.77,44.34,40.55,54.32,23.45,27.67,44.51,33.37,33.4,45.69,30.92,37.51,28.61,23.18,,20.62,31.62,29.1,22.15,25.8,37.3,40.42,31.39,38.96,24.52,25.13,30.65,32.54,30.83,32.15,18.6,25.86,46.05,23.08,32.86,,24.0,41.57,32.26,32.3,29.12,28.06,23.73,22.66,28.7,40.67,42.45,19.19,26.33,20.54,26.56,32.4,22.74,30.83,43.46,31.12,20.0,21.93,25.23,43.35,23.72,22.14,22.43,31.38,29.34,47.84,28.88,51.37,42.99,47.67,53.3,37.77,20.92,36.06,22.09,69.28,25.22,37.81,25.58,30.97,33.79,19.6,32.75,21.94,28.9,28.31,67.08,27.75,59.64,25.95,25.28,27.3,28.23,29.21,18.61,32.13,22.19,31.42
2022-06-03,34.12,25.07,25.89,34.47,46.61,42.22,55.28,22.13,27.99,45.05,33.55,34.15,45.82,31.83,38.2,31.58,21.29,,21.36,32.36,29.24,22.48,26.94,38.01,39.6,30.85,39.17,25.6,25.69,30.07,33.17,32.05,32.57,18.46,25.53,45.72,23.34,33.21,,24.41,42.83,33.17,33.13,30.26,28.36,24.68,22.59,30.69,43.02,44.39,19.25,27.38,20.83,27.44,32.57,22.61,30.78,44.06,31.35,19.93,22.23,25.94,44.94,24.15,22.21,21.86,31.81,30.4,50.82,29.03,52.22,43.36,48.96,54.32,37.86,21.52,26.86,22.01,68.87,24.92,39.15,25.22,31.09,34.67,20.07,33.93,22.34,29.73,27.2,72.98,28.89,62.79,25.62,25.34,27.33,28.36,29.51,19.34,33.01,22.68,31.25
2022-06-06,33.69,24.65,26.22,34.15,45.97,41.66,54.71,22.94,28.0,43.08,32.53,33.85,45.99,31.82,37.35,32.03,21.17,,21.26,32.66,30.47,21.91,27.66,36.96,39.6,30.33,39.11,25.83,24.93,29.88,31.32,32.28,32.45,18.69,25.63,44.48,23.79,32.85,,23.86,42.77,33.41,33.16,29.9,28.04,24.36,22.48,30.39,42.32,43.86,19.04,27.77,20.69,26.81,32.68,23.03,30.66,44.07,31.34,20.18,21.54,26.16,44.02,23.62,22.0,22.06,31.52,30.52,50.21,28.94,50.94,43.48,48.07,53.22,37.49,20.99,26.47,22.17,68.77,23.91,38.71,24.37,31.71,37.25,20.57,34.12,22.49,30.25,27.24,71.68,29.86,62.88,25.24,25.11,27.17,26.96,29.25,19.29,32.8,22.63,31.21
2022-06-07,31.68,23.64,25.29,32.72,45.16,40.31,53.64,20.77,27.92,40.0,31.86,32.54,44.61,30.5,37.04,31.18,19.17,,20.6,31.35,28.14,21.64,26.9,36.17,38.25,29.79,37.69,23.98,25.42,29.33,30.33,31.79,31.46,18.6,24.73,44.4,22.83,31.56,,22.56,40.54,31.96,31.79,29.0,27.79,23.74,22.14,29.51,40.57,39.55,17.74,27.01,19.81,26.24,30.08,22.98,30.73,42.23,29.86,19.41,20.26,24.59,41.95,22.92,20.75,20.43,30.67,28.65,49.31,28.38,49.43,42.39,46.08,51.46,38.61,20.39,25.46,21.09,65.76,24.31,37.46,22.94,30.68,36.4,18.71,31.89,21.93,29.87,26.09,67.28,27.97,61.9,24.35,24.86,27.06,26.28,27.81,18.7,31.89,22.64,31.37
2022-06-08,31.42,23.61,26.43,34.22,44.19,41.9,55.41,20.16,27.71,38.99,32.02,33.07,45.12,31.31,36.75,32.06,19.55,,21.98,32.06,28.59,22.35,27.04,37.04,38.32,29.77,37.41,24.92,25.68,29.33,32.05,31.72,31.78,19.02,24.86,46.39,22.69,32.15,,21.71,41.32,30.77,31.08,30.23,28.31,24.0,22.46,30.63,39.93,41.57,17.86,27.94,20.2,27.15,30.46,24.04,30.88,43.08,30.75,20.05,21.39,25.39,42.21,23.32,26.18,21.35,32.31,28.21,50.32,28.66,49.37,42.09,45.51,51.59,39.28,19.65,25.57,21.6,64.73,24.84,38.44,24.18,30.22,35.65,19.33,35.37,22.97,30.93,27.21,66.14,28.92,61.64,23.8,26.78,29.04,27.03,27.93,19.19,32.98,22.59,31.81
2022-06-09,34.12,24.98,26.54,35.02,45.79,44.03,55.95,20.37,28.98,40.75,33.53,36.03,48.31,34.37,38.89,33.45,19.44,,23.43,34.51,30.87,23.82,28.7,39.94,39.72,31.18,38.67,26.04,25.85,30.18,34.46,32.56,34.94,20.49,26.76,47.61,23.8,34.46,,22.49,43.47,33.57,33.61,32.88,29.29,25.61,23.51,32.78,42.22,46.21,19.11,30.86,22.27,27.99,31.82,25.69,32.4,44.88,33.73,21.63,22.48,26.31,46.3,25.31,26.54,22.22,34.72,30.54,52.6,29.59,53.61,43.97,47.37,54.05,40.54,21.72,27.95,22.78,66.5,25.74,39.79,25.44,31.48,36.88,20.05,37.17,23.25,31.6,28.43,69.43,30.44,62.26,26.65,27.84,30.86,29.33,31.5,20.41,37.28,22.81,32.59
2022-06-10,36.38,28.25,28.79,37.75,51.17,46.34,56.28,21.27,31.62,43.19,35.46,37.45,51.61,37.48,43.42,36.53,21.77,,25.06,38.32,33.36,23.24,29.96,43.4,42.05,32.84,41.82,28.07,26.7,31.76,37.33,32.89,36.86,22.02,28.81,51.41,25.66,38.87,,24.09,46.35,36.28,36.37,36.55,32.45,28.82,24.62,33.57,46.78,44.4,20.24,34.52,22.99,31.37,32.42,27.25,34.15,47.42,35.85,22.86,23.2,26.61,47.43,28.72,26.11,23.42,38.23,33.25,55.48,30.74,56.46,45.85,50.5,57.18,43.6,23.51,29.51,23.83,70.11,26.23,41.74,26.8,34.13,39.8,21.75,38.74,24.01,35.06,30.35,71.53,32.69,66.23,28.06,30.74,33.35,32.52,33.1,21.32,40.53,23.88,33.58
2022-06-13,42.1,31.98,31.7,43.15,57.9,52.88,65.11,26.3,37.45,52.62,41.53,43.97,62.22,43.1,53.37,41.27,24.41,,29.49,44.93,38.61,25.77,34.48,51.41,48.45,37.82,49.72,31.53,31.45,39.0,42.2,36.39,41.99,26.87,32.84,55.6,29.22,45.71,,26.96,54.62,41.78,41.47,40.91,37.21,32.3,29.22,38.82,51.81,50.37,22.76,40.04,26.45,34.51,35.23,30.55,39.19,54.87,41.5,25.75,26.67,29.75,55.36,30.5,31.4,27.36,44.25,39.59,62.37,35.75,66.79,51.54,58.17,66.36,52.02,27.52,34.39,28.09,81.03,31.38,47.97,33.2,40.7,44.9,26.69,46.55,29.97,37.17,35.21,81.61,37.38,75.92,34.23,34.47,36.75,37.49,38.14,25.02,46.66,28.15,40.18
2022-06-14,39.51,31.71,32.7,39.95,55.55,50.76,61.6,25.52,37.49,50.01,38.9,42.97,60.25,41.67,51.12,39.69,25.09,,28.37,42.44,37.03,25.81,33.46,47.8,46.58,35.96,48.21,29.67,29.94,37.44,40.44,34.38,40.65,27.13,32.01,55.5,29.13,43.26,,27.05,51.2,39.54,39.52,39.57,36.22,31.15,27.88,36.7,50.13,51.76,22.89,38.16,27.63,34.27,34.82,29.06,38.16,51.56,39.07,25.93,26.01,30.35,53.21,29.89,30.22,25.77,42.43,36.33,59.37,34.4,64.09,49.13,55.1,62.79,36.89,27.24,33.36,28.9,76.94,28.42,45.03,32.38,38.89,42.94,27.96,43.44,29.87,35.02,34.18,79.01,34.99,74.5,33.45,33.15,35.78,36.62,35.57,24.72,46.91,27.07,38.6
2022-06-15,36.11,29.95,28.84,37.33,52.15,46.19,56.34,23.4,32.87,45.37,36.18,38.7,56.22,37.96,46.11,36.4,22.17,,26.51,40.11,34.18,23.82,30.46,43.62,44.76,33.55,43.97,27.78,27.67,35.65,36.71,32.89,37.03,24.71,29.79,51.16,27.13,39.77,,26.16,47.14,36.56,37.05,36.65,33.28,28.15,25.1,33.82,46.1,45.71,20.78,35.64,24.72,31.65,32.88,27.61,35.91,48.34,36.02,23.79,24.66,27.94,49.53,28.86,28.34,24.01,40.13,33.49,55.61,32.16,58.58,46.89,51.29,57.84,31.1,25.35,30.81,27.11,72.7,27.09,41.55,29.68,35.88,41.21,26.37,39.92,27.49,30.84,31.86,73.15,32.6,66.87,30.77,30.26,32.47,33.62,32.64,22.85,43.25,25.54,36.46
2022-06-16,39.83,30.62,32.93,40.91,57.29,52.17,63.19,26.0,36.09,50.06,40.36,43.7,58.82,40.24,51.96,41.46,22.72,,28.48,42.91,38.72,25.94,35.51,52.89,50.76,35.47,47.95,30.05,28.98,41.2,40.57,35.62,39.8,26.7,32.05,52.58,29.66,44.88,,28.64,54.85,39.64,39.93,39.32,35.52,31.95,29.57,37.65,50.93,50.07,22.44,37.97,27.0,34.78,35.2,29.26,38.68,54.46,40.1,25.8,26.95,30.69,54.63,30.44,30.7,25.2,43.97,37.32,61.2,34.39,64.65,51.68,56.41,63.4,33.8,27.17,33.45,28.02,77.75,28.5,47.59,32.27,39.86,44.42,28.05,45.69,31.61,35.28,34.79,83.24,35.21,73.95,32.62,32.48,35.72,35.68,37.02,25.3,47.1,26.94,41.3
2022-06-17,36.66,29.49,29.15,38.4,44.85,48.68,59.96,24.21,33.66,46.37,36.93,41.31,55.99,38.77,46.72,37.59,20.97,,26.56,41.13,36.33,24.5,32.17,47.98,53.14,34.09,45.09,27.93,28.42,42.54,38.4,33.76,37.9,25.45,31.81,48.03,27.89,41.62,,26.46,51.92,38.16,38.14,37.95,33.97,29.06,28.75,35.12,47.66,48.72,21.53,35.91,25.24,34.37,34.52,27.45,36.77,50.29,36.68,24.07,24.27,26.61,50.47,28.67,28.18,24.99,41.52,34.13,57.82,31.96,61.9,48.63,52.79,59.05,31.92,25.54,31.99,26.05,71.83,29.02,43.89,30.97,36.48,43.21,26.65,42.5,28.46,32.71,32.65,76.4,33.48,67.28,31.22,31.18,33.69,33.29,34.47,23.13,43.45,25.83,44.28
2022-06-21,35.19,26.16,28.7,36.95,42.74,46.84,57.52,22.71,31.79,44.9,36.26,38.57,53.35,37.69,44.61,36.12,20.88,,26.41,39.08,34.49,23.54,31.75,47.65,47.99,32.03,43.15,26.13,27.51,38.98,36.65,30.57,36.85,23.95,29.9,47.55,24.6,39.73,,24.81,48.68,38.58,38.78,36.35,33.33,27.98,30.42,33.86,45.4,47.22,20.78,33.85,26.66,32.2,34.71,27.17,36.53,49.52,35.32,22.68,22.97,26.32,54.95,26.64,26.66,23.39,38.49,33.4,54.78,30.67,73.26,47.54,50.35,57.47,30.56,24.52,29.35,26.21,69.21,26.81,42.3,28.3,34.63,42.91,25.37,40.18,28.05,30.91,30.71,76.0,31.86,66.9,30.28,30.44,32.02,31.31,32.78,22.0,41.65,24.56,41.12
2022-06-22,36.46,28.05,28.32,37.0,42.74,48.02,56.17,22.29,32.18,45.51,35.67,40.6,53.68,38.56,44.37,36.49,20.96,,25.53,40.61,36.8,23.93,30.28,47.62,51.6,32.29,42.62,26.56,27.21,41.6,37.4,33.29,35.87,23.31,30.94,49.54,25.91,40.04,,23.63,48.99,39.7,39.24,36.86,32.86,29.99,31.88,35.12,44.86,50.19,21.67,34.15,24.54,31.96,34.36,26.98,36.47,49.78,34.98,22.66,22.89,25.88,53.98,26.79,32.47,23.43,38.68,33.13,54.95,30.09,77.44,48.29,51.03,57.32,31.1,24.25,28.99,24.5,70.02,28.24,42.94,29.24,34.02,43.47,24.64,39.42,28.51,30.82,31.16,74.36,32.15,67.37,30.32,31.19,31.66,31.16,33.57,22.2,41.93,25.07,42.4
2022-06-23,35.09,26.96,28.48,32.22,41.63,47.6,56.41,21.6,31.92,46.15,34.98,40.84,53.97,40.4,46.41,34.88,20.4,,25.89,41.54,40.17,24.17,32.03,48.19,55.8,31.16,41.34,27.1,26.95,43.48,40.82,32.96,35.88,22.31,31.52,50.29,26.56,40.51,,25.98,48.95,39.56,39.51,37.57,32.49,29.47,31.12,35.1,44.44,47.33,20.25,35.67,24.08,32.18,33.21,26.54,35.45,49.63,36.17,22.79,22.89,22.41,54.28,27.3,31.52,22.83,40.53,32.78,54.65,30.04,79.05,48.28,50.94,55.9,30.78,24.16,29.0,25.24,69.8,26.96,43.11,28.92,33.43,43.54,23.92,39.21,27.97,29.76,31.6,72.78,33.0,65.8,30.51,31.12,34.05,32.57,32.92,22.31,43.51,24.2,44.46
2022-06-24,32.34,25.52,26.64,29.31,39.35,44.8,53.28,21.19,29.58,43.67,32.57,39.0,51.36,38.13,42.28,33.79,20.67,,23.59,38.31,36.2,23.03,29.52,45.25,51.48,28.79,39.97,25.36,25.53,40.67,37.87,31.96,33.97,21.23,27.63,37.26,25.61,38.57,,21.37,46.15,38.28,38.2,35.07,30.76,27.33,29.22,33.46,41.99,48.26,19.74,32.78,23.01,30.14,30.97,25.42,33.13,47.18,33.53,21.73,22.03,23.74,52.81,25.77,28.95,23.76,37.03,30.18,51.9,28.59,76.34,46.32,50.14,52.32,28.89,23.5,28.78,24.78,65.33,26.63,41.78,28.24,32.13,42.04,23.35,35.79,26.69,28.21,29.83,68.63,33.83,62.18,29.58,29.76,31.39,29.57,31.1,22.81,40.15,23.67,41.92
2022-06-27,35.67,26.61,27.56,30.82,40.93,45.35,56.54,22.35,30.23,47.91,33.72,39.75,54.11,38.1,42.25,35.34,21.56,,23.96,39.89,37.43,24.56,31.38,45.74,50.21,30.3,41.92,26.14,25.41,40.05,37.47,33.78,35.75,21.86,28.8,37.72,27.69,41.23,,23.35,47.81,41.36,41.45,35.58,30.81,29.06,29.33,36.59,43.55,50.73,20.09,33.37,23.2,31.49,31.53,26.87,33.24,49.57,36.12,22.95,23.24,24.67,60.92,27.93,30.34,24.81,38.75,32.37,52.6,28.77,76.94,51.67,52.26,54.61,29.27,23.44,30.7,25.94,68.08,27.09,46.02,27.16,32.72,42.45,22.95,36.88,27.24,29.12,31.05,71.82,35.17,63.36,29.46,30.32,34.95,30.69,33.93,22.54,40.61,23.1,41.23
2022-06-28,38.16,27.17,29.11,32.46,42.96,47.47,59.85,21.95,30.98,52.28,35.29,40.85,55.9,38.16,46.05,36.18,21.73,,24.93,40.11,37.89,26.17,33.02,46.22,48.96,31.33,44.16,27.13,26.1,39.53,37.72,34.35,36.82,20.94,29.64,37.53,30.08,43.37,,23.9,49.72,43.68,43.64,35.36,32.58,30.12,29.61,39.11,45.58,50.48,21.23,32.94,24.1,31.21,31.95,27.24,35.58,51.3,38.89,23.61,24.74,25.83,65.28,28.56,31.41,25.92,39.14,35.75,54.54,29.47,78.02,39.13,54.62,58.01,30.57,24.19,31.91,26.74,70.22,26.77,50.05,29.52,33.67,42.99,22.88,37.46,27.73,30.29,33.65,74.57,36.33,65.69,29.42,30.4,36.83,31.21,35.75,23.03,40.17,23.63,41.33
2022-06-29,38.51,28.88,28.34,33.07,42.78,49.53,61.41,22.11,31.45,53.43,36.15,42.16,56.13,38.63,47.37,37.8,22.83,,24.88,40.19,40.14,26.2,33.82,47.71,51.33,31.12,43.65,27.32,26.25,41.52,39.48,33.52,37.4,21.5,30.0,37.87,29.53,46.35,,24.43,50.88,44.26,44.5,35.55,32.47,31.47,30.44,40.84,45.17,52.46,20.83,32.95,24.48,31.22,32.94,29.46,34.25,53.93,38.64,24.54,26.0,24.31,67.62,29.53,33.95,26.39,39.26,34.83,56.72,29.98,79.82,39.25,56.2,60.02,30.56,23.75,32.5,26.02,70.76,27.83,51.48,29.69,34.42,43.6,23.4,38.35,28.02,29.73,34.74,75.82,37.88,67.11,30.1,30.67,38.41,32.37,35.95,21.94,40.79,24.17,43.58
2022-06-30,40.74,29.75,29.66,33.43,42.88,50.42,62.24,22.19,31.36,55.43,36.59,42.63,57.46,40.04,51.31,38.51,24.68,,25.36,41.78,40.9,26.04,34.24,48.44,51.58,31.52,46.02,27.49,27.42,42.18,39.47,35.22,38.6,22.04,30.51,38.97,28.85,46.28,,22.64,54.65,46.01,46.14,36.82,33.06,31.82,30.73,42.4,44.56,50.86,21.32,34.76,24.28,31.8,32.45,28.87,36.19,54.28,40.42,24.71,25.14,23.97,68.27,30.24,33.9,27.55,40.56,36.9,57.93,29.47,80.14,40.04,55.84,60.99,30.56,24.31,33.14,26.51,71.17,28.52,52.46,28.72,35.04,43.94,23.5,39.36,28.12,30.9,34.3,77.41,37.64,70.33,30.0,30.72,38.6,32.6,37.84,22.92,41.76,24.66,44.84
2022-07-01,37.95,28.74,28.47,32.62,41.39,50.18,62.14,21.02,30.44,52.36,36.17,40.65,55.95,38.35,48.81,36.99,24.22,,23.49,40.29,41.08,25.89,33.33,46.5,50.22,30.18,44.48,26.68,26.49,39.95,38.02,33.44,37.01,19.6,30.69,37.8,27.64,45.48,,24.81,53.68,44.99,44.65,35.77,31.7,30.43,30.46,43.18,43.39,50.39,20.71,33.49,23.5,31.57,32.97,27.52,34.92,55.4,38.63,23.54,24.11,24.22,67.53,30.13,32.89,26.65,39.84,33.63,46.54,27.76,78.04,38.24,52.39,59.32,28.85,23.21,32.73,25.74,69.2,27.4,51.64,30.24,34.3,42.79,22.72,38.66,27.52,29.1,33.71,75.5,39.08,67.71,28.23,30.25,38.0,31.65,36.01,21.53,41.11,23.92,42.92
2022-07-05,38.33,29.57,30.04,33.0,42.02,52.8,64.13,25.07,31.99,53.8,37.08,43.45,58.46,39.77,53.7,38.81,25.86,,25.3,41.83,42.83,26.77,35.09,48.61,55.39,30.91,45.08,28.74,29.89,43.35,40.26,34.77,38.8,23.32,34.28,38.45,30.29,48.06,,27.12,54.88,45.83,45.53,37.76,32.61,32.58,32.3,44.04,44.2,51.61,21.6,35.76,25.53,35.12,36.19,31.4,35.24,56.38,39.53,25.45,26.48,25.8,68.41,30.46,33.72,27.38,40.95,35.66,48.4,31.31,80.6,37.74,55.57,58.92,29.61,24.33,34.03,26.73,70.54,29.42,51.03,33.28,38.5,44.72,25.31,41.58,28.32,31.96,34.9,73.4,38.41,72.59,31.36,31.84,39.49,33.18,36.07,21.66,43.59,24.69,45.85
2022-07-06,37.37,29.27,29.46,32.14,41.15,50.77,64.15,26.15,31.45,52.95,35.38,41.71,57.55,39.65,54.05,38.72,25.14,,24.48,41.66,42.68,26.09,34.33,48.62,55.75,30.33,44.09,28.19,29.71,43.53,38.5,33.98,38.89,22.42,33.69,38.53,29.31,47.08,,27.4,55.51,45.01,45.06,37.25,31.62,31.18,32.29,43.05,42.9,50.84,21.02,35.72,27.06,33.42,37.18,31.04,34.27,54.31,38.66,24.97,25.57,26.2,67.09,29.86,33.61,26.52,40.38,34.94,47.03,30.35,79.0,36.97,55.12,57.99,28.67,23.25,31.76,26.01,71.15,30.86,50.28,27.83,38.75,44.12,24.62,40.44,27.48,31.8,35.77,71.71,37.63,76.18,29.76,31.26,39.78,32.84,34.51,21.13,43.88,24.19,46.57
2022-07-07,35.53,29.29,28.17,30.18,38.93,47.65,61.64,26.22,30.16,49.93,32.95,39.33,54.22,36.98,53.9,35.94,25.38,,23.87,39.05,40.28,25.71,33.28,45.92,51.78,29.37,40.76,27.12,29.33,40.66,37.18,32.26,36.76,21.92,31.79,36.74,27.67,44.65,,26.5,52.67,44.11,44.14,35.34,29.67,30.73,31.77,42.07,41.76,49.34,20.9,32.97,24.21,32.14,36.03,30.16,32.52,52.66,36.25,24.36,25.03,26.06,65.93,29.95,32.1,25.95,37.87,33.55,45.34,28.39,76.5,34.91,54.06,54.22,27.43,22.9,31.63,25.12,69.51,29.14,48.79,31.9,37.71,42.04,23.89,39.03,26.4,29.61,37.23,68.83,36.65,72.8,29.4,30.06,39.26,30.85,34.27,21.63,41.54,23.56,43.99
2022-07-08,33.99,27.86,27.69,29.24,37.63,46.77,59.55,24.84,29.74,48.48,32.16,38.3,53.65,36.79,52.08,35.01,25.47,,22.94,38.64,38.24,25.77,32.7,44.91,50.28,27.66,39.83,26.34,28.21,39.39,35.47,31.48,36.9,22.02,32.15,35.35,27.05,43.5,,26.46,51.36,42.04,42.3,34.9,29.05,30.44,30.79,41.86,41.37,47.11,20.34,32.42,22.84,31.71,33.88,30.08,31.72,51.3,35.93,23.39,24.19,24.29,64.82,29.5,30.78,25.16,37.73,32.1,44.11,27.8,74.52,33.84,53.17,53.09,26.48,22.07,31.56,24.04,68.94,29.05,48.42,30.01,36.6,41.37,23.52,36.31,26.98,28.43,35.6,66.87,36.06,71.35,28.05,30.47,38.79,30.31,33.26,21.2,41.06,22.62,41.85
2022-07-11,36.7,28.06,28.35,30.5,39.55,49.72,62.99,24.81,31.16,51.6,35.12,39.76,55.35,38.25,54.36,37.41,24.75,,25.33,40.18,40.9,23.97,34.27,46.76,50.39,29.03,41.47,27.36,28.73,39.99,37.77,31.62,40.93,22.12,33.13,38.02,27.93,45.77,,26.68,54.52,43.71,43.63,36.03,30.07,31.31,32.56,43.71,43.35,47.89,20.75,34.54,24.07,33.8,35.85,30.34,32.81,53.21,37.38,24.17,24.68,25.88,67.46,29.63,31.71,25.81,39.11,34.17,45.92,29.66,77.18,35.94,55.17,57.16,27.39,23.08,31.79,24.09,77.77,29.15,50.95,30.81,38.29,43.0,24.06,39.93,27.65,31.16,35.72,72.14,37.66,75.86,28.2,31.37,41.0,31.48,34.56,21.47,42.15,23.81,43.09
2022-07-12,37.54,28.08,28.48,31.72,41.43,50.44,63.91,26.65,32.69,52.84,35.5,41.74,56.31,38.95,53.64,37.79,25.36,,26.24,40.18,41.04,26.87,34.93,49.3,51.88,30.0,44.11,28.09,29.16,41.31,37.77,33.54,42.27,22.88,34.81,39.17,29.42,47.45,,26.41,54.0,44.02,44.34,37.26,31.58,32.68,34.49,45.37,44.5,49.31,22.19,35.56,24.7,35.55,37.23,31.96,33.1,53.93,38.84,25.01,24.92,26.15,68.16,31.25,32.78,26.19,40.18,37.15,46.44,30.99,77.46,36.6,62.52,57.15,28.92,22.57,32.54,26.26,80.48,28.72,53.44,31.29,38.75,44.22,24.01,41.49,27.58,35.65,35.68,71.21,38.45,73.61,28.98,33.47,42.26,32.24,35.61,22.48,43.09,24.34,44.7
2022-07-13,37.66,27.54,29.34,31.59,41.07,48.94,62.82,26.77,32.19,52.21,35.88,40.94,55.78,39.17,52.75,37.65,25.32,,26.24,41.01,40.3,26.46,35.6,49.87,51.77,29.08,44.63,28.4,30.21,40.84,36.81,33.14,43.36,23.58,30.02,39.1,29.61,47.65,,26.97,53.99,43.65,43.67,37.12,30.97,33.03,35.41,47.85,44.41,48.42,21.69,35.32,24.24,34.52,35.43,31.02,32.81,53.76,38.63,24.93,26.13,25.64,67.62,32.25,32.83,26.22,40.22,35.66,46.56,30.81,79.21,36.5,59.73,56.61,28.88,21.64,31.84,25.04,83.45,30.13,53.52,30.97,39.0,44.15,25.32,40.94,27.7,34.76,35.59,69.61,37.42,73.49,29.75,32.42,43.04,32.96,35.32,22.88,42.96,23.9,43.97
2022-07-14,37.37,27.99,29.17,31.95,39.92,47.95,61.66,26.1,31.95,51.03,35.44,41.28,55.96,39.24,54.49,37.45,24.98,,27.2,40.18,40.32,26.38,36.1,49.63,51.98,28.97,44.74,29.65,30.49,40.93,38.56,34.52,42.97,24.99,37.24,38.46,28.8,47.32,,28.0,53.13,43.43,43.32,37.8,31.41,31.74,33.65,47.3,44.09,47.02,20.73,32.56,24.31,34.95,35.04,31.47,33.51,52.07,38.19,24.67,26.29,26.49,67.87,31.7,33.4,25.6,35.85,35.39,45.25,30.75,79.43,35.86,60.98,55.42,28.51,21.4,31.65,24.99,84.79,30.03,52.78,32.04,38.13,44.22,24.66,41.27,27.38,33.73,34.5,68.09,37.07,74.71,29.7,32.35,43.84,33.67,36.26,22.3,43.14,24.8,44.54
2022-07-15,34.04,27.98,26.57,29.5,37.39,45.14,59.2,25.11,28.52,49.09,32.2,39.14,52.52,39.77,50.24,34.25,23.66,,24.32,36.37,37.17,24.75,33.63,45.25,49.07,27.33,40.7,28.64,28.66,38.65,37.39,32.57,40.96,21.66,31.23,35.56,27.05,45.41,,26.48,49.73,41.78,41.7,34.5,29.81,30.75,33.44,43.92,41.36,45.59,19.95,30.56,22.42,31.04,33.69,29.27,32.03,49.54,36.25,23.54,24.22,24.37,64.82,29.56,30.84,23.99,33.22,33.54,43.59,30.87,77.85,33.85,56.2,53.02,26.66,20.31,30.34,23.11,82.57,27.55,51.02,29.8,36.64,41.51,22.42,38.15,25.85,30.75,33.1,65.09,35.77,72.35,24.52,30.88,41.61,29.05,35.11,21.33,36.86,23.91,41.78
2022-07-18,36.56,27.86,28.57,30.32,38.52,49.03,60.05,27.63,30.42,49.57,34.61,39.39,53.29,34.22,50.81,33.08,24.63,,24.69,35.28,37.29,24.97,34.82,44.03,48.25,29.39,41.74,32.74,29.76,39.46,40.98,34.49,42.57,22.44,29.09,35.7,27.87,45.01,,27.12,50.77,42.27,42.46,31.55,31.61,30.42,33.75,44.51,42.47,45.66,21.79,30.68,23.54,32.66,35.0,31.13,35.13,51.22,36.85,24.26,24.8,28.07,65.72,31.35,29.99,25.65,33.83,34.97,44.56,31.29,83.09,34.58,57.25,56.53,27.47,20.51,31.1,24.4,79.45,29.43,51.5,30.94,37.54,38.15,24.19,36.88,26.1,36.73,34.24,66.31,36.1,72.82,25.38,30.82,41.34,28.06,34.8,22.12,36.43,27.76,41.94
2022-07-19,34.01,27.47,27.04,28.51,36.63,47.89,58.58,25.66,28.18,47.58,32.07,38.6,51.44,32.09,48.85,30.71,25.06,,23.08,33.45,36.21,23.98,33.89,44.22,47.08,27.67,40.52,33.35,28.58,37.99,41.0,32.82,43.19,21.34,29.41,34.08,26.57,43.83,,26.03,47.65,39.72,39.39,30.42,31.27,29.35,25.86,43.6,40.09,43.55,19.54,28.43,22.17,32.73,35.5,27.55,35.53,49.02,34.53,22.76,23.12,22.47,65.53,30.3,28.86,24.79,31.66,33.49,42.71,29.32,86.73,33.13,55.52,54.42,26.08,19.65,29.7,23.48,78.93,28.67,49.12,28.78,35.53,35.19,23.76,37.54,25.36,32.03,34.36,64.05,34.71,70.62,24.48,29.43,40.91,25.84,32.34,21.04,33.82,27.98,39.74
2022-07-20,32.51,28.34,25.13,28.39,36.0,47.25,57.71,26.82,30.08,46.0,31.75,36.02,49.71,31.3,48.08,30.77,23.66,,22.83,32.42,35.02,23.67,32.12,45.57,45.8,26.97,39.53,34.85,28.89,38.19,41.94,32.28,40.2,22.67,29.3,33.04,26.23,43.87,,26.54,47.01,39.07,38.91,29.27,30.93,29.14,24.06,43.25,38.88,42.65,19.35,28.46,22.86,31.34,35.2,26.45,36.02,48.26,34.34,22.12,24.26,21.14,62.73,29.83,28.15,26.02,30.54,33.24,41.58,29.57,47.36,32.55,55.0,53.8,25.51,19.57,29.66,23.85,78.75,29.84,48.43,27.81,34.14,35.22,23.24,37.08,27.39,33.4,34.81,63.59,34.61,70.2,25.31,28.71,40.19,26.67,33.47,22.78,33.23,28.55,38.55
2022-07-21,31.75,27.64,23.5,27.03,35.03,45.9,55.84,26.75,28.06,44.29,30.01,36.43,48.89,30.08,47.22,29.62,23.99,,22.34,30.13,34.7,23.09,32.63,43.75,44.97,26.19,37.83,34.89,29.5,38.72,41.15,29.54,38.38,22.01,28.33,31.89,25.9,42.76,,26.05,45.69,38.84,38.9,27.45,29.9,28.34,23.82,42.19,38.51,41.23,18.86,27.12,21.92,30.05,34.79,25.86,35.62,47.24,33.13,22.03,23.48,22.77,63.18,29.54,27.55,25.43,28.7,32.37,40.37,29.31,46.73,31.43,52.46,52.76,25.13,18.91,29.56,23.02,78.82,24.94,47.33,28.57,34.05,33.83,22.11,35.17,27.04,32.31,34.51,59.22,33.78,68.12,24.99,25.75,39.53,25.44,32.14,24.47,31.53,27.57,39.6
2022-07-22,32.5,27.15,24.54,26.87,35.5,46.6,55.02,27.68,27.87,45.46,30.53,32.6,48.19,29.81,46.82,30.15,24.2,,22.56,30.46,35.43,22.99,31.51,38.52,45.89,26.19,39.2,34.57,28.61,38.13,41.1,28.06,38.43,21.4,28.69,32.81,25.75,42.72,,24.64,46.18,43.36,42.33,27.61,30.47,27.5,22.85,44.05,39.34,35.75,18.87,27.02,21.51,28.09,34.19,25.3,35.28,46.62,33.36,21.63,23.42,24.44,65.5,27.7,26.93,25.35,29.03,33.13,41.75,26.58,47.98,32.17,53.4,53.62,24.22,18.72,28.43,22.65,78.25,23.21,47.99,28.26,33.51,32.83,20.95,36.37,23.95,31.26,35.74,57.01,33.85,70.2,24.42,24.68,40.19,25.19,33.21,22.7,31.03,27.51,38.74
2022-07-25,33.95,26.7,24.83,27.22,36.91,47.64,56.92,25.08,28.55,46.54,31.91,33.16,48.34,30.82,46.61,30.89,25.18,,22.73,31.66,35.02,23.79,31.83,38.71,45.56,26.82,43.95,35.64,29.34,37.79,40.75,28.77,38.92,21.75,29.35,33.82,25.88,42.67,,25.91,47.16,43.42,43.09,28.94,31.08,28.04,22.65,44.45,42.95,36.2,19.71,27.88,21.67,29.26,34.93,25.5,36.34,48.04,34.59,23.03,24.93,25.91,65.33,28.65,27.45,25.85,29.81,33.87,43.19,25.98,49.09,32.85,54.73,58.66,25.42,19.13,29.05,23.1,79.84,24.5,48.17,28.5,35.51,34.35,21.22,37.91,22.77,31.1,36.07,57.18,36.55,71.02,25.0,25.19,38.96,25.93,33.77,21.69,31.89,27.97,38.29
2022-07-26,35.41,26.62,24.83,29.39,39.54,49.68,59.26,25.31,29.18,50.76,33.37,33.68,48.67,32.51,48.65,31.74,23.68,,23.67,32.37,36.17,24.13,33.94,40.69,46.14,28.52,47.55,36.57,28.61,38.71,41.9,28.35,40.91,21.72,29.95,33.47,26.35,35.32,,25.98,44.48,45.85,46.59,29.79,33.12,28.92,22.98,44.74,45.55,36.6,19.8,29.28,19.52,30.38,34.16,26.21,38.23,49.77,36.2,20.33,24.98,26.56,67.56,25.04,28.31,25.87,31.07,36.78,43.86,27.03,49.82,34.95,56.69,61.79,26.75,19.19,29.09,23.67,81.65,24.08,50.17,27.27,37.39,35.28,21.26,37.71,24.2,30.38,35.64,58.07,36.2,73.88,25.09,26.13,28.53,26.61,34.4,21.39,33.36,30.13,39.23
2022-07-27,31.83,25.91,22.93,25.9,35.63,45.52,55.47,24.56,27.66,45.07,30.8,32.07,43.07,30.07,44.88,28.73,20.22,,21.41,30.64,34.38,23.14,30.78,38.26,43.91,25.82,44.29,33.4,27.82,36.42,39.29,27.88,37.18,20.59,28.28,31.1,21.83,32.86,,25.14,40.55,30.78,31.11,27.76,31.74,26.47,20.58,41.02,43.2,35.78,18.33,27.12,18.14,28.81,34.18,23.87,36.6,44.84,32.48,18.05,20.73,25.78,60.19,24.04,26.33,24.32,28.91,27.08,41.09,25.38,47.39,32.0,53.04,58.63,23.92,17.77,27.68,21.74,78.52,23.15,47.4,26.03,35.69,33.19,20.5,35.72,21.88,29.22,28.25,52.88,27.73,71.87,22.79,24.01,25.94,25.32,27.05,18.92,31.38,26.65,40.85
2022-07-28,30.6,25.17,22.79,25.78,34.35,43.16,53.9,23.49,25.6,45.69,30.07,30.74,42.43,29.57,44.69,28.07,20.35,,21.3,29.27,33.08,22.47,27.72,37.01,41.99,25.22,43.79,33.09,27.94,34.78,38.09,26.42,36.89,19.98,27.0,29.17,21.05,33.91,,22.86,39.92,29.75,30.1,26.41,30.75,21.79,19.86,42.51,42.49,34.85,17.66,26.02,17.91,26.43,34.69,23.53,35.24,40.65,28.42,17.18,19.56,26.59,43.02,23.17,23.49,21.05,27.75,25.9,39.53,26.05,45.36,31.28,44.67,57.5,23.17,17.86,25.35,21.72,77.62,22.69,38.77,24.79,34.69,33.25,19.1,36.04,21.26,27.56,25.33,52.98,26.09,70.34,22.6,23.23,23.67,27.33,25.71,18.45,30.5,26.3,36.12
2022-07-29,25.27,26.07,22.76,24.98,33.29,41.63,52.77,23.99,23.48,34.83,28.79,29.36,41.31,27.9,45.09,27.09,20.97,,21.32,28.31,34.61,20.14,30.61,35.01,40.48,24.04,42.64,32.56,28.08,32.0,38.37,25.71,35.76,19.41,25.53,28.3,20.3,32.36,,25.07,38.75,27.74,27.53,24.79,29.73,20.55,18.86,32.12,41.27,34.17,17.34,25.12,17.61,24.84,33.56,22.91,34.53,39.15,26.81,17.09,20.0,25.11,41.47,22.33,22.57,21.34,26.86,24.47,38.84,25.36,44.6,29.58,43.45,56.76,22.58,17.51,25.01,21.22,74.01,21.62,35.67,24.51,34.56,31.98,18.55,35.07,20.41,25.07,24.44,53.01,25.55,69.27,21.87,22.41,23.98,25.18,25.16,17.77,28.91,25.94,32.74
2022-08-01,27.01,26.28,22.81,26.61,35.27,44.41,55.47,25.45,24.88,36.1,32.2,30.72,42.48,30.03,46.09,28.59,20.26,,21.67,29.45,37.45,20.09,30.3,36.53,42.59,25.67,44.05,33.41,29.17,33.08,39.93,28.25,37.48,19.98,27.35,30.36,21.35,33.77,,25.55,40.0,29.77,30.07,26.8,31.32,21.76,19.75,32.8,43.1,35.5,18.18,26.94,18.17,25.45,34.58,25.71,35.45,41.32,28.97,17.86,20.04,25.71,44.01,22.7,23.87,22.23,27.86,25.79,41.13,26.32,46.28,31.82,43.98,58.99,24.17,18.68,26.27,21.06,74.25,21.87,38.08,25.84,36.83,32.7,19.04,36.84,21.3,26.74,25.4,57.35,27.05,73.87,23.45,23.18,24.56,25.98,26.63,18.52,30.19,27.0,34.07
2022-08-02,28.42,25.18,23.18,27.39,36.35,45.67,58.07,26.85,25.61,37.6,34.87,31.06,43.38,31.36,47.8,29.28,22.31,,22.38,30.73,32.83,20.65,29.67,37.7,42.51,26.39,45.36,33.98,29.3,33.36,40.05,26.42,38.55,20.33,27.47,31.82,22.38,34.81,,24.51,41.49,31.07,30.55,28.49,31.08,22.95,20.83,32.89,43.5,34.31,18.64,27.72,18.86,26.32,35.05,27.07,37.03,42.42,28.85,18.83,20.21,23.57,44.79,23.42,25.06,22.88,28.66,27.05,41.93,26.42,46.45,33.17,44.75,60.21,24.68,18.95,27.22,19.32,74.85,21.95,39.19,26.46,38.43,33.16,19.97,31.39,22.4,27.82,25.81,58.82,28.0,55.97,23.42,24.39,25.31,26.85,28.22,19.78,30.86,26.58,34.44
2022-08-03,26.37,24.54,22.34,25.36,33.33,42.32,46.86,24.21,23.97,35.62,34.0,28.54,40.6,29.93,49.97,27.71,22.42,,21.1,29.13,30.34,19.8,27.89,35.39,43.04,25.42,45.38,32.78,22.18,32.97,39.0,26.93,37.23,19.11,26.6,30.86,20.75,33.43,,20.02,40.32,28.56,30.07,26.76,29.88,21.12,19.61,30.51,40.83,32.73,17.2,26.48,18.01,24.55,37.79,25.06,35.24,40.03,26.88,18.18,19.39,26.56,43.47,21.6,22.36,21.89,27.52,25.15,38.99,25.74,44.71,31.14,42.17,57.24,23.29,18.35,25.68,18.61,72.64,21.08,36.26,25.3,27.37,31.31,18.89,30.23,21.67,24.25,25.09,57.43,25.38,53.2,20.97,22.65,24.58,24.95,26.56,19.4,29.42,26.97,34.81
2022-08-04,25.89,25.42,23.02,25.24,33.88,41.08,48.62,24.79,23.81,35.68,33.63,29.48,40.91,29.99,37.92,28.77,22.94,,21.65,29.7,30.23,20.79,27.77,36.5,42.53,25.12,44.31,33.85,22.66,33.79,38.4,27.46,37.75,19.09,26.75,30.49,22.58,33.66,,22.7,41.14,28.83,28.79,26.54,31.39,21.12,19.66,30.88,41.11,33.39,18.06,26.9,18.3,24.67,31.45,25.79,35.46,39.66,27.69,18.06,19.7,24.0,42.78,23.29,23.41,22.17,27.55,24.53,39.25,26.7,45.4,31.21,42.17,56.05,22.94,18.53,26.21,18.58,75.79,21.66,35.52,25.36,27.13,32.63,19.35,30.78,21.55,27.05,24.78,56.74,25.79,53.92,23.61,23.25,24.42,25.88,26.76,19.88,30.49,28.53,36.8
2022-08-05,25.04,24.09,21.59,24.3,32.78,40.95,46.37,24.34,22.62,34.38,32.88,28.52,39.15,28.93,37.01,27.07,22.11,,21.06,28.38,28.74,19.75,27.69,35.02,41.33,24.14,43.54,33.02,21.51,31.94,37.62,26.91,38.04,18.05,25.26,30.02,22.43,32.54,,22.65,39.69,28.63,27.76,25.33,30.32,20.35,17.96,30.27,40.06,32.04,16.89,25.42,17.31,22.7,30.81,24.79,34.81,39.5,26.21,17.24,19.41,24.2,41.38,21.97,22.36,21.61,26.26,23.56,38.64,26.14,43.39,29.72,42.96,54.97,22.41,18.23,25.88,17.73,75.82,21.3,34.8,24.58,25.97,31.41,18.78,29.5,20.65,25.16,24.2,53.45,25.56,50.51,22.29,22.08,23.33,24.8,25.34,18.31,28.93,27.14,34.13
2022-08-08,25.68,23.93,23.07,24.92,33.27,41.76,47.71,20.33,25.36,35.06,33.33,29.64,41.2,30.01,38.05,27.8,22.23,,20.04,29.02,29.17,20.09,27.83,35.33,41.19,24.79,43.35,33.15,21.63,31.65,37.11,26.52,39.5,18.94,25.84,31.18,22.11,32.98,,21.2,41.17,28.19,28.33,25.83,30.19,20.59,19.01,30.12,40.86,32.82,17.48,26.26,17.89,23.8,30.26,24.68,35.44,40.52,28.06,17.89,19.33,24.64,42.2,21.55,22.33,20.85,27.08,24.9,39.98,26.59,45.88,30.05,42.53,55.23,23.25,18.49,25.22,18.1,61.85,21.72,35.44,25.75,26.51,32.73,18.65,31.19,21.37,25.13,25.08,55.86,25.84,51.86,22.49,22.42,23.24,25.31,26.48,19.07,30.08,27.24,33.9
2022-08-09,26.56,24.3,23.0,25.42,34.06,46.0,48.74,19.67,25.04,35.95,34.31,29.04,41.87,29.44,38.02,27.71,21.81,,20.19,28.96,29.55,20.18,27.86,36.68,40.76,25.37,45.81,33.64,21.34,31.57,37.34,26.32,41.36,18.34,23.3,31.53,21.4,32.81,,17.01,41.85,31.79,29.92,25.9,31.49,21.11,20.8,29.85,41.82,34.39,16.29,26.07,17.45,23.7,29.81,24.5,37.24,43.96,29.33,17.47,19.27,22.29,43.0,23.34,22.59,23.43,27.29,25.56,41.18,25.65,46.64,31.42,43.72,55.19,23.11,18.69,24.24,18.5,64.08,21.69,37.24,25.25,27.33,30.8,18.54,31.41,21.29,26.21,24.68,56.95,27.26,52.59,23.25,22.35,23.05,25.2,27.34,19.27,30.13,27.24,33.54
2022-08-10,23.31,22.49,21.05,22.34,31.95,42.67,45.31,18.8,23.56,33.25,31.61,27.35,38.58,27.32,35.72,25.89,21.74,,18.04,27.31,26.53,18.85,25.71,32.49,38.73,23.7,43.28,30.99,20.01,29.59,35.08,24.17,40.84,16.84,22.04,28.69,20.5,30.3,,19.01,38.07,26.99,26.94,23.28,28.26,19.03,18.55,27.53,39.45,34.07,16.71,23.77,16.6,22.26,29.1,22.45,34.52,40.55,24.68,16.34,18.06,23.91,41.33,21.72,20.51,21.62,24.94,22.87,37.61,23.73,44.52,28.7,40.12,52.08,22.19,16.79,23.99,17.6,56.04,19.96,33.87,23.67,24.51,28.38,17.72,29.69,19.53,24.49,22.61,54.88,24.62,49.56,21.18,20.81,21.5,23.22,23.97,17.4,27.12,25.44,31.47
2022-08-11,23.81,23.21,21.52,23.46,32.75,42.85,45.93,20.02,23.66,33.57,32.25,27.46,38.53,27.94,34.79,27.45,22.26,,19.01,26.95,27.81,20.18,25.88,34.05,37.9,24.43,44.5,31.27,20.37,29.22,34.91,25.4,29.03,17.96,22.68,29.24,20.55,30.86,,19.89,38.57,27.54,27.46,24.48,29.96,19.94,18.49,28.26,39.92,34.13,18.74,24.3,17.41,23.28,29.19,23.19,35.79,41.94,25.71,16.77,18.61,24.55,41.68,21.45,20.57,23.84,25.6,23.17,38.16,23.74,44.93,30.18,41.79,53.26,23.98,16.88,27.11,17.66,55.89,20.05,34.91,23.11,25.57,28.68,18.27,29.52,19.38,25.13,23.44,54.74,25.61,50.42,23.41,21.46,21.67,23.86,24.46,17.41,27.31,25.83,31.42
2022-08-12,22.49,21.41,21.1,22.41,31.92,41.71,44.49,18.72,22.04,31.87,30.95,26.74,36.48,26.77,33.21,26.19,21.03,,17.13,26.04,27.04,18.72,24.2,32.74,36.9,22.84,43.16,30.5,19.61,28.42,34.54,22.36,27.88,16.34,21.1,27.65,19.45,29.52,,19.42,36.68,25.65,25.82,23.05,28.69,19.16,17.59,26.76,39.14,33.71,17.39,23.21,16.25,21.01,27.96,22.22,34.13,39.69,24.4,15.76,17.53,25.63,40.15,19.05,19.59,21.53,24.38,22.38,36.77,22.21,42.75,29.0,39.47,50.88,23.69,15.76,24.81,16.19,54.29,19.35,33.37,21.91,24.67,28.93,16.37,28.3,18.67,23.55,21.21,54.2,23.71,47.54,21.76,20.62,20.67,22.59,23.63,16.49,26.42,25.19,30.36
2022-08-15,22.79,22.75,21.66,22.93,35.3,42.51,44.64,17.81,22.44,32.94,31.31,27.38,36.4,26.76,35.13,28.06,22.76,,18.08,26.71,26.43,19.81,24.99,34.06,39.47,23.74,43.79,30.22,20.19,29.91,34.42,24.85,29.25,16.53,21.56,28.3,20.0,29.49,,21.95,37.6,26.23,26.3,23.13,30.36,19.12,18.19,28.02,39.28,32.52,17.52,23.94,16.85,21.56,28.62,22.2,34.98,39.52,25.59,16.0,17.66,24.08,39.91,21.11,22.36,22.9,24.84,21.94,37.95,23.27,42.76,29.67,40.26,51.01,29.19,16.49,26.15,17.39,54.63,19.09,33.6,22.02,27.09,29.54,17.64,29.8,19.36,23.26,22.34,54.89,24.17,48.63,22.3,20.93,21.24,22.63,24.13,17.37,27.3,27.1,32.71
2022-08-16,22.86,21.95,21.02,22.51,36.22,42.28,44.17,18.19,22.32,32.91,31.53,26.97,36.15,26.82,33.3,26.63,22.36,,18.0,25.94,26.48,18.11,25.59,33.48,39.34,22.84,43.31,30.3,19.54,29.25,34.43,24.46,27.88,16.72,21.11,27.52,20.11,28.83,,21.76,37.85,26.16,26.17,22.61,22.87,18.81,17.62,27.97,39.36,33.4,16.98,23.72,16.51,21.52,28.46,20.92,34.2,39.52,25.3,15.88,17.14,23.23,39.82,20.73,21.64,21.69,24.47,21.94,37.62,22.86,42.04,29.1,39.96,50.64,30.49,15.71,25.32,16.71,57.62,20.34,33.0,21.7,28.19,29.3,16.9,28.16,19.73,23.5,22.09,54.09,24.22,47.68,21.8,20.26,21.06,22.53,24.43,17.92,27.05,19.68,32.29
2022-08-17,24.82,22.41,21.47,23.45,38.73,43.59,44.81,19.45,22.83,33.75,33.19,27.57,37.56,27.17,34.31,27.92,22.43,,18.5,26.45,27.14,17.92,26.28,34.09,40.11,22.89,43.75,31.62,19.99,29.52,35.17,24.88,28.83,16.8,21.42,28.34,19.94,29.2,,21.79,38.23,27.4,27.53,23.54,23.35,19.54,18.01,29.19,39.62,33.86,16.75,24.66,16.92,21.71,29.69,21.38,27.76,40.82,26.33,16.17,17.48,23.99,41.32,21.81,21.575,21.84,24.91,23.12,39.05,23.03,42.93,29.73,40.06,51.6,32.4,16.16,26.1,17.48,58.51,20.55,34.32,22.11,29.24,30.21,17.23,28.48,20.67,23.88,22.51,53.53,25.69,49.58,22.21,20.73,21.49,23.13,24.87,18.15,26.88,19.64,32.82
2022-08-18,24.8,21.87,20.67,23.63,38.11,42.83,44.08,18.41,22.16,32.58,32.61,26.35,36.44,26.15,34.64,27.29,21.36,,17.6,25.56,26.82,17.54,26.05,32.84,39.42,22.45,43.03,20.83,19.84,29.25,34.64,24.49,27.88,15.78,20.84,28.48,19.66,28.66,,21.26,37.3,26.93,26.84,21.84,22.96,18.76,17.41,28.1,39.73,31.51,16.44,23.88,16.34,21.03,29.23,21.26,26.34,39.78,24.61,15.41,17.43,22.29,40.39,21.84,21.51,21.78,23.35,22.48,37.76,22.44,42.43,29.41,38.37,49.19,32.13,15.09,26.21,16.5,56.24,20.35,33.78,22.07,28.51,28.3,16.97,28.27,20.8,23.11,22.35,50.87,25.17,48.42,21.32,19.69,21.18,22.46,23.81,19.07,26.65,18.98,32.47
2022-08-19,25.43,22.61,20.17,24.92,39.84,39.37,45.18,18.91,23.23,33.99,33.39,27.64,37.61,27.45,34.69,28.67,21.36,,18.63,27.06,27.2,17.8,26.7,33.14,39.57,23.59,45.03,20.46,19.9,30.14,29.47,25.1,28.23,15.6,21.92,29.41,19.73,29.49,,21.55,38.17,28.35,28.45,23.29,23.01,19.14,18.09,28.95,40.47,34.94,15.83,25.19,16.54,22.26,28.03,21.16,26.56,41.42,25.48,15.32,17.86,21.71,41.13,22.05,21.75,21.74,25.23,23.79,39.19,21.92,43.39,30.24,40.11,51.43,32.43,15.58,25.7,17.26,59.21,19.77,34.67,23.23,29.81,29.19,16.83,28.84,20.4,23.69,22.43,49.6,25.53,50.03,21.28,20.58,21.25,23.53,24.51,18.4,28.27,19.39,33.6
2022-08-22,28.13,24.28,23.09,29.41,43.07,44.99,49.9,19.96,25.49,36.79,37.18,30.99,40.93,30.22,39.58,31.82,23.0,,20.98,30.2,29.62,19.47,29.95,36.41,42.46,27.85,49.13,22.19,21.71,32.55,31.06,27.03,31.0,17.61,24.18,36.14,21.65,32.76,,22.33,42.14,30.53,31.87,27.2,25.73,21.98,20.49,33.18,43.61,35.59,17.66,27.75,17.85,25.59,29.48,23.22,29.7,46.85,29.46,17.31,19.76,25.6,44.35,26.3,21.52,22.49,28.5,27.24,43.91,23.91,49.33,35.23,44.83,56.18,36.49,17.12,26.41,18.76,63.35,21.8,38.92,25.2,33.11,32.71,18.52,31.04,22.27,25.93,25.36,52.28,29.19,55.15,23.4,22.32,23.55,25.89,27.58,19.76,31.28,20.93,35.72
2022-08-23,28.01,23.53,22.96,30.6,42.95,43.94,48.91,20.56,25.64,37.89,36.76,30.57,40.28,30.24,38.63,31.05,23.73,,20.33,30.17,29.71,19.15,29.98,36.18,42.67,28.82,49.3,22.33,22.02,32.12,32.13,24.52,31.03,17.19,23.86,36.99,19.8,32.55,,21.1,41.6,30.85,31.88,26.79,26.52,21.71,20.27,32.21,43.48,36.04,17.87,27.55,17.56,25.29,29.43,21.98,29.76,45.11,28.8,17.5,19.9,22.26,43.98,26.69,21.95,22.06,28.51,27.29,43.51,23.21,48.36,38.03,44.56,55.02,37.53,17.66,27.29,18.91,62.84,21.83,38.13,23.95,32.0,32.03,18.62,31.03,21.88,25.45,24.27,52.98,28.17,54.02,22.92,22.47,24.0,25.91,27.31,19.84,30.78,20.61,35.08
2022-08-24,27.22,22.35,22.76,30.75,42.27,43.17,49.26,20.45,25.56,37.39,36.72,30.27,39.35,29.96,38.3,30.68,23.58,,20.07,29.54,29.28,19.44,29.23,35.65,41.11,28.42,48.47,22.1,21.58,31.87,30.61,25.29,29.96,16.92,23.31,37.86,21.14,32.38,,21.18,40.9,29.44,30.53,26.41,25.39,21.47,20.24,31.34,36.77,34.25,15.82,26.88,17.02,25.18,29.1,21.93,29.03,44.54,28.11,16.95,19.19,22.35,43.5,26.12,21.23,21.96,27.88,26.18,43.31,22.72,47.36,35.51,43.47,55.9,36.67,16.61,27.46,18.72,61.07,21.54,37.34,23.83,31.43,31.41,18.37,30.66,21.23,25.82,27.55,52.17,27.77,53.28,22.44,21.51,24.28,25.66,26.31,19.28,30.35,20.01,34.57
2022-08-25,25.56,22.85,22.49,29.45,41.1,41.34,46.7,19.94,23.79,35.11,34.0,29.14,38.04,28.77,37.39,30.77,23.67,,19.25,28.15,27.77,18.51,28.28,34.43,40.64,27.22,35.92,22.3,20.63,30.43,29.47,25.05,28.87,16.51,22.14,36.87,20.18,31.77,,21.55,40.25,28.84,29.36,25.09,24.52,20.24,19.15,28.93,35.83,33.79,17.06,25.81,16.62,23.91,28.5,20.67,28.15,42.35,27.27,16.2,19.32,21.5,41.86,25.47,21.81,21.58,26.43,25.34,41.34,22.33,45.45,35.45,41.79,48.39,35.24,16.32,26.22,18.27,59.77,21.22,35.37,22.84,30.44,30.42,17.97,29.59,20.87,25.06,25.84,49.55,25.73,51.29,22.69,20.43,22.65,24.44,24.77,18.64,29.79,19.15,33.8
2022-08-26,30.07,23.96,24.41,32.37,44.34,44.85,51.09,21.04,27.47,39.51,38.17,31.35,40.74,32.05,39.82,32.15,25.52,,22.84,31.73,31.33,20.1,30.04,37.21,42.34,29.88,39.95,24.4,22.39,32.06,31.99,27.25,31.51,18.54,25.24,39.31,22.0,34.11,,19.98,42.63,33.24,33.17,28.08,27.17,23.58,21.5,33.11,38.92,37.7,18.29,29.27,18.95,26.02,29.51,22.2,30.56,45.82,31.04,17.48,21.1,22.71,44.67,43.53,23.18,22.86,30.07,28.99,46.38,24.62,49.44,36.47,44.79,53.28,37.78,18.36,27.65,20.13,63.29,23.35,39.66,24.9,32.86,32.96,19.16,30.94,21.34,28.2,27.62,52.73,30.05,53.96,24.64,23.88,25.36,26.76,28.21,19.83,32.42,21.25,35.58
2022-08-29,31.38,24.39,25.08,32.26,45.84,45.7,52.96,21.34,28.48,39.19,38.36,32.54,42.14,32.47,40.37,32.47,28.21,,23.41,32.96,31.87,20.38,32.46,38.77,43.77,30.71,40.71,25.22,22.73,32.83,33.11,28.97,32.65,19.31,26.05,40.64,22.92,34.86,,23.33,43.37,34.99,34.66,29.05,27.79,24.21,21.95,33.61,41.02,37.26,19.09,29.27,19.31,26.47,30.66,22.64,31.75,47.0,31.28,18.46,22.23,23.21,45.9,40.51,23.4,24.46,31.91,30.44,49.04,26.26,50.44,40.82,45.87,54.74,38.36,18.54,29.12,20.92,64.08,23.77,40.35,26.0,33.15,33.87,20.82,32.29,22.02,29.2,27.34,52.78,30.54,55.84,24.05,24.93,26.9,28.79,28.41,20.03,33.44,21.88,36.24
2022-08-30,31.19,24.34,25.02,32.76,45.7,46.43,52.81,21.35,29.23,40.19,38.89,32.28,44.52,32.66,41.87,32.73,27.52,,23.26,33.31,32.81,20.49,33.25,39.45,45.87,31.12,41.25,25.59,23.53,34.71,34.29,29.86,33.32,20.43,27.09,41.03,24.25,35.8,,23.69,43.37,34.55,34.72,28.81,28.61,25.1,22.39,35.58,41.64,38.23,19.37,29.72,19.62,26.96,30.63,24.29,33.21,47.08,31.26,19.62,23.22,24.38,45.39,38.63,24.22,23.91,32.14,30.69,50.49,27.1,51.67,41.87,44.89,55.29,39.72,19.36,29.12,21.75,65.33,24.78,40.39,26.88,34.06,34.46,21.39,32.12,22.15,30.14,27.84,53.79,31.15,56.76,25.56,26.89,27.18,29.23,28.75,21.51,33.8,22.28,39.05
2022-08-31,31.1,24.68,24.66,33.06,45.5,46.3,53.39,22.62,29.05,40.6,38.12,32.47,43.51,33.38,41.25,32.64,27.48,,23.2,33.12,32.41,20.47,33.04,39.35,46.98,30.93,41.37,25.7,23.56,36.21,33.15,28.93,33.27,20.49,27.48,41.15,24.07,36.43,,23.15,43.81,34.61,34.57,29.45,28.85,24.91,22.56,35.17,41.08,36.94,19.55,29.75,19.87,26.37,30.86,24.62,32.77,47.26,30.77,19.42,22.83,22.25,46.06,33.68,24.58,23.93,30.83,30.44,51.65,26.47,51.28,42.49,45.02,55.45,39.2,19.0,29.18,21.95,65.07,25.34,41.43,27.03,33.53,35.0,21.52,33.15,23.2,28.24,27.82,53.9,31.45,57.14,24.64,26.52,27.27,30.19,28.73,22.71,33.67,22.63,39.48
2022-09-01,30.83,24.09,24.35,32.51,45.79,46.97,54.12,21.18,27.95,40.07,39.6,33.18,45.73,33.27,41.1,32.52,25.97,,22.6,32.79,32.88,20.28,32.25,39.31,47.76,30.3,41.73,25.49,23.09,36.74,33.84,27.57,33.04,19.86,27.78,41.18,24.5,36.11,,21.97,43.41,34.26,34.43,29.61,28.2,24.25,22.32,35.44,41.27,39.17,19.27,29.94,19.19,27.77,30.54,24.19,31.87,47.95,30.57,18.89,23.51,22.14,46.23,28.97,24.14,23.54,31.35,30.78,51.11,25.91,51.35,42.85,45.35,57.9,38.63,18.85,28.25,21.64,67.1,24.88,42.07,27.37,32.7,34.46,20.74,33.34,23.65,28.85,28.38,52.13,30.89,56.92,25.47,26.29,27.23,29.2,27.83,21.58,33.93,22.37,39.9
2022-09-02,31.34,24.09,26.0,32.72,45.66,47.3,54.62,23.18,28.75,40.09,35.56,34.13,43.64,33.54,40.53,31.75,25.9,,23.35,33.03,32.94,20.77,33.58,39.27,46.72,31.14,41.16,25.89,23.26,35.65,32.77,29.26,32.76,20.07,27.32,41.21,24.83,36.56,,24.03,43.87,34.62,34.75,29.95,28.17,25.11,22.6,36.2,41.32,37.98,19.77,29.9,19.66,28.2,32.61,24.71,30.89,47.84,30.57,19.45,22.92,23.76,46.93,31.04,24.61,23.54,31.56,30.83,52.04,26.73,51.4,42.28,46.51,57.55,38.63,19.57,28.7,21.95,66.27,25.45,42.04,27.96,34.31,34.85,21.3,32.85,23.75,29.14,28.61,55.19,32.83,55.59,25.97,26.54,27.8,29.3,28.07,22.0,33.47,22.45,39.0
2022-09-06,33.07,24.94,27.03,33.96,47.11,49.06,55.46,23.8,29.54,42.07,35.65,35.39,44.77,34.81,42.77,32.98,27.48,,23.88,34.81,33.42,21.35,35.82,40.86,47.47,32.19,42.33,27.47,24.63,36.12,34.4,29.55,34.56,21.52,28.5,42.82,25.27,37.99,,24.12,45.29,36.12,35.78,31.42,29.2,26.11,23.27,38.14,42.51,39.66,20.62,31.46,20.21,29.72,32.4,24.66,32.52,48.82,31.86,19.93,24.22,24.7,48.51,33.58,23.66,23.54,34.44,32.18,53.12,28.23,54.39,43.83,47.81,58.96,40.03,21.2,29.8,23.42,67.92,25.34,42.87,28.0,35.36,35.99,21.81,34.11,26.98,29.35,29.4,57.03,33.34,56.7,25.53,26.66,28.84,29.19,28.84,24.35,35.6,23.95,39.57
2022-09-07,30.56,24.14,26.19,32.19,43.92,45.97,52.05,21.1,27.01,39.24,32.68,33.25,41.85,32.44,39.44,32.2,25.91,,22.29,32.38,32.43,20.18,35.57,38.45,46.21,30.22,39.95,26.01,23.44,35.03,32.85,27.2,31.96,20.73,26.67,41.5,24.06,35.5,,22.52,42.28,33.45,33.74,29.27,27.06,24.3,21.39,35.34,39.79,36.59,19.42,29.8,18.96,27.41,31.81,23.67,30.14,46.22,30.08,18.91,22.23,23.64,45.61,32.17,23.23,22.53,31.41,28.87,51.01,26.25,50.75,42.0,44.27,55.67,38.03,18.99,28.7,21.49,63.66,24.06,40.25,27.0,32.61,33.74,21.0,32.38,26.81,28.5,27.87,54.01,31.14,54.04,24.51,25.53,27.63,27.67,27.24,23.91,32.42,22.49,38.34
2022-09-08,29.95,23.76,24.84,31.08,44.0,44.41,50.16,21.23,26.36,38.32,31.71,31.49,41.5,31.67,38.74,31.75,26.2,,21.66,31.38,31.24,20.36,34.17,37.7,44.88,30.35,38.36,25.04,22.63,33.58,31.65,27.26,31.55,19.94,25.43,40.77,24.22,34.53,,22.62,41.85,32.89,33.21,28.28,25.85,24.72,20.54,33.55,38.4,37.57,18.07,29.48,18.84,27.02,32.23,22.58,28.79,45.61,28.6,18.04,21.93,22.54,44.41,32.72,22.77,21.52,30.37,29.13,49.55,26.2,49.21,42.03,42.42,53.84,37.09,19.4,26.54,21.34,61.7,23.58,38.97,26.05,32.42,32.61,20.61,32.2,25.76,26.92,27.32,51.02,29.9,55.28,24.84,24.38,26.49,26.61,26.32,23.47,31.87,21.73,36.84
2022-09-09,27.24,22.74,23.16,30.08,40.03,41.6,47.04,21.74,26.11,35.35,30.08,29.94,39.02,30.44,37.87,30.91,24.43,,20.62,30.01,29.78,21.25,30.69,35.83,42.38,29.0,36.71,23.76,22.15,31.23,29.55,27.69,30.26,18.28,23.93,38.64,23.7,33.42,,18.3,39.2,29.7,30.96,26.23,25.21,22.81,19.5,31.57,36.07,36.23,17.77,28.14,17.96,25.38,30.81,21.51,27.99,43.26,26.64,17.77,20.4,21.44,41.63,29.92,21.12,21.01,28.32,26.83,47.33,24.41,46.18,41.38,41.02,50.31,34.91,18.68,25.63,19.83,56.23,23.62,37.06,25.41,32.26,31.48,19.41,30.51,24.49,27.02,24.74,48.54,28.03,51.31,24.3,23.25,25.03,25.33,24.96,21.61,30.46,20.76,33.83
2022-09-12,28.03,24.01,23.47,31.13,41.85,43.8,48.64,23.46,27.03,36.33,30.24,30.78,39.7,30.52,37.59,32.31,22.54,,21.16,31.59,29.88,20.24,30.8,36.02,42.68,28.89,37.62,23.68,22.33,31.99,30.31,27.57,30.62,20.05,24.33,38.92,22.44,34.3,,23.8,39.75,31.53,31.35,26.98,26.44,23.06,20.18,33.45,37.31,38.04,17.92,29.31,18.22,25.87,32.21,22.25,28.72,44.49,27.07,18.16,20.85,21.75,43.43,29.94,21.22,21.25,30.37,27.5,48.02,25.81,46.59,41.68,41.56,51.44,36.61,19.34,26.31,20.49,55.82,21.51,37.54,25.99,32.29,31.56,19.77,32.07,24.12,25.91,24.87,48.91,29.25,50.95,27.02,23.99,24.84,27.0,25.21,21.45,32.4,21.01,34.49
2022-09-13,33.64,27.37,26.34,33.74,45.53,47.07,53.46,26.72,31.61,41.57,34.64,34.28,44.8,34.26,40.61,35.43,24.68,,23.66,35.93,32.64,21.96,34.79,40.28,43.46,32.35,40.71,26.98,24.11,33.77,32.57,31.36,33.4,21.82,26.8,41.4,24.77,38.37,,23.6,42.77,35.28,35.79,30.81,30.38,26.33,22.82,38.73,39.85,40.09,20.33,33.25,21.07,30.56,32.53,24.96,32.28,48.17,30.32,20.01,23.48,24.82,47.93,31.96,24.71,22.44,34.07,31.57,52.91,28.05,51.29,44.26,44.86,56.78,28.67,22.91,28.83,22.81,63.38,24.9,41.76,28.85,32.98,34.84,20.86,35.1,26.96,27.95,29.37,52.24,31.62,53.87,29.26,26.88,28.29,29.82,27.99,24.11,37.36,23.07,36.29
2022-09-14,32.3,26.29,26.55,34.01,45.1,46.95,52.33,24.35,30.48,40.58,33.55,34.04,43.02,33.79,39.97,34.86,27.28,,22.65,36.6,32.9,22.41,34.09,41.29,42.98,31.85,40.07,25.05,24.02,32.85,33.02,31.28,33.23,20.9,27.61,41.05,25.01,38.82,,18.14,42.22,34.14,34.29,30.67,29.72,27.49,22.31,36.99,39.94,39.22,19.28,33.12,20.19,29.09,32.95,24.04,32.35,47.67,30.19,19.67,22.59,23.71,47.01,32.95,25.01,21.28,34.54,31.7,52.79,28.04,51.38,43.99,43.86,55.87,28.32,21.51,29.04,21.51,62.25,24.34,40.61,28.34,31.0,34.07,20.83,35.2,26.14,29.0,28.98,52.9,31.3,54.11,29.31,30.82,28.25,30.79,27.65,24.05,37.63,22.89,34.5
2022-09-15,33.46,25.85,26.67,33.74,43.5,46.93,52.59,24.3,30.035,40.98,34.52,34.36,44.45,33.55,40.33,34.52,23.96,,23.7,36.49,33.16,23.8,34.98,40.09,43.3,32.2,41.85,26.61,23.85,34.06,32.83,30.03,34.07,24.02,28.3,39.99,25.04,38.75,,24.35,42.13,34.89,34.92,30.27,30.18,27.87,23.28,38.27,40.64,39.56,19.5,32.87,21.52,29.67,31.23,25.01,32.31,48.8,31.13,19.92,22.81,23.69,47.11,31.83,24.07,23.02,34.4,31.82,53.2,29.34,54.86,44.84,45.81,56.2,28.78,22.56,27.56,22.79,60.11,23.86,41.73,28.15,30.76,34.59,22.07,34.62,26.37,29.08,27.82,52.84,32.34,54.38,28.06,29.94,28.85,30.07,29.23,23.7,36.76,23.2,36.4
2022-09-16,35.08,26.15,26.93,34.18,40.4,47.59,53.17,23.74,29.59,42.53,34.47,35.5,46.03,34.78,41.51,35.02,23.65,,24.0,36.63,35.3,23.92,34.8,41.8,45.02,32.41,42.48,26.63,24.7,34.67,33.18,30.59,35.54,21.36,28.32,46.31,24.74,40.93,,23.71,42.77,34.97,35.31,31.89,29.52,28.2,24.11,37.54,40.9,41.75,18.87,33.92,20.93,27.78,33.06,24.26,33.24,49.19,31.57,20.83,22.06,25.17,48.21,31.34,24.27,22.91,35.14,31.5,52.58,29.48,59.15,45.84,46.42,57.05,28.87,21.62,28.25,23.36,61.43,23.89,42.09,28.69,30.89,35.37,21.86,34.04,26.9,30.85,28.2,53.35,32.34,57.07,27.54,32.16,32.37,30.76,29.56,24.28,37.66,23.35,37.18
2022-09-19,33.31,25.91,27.46,33.06,39.86,46.57,52.36,24.07,28.93,41.0,33.85,35.92,45.27,34.49,40.92,34.79,23.76,,23.19,36.25,34.13,23.05,33.57,42.18,43.91,31.59,42.14,26.12,25.58,34.18,32.28,31.19,34.29,20.83,27.23,39.51,23.43,37.42,,22.89,41.88,34.26,34.72,32.37,29.11,27.04,27.67,38.14,40.04,44.05,19.28,32.52,20.77,27.62,34.53,24.59,32.8,50.09,31.35,19.94,22.02,24.67,46.56,30.13,23.56,23.09,34.28,31.67,53.81,27.59,66.1,44.8,45.7,56.36,27.6,21.39,28.39,24.21,60.57,24.81,40.85,27.96,30.23,36.38,21.2,33.92,28.0,29.17,27.28,53.31,32.4,55.53,27.84,31.07,28.81,29.59,28.67,25.14,36.45,22.66,36.64
2022-09-20,34.2,26.87,29.31,34.62,41.0,48.61,54.04,25.35,31.38,42.93,35.1,36.82,45.27,36.89,41.43,37.26,24.64,,24.5,37.82,36.91,23.33,33.51,43.01,44.28,33.51,44.1,26.86,26.36,34.51,34.17,34.15,35.58,21.94,28.8,41.24,24.9,37.91,,24.25,45.44,36.55,36.51,34.11,31.41,28.79,30.18,38.76,41.39,45.64,20.24,34.48,21.6,29.54,34.26,25.48,34.59,51.42,32.01,20.86,22.76,25.52,48.65,32.03,24.34,23.52,36.26,33.19,54.44,29.71,69.18,47.92,47.66,57.26,28.94,21.98,29.53,25.59,64.81,26.22,43.17,28.96,31.73,38.03,22.52,35.61,29.44,29.92,27.97,56.08,33.14,56.31,28.97,32.14,30.85,31.77,29.76,27.02,39.25,23.47,37.0
2022-09-21,36.39,27.48,29.12,34.76,40.57,48.01,53.84,25.68,30.91,43.73,35.91,39.39,46.75,38.23,43.58,38.47,24.12,,25.42,38.26,37.95,23.6,34.69,43.77,44.1,34.05,43.83,28.1,26.62,34.66,34.32,37.45,36.73,22.33,29.14,42.3,26.42,40.03,,24.12,45.4,37.2,37.33,34.88,31.23,29.41,31.75,40.09,42.57,47.7,21.21,35.51,22.67,30.62,33.89,27.73,34.54,51.41,33.55,21.94,23.15,26.55,49.3,32.49,24.61,23.82,36.52,34.47,55.09,29.7,71.82,47.31,47.46,57.95,29.97,23.11,29.39,27.17,64.55,26.68,43.05,29.95,32.43,39.36,22.61,36.12,31.64,30.76,28.37,56.92,34.91,56.72,28.92,32.04,31.51,32.69,30.76,29.01,39.45,23.97,37.2
2022-09-22,35.99,26.93,29.42,30.93,40.5,47.79,55.7,24.94,31.71,43.67,35.88,40.54,47.34,38.29,44.49,38.01,23.95,,25.35,38.66,38.37,23.03,35.84,43.87,44.01,35.32,42.26,27.71,26.23,34.35,34.16,36.69,37.02,22.45,30.42,40.57,26.2,39.83,,24.9,45.58,37.22,37.34,36.61,31.86,29.88,31.92,40.42,43.14,47.3,21.27,35.31,22.73,31.04,34.97,27.65,34.57,51.69,33.71,22.54,22.79,27.73,49.81,33.07,24.29,23.72,37.3,32.88,54.56,30.28,71.72,47.84,48.14,57.75,29.89,23.19,28.94,26.81,65.38,27.09,41.95,30.66,33.9,39.52,23.28,36.83,30.93,31.19,29.34,58.38,34.61,59.72,29.36,32.42,32.64,32.33,30.97,28.27,39.76,24.72,37.27
2022-09-23,37.53,28.43,29.77,33.51,43.39,49.66,57.39,26.68,32.26,46.24,38.26,41.81,51.29,40.3,46.24,40.13,25.71,,27.15,42.49,40.39,25.26,38.68,45.43,51.34,31.87,43.7,29.38,27.78,40.59,36.77,38.9,39.13,24.55,31.93,41.2,28.38,41.97,,26.99,49.31,39.09,39.03,39.83,33.25,31.56,33.77,43.26,44.29,47.31,22.31,37.72,24.69,32.85,36.89,29.67,35.96,54.05,35.53,23.96,24.31,29.38,53.13,34.73,27.96,26.04,41.08,35.37,55.73,32.44,74.23,49.16,51.06,59.86,31.05,24.19,30.84,28.14,67.29,30.82,44.21,33.0,35.25,41.75,24.78,40.09,32.34,33.58,32.07,62.8,36.85,61.55,31.09,34.44,36.3,34.25,33.12,29.11,42.09,26.69,43.56
2022-09-26,40.58,30.27,33.24,34.52,45.21,52.0,60.86,27.49,35.71,50.88,40.16,45.03,55.3,43.1,48.29,41.63,27.16,,29.37,45.15,43.79,27.08,43.09,50.12,51.91,33.94,46.23,30.57,29.97,43.09,39.73,39.83,40.28,26.66,33.6,45.68,30.39,45.81,,28.97,52.19,43.06,43.08,42.33,36.12,33.28,36.08,47.6,45.94,49.54,23.66,40.67,26.75,33.98,38.2,31.04,37.81,57.06,38.44,26.26,25.41,31.48,60.68,37.53,30.45,27.57,44.23,38.12,57.78,34.55,76.33,52.02,56.11,62.59,33.53,26.11,31.92,29.22,68.68,32.27,46.55,34.89,36.99,43.37,27.96,42.62,33.35,37.74,35.45,65.14,40.98,62.65,33.03,35.4,42.16,37.53,37.07,30.74,44.29,27.98,45.71
2022-09-27,40.73,32.62,33.72,35.42,45.54,52.29,60.54,28.43,37.11,52.45,40.44,44.69,55.0,43.56,48.61,41.93,27.87,,29.11,46.24,44.55,28.75,43.76,50.68,51.75,34.01,45.79,30.96,30.03,40.88,39.55,37.71,41.94,28.2,34.92,43.64,30.84,47.35,,29.17,53.9,44.28,44.56,42.6,36.06,34.1,37.08,49.26,45.86,48.88,24.3,40.89,27.54,34.78,37.3,31.41,38.13,55.85,39.21,28.63,27.43,31.75,61.83,38.3,31.36,28.6,44.57,39.43,57.04,34.34,76.07,51.54,55.31,61.62,33.64,26.99,32.49,31.45,68.3,34.4,46.12,35.4,38.34,43.54,27.01,43.62,33.87,36.12,36.08,65.49,41.39,63.26,33.46,36.63,42.65,39.17,37.85,31.29,44.65,28.68,44.07
2022-09-28,40.3,30.94,32.08,32.78,42.94,50.29,57.99,26.28,35.74,51.02,38.72,42.13,52.44,40.97,45.88,41.82,27.06,,27.39,43.53,43.18,28.41,42.08,48.87,48.9,32.17,44.28,29.39,28.32,38.82,38.19,36.41,38.32,26.7,32.07,41.67,30.71,46.36,,28.66,52.37,42.95,42.76,39.66,33.44,31.92,35.25,48.46,44.68,48.96,22.88,38.72,25.82,33.97,33.72,30.31,35.79,53.87,38.11,27.19,25.9,29.76,60.43,37.12,29.81,28.04,42.08,37.97,54.17,32.71,75.2,50.06,54.58,59.37,31.08,25.35,31.37,30.0,63.62,33.85,44.2,34.0,35.74,42.24,26.35,41.53,32.36,34.57,34.65,64.2,40.62,61.45,31.04,34.72,43.3,37.79,37.45,28.93,42.12,26.84,41.08
2022-09-29,44.21,32.81,32.6,34.16,43.79,52.8,63.49,27.83,36.76,53.49,40.55,43.16,56.33,42.71,48.64,43.31,27.9,,29.38,45.31,43.14,29.82,43.46,49.3,49.56,33.53,46.34,30.79,29.01,39.27,41.27,37.8,40.43,29.08,32.68,41.89,30.87,46.67,,30.38,55.64,45.36,45.21,40.96,34.88,34.18,36.18,51.72,46.65,49.73,24.15,40.21,27.29,34.84,33.16,31.94,37.55,56.68,39.13,27.84,27.96,30.2,62.61,37.82,29.25,28.29,43.65,39.61,56.78,35.22,78.12,52.36,55.69,62.19,33.65,26.25,32.13,31.73,69.52,34.74,47.69,34.71,38.04,42.11,29.15,44.5,32.85,35.81,34.05,71.13,42.41,66.88,29.71,35.08,43.97,39.15,36.93,30.29,43.78,27.83,42.04
2022-09-30,44.79,35.49,33.01,33.78,42.98,50.81,61.25,27.74,36.14,53.09,38.97,42.83,55.89,42.48,47.99,42.17,28.47,,28.55,45.02,43.23,30.34,44.36,49.45,49.13,33.22,45.38,30.7,29.32,39.41,40.13,37.68,41.0,28.62,34.21,41.71,30.44,47.63,,29.59,56.46,44.86,44.89,40.62,34.58,33.87,36.85,51.14,46.64,52.39,24.45,39.8,27.38,34.08,33.29,31.39,36.77,53.84,37.91,27.96,28.82,30.24,62.13,37.81,29.9,28.21,43.03,40.61,49.26,34.84,77.52,41.37,56.53,60.61,32.06,26.85,32.46,30.95,68.36,34.46,46.93,33.01,38.86,42.07,30.02,43.24,32.94,34.17,35.2,71.8,41.63,66.03,31.26,35.2,44.24,38.27,37.09,29.8,43.4,27.76,41.66
2022-10-03,41.3,31.5,31.72,31.89,41.94,50.18,60.99,27.93,36.26,51.28,37.54,41.46,53.15,40.5,48.61,40.47,28.68,,27.07,44.37,42.59,27.71,42.21,47.62,48.79,31.86,43.58,29.21,29.5,38.15,38.1,35.49,38.93,27.47,32.33,40.13,29.36,44.98,,29.29,53.96,42.17,42.29,38.91,32.62,31.9,35.63,50.8,43.83,48.27,23.56,37.59,26.02,33.35,33.46,30.99,34.84,54.8,37.55,26.56,27.74,28.85,61.41,36.46,29.14,28.0,40.82,37.1,49.3,33.39,75.33,38.43,54.38,59.12,30.22,24.91,33.02,29.06,68.16,32.36,47.93,32.2,38.6,40.82,28.89,42.36,32.21,33.92,34.88,70.54,39.95,68.82,31.18,32.93,42.88,36.31,35.99,28.19,42.05,26.17,39.77
2022-10-04,38.54,30.17,29.39,30.89,40.3,48.24,59.93,26.88,33.66,48.86,35.46,39.44,50.8,37.95,47.16,37.7,28.7,,25.67,41.78,39.07,30.93,40.93,45.81,47.88,31.06,42.32,28.34,29.36,36.68,35.42,34.61,37.39,25.76,30.56,38.59,28.73,42.88,,28.26,50.41,40.18,40.89,37.1,31.59,30.72,33.79,48.85,41.4,47.85,22.28,35.38,25.5,31.99,33.07,30.27,33.52,53.03,35.73,26.36,27.04,27.64,60.91,34.25,28.02,26.3,38.76,35.09,48.15,31.72,73.6,36.89,53.73,56.43,29.15,23.55,32.57,27.33,67.46,30.93,47.71,31.69,38.51,38.4,27.5,40.22,31.18,32.85,35.49,66.2,38.78,66.72,30.16,31.43,41.49,34.57,34.73,27.52,39.7,25.46,39.11
2022-10-05,36.87,29.93,29.28,31.42,40.56,48.82,61.13,27.18,35.15,49.81,35.33,40.62,50.86,39.95,49.37,38.89,26.07,,24.96,43.99,39.52,30.1,41.75,47.17,47.89,31.17,42.65,28.83,30.05,36.57,35.55,35.33,37.93,27.8,30.16,38.62,28.96,42.91,,28.92,51.99,41.37,41.65,38.39,31.54,30.74,33.73,50.52,41.59,47.71,23.64,37.39,25.76,32.4,33.41,30.42,33.08,53.7,36.37,26.05,27.12,27.7,62.89,34.61,27.87,26.1,38.88,37.06,48.01,32.7,74.07,36.94,53.88,56.29,29.74,24.31,33.31,26.96,67.64,30.71,48.86,32.66,39.67,38.52,28.46,40.71,31.32,30.62,35.67,67.24,38.22,70.05,31.21,32.98,41.88,35.22,35.67,29.08,41.28,25.63,38.52
2022-10-06,40.82,31.19,31.18,32.54,42.27,50.59,62.38,27.92,37.1,51.14,36.81,42.0,53.38,41.76,50.12,40.26,27.28,,28.27,45.67,39.98,30.02,43.04,50.42,47.9,31.52,43.22,29.31,31.45,37.27,36.55,36.3,39.56,30.06,32.17,40.23,30.49,44.46,,28.76,53.62,42.88,43.25,39.99,31.98,32.43,36.38,52.93,43.12,48.51,23.81,38.79,27.32,33.32,33.09,31.74,33.95,55.18,37.95,27.97,29.05,28.79,65.35,38.48,33.14,26.83,41.68,37.77,49.01,35.35,75.05,38.61,54.0,57.91,31.16,26.3,34.67,29.67,69.22,31.85,50.11,32.17,40.61,39.64,30.67,42.19,34.28,33.98,36.74,68.46,39.36,70.57,30.84,33.62,43.32,37.88,36.35,31.37,44.34,26.43,39.39
2022-10-07,42.8,31.97,32.37,34.38,43.36,52.38,65.75,28.66,39.33,53.39,38.71,42.58,54.41,42.82,52.24,41.46,28.28,,28.62,45.72,40.59,29.21,44.22,50.74,49.03,33.24,44.6,30.85,36.9,38.02,36.3,39.18,41.28,30.63,34.17,41.57,30.26,46.24,,30.65,55.13,44.38,44.52,40.71,33.13,33.41,37.58,55.16,45.66,50.96,24.53,39.9,27.59,34.22,34.07,32.65,35.22,56.0,39.3,27.27,28.63,29.74,69.32,39.94,29.68,27.41,43.99,39.6,50.55,35.36,77.53,39.09,56.28,61.73,32.67,26.46,35.04,31.15,71.03,31.99,51.55,32.69,41.94,42.04,31.95,42.91,34.97,36.43,38.66,70.15,40.95,73.44,32.49,33.62,46.28,38.55,37.23,32.12,44.79,27.47,40.52
2022-10-10,44.06,32.64,33.12,34.7,45.2,56.78,68.15,29.61,41.09,55.16,42.12,44.38,57.5,44.6,53.2,43.06,29.01,,29.56,47.61,42.61,30.36,45.86,53.07,50.93,33.76,46.97,32.87,36.76,39.84,38.99,40.03,45.92,31.62,35.83,43.68,30.87,46.72,,29.79,58.64,45.65,45.99,42.44,34.58,34.66,38.81,58.09,47.44,52.72,24.59,41.39,28.19,35.16,33.77,33.75,36.49,60.94,41.03,27.09,30.17,31.08,70.48,40.32,30.38,27.46,44.19,42.29,53.96,36.06,78.36,40.6,58.3,65.58,33.86,27.49,36.1,32.09,77.08,33.18,55.68,34.67,42.94,43.62,33.13,44.93,35.24,37.62,38.86,70.82,42.36,74.89,32.86,34.72,46.72,39.31,39.14,32.66,45.67,27.74,43.02
2022-10-11,44.27,32.02,33.33,35.76,46.11,59.14,69.43,28.94,40.91,56.08,43.43,45.52,60.05,46.31,54.72,46.15,29.09,,30.66,49.43,43.25,30.63,46.58,53.19,51.33,34.1,48.16,33.84,36.7,40.72,40.19,41.85,48.12,32.41,37.0,43.27,31.77,48.62,,29.92,59.5,47.09,47.22,43.6,35.03,34.93,40.08,58.5,47.24,52.49,24.23,43.6,28.65,36.44,33.1,33.59,36.74,63.74,41.4,28.1,32.29,30.66,72.67,40.52,31.25,28.68,44.79,43.21,54.94,37.23,81.74,41.32,59.28,66.76,34.93,27.27,35.9,31.89,79.29,32.41,58.29,35.14,43.55,44.52,33.37,45.26,35.88,38.47,37.51,72.59,43.92,80.19,32.46,35.8,47.86,41.23,39.86,34.15,47.87,28.24,43.08
2022-10-12,45.03,31.96,33.2,36.92,47.26,58.51,69.33,28.4,43.66,56.2,43.16,46.95,59.92,46.62,54.27,49.02,29.24,,32.19,51.23,42.52,30.66,47.88,55.55,51.04,35.35,49.53,33.36,36.78,40.32,39.91,41.51,49.2,35.84,37.25,43.78,32.11,49.13,,30.82,59.71,47.7,47.54,44.1,36.19,35.54,40.36,58.98,48.62,52.38,24.82,44.33,28.73,36.2,35.28,35.05,38.05,62.56,42.39,29.37,32.34,32.21,73.76,41.42,31.68,28.71,46.74,42.97,55.35,40.08,83.22,41.01,59.23,67.66,34.96,24.43,36.19,32.71,82.96,33.5,57.66,36.53,44.17,45.83,35.12,46.25,36.47,37.68,40.29,71.39,43.64,77.83,34.17,36.12,47.66,40.8,40.34,35.79,49.66,29.29,42.89
2022-10-13,42.47,30.84,31.72,34.81,43.85,56.71,66.58,28.15,40.52,56.1,41.37,45.06,58.25,44.25,52.98,41.99,27.35,,29.7,49.08,42.02,30.09,46.27,51.73,48.3,34.4,47.04,32.91,34.59,39.41,38.17,39.29,47.96,32.41,35.52,41.82,32.37,46.15,,30.16,57.69,45.64,45.39,42.78,35.62,33.86,38.26,56.83,47.56,50.25,23.54,41.13,27.7,34.72,34.67,32.62,36.73,59.41,40.54,28.63,29.46,31.17,71.81,38.65,29.86,26.85,43.54,40.76,53.9,39.12,80.76,39.79,59.02,65.23,33.47,24.31,33.64,30.86,82.2,32.03,56.28,34.68,42.28,44.58,32.69,44.98,34.48,36.89,37.34,69.84,42.71,78.29,33.24,34.55,46.16,38.26,38.36,33.92,46.51,29.29,41.06
2022-10-14,43.9,31.65,31.59,35.08,44.82,57.59,67.9,28.0,41.26,57.57,42.05,45.14,57.99,42.1,51.46,42.67,27.25,,30.32,41.67,42.84,29.89,45.73,52.27,49.42,34.76,47.17,34.43,34.26,40.45,38.81,40.16,47.9,32.75,36.77,40.95,31.78,46.66,,30.55,57.61,46.76,46.64,41.57,36.08,34.26,38.73,57.7,46.85,51.71,24.53,37.41,27.84,34.6,33.76,34.57,38.13,62.41,40.92,28.58,30.31,33.14,72.54,39.72,30.86,26.99,40.74,41.3,53.93,38.86,77.97,39.82,61.48,67.66,33.93,24.27,34.22,30.95,81.95,32.09,56.56,35.12,43.84,47.62,32.93,43.92,34.79,40.02,38.26,75.75,44.04,78.28,28.12,34.69,46.36,34.49,38.87,33.36,40.98,29.59,42.25
2022-10-17,42.03,31.57,31.6,34.01,44.54,56.82,65.21,28.35,41.59,54.55,40.37,42.49,57.05,37.39,51.42,39.9,27.3,,28.63,38.85,40.65,30.18,45.44,50.05,48.44,33.09,44.95,36.81,33.12,40.56,37.64,38.37,46.81,31.73,35.23,40.62,30.94,46.35,,29.41,56.75,45.33,45.26,39.15,35.74,32.48,38.2,54.88,47.58,50.55,22.56,35.47,26.96,34.48,36.22,32.6,39.05,60.33,39.73,27.69,28.74,32.14,70.58,40.42,30.17,27.02,37.94,40.37,52.51,38.83,76.82,38.93,59.7,66.37,33.24,22.81,33.16,30.53,78.06,31.01,55.31,34.57,41.27,41.86,32.68,43.79,34.11,36.86,36.99,71.97,41.73,76.04,28.22,33.56,45.3,33.48,38.05,31.78,38.85,30.66,41.46
2022-10-18,41.31,30.58,31.24,34.16,44.43,55.86,65.23,27.65,41.25,53.45,40.32,41.75,55.0,37.22,51.27,39.48,26.65,,27.77,38.45,39.53,29.66,45.29,48.57,47.54,32.11,44.65,38.02,32.17,38.79,36.2,37.06,46.33,30.24,34.3,39.98,30.31,44.37,,28.64,54.27,44.92,45.05,35.74,35.57,31.72,37.08,55.13,48.36,50.34,21.11,34.74,26.1,33.64,34.8,28.54,39.67,59.79,39.11,26.48,28.17,30.77,71.24,39.11,28.93,26.04,36.86,40.21,52.45,36.56,79.07,38.14,58.63,66.66,32.95,22.92,33.05,28.73,77.26,30.18,55.41,33.19,40.57,39.82,32.31,43.6,34.62,36.15,36.27,70.64,41.95,74.31,27.67,32.45,44.58,32.78,37.0,32.28,38.15,30.85,39.59
2022-10-19,41.28,30.57,30.45,32.63,41.82,56.63,65.71,27.44,41.62,54.81,40.14,41.99,54.29,37.86,52.92,40.23,26.56,,28.32,39.24,39.45,28.43,46.14,49.78,46.42,32.03,44.94,39.09,32.12,38.74,36.19,38.97,44.76,30.83,34.61,40.48,30.5,44.79,,28.62,54.98,45.53,45.37,35.28,37.95,31.86,37.55,54.76,49.63,43.4,20.75,34.88,26.26,33.52,35.01,28.1,43.01,58.71,39.83,26.16,27.91,31.24,72.51,40.13,28.28,26.29,38.02,39.94,51.95,37.12,57.83,38.2,58.37,67.87,33.24,23.06,32.99,24.27,79.4,30.02,55.27,33.17,40.89,39.11,32.66,43.8,33.8,38.52,36.98,74.31,41.84,75.1,27.81,32.59,45.36,33.8,36.66,32.28,39.45,31.42,39.2
2022-10-20,40.1,30.86,29.68,33.52,41.64,55.49,64.26,27.54,39.99,53.28,39.21,42.23,52.81,36.91,50.39,38.81,26.77,,27.97,37.92,39.81,25.92,43.95,49.05,46.1,31.85,44.82,39.64,31.4,38.38,36.69,34.66,44.31,30.98,34.87,40.8,31.03,45.33,,27.78,51.91,45.11,45.19,34.96,37.25,31.75,26.59,53.89,48.05,41.49,20.2,34.06,26.6,33.48,34.63,27.24,42.97,54.79,39.05,25.41,27.61,31.01,72.99,40.14,28.98,25.85,37.12,39.77,50.88,37.37,55.62,39.09,59.02,66.92,32.49,22.59,32.85,24.35,79.72,27.61,53.81,32.93,40.31,38.74,33.3,43.09,27.93,38.19,36.55,63.57,40.37,73.6,26.75,31.55,46.3,33.32,36.26,32.18,37.75,31.04,38.18
2022-10-21,39.0,29.89,28.53,32.45,40.59,54.71,63.2,27.22,39.94,51.38,37.98,38.09,51.82,36.39,48.21,36.62,26.26,,27.01,36.95,38.86,26.3,43.2,47.08,43.47,30.31,43.53,38.68,30.97,37.41,36.01,33.64,43.24,29.81,32.59,38.66,29.5,42.25,,26.97,51.85,44.32,44.16,33.64,35.29,30.72,25.28,54.74,47.81,39.04,19.67,33.63,25.86,32.94,34.34,26.16,41.69,53.48,37.34,24.38,26.89,29.93,72.31,37.45,26.51,25.4,35.55,38.8,49.58,36.96,54.82,36.8,57.2,65.84,31.46,21.48,30.93,23.6,76.89,26.72,52.68,31.66,39.24,37.75,31.31,42.36,26.61,35.5,35.27,60.37,39.92,73.28,26.27,30.81,45.57,32.4,35.52,27.36,36.28,30.08,36.98
2022-10-24,39.02,29.7,27.77,32.73,40.26,54.15,63.75,27.16,41.92,51.94,37.79,37.14,51.1,35.24,49.8,37.39,26.29,,26.89,35.76,38.86,26.35,43.87,48.57,43.47,30.47,43.96,38.37,31.28,36.86,38.19,33.53,44.42,29.58,33.37,39.1,30.09,43.41,,27.33,53.04,43.45,43.58,33.07,35.64,30.85,24.68,52.67,48.77,38.91,19.6,32.97,26.0,37.06,35.17,27.79,41.29,53.82,38.12,24.85,26.43,31.34,74.52,36.96,27.27,26.61,34.95,39.61,48.76,36.73,53.39,38.05,57.93,66.93,32.23,21.44,30.72,23.39,77.36,26.75,52.69,32.43,42.43,38.32,29.81,41.85,27.03,35.02,34.44,62.83,40.86,74.04,25.25,31.05,47.02,32.08,35.9,26.55,35.31,30.4,36.98
2022-10-25,37.36,29.29,27.37,30.36,38.89,51.99,61.5,28.19,38.92,50.32,36.21,36.25,48.58,33.72,48.02,35.7,25.37,,25.52,33.69,37.37,26.01,42.21,45.82,42.87,29.62,42.08,36.82,31.78,35.03,37.41,32.61,42.84,28.25,32.71,37.1,29.09,36.92,,26.82,46.45,43.37,43.51,30.76,34.43,29.5,23.55,51.96,47.14,36.88,19.5,31.14,21.67,34.59,34.13,26.11,41.15,52.02,36.57,24.39,25.33,30.92,71.1,32.63,26.25,26.07,32.69,37.62,47.25,34.58,50.52,36.47,55.73,64.74,31.06,20.24,29.62,22.27,73.82,25.46,50.5,28.75,38.91,35.19,27.66,40.32,26.55,34.61,34.3,59.38,38.47,71.55,25.15,29.83,32.68,29.92,35.26,25.44,33.96,29.38,36.39
2022-10-26,38.28,28.41,26.89,30.27,38.5,51.32,61.27,27.51,38.71,52.28,36.27,35.28,47.87,32.84,44.93,35.02,22.3,,25.38,33.16,36.77,25.79,41.84,45.66,41.34,29.24,42.46,35.69,30.63,34.43,37.16,31.6,42.64,27.13,31.49,35.14,26.52,35.79,,25.69,44.3,35.66,35.54,29.63,33.89,28.92,23.06,53.21,48.15,38.36,18.99,30.01,21.16,33.93,35.62,25.77,40.71,50.3,32.58,23.78,24.19,30.98,71.2,29.55,24.64,25.98,32.07,32.47,47.49,34.44,50.01,35.92,56.01,64.16,29.83,20.24,29.5,22.18,73.87,25.01,50.49,28.66,38.5,35.24,27.98,40.36,25.71,30.88,32.78,57.43,33.53,70.77,24.45,28.41,30.66,29.43,28.7,24.75,33.15,28.71,35.16
2022-10-27,42.27,28.51,27.09,30.66,37.92,52.34,62.97,27.15,35.41,60.86,36.72,34.67,45.48,32.66,46.43,33.92,21.86,,25.59,32.61,32.88,25.93,37.32,46.67,40.48,29.16,42.5,35.72,30.06,34.13,36.94,32.18,42.18,27.52,31.62,34.58,25.6,35.38,,26.96,44.32,37.12,36.66,29.14,33.86,26.0,23.47,59.05,48.06,38.74,19.07,29.36,21.09,30.89,34.73,25.76,39.75,50.35,29.13,20.5,24.53,30.47,34.75,29.21,23.85,22.92,32.11,34.72,49.41,35.34,49.83,36.58,47.26,64.02,29.38,20.35,29.3,22.12,73.24,24.64,52.49,27.7,38.7,34.9,26.87,40.05,26.44,31.64,32.87,58.18,32.46,71.84,24.74,28.41,30.55,29.05,28.59,25.03,32.84,29.02,35.35
2022-10-28,31.32,26.68,25.72,29.13,36.12,48.79,59.68,27.16,33.47,42.21,34.22,33.06,44.16,31.09,45.71,32.57,20.66,,24.14,31.5,31.51,22.12,33.25,37.89,39.71,27.7,41.28,34.0,29.68,30.95,36.35,31.46,41.37,26.08,29.46,33.75,24.38,33.56,,25.66,42.68,33.86,33.72,28.08,32.66,24.99,22.34,38.36,42.94,37.65,18.39,28.18,19.91,29.19,34.67,26.18,39.47,46.78,29.37,20.18,23.93,29.48,48.69,26.84,22.95,22.86,31.17,31.48,46.7,30.56,48.59,34.74,45.78,61.96,28.89,19.69,28.17,20.94,71.57,23.13,51.3,27.03,38.26,32.84,27.07,39.31,24.02,29.7,24.46,54.77,31.42,69.98,24.31,27.32,29.79,27.65,26.96,23.6,31.11,27.91,31.67
2022-10-31,32.28,25.97,26.36,30.09,37.42,49.8,62.62,26.88,35.25,41.46,34.68,34.02,45.43,31.96,46.29,34.76,21.91,,24.76,31.37,32.2,23.46,33.01,39.23,40.38,28.32,44.65,34.3,30.23,31.66,37.05,30.52,41.34,26.54,27.86,34.61,25.41,33.59,,24.55,43.23,34.62,34.66,28.98,33.87,25.79,22.63,39.11,44.48,37.65,18.22,28.72,20.99,29.96,35.41,25.94,40.05,48.12,30.17,20.31,24.21,30.17,52.23,28.0,23.16,22.66,31.78,33.13,47.62,31.97,48.8,35.68,46.55,63.47,28.87,20.37,30.33,21.43,70.15,23.55,52.68,27.47,38.36,34.9,26.05,39.48,25.07,29.38,25.28,55.18,32.22,74.2,24.39,28.15,29.9,28.15,27.57,24.47,31.48,28.0,33.08
2022-11-01,32.62,25.11,26.19,29.87,37.56,49.56,62.06,26.9,34.75,43.62,34.76,33.85,44.71,31.88,44.88,34.06,20.9,,25.08,30.99,31.29,21.7,32.65,39.24,39.49,27.75,45.49,34.06,30.17,31.29,36.47,29.46,41.32,26.26,27.57,35.02,24.86,33.55,,23.26,43.17,35.82,35.82,29.13,33.95,25.02,21.91,38.27,49.52,37.52,18.65,28.35,21.09,29.33,31.44,25.14,39.86,48.01,30.14,20.62,23.74,29.58,50.7,27.08,23.0,22.63,31.17,32.99,47.37,30.57,47.97,36.01,45.97,63.45,29.25,20.89,25.34,21.36,73.13,23.89,53.39,26.46,38.34,34.0,25.37,36.43,24.57,30.9,25.13,54.22,31.58,55.58,25.23,28.29,29.6,28.22,27.59,24.39,31.02,27.22,32.22
2022-11-02,33.69,25.36,26.1,30.32,38.42,50.04,54.93,27.25,36.13,44.29,35.11,33.69,42.13,31.62,46.21,34.95,21.42,,25.4,30.47,31.67,23.02,32.79,39.04,40.87,28.89,49.42,34.36,26.25,31.59,36.85,32.15,42.28,26.42,28.94,34.81,24.73,33.45,,25.41,42.9,35.68,35.75,29.52,34.21,25.17,22.25,38.48,49.61,39.73,19.54,28.79,21.54,29.43,32.9,24.69,41.15,48.45,30.48,20.74,21.94,29.27,49.79,27.41,23.75,22.5,31.24,35.69,47.01,31.26,48.58,36.09,47.83,64.01,29.47,21.63,26.29,21.89,75.1,24.94,51.65,26.34,38.09,34.2,25.38,36.59,24.22,31.56,25.59,56.06,32.21,55.78,25.14,28.68,29.36,28.81,27.79,23.69,30.55,27.09,32.37
2022-11-03,34.93,25.2,26.64,33.11,40.0,50.37,53.98,27.57,36.31,44.57,36.58,34.02,42.68,31.35,38.93,34.29,20.69,,24.83,31.55,32.01,22.25,32.88,39.81,39.18,29.06,48.3,35.61,24.86,30.2,36.25,30.95,42.94,26.7,28.17,34.14,24.65,32.73,,23.88,43.09,37.23,37.21,29.18,35.81,25.01,22.79,38.08,49.44,39.19,19.15,28.88,21.22,28.83,31.13,24.53,41.72,48.07,31.44,20.82,21.89,29.92,50.36,27.06,23.75,22.33,31.42,33.43,46.91,30.91,48.6,36.26,47.39,62.81,30.32,21.65,26.01,22.55,76.86,25.47,41.93,26.38,40.58,33.54,25.7,35.32,24.55,29.93,25.7,54.92,33.02,56.48,24.26,28.09,29.25,28.66,29.04,24.37,31.13,27.56,31.81
2022-11-04,35.7,23.33,25.75,31.5,38.55,48.05,52.93,24.24,34.28,43.23,35.45,33.52,41.95,30.44,39.13,33.22,20.3,,23.92,31.16,32.06,22.06,32.3,37.39,39.4,29.01,49.93,35.6,23.97,29.41,36.65,30.47,44.16,24.76,27.48,33.46,24.26,32.05,,23.39,41.51,34.71,34.96,27.98,35.21,24.24,21.81,36.58,48.17,37.28,18.74,27.65,20.81,28.26,30.7,24.48,41.44,46.36,30.7,20.05,21.58,31.43,47.89,26.05,23.15,21.59,30.16,31.95,45.81,30.15,48.36,36.76,47.22,60.9,30.24,20.46,25.42,21.06,82.19,24.19,40.76,25.44,32.77,32.69,24.77,34.44,23.46,30.77,24.69,56.2,32.18,55.35,24.75,27.66,28.22,27.34,28.49,23.23,29.4,27.66,31.03
2022-11-07,35.73,23.44,25.87,30.98,38.8,48.26,53.8,24.62,35.47,43.78,38.67,34.06,42.84,30.9,40.29,33.81,20.92,,23.05,30.74,33.34,22.17,32.83,37.93,39.57,31.13,50.04,34.92,24.22,29.85,36.22,30.52,46.02,26.19,27.31,33.77,24.72,32.67,,22.47,41.91,34.59,34.48,28.1,34.89,24.44,22.06,37.13,47.68,37.03,18.09,28.26,20.75,28.36,31.39,25.25,41.53,46.8,30.78,20.11,21.21,31.12,49.19,27.19,23.66,22.39,30.37,32.36,46.05,31.43,49.44,37.44,47.68,61.57,33.56,20.52,26.3,21.6,64.95,24.47,40.57,26.3,31.93,32.9,25.86,35.7,23.85,29.27,25.41,62.12,32.19,56.79,24.7,27.52,28.06,27.87,28.01,23.57,30.88,27.64,31.74
2022-11-08,35.84,24.57,26.37,31.99,38.98,47.83,53.47,26.07,35.17,44.43,39.31,33.8,43.24,30.98,40.19,34.55,21.7,,23.7,30.99,33.73,22.15,33.29,38.1,40.16,32.72,49.71,34.53,24.16,30.44,36.55,31.65,48.31,26.3,27.65,34.69,24.47,33.04,,24.97,42.11,34.84,34.63,28.33,35.39,24.92,22.31,37.97,48.15,37.75,17.75,28.51,20.84,29.28,30.82,25.33,41.69,47.35,31.13,19.61,22.55,30.41,48.7,26.02,23.97,22.11,30.68,32.73,45.58,31.54,49.09,37.5,47.48,61.67,34.4,20.97,26.21,21.83,61.03,23.91,41.55,26.51,32.38,33.31,26.04,35.7,23.77,30.71,24.9,62.17,32.41,57.3,24.77,27.41,27.98,27.63,28.16,23.14,30.91,27.84,32.12
2022-11-09,37.68,25.42,26.88,31.79,40.71,49.83,56.14,25.19,36.54,46.43,40.88,34.98,44.34,31.66,40.0,35.94,21.94,,23.94,31.87,34.31,22.35,34.47,39.36,44.05,34.04,51.87,36.01,25.3,32.7,37.34,32.19,37.06,26.29,28.38,35.18,24.56,33.72,,24.21,42.96,36.07,36.14,29.02,36.94,25.65,23.23,39.34,49.14,39.36,18.48,29.54,21.21,29.06,31.13,25.91,42.84,49.52,33.19,20.25,22.28,30.85,49.35,26.21,23.95,22.35,32.31,34.15,47.48,31.71,49.79,37.85,48.49,63.48,35.34,21.6,26.41,21.86,60.58,23.84,42.2,26.35,32.42,34.11,26.04,37.16,24.69,28.9,26.46,68.36,33.9,58.47,23.33,27.92,29.16,28.64,30.55,24.04,31.89,29.44,34.08
2022-11-10,32.16,23.89,24.0,29.42,39.24,47.38,52.75,23.81,33.94,42.96,38.62,32.7,42.78,28.26,37.07,33.9,21.27,,22.51,29.34,31.72,20.98,32.3,38.17,40.28,31.78,47.54,32.85,23.69,30.65,35.6,31.12,34.64,23.83,26.4,32.95,23.52,31.68,,25.61,39.84,33.25,33.06,26.85,34.04,24.22,21.85,35.27,46.77,35.67,16.64,26.52,19.39,26.93,30.63,24.46,39.61,47.29,29.62,19.38,20.83,28.95,47.98,23.79,24.19,21.83,29.19,30.64,43.99,29.12,47.83,35.22,46.39,59.72,35.36,19.42,24.74,19.98,58.08,23.36,39.05,24.64,30.21,32.52,23.35,33.69,23.14,29.36,24.67,65.25,31.05,54.34,24.33,26.0,26.58,26.08,27.96,22.02,29.0,27.65,32.28
2022-11-11,31.13,23.73,23.57,29.99,39.28,47.69,53.14,23.72,31.85,41.69,36.31,32.67,41.39,27.54,35.52,33.23,22.87,,21.51,28.82,31.28,20.55,33.39,38.25,38.44,30.83,48.52,34.46,24.18,28.63,35.39,30.3,32.88,23.09,25.96,33.98,23.6,30.28,,24.29,40.14,32.38,32.29,25.93,32.62,23.64,21.23,35.64,46.78,35.35,18.22,25.92,18.05,26.85,32.0,25.6,39.39,46.46,28.09,18.35,20.17,27.95,46.94,23.7,22.56,22.34,28.78,29.72,43.73,28.28,45.93,35.2,46.04,59.27,34.04,19.39,23.56,18.94,55.77,22.06,37.36,25.59,29.35,31.2,23.03,32.6,22.09,29.42,25.32,61.31,29.43,53.77,26.76,24.89,26.1,25.59,26.75,21.72,28.19,27.64,30.16
2022-11-14,32.35,24.34,24.33,32.71,43.07,49.33,55.07,23.84,34.13,44.43,37.93,33.27,42.23,28.23,36.93,36.28,22.22,,22.01,30.27,31.91,21.49,34.62,39.72,39.4,32.33,49.61,33.2,24.14,29.25,35.8,30.28,34.65,24.2,26.77,34.19,24.35,31.47,,25.62,42.76,33.58,33.54,27.25,38.47,24.26,22.39,37.38,48.86,36.38,17.78,27.12,19.26,27.58,34.46,25.59,45.07,47.95,29.47,18.63,21.43,28.45,48.0,24.49,23.96,22.83,29.67,31.81,44.94,29.03,48.47,36.24,47.94,61.59,36.31,19.66,25.9,20.64,59.61,22.93,38.86,25.67,29.96,33.1,23.57,34.27,22.86,29.13,25.58,63.28,31.02,55.18,25.1,26.44,27.48,27.28,27.43,22.8,28.79,31.97,31.4
2022-11-15,32.55,23.83,23.6,33.81,44.87,49.84,56.19,24.02,32.8,44.47,38.43,33.46,41.95,29.01,38.29,35.55,22.0,,22.2,30.57,31.96,21.17,34.48,41.41,39.67,31.28,51.62,34.02,23.92,29.39,35.41,29.66,34.58,23.13,26.91,34.93,25.3,31.69,,24.25,42.66,34.07,34.09,27.57,29.52,24.44,22.7,37.7,48.25,36.67,17.86,26.97,19.07,27.05,33.89,26.54,41.6,47.71,29.63,19.17,20.55,28.34,48.39,24.53,23.82,23.14,29.94,31.3,45.03,28.76,48.76,36.11,48.88,62.29,37.73,19.22,25.78,20.85,61.19,22.69,39.67,27.24,30.44,32.29,23.22,33.61,24.3,28.6,26.5,63.02,31.5,55.59,26.03,27.64,26.94,27.11,27.73,24.16,29.47,21.23,31.46
2022-11-16,32.64,23.92,23.29,34.62,46.15,50.44,55.65,23.71,33.11,45.41,39.02,33.62,42.31,28.69,37.51,35.63,21.75,,22.05,31.1,31.71,20.22,34.0,41.89,40.0,31.61,53.02,35.44,24.42,30.02,35.67,30.0,35.2,22.51,27.0,35.31,25.09,33.2,,25.32,44.83,34.17,34.15,27.73,30.43,24.87,22.05,38.41,49.16,35.7,17.31,27.0,18.61,26.7,34.02,25.2,35.69,49.45,29.54,18.73,20.18,28.54,49.01,26.21,23.48,22.63,30.17,31.44,47.72,28.03,48.65,35.93,48.41,64.01,38.7,18.67,25.63,20.61,61.21,22.13,40.75,26.79,29.95,32.46,23.2,34.55,23.41,29.26,26.09,64.12,31.91,56.89,24.36,27.22,28.44,27.13,27.92,23.54,29.77,21.29,31.88
2022-11-17,31.82,24.18,23.99,34.54,46.06,50.19,55.45,23.79,33.78,45.11,38.7,33.27,41.22,28.89,39.07,34.71,21.19,,21.85,30.74,31.15,20.82,34.22,41.44,39.8,31.73,53.7,25.19,23.94,30.08,35.49,31.07,35.22,23.75,26.39,35.67,24.34,32.4,,24.35,44.32,33.73,33.72,27.92,30.47,23.72,21.65,37.2,49.48,36.65,17.12,26.65,18.7,26.88,33.67,25.08,36.06,48.53,29.37,18.75,20.62,28.87,47.97,26.29,23.62,22.75,30.59,30.82,46.87,28.75,48.46,37.06,48.68,54.87,38.61,18.12,25.97,20.4,62.91,22.63,39.88,25.42,29.99,31.85,24.21,33.48,23.15,28.92,25.89,63.67,31.27,57.96,24.0,27.91,28.17,26.94,27.59,22.64,29.6,20.64,31.46
2022-11-18,31.13,23.02,22.88,33.48,46.56,44.55,53.15,22.67,31.28,43.85,37.61,31.76,40.31,28.66,37.33,33.53,20.27,,20.84,29.56,30.31,19.64,32.04,40.37,39.38,31.14,52.27,23.67,22.95,29.4,35.01,30.44,33.55,22.0,25.86,35.26,22.57,31.28,,24.64,41.21,33.07,32.97,26.72,29.24,23.65,21.2,36.47,47.87,36.06,16.1,25.96,17.26,25.42,32.28,24.26,35.1,47.15,28.96,18.01,19.3,29.0,46.21,25.0,23.18,22.57,29.64,30.04,46.1,27.29,47.51,37.7,48.02,53.04,37.09,17.78,24.48,19.02,61.26,22.0,39.01,24.69,29.24,30.83,22.69,32.58,22.07,28.18,24.64,62.66,29.6,54.84,23.56,27.64,26.64,26.13,26.75,21.91,28.52,19.31,31.24
2022-11-21,31.74,23.23,22.71,32.86,47.54,44.53,53.06,23.85,29.56,43.83,37.07,31.65,40.03,27.77,37.93,33.7,20.29,,20.48,29.1,30.35,19.57,32.57,39.01,40.61,30.79,51.61,23.16,22.34,30.39,35.62,30.09,34.22,22.26,25.77,39.24,22.31,30.65,,24.29,40.44,32.94,32.96,26.07,28.87,22.71,20.54,36.86,48.36,35.81,16.07,25.79,16.84,25.71,32.81,24.02,34.88,46.38,29.56,17.43,19.73,24.79,46.26,24.66,24.27,22.14,29.0,29.55,47.32,27.0,47.4,43.57,49.16,53.13,38.03,17.06,24.27,18.49,60.89,23.07,38.84,24.82,28.77,30.08,23.29,31.78,21.64,28.03,23.41,68.73,29.88,54.72,24.64,27.15,26.56,26.4,26.95,22.05,27.87,19.16,31.67
2022-11-22,29.64,22.86,21.83,31.65,45.35,42.36,49.73,24.16,28.89,42.15,34.32,29.78,38.42,26.6,35.71,32.1,19.7,,18.97,27.53,28.44,18.45,30.45,37.91,38.82,29.06,49.13,22.32,21.04,28.42,33.76,28.64,33.19,20.73,24.23,39.6,20.98,29.58,,26.09,38.02,31.42,31.46,24.73,27.09,21.18,19.95,33.3,45.69,34.04,15.38,24.06,15.71,23.92,30.95,22.53,33.29,44.24,27.34,16.55,17.69,24.24,44.75,22.75,23.27,20.9,27.39,28.1,45.42,25.98,46.19,44.1,47.02,50.75,36.33,16.21,23.27,17.46,58.83,19.6,36.38,23.1,27.72,28.24,20.9,29.45,19.97,25.53,22.14,64.34,28.1,53.37,22.35,26.03,25.26,23.64,25.09,20.62,26.51,18.07,30.0
2022-11-23,29.16,22.52,21.05,31.22,44.83,41.02,50.51,24.56,28.43,40.9,34.39,28.41,36.85,25.77,35.37,30.1,18.91,,18.65,27.5,28.56,17.67,29.56,36.56,39.1,28.23,48.69,21.47,20.49,27.65,28.12,29.84,31.91,20.48,23.35,38.8,20.69,28.28,,23.55,36.94,30.07,30.41,23.7,26.98,21.12,19.72,32.57,45.49,31.83,14.4,22.69,15.44,22.8,30.58,21.95,33.6,43.44,26.31,16.01,16.86,22.67,43.08,22.5,25.33,20.73,26.65,27.91,45.51,25.33,44.38,45.59,45.78,48.71,36.37,15.68,23.46,16.95,57.06,20.62,35.08,22.57,26.99,27.67,20.41,29.22,19.78,26.1,22.74,60.95,27.16,49.34,22.22,25.54,23.77,23.39,23.97,20.82,25.2,17.47,29.45
2022-11-25,30.45,21.85,21.43,30.16,45.15,41.61,50.38,23.66,29.42,41.81,34.55,28.19,37.66,25.41,35.85,30.55,18.51,,18.64,27.01,28.17,18.07,29.6,35.9,38.33,28.37,48.85,21.97,19.66,27.36,27.89,28.79,32.43,20.71,23.65,40.2,20.3,28.65,,23.1,36.89,30.82,31.32,23.13,26.67,20.96,20.07,32.67,45.72,33.08,14.75,22.77,15.12,23.1,30.53,21.91,32.92,42.73,26.21,15.78,17.04,24.05,42.78,22.73,24.31,20.99,26.05,27.15,45.56,25.39,44.47,45.91,46.06,49.74,35.86,15.94,23.02,16.34,57.29,20.35,35.79,22.85,26.94,27.36,20.02,28.76,19.74,26.17,22.44,60.98,27.77,50.52,22.03,25.29,24.32,23.51,23.9,20.29,25.65,17.66,29.25
2022-11-28,32.56,23.11,23.44,32.2,46.93,43.12,50.78,23.44,31.89,42.76,36.38,30.33,38.86,27.54,36.72,32.58,19.51,,19.88,29.16,29.95,18.26,31.0,37.46,40.02,29.45,50.49,23.14,21.31,29.81,28.91,31.65,33.87,22.15,26.01,41.43,21.87,30.75,,23.73,38.55,31.8,32.71,25.06,29.21,23.21,21.56,34.73,47.42,33.45,15.54,25.2,16.12,26.27,30.52,22.35,33.84,44.38,28.9,17.11,19.38,26.27,43.94,25.68,23.11,21.79,27.75,29.96,48.09,27.66,45.17,46.65,47.24,51.53,36.54,16.81,23.88,17.6,58.13,22.29,38.18,23.81,29.33,29.7,19.81,32.15,20.98,30.4,23.09,61.38,29.4,52.64,23.84,26.8,26.06,26.23,26.03,21.98,27.69,18.83,31.42
2022-11-29,33.44,22.44,22.54,32.61,47.06,42.29,50.09,25.02,30.11,42.95,36.5,29.62,38.59,26.75,36.28,32.23,18.91,,19.78,28.63,29.39,18.66,30.53,36.14,39.19,29.14,51.64,22.51,21.07,28.88,28.68,28.6,33.3,21.76,25.39,41.29,21.4,30.07,,23.71,37.61,32.9,33.28,24.84,28.46,21.83,20.49,33.95,47.06,33.05,15.8,24.35,16.5,26.9,30.3,22.29,34.45,43.6,28.39,17.06,19.4,21.45,43.72,24.22,22.48,21.25,27.33,30.56,47.54,27.54,44.05,45.96,46.56,51.48,36.47,17.34,23.64,18.18,56.63,21.43,37.68,23.89,28.45,28.67,21.84,31.4,20.21,27.65,23.58,60.85,28.82,51.87,22.65,25.82,26.81,25.95,25.21,20.9,26.65,18.55,30.74
2022-11-30,29.48,21.27,21.12,30.14,44.58,39.84,47.28,26.0,29.52,39.23,33.8,27.82,37.22,24.72,34.18,30.02,18.06,,19.12,27.46,27.83,17.78,28.76,35.82,36.6,27.17,49.69,21.27,19.81,26.75,26.49,25.96,30.57,20.98,23.12,39.89,19.88,28.68,,23.06,35.13,30.03,30.78,23.35,26.41,20.62,19.5,32.51,38.48,30.41,14.69,22.99,15.21,25.4,28.03,21.16,32.07,40.82,25.24,16.58,17.95,24.38,42.08,24.14,20.3,19.65,26.2,27.0,45.76,26.56,43.41,44.63,43.23,47.83,35.57,16.19,22.08,16.47,54.93,19.68,35.28,17.18,25.83,27.03,21.19,29.78,19.38,25.76,21.54,57.09,26.71,48.19,20.24,24.0,23.94,25.84,23.06,20.21,25.42,17.83,28.33
2022-12-01,29.26,20.64,20.62,30.23,44.82,40.09,47.91,23.24,29.57,39.09,33.22,28.58,37.65,26.8,34.45,30.18,17.51,,18.85,28.34,27.69,17.07,29.32,36.3,35.85,30.45,38.39,21.31,19.66,26.91,26.44,28.37,30.95,20.36,22.96,40.03,20.1,29.12,,23.5,35.58,30.81,31.11,24.4,26.04,20.74,19.18,33.36,36.99,30.45,14.84,23.47,15.59,24.92,28.03,20.65,31.95,41.88,25.75,15.91,18.1,25.12,42.54,24.47,20.23,20.1,25.63,26.91,47.28,25.89,44.39,44.67,43.31,47.89,34.63,15.85,21.52,16.19,52.03,18.43,34.62,19.99,25.44,27.49,20.66,29.43,19.03,24.54,21.62,56.36,27.16,49.37,21.43,23.61,24.12,24.61,23.99,20.53,26.94,17.18,28.35
2022-12-02,28.18,19.55,20.24,29.61,45.06,38.63,46.75,22.79,28.59,37.76,32.05,25.79,37.13,25.06,32.76,28.01,18.18,,17.85,26.75,27.33,16.42,28.74,35.86,35.45,29.85,36.89,20.83,18.91,26.36,26.48,26.73,30.24,19.9,21.72,39.28,18.49,28.29,,23.45,33.88,29.13,29.85,22.53,25.29,19.61,18.65,31.6,36.63,29.74,13.84,22.75,14.91,24.02,25.9,20.81,30.81,41.3,24.08,15.79,17.34,18.58,41.96,24.04,19.41,19.78,24.81,25.61,46.72,25.12,41.81,44.17,42.4,47.02,34.0,16.09,21.35,15.89,52.85,19.06,34.37,19.78,25.19,25.55,19.25,27.86,18.74,25.07,21.53,54.15,25.82,48.32,20.86,23.46,24.16,23.25,22.21,20.74,26.51,16.92,28.31
2022-12-05,30.34,20.32,21.76,31.5,45.94,40.84,49.13,21.85,31.24,40.45,33.85,29.45,39.36,28.82,33.91,32.47,17.97,,19.42,29.57,28.29,17.67,30.96,37.53,38.44,31.41,40.45,22.12,19.8,28.3,27.19,28.19,32.62,21.18,23.47,40.23,20.46,30.31,,23.33,36.16,31.51,32.11,24.62,27.7,21.14,20.01,34.88,38.77,31.05,14.6,25.71,15.99,25.09,27.88,21.25,32.85,42.86,26.46,17.09,18.44,23.53,43.49,24.77,21.14,21.11,27.9,28.31,47.78,26.6,43.29,45.64,45.66,49.58,38.56,17.14,22.19,17.47,55.58,19.74,36.75,21.77,26.41,28.15,21.02,30.38,20.08,26.42,23.0,60.82,27.54,51.01,21.7,25.04,26.51,25.84,24.6,22.16,30.52,18.26,29.6
2022-12-06,32.68,21.41,23.06,32.85,47.77,42.13,52.06,21.79,33.3,42.55,35.45,30.83,41.76,31.33,34.79,34.26,19.17,,21.2,31.29,31.1,18.35,32.15,39.34,39.33,31.49,41.75,24.27,20.92,30.37,27.79,29.29,34.27,21.71,24.26,41.26,21.7,31.16,,23.79,37.59,33.71,33.67,26.37,29.2,23.03,21.11,35.11,40.99,32.56,16.79,27.41,16.89,26.29,28.36,22.12,35.09,44.06,28.49,17.94,19.43,25.2,45.99,25.7,23.18,21.83,30.01,30.29,49.06,27.7,44.69,46.44,47.73,52.0,39.81,18.22,24.4,17.97,57.7,21.56,38.38,23.8,27.52,29.38,21.84,31.13,20.28,27.76,24.0,61.47,29.47,53.56,22.14,25.78,27.72,27.16,26.37,22.75,30.17,18.98,31.61
2022-12-07,33.72,21.32,23.0,33.21,48.8,42.7,52.6,20.73,34.42,43.35,36.04,31.31,40.73,31.39,38.06,33.5,19.71,,21.09,32.54,29.36,18.38,33.33,39.61,39.21,32.67,42.28,24.84,20.93,30.76,27.56,32.08,34.72,22.6,24.3,41.09,21.71,32.13,,23.96,38.55,34.58,34.47,26.73,28.92,23.3,21.57,36.09,41.7,32.31,16.54,28.46,17.21,27.36,27.48,22.56,32.67,44.3,29.07,18.41,19.15,24.75,46.43,26.14,22.6,22.47,29.93,30.9,49.68,28.23,45.53,46.78,48.45,52.74,40.52,18.13,24.51,18.13,58.63,21.52,39.54,23.59,27.88,29.52,22.21,31.73,21.4,26.91,23.83,62.71,29.94,55.07,21.41,26.27,27.98,27.45,27.32,22.55,31.39,19.16,32.63
2022-12-08,32.58,21.0,21.72,33.5,48.59,41.96,53.22,21.23,31.9,41.68,35.42,30.13,40.76,31.43,37.1,34.01,18.94,,20.97,30.79,29.28,18.63,32.54,38.68,40.34,31.0,41.51,23.84,21.11,30.57,26.82,29.17,33.31,21.69,23.68,41.15,21.43,31.99,,23.39,37.54,34.46,34.01,25.93,28.18,22.82,20.67,35.63,40.25,32.35,16.14,27.37,16.69,26.23,28.47,22.35,32.51,43.18,27.67,17.73,18.9,25.16,45.74,27.04,21.16,22.62,28.66,29.58,48.03,27.49,45.16,46.11,47.5,51.79,39.56,17.26,24.09,17.6,57.84,20.75,37.97,23.44,27.45,28.49,21.88,32.44,22.43,26.57,26.04,63.19,29.06,53.93,21.71,25.38,27.57,26.32,26.21,22.75,30.23,19.01,31.98
2022-12-09,32.98,21.91,22.2,33.68,49.44,42.37,53.07,22.79,32.24,42.27,29.52,30.01,41.36,31.75,36.3,32.85,19.85,,20.79,31.4,29.27,18.37,31.54,38.16,39.88,26.5,41.2,23.91,20.97,31.57,27.28,29.32,33.57,21.26,24.19,40.67,20.13,32.13,,24.79,37.67,34.03,34.11,25.91,27.86,23.09,20.55,35.54,40.61,32.33,16.38,28.44,17.32,26.5,28.27,21.87,31.42,43.62,28.6,17.42,18.16,23.65,45.48,26.98,20.48,22.83,28.92,29.42,48.04,27.85,45.12,46.36,46.09,52.55,41.78,17.2,24.2,17.7,56.36,20.84,38.69,23.5,27.57,28.93,20.95,31.89,22.29,27.12,25.32,61.06,29.18,52.58,22.41,25.62,27.55,26.62,26.06,22.17,31.02,19.55,32.37
2022-12-12,34.31,23.18,23.21,34.47,49.63,45.23,55.0,23.77,34.79,44.22,32.68,31.6,41.79,33.95,37.72,34.93,20.43,,21.46,33.8,29.64,18.84,32.41,40.25,40.87,27.04,41.97,24.64,21.69,31.4,28.25,29.85,34.91,20.84,24.49,41.63,21.69,32.46,,24.44,38.79,36.4,36.17,27.22,28.97,23.69,21.32,36.79,41.37,33.82,16.35,29.94,17.33,28.98,29.09,22.45,32.38,46.65,29.3,18.05,19.1,24.5,47.98,26.86,21.11,23.72,30.23,31.75,50.02,28.28,46.59,46.93,47.73,55.79,40.0,18.07,24.78,18.53,57.06,20.72,40.63,24.13,28.88,29.6,21.25,34.27,23.47,28.28,25.98,67.04,30.58,54.55,22.52,25.71,28.47,27.34,27.23,23.71,34.21,19.3,31.78
2022-12-13,32.06,22.85,22.05,32.26,46.29,42.62,52.62,23.23,31.64,41.3,30.26,29.23,40.24,31.81,35.81,32.32,20.38,,20.22,31.94,28.2,17.53,30.49,37.13,37.18,26.02,39.26,23.16,22.0,29.08,25.98,28.55,32.9,19.93,23.63,40.12,20.81,31.13,,24.05,36.38,34.18,33.62,25.74,27.72,22.13,20.26,35.31,39.85,33.61,15.46,28.52,16.61,26.26,26.41,21.57,30.61,43.51,27.41,16.91,18.31,20.54,45.03,25.25,19.7,20.99,28.76,29.12,47.64,26.13,43.79,43.9,43.84,52.44,26.62,17.25,24.44,17.28,54.17,19.41,37.95,22.13,27.16,29.47,21.2,30.99,21.67,26.76,25.1,67.34,29.03,50.64,25.18,24.1,26.7,25.21,25.63,22.12,33.01,18.74,29.73
2022-12-14,31.82,22.6,22.25,31.58,44.95,41.32,51.17,21.57,30.92,39.6,29.54,29.37,38.7,31.63,34.89,33.04,19.53,,20.01,32.01,27.3,16.62,30.89,37.45,36.98,25.24,38.15,22.84,21.49,29.17,25.3,27.31,32.14,19.62,23.14,39.73,20.41,30.51,,23.61,35.76,33.04,32.55,25.1,27.03,21.18,19.69,34.87,39.26,32.81,15.12,28.23,16.09,24.82,26.06,20.61,29.69,42.36,26.33,16.27,17.9,23.68,44.14,24.52,18.44,20.07,28.54,27.44,46.76,25.84,42.06,42.53,43.54,50.86,24.98,16.84,23.69,17.19,54.81,18.99,37.47,22.29,26.17,28.51,20.03,29.28,21.56,26.35,24.14,67.0,28.28,49.61,24.08,23.45,25.79,26.29,24.7,22.55,32.58,18.0,29.83
2022-12-15,34.98,22.81,23.0,33.27,47.05,43.26,51.6,22.92,31.15,42.35,30.72,30.22,38.55,32.95,36.14,33.15,21.05,,21.68,33.22,29.15,17.53,32.1,38.69,36.91,26.76,39.37,24.21,23.22,29.87,26.37,29.64,33.79,21.71,24.44,40.51,20.93,31.76,,24.23,36.75,34.96,34.8,27.4,28.17,22.68,22.9,36.05,41.29,35.69,15.76,29.67,16.88,26.49,26.77,20.83,30.55,44.8,28.02,17.07,18.51,23.81,45.56,26.52,18.92,20.77,30.38,30.17,48.78,26.18,48.25,43.53,44.45,52.82,26.05,17.94,24.7,18.08,56.32,19.03,39.01,22.78,27.09,28.87,21.16,30.24,22.81,27.56,25.36,65.55,30.41,51.26,24.64,24.85,26.77,25.61,26.3,23.48,33.16,18.81,29.94
2022-12-16,34.77,23.23,23.4,29.23,36.08,42.63,50.16,22.02,31.38,40.49,30.2,30.93,38.37,32.55,35.29,33.03,21.57,,21.46,33.24,28.96,17.6,31.91,39.54,37.21,26.11,38.65,23.63,24.05,30.04,26.88,28.27,33.4,20.38,23.95,40.93,20.86,32.31,,23.95,37.89,34.32,34.4,27.54,28.73,22.73,21.91,35.2,40.89,34.78,16.01,29.14,17.05,23.48,25.9,20.61,30.75,43.69,26.74,17.59,18.88,24.26,46.15,26.03,19.23,21.02,30.0,30.2,47.06,26.04,49.95,44.12,43.8,52.6,26.22,17.38,25.43,18.09,55.82,19.41,38.98,23.34,27.33,29.24,21.28,29.37,21.33,27.04,25.12,66.27,28.84,50.31,24.05,25.24,27.66,26.8,25.27,24.06,32.85,18.88,30.33
2022-12-19,34.37,22.72,23.48,30.65,36.34,42.52,50.2,21.56,31.78,42.56,29.98,31.52,37.04,33.04,35.5,33.72,20.35,,21.02,33.56,29.76,17.68,31.25,39.37,36.12,25.99,37.88,23.67,23.69,28.85,25.48,28.22,35.76,19.73,22.9,42.29,20.43,31.22,,23.6,38.01,34.18,34.34,28.98,28.61,22.3,21.75,35.29,39.91,34.55,15.56,28.59,16.86,24.71,26.26,20.69,30.69,44.16,27.52,17.12,18.34,23.41,46.44,25.9,19.57,20.61,31.47,29.63,47.68,25.62,57.52,46.23,44.27,52.16,25.23,17.58,24.85,19.5,58.45,19.01,38.89,22.37,27.01,30.09,20.86,29.14,22.72,26.59,24.94,68.22,29.2,49.44,25.1,25.34,27.81,26.36,25.51,23.92,33.0,18.54,28.7
2022-12-20,34.02,22.86,23.32,29.86,36.98,42.65,49.76,21.59,31.08,41.85,30.05,30.57,36.36,32.31,35.02,33.38,20.25,,20.36,32.89,28.88,18.06,30.76,38.47,34.82,25.38,37.97,22.41,23.44,28.51,24.93,28.42,34.8,19.54,23.39,45.87,20.53,31.32,,22.49,37.68,33.32,33.3,29.01,28.07,21.81,21.3,35.62,39.76,33.61,16.11,27.81,16.42,23.8,25.81,20.48,30.8,43.66,26.06,17.08,17.81,23.81,45.54,25.28,18.72,19.95,31.32,29.71,46.79,25.84,60.78,45.47,43.41,52.4,24.83,17.27,24.64,19.68,55.75,18.79,38.39,22.26,27.0,30.81,20.97,28.89,21.37,27.63,24.67,74.57,28.39,49.02,24.65,25.17,29.56,25.68,24.62,23.8,33.65,18.23,28.12
2022-12-21,31.99,21.91,21.79,28.42,34.88,40.55,48.04,20.61,29.67,39.63,28.44,28.83,35.22,31.14,34.22,31.13,18.9,,19.19,31.83,26.99,16.88,30.23,36.08,33.51,24.06,35.99,21.67,23.92,27.24,23.74,26.69,33.15,18.67,21.57,30.26,19.05,29.58,,21.31,35.76,32.05,31.97,27.91,26.36,20.4,20.72,34.05,38.45,31.85,14.92,26.78,15.61,22.7,24.67,19.79,28.88,41.55,24.7,16.16,16.43,22.69,43.82,24.47,20.34,19.31,30.63,28.07,46.01,23.31,62.32,28.62,42.8,49.85,23.4,15.94,22.93,18.55,54.61,18.5,36.29,21.09,26.04,28.95,19.54,27.8,21.07,25.78,22.75,72.72,26.86,47.69,23.55,23.8,25.23,24.12,23.32,22.54,31.92,17.26,27.11
2022-12-22,34.87,22.85,23.67,29.81,37.3,45.63,52.76,21.34,30.88,42.31,30.01,31.53,38.99,32.9,35.77,34.45,20.0,,21.32,34.29,29.77,17.89,32.05,39.08,38.07,25.59,38.35,23.01,24.56,29.83,26.32,28.72,35.43,20.0,23.84,32.03,21.41,32.83,,22.08,40.95,34.17,34.2,30.18,28.14,22.75,23.05,38.04,40.07,35.27,17.49,28.62,17.16,23.94,25.44,21.8,30.13,46.94,27.56,18.24,18.16,23.88,46.21,26.43,20.21,20.33,32.42,30.57,40.24,25.68,64.5,31.01,45.85,55.0,25.1,17.58,24.78,19.68,57.44,19.4,40.06,23.35,27.82,31.28,20.47,28.81,22.45,27.56,25.26,85.02,30.07,50.31,24.56,25.59,26.77,26.27,26.07,23.36,33.35,19.15,28.96
2022-12-23,34.4,21.84,23.19,28.93,35.82,44.11,50.89,21.14,29.62,41.35,28.97,30.54,37.29,31.56,34.33,32.77,20.24,,20.55,32.75,28.34,17.45,31.48,37.28,35.04,24.24,37.18,22.13,23.34,27.66,25.32,28.14,34.51,18.39,22.2,31.85,20.39,32.24,,20.89,38.62,33.37,33.46,29.38,27.01,21.61,23.02,37.76,38.78,35.07,15.79,27.57,16.05,22.49,24.31,21.16,29.21,47.19,27.6,17.8,17.39,23.17,45.2,26.98,19.69,19.47,31.52,30.94,40.09,24.13,62.88,29.89,44.84,54.08,24.07,16.73,23.78,19.06,56.44,18.47,38.65,22.54,26.63,30.65,19.38,27.13,22.48,26.95,24.51,82.82,29.63,48.75,23.15,24.97,25.91,24.95,25.62,23.19,32.52,18.17,27.62
2022-12-27,37.38,22.65,24.72,30.49,37.76,46.53,53.55,22.19,31.49,44.18,31.12,34.05,41.48,32.22,36.14,35.01,21.18,,21.82,33.38,31.03,18.33,36.56,41.8,36.79,25.87,40.0,23.45,24.26,29.6,26.73,31.88,36.27,19.4,23.79,32.58,22.34,36.56,,22.96,41.04,35.64,35.78,30.88,28.14,23.68,28.02,43.55,41.05,40.33,17.81,28.24,17.03,24.51,26.51,23.96,30.88,50.84,30.96,20.96,19.68,24.43,48.62,29.4,20.79,20.52,32.91,34.39,42.78,25.82,65.97,31.28,50.08,59.3,25.23,17.88,25.3,19.6,62.21,19.41,40.97,24.66,27.99,31.8,20.73,29.38,25.7,28.83,25.48,97.22,32.88,51.9,24.88,27.35,27.39,27.36,29.38,25.79,33.38,19.32,28.49
2022-12-28,41.28,23.04,25.39,30.67,38.37,46.73,53.83,22.72,31.67,44.9,32.38,34.89,42.14,32.86,36.83,35.72,21.7,,22.52,34.15,31.9,18.74,37.58,42.91,38.46,26.89,39.91,24.16,24.22,30.75,28.26,33.48,37.53,20.08,25.18,33.75,23.88,38.21,,23.32,42.42,36.23,36.25,31.35,28.95,23.97,30.32,45.63,41.47,42.68,18.13,29.63,17.64,25.59,26.08,24.52,31.37,51.44,32.31,20.94,19.49,24.69,49.84,30.43,21.73,20.6,33.63,35.84,44.33,26.39,67.65,32.37,51.66,57.75,26.29,18.26,25.37,20.77,63.08,20.51,41.87,25.09,28.89,32.23,21.41,30.57,26.71,29.43,28.11,95.53,36.13,52.17,24.83,28.62,27.87,28.14,30.8,27.54,33.72,20.43,30.21
2022-12-29,37.47,23.14,25.19,29.81,36.17,44.92,52.16,22.12,30.77,44.02,31.05,34.32,41.58,31.7,36.88,33.38,21.09,,21.48,33.6,31.42,18.32,36.69,41.69,37.21,26.01,38.24,23.45,23.35,30.26,27.46,33.01,36.23,19.15,23.69,32.72,23.3,36.99,,23.26,40.97,34.67,34.57,29.98,27.62,22.88,29.62,44.29,39.52,41.73,17.79,28.83,17.21,24.89,25.99,24.38,30.07,50.32,31.42,21.1,21.11,24.73,50.95,29.78,20.96,20.94,31.95,34.02,42.88,25.44,66.86,30.95,49.63,55.08,24.88,17.91,25.07,20.42,61.22,19.89,40.57,25.11,28.69,31.28,20.71,29.22,25.77,29.15,26.8,89.26,34.12,51.13,25.24,27.9,28.37,27.96,29.97,27.31,32.55,19.99,29.69
2022-12-30,37.55,23.62,25.55,29.95,36.6,44.99,52.86,22.29,31.83,45.8,31.07,33.62,40.58,31.83,36.83,33.62,21.83,,21.34,34.63,32.02,19.86,36.01,41.98,37.53,25.92,38.42,23.29,23.34,30.31,27.73,33.02,36.25,19.79,24.69,33.0,23.66,37.06,,23.69,41.99,35.8,36.0,30.92,28.87,25.03,30.21,45.44,40.86,42.2,18.85,29.02,17.37,24.93,27.08,24.93,31.97,50.74,31.8,21.55,20.51,24.88,53.4,30.13,21.55,21.22,33.03,34.56,43.69,26.15,66.99,30.83,49.5,54.85,25.31,18.37,25.81,20.73,61.85,20.09,41.68,25.09,29.29,31.42,21.12,29.5,25.82,30.18,27.87,87.58,34.2,53.13,22.94,28.66,29.79,28.26,30.46,26.5,33.0,19.92,29.57
2023-01-03,42.94,25.34,27.01,30.88,38.59,46.45,57.32,24.05,32.15,52.39,32.54,36.01,43.85,34.17,37.76,34.75,23.37,,22.04,37.6,35.05,20.11,37.82,44.0,41.97,27.72,39.78,23.67,24.46,33.02,29.36,34.71,36.52,20.42,27.8,33.28,25.07,38.7,,26.33,44.69,40.36,40.46,31.86,29.46,26.69,30.73,46.51,42.64,42.42,18.63,30.35,18.78,28.09,31.37,26.45,32.55,52.85,33.29,22.09,21.66,26.2,64.54,31.63,23.12,23.45,34.78,36.6,45.32,27.63,67.2,32.61,53.62,58.14,25.95,19.29,27.9,21.43,63.98,21.07,47.31,26.16,33.74,33.21,21.98,32.48,26.82,33.16,32.45,87.39,36.53,54.41,27.1,29.75,35.75,28.92,31.47,26.77,34.48,20.04,32.86
2023-01-04,40.54,25.92,25.78,30.53,37.94,44.93,55.92,24.16,31.36,53.53,31.63,35.1,42.26,33.56,34.47,33.82,23.15,,22.07,37.26,34.3,19.74,37.33,43.87,41.06,27.03,39.42,24.45,23.95,32.73,28.47,34.8,36.54,20.44,28.5,32.02,24.79,38.47,,26.82,44.03,41.38,41.57,31.11,28.3,27.38,30.33,46.47,42.35,41.53,17.61,29.81,18.06,27.54,31.82,26.22,31.05,51.59,32.45,21.58,21.75,19.89,67.38,30.66,22.65,23.03,33.81,37.84,44.52,26.52,66.26,31.61,53.27,56.6,25.7,18.45,28.97,20.71,62.82,20.48,47.31,25.32,34.07,31.81,20.96,30.81,26.77,31.69,32.44,83.71,35.72,52.82,27.77,28.57,36.68,28.03,31.09,26.21,36.08,19.37,33.08
2023-01-05,41.25,23.04,26.53,31.19,39.18,45.73,56.82,24.01,32.65,54.64,32.42,35.94,41.49,33.96,35.47,35.21,23.84,,22.06,38.67,34.72,20.67,37.11,44.16,39.54,27.7,40.8,25.01,24.72,31.81,28.18,35.18,37.1,21.06,28.24,32.45,24.85,38.24,,27.14,44.07,42.37,42.12,31.84,29.23,27.77,30.68,47.75,43.9,41.72,18.42,30.42,19.16,28.65,31.4,26.1,31.41,52.19,33.63,21.75,21.97,26.09,68.12,31.31,22.98,23.23,34.67,38.7,44.46,28.04,66.53,32.34,57.24,57.25,26.2,19.67,29.36,21.26,64.67,20.84,47.79,25.77,34.32,33.05,22.18,32.08,26.62,32.3,30.2,81.71,37.23,56.49,27.86,29.35,37.4,28.8,31.7,26.47,35.8,19.81,31.81
2023-01-06,37.78,22.72,25.74,29.25,36.71,43.66,54.53,23.4,30.03,52.74,30.15,33.94,40.28,32.05,33.81,32.77,23.15,,20.36,35.31,32.65,18.9,35.59,42.32,37.62,24.77,38.15,22.76,24.07,30.13,26.3,34.41,36.43,19.78,26.26,29.86,24.06,35.62,,26.45,41.46,40.46,38.39,29.74,27.92,25.71,29.51,46.28,40.33,40.72,16.94,28.14,17.54,26.48,29.71,26.21,29.76,49.72,31.29,20.29,20.31,21.79,65.77,30.0,21.47,22.47,32.48,35.96,42.87,25.83,64.6,30.25,55.8,53.82,24.6,18.07,28.89,19.74,59.78,20.24,45.57,24.72,32.65,32.35,20.83,30.16,26.88,32.88,29.79,81.99,34.95,55.57,26.7,27.75,35.82,27.36,29.12,26.04,33.57,18.34,29.79
2023-01-09,38.07,24.99,26.53,29.1,36.87,44.93,56.18,24.85,30.22,53.96,32.12,34.79,40.89,33.34,33.32,33.37,23.6,,21.15,34.5,33.76,21.09,36.21,44.1,38.46,25.62,38.23,23.16,25.54,30.46,27.08,35.16,39.97,21.03,27.07,29.88,24.57,37.28,,27.32,42.19,41.05,41.11,30.01,28.05,25.95,31.42,47.83,41.58,41.84,18.73,28.81,19.05,28.33,31.45,26.73,30.29,50.5,31.75,21.14,21.76,26.82,65.18,30.77,22.14,24.8,33.41,35.94,44.2,27.14,64.29,30.43,56.48,54.83,24.9,20.3,30.94,20.37,58.57,22.59,47.8,25.37,33.57,32.11,20.76,31.79,27.88,32.85,31.2,80.62,36.52,59.73,26.36,28.33,36.05,27.57,29.49,26.89,34.61,19.34,31.38
2023-01-10,37.63,25.79,25.66,28.46,36.47,43.2,55.82,24.17,29.52,53.03,31.79,33.91,40.38,32.25,32.35,32.94,22.62,,20.65,33.31,33.24,20.51,36.32,42.44,37.58,24.74,37.5,22.87,26.53,29.91,26.07,33.89,40.98,20.56,27.08,29.86,24.0,36.17,,27.63,41.36,40.77,41.0,29.03,27.26,25.68,30.22,47.52,40.17,40.42,18.67,28.27,19.46,29.72,29.81,25.92,29.23,48.89,31.31,20.51,21.32,25.71,63.51,30.33,21.95,23.5,32.1,35.0,42.53,26.8,64.03,29.58,55.89,54.23,24.72,20.53,29.53,20.21,57.98,22.53,45.71,25.12,32.35,32.2,20.6,31.68,27.6,31.1,30.84,79.52,35.61,59.63,27.48,27.91,36.6,27.19,29.04,25.9,34.09,18.82,30.73
2023-01-11,36.93,26.03,26.02,28.86,36.21,43.27,55.53,24.47,29.56,55.07,31.62,34.45,39.93,32.01,32.19,33.39,21.95,,20.38,32.6,33.4,21.08,35.86,42.85,37.43,25.32,38.47,22.7,27.04,29.86,26.5,33.55,41.99,20.6,26.7,30.05,23.55,35.17,,28.27,40.44,40.38,40.46,29.15,27.07,25.59,31.19,47.49,40.08,39.76,18.86,27.51,19.59,29.96,29.04,25.51,28.62,49.31,31.06,20.45,21.14,24.19,62.94,30.64,22.31,23.19,31.94,34.72,42.6,26.68,64.56,29.78,55.24,54.44,24.25,20.96,29.38,21.25,58.19,23.12,45.36,25.38,32.61,33.38,20.26,31.31,28.99,30.84,31.04,76.7,35.26,61.2,25.75,27.65,36.14,27.51,29.53,27.13,33.81,18.48,30.26
2023-01-12,35.18,25.81,25.38,26.89,33.46,40.55,54.02,24.58,26.85,51.5,29.4,32.85,38.62,29.99,31.67,32.27,22.1,,19.01,31.21,31.96,19.26,34.19,40.6,35.21,23.68,35.62,21.42,26.5,28.57,25.28,32.43,41.41,19.45,26.69,27.99,22.87,34.48,,28.24,38.77,39.73,38.7,27.31,25.49,24.0,29.96,45.85,37.51,39.02,18.15,25.54,18.21,28.16,28.71,25.29,27.79,46.21,29.37,20.39,20.78,24.32,59.94,29.1,21.22,22.25,30.43,32.97,40.38,25.12,61.96,27.46,52.27,50.27,22.69,20.44,28.26,20.81,59.53,22.62,43.22,23.8,31.28,31.23,20.18,29.37,27.69,29.2,30.03,74.99,34.09,58.39,24.13,26.81,35.27,26.35,27.86,25.18,31.58,18.17,29.4
2023-01-13,33.47,24.45,22.42,25.67,32.06,37.76,52.06,22.83,26.13,50.56,27.26,30.98,36.94,22.76,28.96,27.64,20.42,,17.54,23.79,30.64,18.33,31.89,37.74,34.24,22.02,34.33,21.99,24.87,27.07,24.67,30.2,38.7,20.3,22.55,26.43,23.4,34.02,,27.51,38.85,36.1,36.4,23.7,24.23,23.56,28.71,43.65,36.01,37.1,17.8,20.05,17.14,27.52,28.25,24.99,26.1,44.27,27.44,19.0,19.79,22.7,58.26,28.11,20.33,21.24,26.2,31.77,37.76,23.97,57.24,25.08,51.25,48.24,21.46,19.72,26.9,19.55,61.1,21.38,41.5,23.96,29.65,28.88,18.63,27.93,26.49,28.05,29.74,73.71,32.74,56.41,22.01,25.97,34.39,24.95,26.8,24.63,22.85,16.82,28.02
2023-01-17,34.17,25.47,24.41,25.86,33.61,41.56,52.84,24.17,27.33,51.37,28.24,30.77,37.04,25.66,30.07,29.06,21.28,,18.37,26.19,31.29,19.79,33.33,38.89,35.48,22.84,35.47,28.26,25.68,28.62,28.66,31.29,40.11,21.15,27.79,27.28,23.53,34.68,,27.18,40.24,38.76,38.7,25.27,25.32,24.58,28.56,44.82,37.39,37.09,18.54,21.46,19.26,28.9,29.81,25.34,27.65,44.78,28.0,19.31,20.37,23.69,58.31,29.76,20.86,21.87,24.44,32.46,39.3,25.85,56.71,26.1,52.31,49.5,22.18,19.21,28.28,20.12,64.52,22.08,42.27,24.56,30.04,28.81,20.94,29.95,28.0,28.31,29.97,73.51,33.56,59.74,22.68,26.56,35.86,25.31,26.67,26.75,25.29,17.93,29.02
2023-01-18,34.39,26.11,25.23,27.5,33.98,41.48,52.2,25.54,28.08,50.83,28.73,32.63,36.42,26.21,30.22,28.57,21.36,,18.98,26.72,32.38,22.03,33.27,40.47,36.17,23.41,35.05,29.78,25.8,29.38,31.12,32.03,39.96,22.32,28.71,27.29,24.06,36.21,,28.0,40.1,38.72,38.67,24.24,25.51,25.87,29.66,45.52,37.83,37.5,19.33,22.97,21.2,27.45,29.17,24.85,27.33,44.41,28.56,21.25,22.51,24.4,58.28,31.69,23.42,22.35,24.85,33.1,38.87,27.1,60.57,26.75,52.37,50.2,22.69,20.64,28.59,22.4,67.33,23.46,42.39,25.55,30.32,26.3,22.32,30.6,28.62,29.42,30.12,73.23,32.99,58.26,23.42,27.69,36.68,26.29,27.64,27.95,25.91,19.01,29.67
2023-01-19,35.24,26.11,25.06,28.27,34.13,42.97,53.92,25.47,28.95,51.29,29.92,33.01,37.78,27.1,30.68,29.34,20.92,,19.88,26.28,34.07,22.2,35.93,42.49,36.34,24.13,35.75,29.99,25.41,29.38,33.29,33.33,40.97,23.09,29.17,28.62,25.62,35.29,,28.84,41.35,39.65,39.53,24.62,28.49,26.1,30.37,45.73,38.89,38.44,19.11,23.55,20.93,27.39,28.95,25.51,29.37,45.74,28.95,21.75,21.82,24.95,59.79,32.93,22.46,22.59,26.4,34.41,39.13,28.46,59.92,27.58,51.98,52.48,24.17,20.63,27.85,19.05,65.94,22.72,43.72,26.7,30.83,28.37,23.83,31.18,29.29,30.64,30.55,73.08,34.11,61.35,23.47,29.1,36.97,26.34,27.77,28.0,26.8,20.04,29.68
2023-01-20,32.7,24.82,24.65,25.79,32.59,41.02,50.81,24.58,29.2,48.82,28.03,31.6,35.78,24.92,29.92,27.48,21.25,,18.41,24.86,32.38,20.9,34.25,40.31,34.11,22.57,35.1,28.92,24.68,27.93,31.99,31.34,38.18,22.59,28.85,26.92,24.56,33.88,,28.33,39.56,38.31,38.49,25.45,26.82,25.16,28.95,46.13,38.25,36.56,19.01,22.24,19.65,25.28,27.56,24.42,28.24,43.87,26.87,20.09,20.81,24.55,59.04,31.12,21.12,21.9,24.24,31.18,38.12,28.81,40.3,25.53,50.31,50.87,22.7,20.04,27.26,18.21,66.02,21.99,43.19,25.68,29.71,27.74,22.27,29.31,27.26,29.18,30.2,68.58,33.27,58.27,22.91,27.67,35.41,24.9,26.15,27.33,24.95,19.31,28.56
2023-01-23,31.32,25.84,24.35,25.86,32.21,42.05,51.99,24.6,28.37,48.85,28.38,31.32,35.51,24.51,32.68,27.75,21.13,,18.57,24.73,31.86,20.53,33.35,39.31,34.41,22.84,36.97,30.58,25.26,27.16,31.93,28.41,37.52,22.13,28.4,25.99,23.96,32.34,,28.38,39.25,37.67,36.94,24.03,28.63,24.74,28.4,44.28,38.91,36.17,18.66,22.03,19.08,24.96,26.58,24.77,28.29,44.76,27.08,20.38,21.05,26.69,56.58,30.83,21.39,21.51,24.2,31.7,38.03,28.11,39.78,25.54,50.69,53.3,22.27,20.0,26.61,17.94,63.05,22.1,42.21,24.66,30.19,27.78,22.07,28.8,28.33,28.39,30.71,68.72,33.68,57.58,23.37,26.55,35.14,24.24,26.16,27.86,24.13,21.86,28.66
2023-01-24,32.14,25.84,24.44,26.09,32.36,41.78,52.97,24.04,27.81,49.63,28.11,29.79,34.5,23.81,33.56,27.47,20.73,,17.86,24.58,31.38,20.82,33.71,38.51,34.42,22.66,36.74,28.62,25.4,26.61,30.55,25.25,36.51,21.71,27.24,26.37,22.95,25.23,,26.2,39.73,37.12,36.87,23.92,28.58,24.23,28.89,45.31,40.89,35.53,15.93,21.61,18.32,23.97,26.54,21.15,27.58,44.84,26.39,20.55,20.2,27.59,55.77,26.46,20.39,21.88,23.95,31.58,37.59,26.29,39.59,25.55,49.97,55.58,22.18,18.92,25.78,17.12,63.29,21.03,41.84,22.09,29.95,26.46,20.99,28.88,28.0,28.99,29.66,69.72,32.46,57.3,23.08,24.48,35.26,25.43,25.76,21.64,24.89,23.21,27.98
2023-01-25,32.44,25.73,20.58,26.62,32.47,41.68,52.65,24.75,28.17,48.62,28.27,29.95,30.68,24.13,34.36,27.37,20.34,,18.3,24.3,31.84,20.23,32.24,35.14,33.86,22.68,36.96,28.76,25.79,26.85,30.96,23.61,36.73,21.35,26.65,26.21,22.21,27.39,,27.58,39.21,37.87,38.22,23.67,29.25,24.6,28.05,44.59,40.96,29.16,15.43,21.17,18.57,24.28,26.4,20.67,27.79,43.4,25.87,19.95,19.67,26.93,57.07,26.16,20.96,21.33,23.9,26.2,37.3,30.43,39.08,25.76,48.5,55.24,22.66,18.67,25.37,17.55,66.33,21.68,41.86,21.64,29.87,27.11,21.65,29.28,20.16,29.4,29.02,68.22,26.73,58.99,23.14,24.35,35.02,22.1,26.53,21.82,24.79,25.18,28.45
2023-01-26,30.73,25.11,20.74,26.12,31.0,39.87,51.57,24.52,27.4,47.38,27.48,29.33,30.0,23.1,33.24,26.03,20.63,,17.63,23.43,31.16,21.6,25.17,32.63,33.24,22.59,36.39,27.69,25.47,25.51,29.4,22.45,35.66,21.23,25.6,25.68,20.07,26.03,,27.3,38.35,36.28,36.03,22.43,29.71,24.13,20.36,43.54,40.2,27.31,15.77,20.32,18.36,23.26,26.43,20.84,29.23,38.98,23.19,19.91,20.69,23.7,55.37,24.76,20.99,21.53,22.62,25.14,36.71,27.25,37.58,25.5,38.49,54.34,22.32,19.07,26.79,17.2,66.13,21.23,40.36,21.54,30.0,28.78,21.24,28.35,19.45,26.94,28.84,57.22,26.86,59.45,22.7,23.31,34.67,22.12,23.84,20.4,23.69,24.66,27.11
2023-01-27,31.89,24.82,20.06,25.53,31.29,39.1,51.55,25.25,26.94,47.83,28.36,24.55,30.09,22.54,33.57,25.45,20.59,,18.05,22.55,30.53,17.74,25.07,31.68,33.3,22.68,37.49,27.97,25.33,24.94,30.31,23.5,35.23,20.76,25.71,25.5,19.66,26.08,,25.67,41.19,36.26,36.67,22.24,29.17,24.29,19.1,30.94,40.79,28.06,15.42,19.72,18.16,23.73,25.58,20.57,29.11,38.24,21.85,20.02,20.21,23.44,54.19,24.18,20.35,21.62,21.96,24.54,36.14,25.96,36.79,25.26,38.56,54.93,22.45,19.16,27.62,16.93,71.27,21.12,39.62,21.15,30.22,27.76,20.63,27.98,19.39,27.45,28.88,72.92,26.52,59.27,24.29,22.8,34.8,21.37,19.15,20.17,22.56,24.58,27.81
2023-01-30,34.73,25.73,21.31,27.18,33.39,42.05,54.84,25.98,29.71,50.12,31.13,26.47,31.84,24.69,34.93,27.42,21.51,,19.42,24.7,32.79,18.49,26.2,33.46,35.52,25.71,41.67,29.39,26.06,26.63,31.05,25.43,36.72,22.13,27.61,27.9,21.01,29.04,,28.0,41.71,38.11,37.68,24.58,30.64,25.66,19.04,33.18,43.31,29.82,19.01,22.27,19.0,25.2,26.86,22.4,32.16,40.18,24.18,21.72,21.11,26.81,56.59,27.67,21.26,22.53,24.66,26.44,38.83,27.84,38.73,27.58,41.86,56.92,24.56,20.1,29.04,17.81,72.71,21.59,41.35,22.59,32.69,28.34,21.89,30.98,20.22,28.86,30.02,70.47,27.85,61.01,24.11,25.05,35.2,22.6,22.03,21.3,24.27,25.58,29.88
2023-01-31,32.26,25.13,20.8,25.85,31.62,41.07,53.1,25.07,28.87,49.02,30.85,25.5,30.38,23.37,34.42,26.07,20.98,,18.95,23.04,27.01,17.21,25.66,32.01,35.53,25.78,41.58,28.55,25.52,25.8,30.88,24.66,35.99,21.43,27.09,27.47,20.82,27.8,,28.08,33.34,37.64,37.99,23.55,29.58,24.61,18.71,32.62,42.54,28.96,16.5,21.01,18.48,24.21,26.45,21.92,32.86,39.89,23.22,18.54,20.42,25.38,59.92,25.71,19.83,22.2,22.83,25.43,38.23,27.79,38.15,26.71,40.39,56.7,22.73,19.76,22.55,17.22,74.14,21.34,40.34,21.35,31.64,27.26,21.04,30.12,19.62,28.36,28.02,68.86,27.07,58.42,21.84,24.09,23.56,21.64,20.72,20.4,23.52,25.03,26.53
2023-02-01,30.75,24.89,18.96,24.37,30.14,39.71,44.43,20.21,27.56,43.05,30.23,24.26,29.6,22.38,33.51,25.29,22.65,,19.14,22.19,26.01,16.98,23.41,33.07,35.66,25.31,41.19,28.73,24.77,25.68,29.28,23.0,35.25,20.76,25.65,28.02,21.47,26.03,,25.86,32.47,36.76,32.75,22.62,28.88,24.95,17.13,31.0,41.19,27.94,15.31,20.21,27.42,23.46,26.03,20.94,32.62,38.11,21.92,16.88,16.84,25.76,54.73,24.23,16.55,22.31,21.64,24.08,35.99,26.35,36.4,25.2,37.97,53.63,21.57,18.83,21.67,16.09,72.02,19.87,37.66,20.99,30.65,27.52,19.9,29.68,19.76,23.69,21.1,68.05,25.09,57.92,22.61,22.64,23.43,21.47,19.4,19.65,21.82,24.36,26.39
2023-02-02,32.37,25.5,19.73,24.5,31.09,40.99,44.61,20.29,27.84,55.03,30.57,24.39,31.46,23.1,33.35,25.34,19.78,,19.59,23.1,26.21,17.78,24.17,33.06,35.09,24.46,41.43,28.31,25.53,27.06,32.2,24.47,36.62,21.42,25.43,28.38,20.33,27.11,,29.43,33.68,41.76,42.9,22.47,28.72,21.52,17.62,32.86,40.36,27.32,16.31,20.64,19.06,26.15,23.78,21.03,33.26,38.91,22.14,17.5,17.59,23.07,40.84,25.45,18.01,22.43,21.84,26.08,37.45,26.59,36.8,25.68,37.93,55.91,22.12,19.53,22.37,16.94,73.39,21.11,40.82,21.33,31.62,27.74,20.93,29.63,19.8,23.47,22.35,68.61,25.58,57.75,25.88,23.24,23.84,21.33,19.79,20.48,23.2,24.74,28.75
2023-02-03,27.82,24.92,19.42,24.74,31.78,40.78,44.38,20.38,27.98,37.03,31.02,24.22,31.57,22.94,33.34,26.38,18.29,,19.58,23.41,25.56,17.27,24.73,32.72,34.96,25.45,41.8,28.34,25.35,26.6,31.24,24.77,36.83,21.37,24.9,28.02,20.51,26.9,,23.32,33.08,33.38,32.61,22.35,29.8,21.75,17.13,33.21,42.69,28.99,15.7,20.48,19.33,25.46,23.51,20.64,33.78,39.3,22.17,16.92,17.39,23.11,42.21,24.89,17.14,21.13,21.65,27.28,37.11,25.85,37.14,26.06,38.64,55.91,22.61,19.89,21.35,16.54,70.87,21.57,32.26,20.88,22.25,27.31,20.43,30.68,20.37,22.99,22.42,71.7,26.18,58.06,23.88,23.02,23.1,20.87,19.31,20.37,22.66,25.25,28.38
2023-02-06,28.55,24.18,20.24,25.91,32.41,42.09,45.57,20.65,29.61,38.09,31.45,25.17,32.01,23.65,33.72,28.54,18.85,,19.64,23.92,25.1,17.17,26.01,34.05,35.27,25.97,42.75,30.5,26.47,26.87,31.71,26.25,37.74,21.74,25.52,28.87,20.62,28.39,,22.75,33.73,31.77,31.82,23.17,30.89,21.87,17.59,34.76,43.23,29.76,15.72,20.94,19.58,26.51,24.53,21.08,34.08,40.05,23.03,17.09,17.87,25.94,41.59,25.76,18.11,20.76,22.84,26.29,39.01,26.17,37.84,27.57,40.8,56.68,25.45,19.61,22.0,17.61,72.05,21.99,34.0,21.21,23.57,27.84,20.89,31.95,20.93,25.33,24.07,72.96,26.86,59.74,24.68,23.7,24.28,21.67,20.39,21.56,23.32,25.89,28.48
2023-02-07,27.37,24.16,19.51,25.55,31.36,40.97,44.92,20.01,29.35,37.93,30.85,24.75,31.26,22.73,34.1,28.34,18.45,,19.28,23.67,25.75,17.28,25.73,33.56,33.68,25.88,42.73,30.5,26.01,25.6,30.91,25.04,37.25,21.66,24.34,27.97,20.33,29.18,,22.24,32.67,32.44,32.62,22.42,30.8,21.76,17.52,33.06,41.87,28.9,15.27,20.65,19.44,22.78,24.08,20.97,34.74,39.27,22.68,17.28,18.1,24.68,41.28,25.18,18.08,20.09,22.38,26.43,37.26,25.22,37.29,27.43,39.42,55.92,26.04,19.98,21.71,17.4,72.41,21.83,33.48,21.76,23.27,27.29,20.44,27.51,21.16,24.08,22.76,69.57,26.01,56.85,24.46,22.91,23.66,21.28,19.97,21.12,22.92,25.53,26.97
2023-02-08,29.02,23.92,20.57,25.88,32.92,42.59,46.17,20.3,29.86,39.4,31.91,25.09,31.88,24.13,34.96,29.65,19.22,,19.97,24.53,25.76,17.44,26.45,34.38,34.58,27.42,44.91,32.53,19.81,27.19,31.12,25.33,38.54,22.04,23.36,27.94,21.08,28.31,,22.02,33.18,35.58,37.3,23.44,32.03,22.54,17.98,34.7,43.35,29.56,15.32,21.7,19.9,23.56,23.79,20.77,35.06,41.34,23.66,18.19,18.1,24.63,41.61,25.38,18.21,20.16,23.41,28.72,39.04,25.7,39.46,28.13,39.96,57.59,28.13,20.05,21.4,17.94,72.78,22.27,34.72,21.5,23.81,27.23,21.33,28.08,21.27,24.28,22.47,70.58,27.44,42.58,24.14,22.97,24.18,22.19,20.7,21.16,23.87,26.36,27.77
2023-02-09,30.11,19.02,21.69,26.87,34.37,44.05,47.37,20.73,30.16,41.15,33.23,26.44,33.01,25.65,35.19,30.68,21.14,,20.77,26.55,27.03,17.96,27.51,35.18,34.64,27.79,47.63,34.11,20.1,27.64,31.36,28.34,29.49,21.79,23.89,30.03,20.97,30.92,,22.35,33.76,37.96,39.13,24.79,33.25,23.51,19.23,36.67,43.82,30.75,16.17,23.12,19.98,24.09,23.85,20.83,36.18,42.4,24.71,18.25,18.33,27.49,43.2,26.55,18.41,20.55,24.27,30.68,40.49,27.4,39.8,29.32,41.08,58.15,29.63,17.28,22.16,18.46,72.95,18.96,36.11,21.65,24.58,28.66,21.56,28.17,22.39,26.66,23.09,72.42,28.88,44.16,23.97,24.67,24.63,22.85,21.67,22.39,25.1,26.69,28.04
2023-02-10,29.32,19.31,21.56,27.39,35.43,43.66,48.07,20.18,29.57,40.02,33.6,25.97,32.54,25.39,36.39,29.69,20.6,,20.34,26.2,26.84,17.28,26.89,34.57,34.41,27.77,46.3,32.99,19.75,26.55,30.62,26.02,30.52,20.41,23.46,30.64,20.52,28.89,,22.0,33.57,36.21,36.26,24.39,32.64,22.62,18.81,35.04,43.67,30.8,16.08,22.6,20.58,24.68,23.53,20.73,36.08,42.15,25.05,17.61,17.97,27.38,42.99,26.19,17.63,20.47,24.42,28.88,40.04,26.12,41.22,29.08,40.55,58.96,30.04,17.19,21.56,17.73,74.6,18.67,35.8,21.14,24.26,28.52,21.18,28.04,21.31,24.53,22.52,70.98,28.03,43.21,23.04,24.22,24.12,22.78,22.2,20.63,24.81,26.33,27.54
2023-02-13,30.03,19.84,21.55,27.44,37.66,43.71,48.71,20.18,30.72,40.05,32.92,25.97,33.35,24.91,37.66,29.75,20.33,,20.14,25.75,26.42,17.44,27.95,35.1,35.85,27.04,46.27,31.38,19.74,26.77,31.09,27.5,30.38,20.17,23.03,34.9,21.43,29.83,,22.65,34.37,36.51,37.19,24.2,32.13,21.97,18.87,35.54,44.12,30.8,16.16,22.03,20.28,22.77,23.64,21.42,35.72,42.57,24.83,17.14,18.55,26.61,43.65,24.58,18.01,20.96,24.45,30.05,40.57,25.96,41.06,29.28,41.82,59.97,31.52,16.99,22.48,17.49,78.43,18.49,35.47,22.04,24.94,28.33,21.23,28.31,21.26,25.51,22.25,71.04,28.47,44.15,23.34,24.7,24.36,22.47,21.79,21.35,25.05,26.37,28.31
2023-02-14,27.74,19.44,20.67,26.36,36.57,41.47,46.11,20.15,29.4,37.59,31.48,24.51,32.26,23.17,35.94,27.51,19.81,,19.27,23.94,25.91,16.75,26.32,33.37,33.67,26.42,44.53,31.22,19.66,25.35,30.87,26.55,28.76,18.86,22.23,34.77,20.22,28.69,,22.55,31.86,33.67,33.62,22.78,30.82,20.96,18.18,34.18,41.85,29.72,15.32,20.74,17.38,22.89,23.51,20.35,33.88,40.26,23.1,16.14,17.93,27.21,40.27,24.57,17.27,20.68,22.53,27.77,38.95,24.73,38.96,27.53,38.6,58.16,31.12,16.85,21.91,17.12,66.64,18.53,33.83,20.62,23.22,26.05,20.79,26.32,20.47,23.96,21.42,72.23,27.14,43.13,22.4,24.24,22.9,21.29,20.33,20.16,23.03,25.8,26.98
2023-02-15,26.44,18.61,19.82,25.2,37.5,40.5,44.86,19.47,28.38,36.23,30.88,24.41,31.47,22.61,36.37,26.55,19.06,,18.54,23.13,24.26,15.62,24.93,32.95,33.87,25.43,43.54,29.21,19.2,25.24,30.02,25.3,27.69,17.9,21.31,35.82,19.39,30.79,,21.52,30.76,32.91,32.98,22.2,30.22,19.98,17.32,32.95,41.66,28.29,15.62,20.09,15.65,22.88,24.14,19.14,33.58,39.68,22.36,16.23,17.32,26.24,39.4,23.33,16.2,20.47,21.93,26.86,37.77,23.38,37.23,26.59,37.64,56.49,30.99,15.5,21.54,16.23,65.03,18.26,33.17,20.27,22.4,25.54,20.15,25.67,20.35,23.54,21.0,71.74,25.95,42.63,21.32,23.04,22.21,20.59,20.04,20.25,22.81,25.75,26.44
2023-02-16,28.27,19.15,20.27,26.65,38.82,41.67,47.09,20.39,28.46,38.02,31.98,25.15,31.61,22.9,35.9,26.76,19.55,,19.0,23.72,25.21,15.64,25.27,33.67,34.98,26.29,44.38,22.07,19.55,25.64,30.69,26.27,29.49,18.76,22.67,36.15,19.95,30.44,,22.39,31.29,33.85,33.83,22.96,31.01,20.57,17.91,33.32,42.43,29.34,15.77,21.55,16.35,23.3,24.89,20.12,34.13,40.97,22.67,16.55,17.61,27.43,40.12,25.41,16.92,21.06,22.71,28.3,38.97,24.46,38.68,28.41,38.98,57.55,32.06,16.45,21.18,17.64,62.14,19.24,34.14,20.6,23.55,26.06,19.3,25.52,21.38,24.84,21.63,73.23,27.08,44.29,21.89,23.81,22.51,21.18,20.67,20.85,23.15,26.72,26.44
2023-02-17,27.17,18.74,19.99,27.17,39.14,37.11,46.72,19.93,28.37,37.38,31.89,24.85,30.46,22.52,35.03,26.4,19.14,,18.76,23.36,24.61,15.94,25.43,32.46,35.49,26.28,44.71,20.56,19.12,26.06,24.22,25.43,28.9,18.07,21.96,35.78,19.73,30.25,,21.92,31.21,32.82,33.75,22.51,30.19,20.02,17.74,33.54,41.68,28.66,15.97,21.2,16.19,24.47,24.27,19.48,33.88,39.99,23.27,15.76,17.55,27.73,38.62,24.42,17.61,19.81,22.57,27.82,39.2,23.67,37.71,29.3,39.45,56.7,31.56,15.5,21.33,16.64,61.82,18.83,33.62,19.77,22.78,25.31,20.09,25.0,21.04,24.11,20.79,70.19,26.74,43.73,21.17,22.97,23.18,20.64,20.96,19.66,22.67,26.06,27.88
2023-02-21,30.73,20.0,22.4,31.82,40.91,41.94,49.69,21.65,31.28,40.34,34.94,27.55,33.83,25.54,37.5,29.27,20.44,,21.04,27.11,28.11,18.65,27.96,35.26,37.15,28.08,46.63,23.41,20.6,27.56,26.82,27.04,30.76,20.36,25.73,38.52,21.34,32.65,,23.31,34.95,35.42,32.2,25.67,28.15,23.38,20.5,37.5,44.72,31.07,18.65,24.14,17.21,26.0,26.13,20.88,35.9,43.18,25.35,17.34,19.12,23.32,42.41,28.2,20.51,21.17,25.21,31.24,41.58,26.12,41.45,36.7,42.51,60.47,32.9,17.2,22.46,18.26,61.12,21.3,36.96,21.66,24.78,27.98,21.61,27.96,22.3,26.89,23.3,74.23,29.97,46.22,23.02,26.38,26.04,24.13,22.9,22.44,26.19,19.01,29.23
2023-02-22,30.0,20.49,22.56,31.86,40.89,41.61,49.34,21.99,31.11,39.66,35.29,26.92,33.43,25.38,36.62,29.25,19.82,,20.3,26.72,28.06,18.29,27.74,34.61,36.58,27.79,45.86,23.69,20.52,27.2,26.17,26.74,30.52,19.75,25.68,39.07,21.0,33.9,,23.75,34.75,36.97,35.34,25.35,26.63,23.18,20.56,37.04,43.68,29.88,17.04,24.09,16.74,26.3,25.94,21.02,35.18,42.76,25.24,17.31,19.11,21.36,41.37,27.25,22.04,21.36,25.63,30.43,41.45,25.52,41.25,40.21,41.18,59.95,32.16,16.93,22.67,18.06,60.68,22.02,36.17,21.55,24.21,28.56,21.33,27.08,21.86,26.55,22.88,71.04,29.44,46.27,24.51,25.52,26.31,23.61,22.85,22.01,26.19,19.13,29.37
2023-02-23,28.38,19.89,21.85,30.71,40.12,39.74,47.72,21.52,27.68,38.58,34.48,26.38,31.74,24.31,35.98,27.88,19.54,,20.03,25.29,26.85,17.55,27.22,33.95,34.79,27.36,45.18,23.01,19.81,26.11,26.06,25.51,29.84,19.14,25.37,37.56,20.35,33.0,,24.53,35.81,33.82,33.8,24.54,25.32,22.68,19.59,35.67,42.53,29.26,16.48,22.45,16.0,26.26,25.27,20.51,34.81,41.58,24.17,17.23,18.18,21.73,40.09,26.16,20.84,20.44,24.55,28.51,40.94,24.98,41.08,39.33,40.16,54.6,31.87,16.01,21.86,17.7,59.72,20.81,35.5,21.37,24.01,27.91,20.85,26.61,21.65,25.04,23.03,67.77,28.18,45.06,21.88,24.39,24.47,22.48,21.4,21.98,25.01,18.59,28.22
2023-02-24,28.99,19.7,22.67,30.97,42.15,40.19,48.59,21.97,28.51,39.23,34.7,26.93,33.75,24.64,30.14,28.69,20.27,,19.98,26.11,27.04,17.47,27.15,34.02,34.72,27.77,47.02,23.45,20.14,26.26,26.13,26.35,30.67,19.13,24.98,38.54,20.33,33.07,,23.06,35.5,32.29,33.23,24.75,25.63,22.98,19.62,35.58,35.97,30.05,16.9,22.82,16.29,25.33,25.86,20.1,34.44,41.92,24.49,17.92,18.7,23.55,40.67,27.2,21.32,21.0,24.6,29.39,41.86,25.51,41.52,39.45,40.61,54.29,32.26,16.4,22.76,17.79,59.96,21.09,36.27,21.42,25.24,27.54,20.68,26.65,21.79,25.75,22.82,66.58,28.58,46.31,23.1,23.86,24.31,23.14,21.93,21.75,25.02,18.9,28.18
2023-02-27,28.4,19.96,22.72,31.43,41.08,40.23,47.56,21.41,29.6,38.77,33.67,26.48,32.54,24.38,30.18,28.94,19.77,,18.85,25.63,26.21,17.15,27.12,33.97,34.79,28.17,47.17,23.12,20.51,26.14,25.58,27.47,30.33,19.73,25.69,38.02,20.38,31.88,,23.29,35.71,33.2,33.31,25.4,25.34,22.88,19.46,35.32,37.43,29.81,16.97,22.13,15.61,25.02,26.48,20.38,34.19,41.63,23.97,17.29,18.9,23.75,40.19,27.5,21.63,21.27,24.88,28.47,44.07,26.32,41.15,39.7,40.64,52.85,33.16,15.93,23.85,17.78,59.02,21.54,35.94,21.45,25.08,30.31,20.93,26.43,21.75,26.05,22.62,66.0,27.9,45.18,23.04,24.53,24.06,23.88,21.62,21.49,24.95,19.1,27.97
2023-02-28,27.38,19.49,22.07,31.3,40.41,39.68,47.19,22.61,29.48,37.49,32.55,25.73,32.02,23.6,29.3,28.34,20.68,,18.21,25.0,26.0,17.46,27.49,33.38,35.26,27.25,48.57,22.26,20.93,25.43,25.31,26.38,29.91,20.54,24.83,37.57,20.4,31.17,,24.03,35.91,32.0,32.17,24.76,24.71,22.75,19.59,34.57,37.44,30.37,17.66,21.71,15.99,24.11,25.51,20.69,32.01,40.96,23.33,17.2,19.0,22.33,40.11,27.27,21.36,22.93,24.36,29.29,44.46,26.57,40.51,39.47,40.29,51.05,33.44,17.35,23.9,18.16,58.34,21.14,35.08,21.23,24.99,28.77,21.29,26.34,21.61,26.27,22.42,65.0,27.62,45.66,23.13,24.4,23.9,23.3,21.46,21.37,24.53,18.52,27.65
2023-03-01,29.61,19.71,22.72,31.29,40.55,39.95,46.97,21.03,29.22,38.54,32.67,25.7,31.87,24.21,29.19,29.21,20.75,,18.26,24.88,26.23,17.87,28.1,33.4,35.27,28.3,46.87,22.8,21.68,25.28,25.77,26.75,30.21,21.35,24.99,37.46,20.63,31.29,,25.34,36.3,31.54,32.31,24.92,25.66,22.5,19.69,35.76,37.52,30.77,17.79,21.99,16.47,23.97,25.24,20.62,28.71,41.35,24.04,17.3,19.72,22.84,40.17,27.34,21.38,21.86,24.75,28.58,46.15,26.88,41.08,39.91,40.44,51.77,33.01,17.41,24.32,18.08,56.67,21.04,35.32,21.64,25.15,29.13,21.25,26.62,22.49,26.85,23.31,64.7,27.71,45.76,22.89,25.36,23.88,24.24,22.17,22.04,24.86,19.44,27.58
2023-03-02,27.84,19.23,21.41,30.86,39.81,38.95,46.42,21.56,29.52,37.64,32.74,26.19,30.87,24.81,29.12,28.09,19.8,,17.88,25.01,25.88,16.84,27.44,33.2,33.82,26.85,33.72,21.92,21.19,24.68,24.97,26.43,29.2,20.09,24.01,36.85,19.1,31.13,,23.26,34.34,31.77,32.08,24.02,24.72,21.68,19.0,35.02,37.31,28.68,17.13,22.27,15.31,23.71,25.41,19.95,28.04,40.54,23.19,16.68,18.71,24.45,38.77,27.15,20.72,21.76,24.25,27.76,45.07,26.26,39.69,39.05,38.99,50.07,31.99,16.75,23.16,17.5,56.1,20.19,34.71,20.77,23.97,28.97,20.57,25.83,21.68,24.11,22.28,61.03,27.03,44.37,22.7,23.85,22.86,24.45,21.48,21.47,25.21,18.13,26.9
2023-03-03,25.67,18.28,19.74,29.8,38.91,37.29,44.14,20.2,28.29,35.0,25.57,24.42,29.89,22.68,28.03,26.45,19.16,,16.69,23.27,24.54,16.28,26.33,30.13,32.54,21.78,32.31,20.39,19.43,23.48,23.2,24.84,27.47,19.2,22.89,35.59,18.06,28.95,,20.55,32.85,30.11,29.97,22.28,22.96,20.52,17.77,33.3,35.46,27.27,15.88,20.52,14.76,22.51,23.83,19.29,26.25,38.95,21.56,15.69,18.11,24.97,38.96,26.49,19.21,20.83,22.35,26.4,43.97,24.74,37.67,38.31,37.32,48.47,29.78,16.1,22.29,16.48,55.39,20.33,33.65,19.93,22.54,26.59,19.71,24.24,20.73,21.82,20.97,58.81,25.76,41.85,20.67,23.71,21.67,22.96,19.62,21.24,23.35,17.25,25.89
2023-03-06,26.06,18.94,21.22,30.05,39.15,37.59,44.38,20.62,28.76,36.02,26.65,24.7,30.77,22.86,27.79,27.59,20.47,,16.34,23.75,24.65,16.84,26.87,31.39,32.59,21.51,31.64,20.79,19.5,24.3,24.08,24.92,27.55,18.97,23.49,35.51,18.43,29.53,,17.11,33.16,29.65,30.35,22.82,23.26,20.81,17.74,33.75,35.42,27.69,16.27,21.34,14.04,23.41,23.08,19.29,26.32,39.02,21.65,15.69,17.33,24.24,38.76,25.35,18.7,20.71,22.71,27.48,43.6,25.34,38.56,38.16,37.43,49.71,30.09,15.5,22.58,16.53,54.74,19.0,33.38,19.15,22.6,26.98,20.27,25.14,21.85,23.01,20.47,61.09,26.18,43.19,20.44,23.45,21.83,22.71,19.57,22.59,23.44,17.55,25.91
2023-03-07,26.61,19.27,22.19,30.36,39.23,38.16,45.6,20.75,30.3,35.97,26.84,25.69,31.55,25.45,28.15,28.18,21.13,,18.04,25.91,26.03,18.44,28.08,32.63,33.67,23.31,31.62,21.33,21.16,24.98,24.27,24.7,28.6,20.09,24.6,35.77,19.58,29.07,,21.5,33.82,29.74,30.68,25.42,24.81,21.46,18.92,34.11,35.96,28.99,16.83,24.31,15.0,24.85,24.71,19.29,27.5,39.28,23.36,17.14,18.4,25.19,39.08,26.2,19.42,19.94,24.57,27.09,44.65,26.03,39.22,38.85,38.06,49.71,30.93,16.61,23.13,18.06,53.24,19.36,34.46,20.76,23.75,27.59,21.15,25.8,23.48,26.42,21.17,61.84,26.63,43.15,21.63,24.4,22.95,24.42,21.13,23.75,26.75,18.74,26.77
2023-03-08,26.06,20.77,22.2,30.36,39.33,37.17,46.49,21.91,29.55,35.14,26.56,25.77,31.13,25.63,27.85,27.71,21.29,,18.27,26.33,25.26,18.16,27.98,33.13,33.32,23.17,31.31,21.5,21.2,24.7,23.52,24.98,28.16,19.39,24.34,35.32,19.16,29.44,,22.2,33.65,30.02,28.03,24.26,24.18,21.19,18.88,32.93,34.93,28.62,17.05,24.21,15.01,25.69,24.59,19.4,26.58,38.7,23.28,17.18,18.39,23.46,38.56,26.34,18.95,21.37,24.53,27.62,43.22,25.23,38.51,39.05,37.4,49.39,31.39,16.34,23.15,17.69,52.87,19.11,34.08,21.2,23.82,27.28,21.1,25.09,23.48,23.34,20.95,60.25,26.27,42.64,22.0,25.47,22.68,24.17,21.34,23.96,26.95,19.27,27.08
2023-03-09,28.92,21.86,24.63,32.38,41.54,40.81,49.36,22.62,31.26,38.43,29.12,28.8,33.46,34.54,30.39,31.43,23.39,,21.58,33.44,28.53,20.06,29.69,37.89,35.45,25.23,34.02,23.17,25.01,26.77,25.15,26.16,31.05,20.99,27.26,37.56,21.38,29.72,,24.14,37.1,33.6,32.63,29.05,26.08,22.81,20.73,36.09,37.68,31.72,18.44,31.68,16.72,26.1,24.56,20.64,28.62,41.22,26.2,19.07,19.97,22.69,40.28,28.1,20.91,21.77,30.43,29.19,46.68,27.74,42.1,40.71,40.99,51.25,34.38,18.01,24.76,18.99,55.04,20.1,37.61,22.63,26.46,40.66,21.61,29.54,25.08,27.44,22.71,63.03,29.43,46.77,23.62,27.31,25.12,32.73,23.93,26.48,34.42,20.37,29.3
2023-03-10,30.79,22.87,26.75,34.37,43.58,44.21,51.25,21.21,33.45,39.72,31.65,33.64,36.32,38.68,32.05,36.09,26.36,,23.48,35.71,33.18,20.99,32.17,41.97,37.72,26.97,36.53,25.23,26.22,28.49,30.8,29.97,34.06,23.15,30.0,39.91,23.9,32.1,,25.71,39.59,33.83,35.22,34.54,28.73,24.34,22.39,37.78,41.03,36.15,19.37,33.03,18.28,27.91,26.52,21.61,31.28,44.93,29.18,20.0,21.41,24.43,41.43,29.57,22.11,23.29,33.22,31.81,49.09,29.9,44.76,42.86,44.59,53.35,28.57,19.3,25.79,20.72,57.24,21.67,38.94,24.3,27.39,71.26,24.08,36.6,25.25,28.29,25.07,63.43,30.83,48.81,25.24,29.13,27.27,38.6,26.38,26.93,38.74,21.39,30.77
2023-03-13,30.74,23.98,27.22,36.18,45.03,44.97,53.85,23.9,38.16,41.6,32.05,38.44,37.86,50.03,34.2,39.25,24.99,,26.02,49.13,34.39,22.88,33.08,53.09,40.88,27.37,37.2,25.76,26.21,30.88,30.31,30.02,35.67,25.21,30.94,41.02,24.57,33.74,,26.11,42.86,35.69,35.97,40.12,29.42,26.02,23.76,41.24,41.93,35.86,19.88,38.12,19.17,31.61,27.04,22.23,31.95,45.85,30.0,21.16,23.18,26.38,44.5,31.14,22.22,25.13,38.26,32.74,51.65,32.23,45.88,43.86,45.89,55.01,29.68,20.39,26.47,20.43,61.83,22.59,40.67,24.67,28.72,106.93,24.45,40.09,27.59,30.8,25.38,65.49,31.17,49.45,25.26,30.02,28.05,62.21,27.53,26.84,49.69,21.48,33.0
2023-03-14,28.25,22.61,25.97,34.05,42.51,40.92,50.63,24.17,34.11,37.35,28.73,33.3,35.99,43.17,30.8,35.72,22.95,,22.97,39.89,31.87,20.28,31.21,46.67,39.44,24.55,34.07,23.6,26.99,29.72,28.44,28.21,32.62,23.29,28.06,39.8,23.05,31.89,,23.4,41.47,32.09,32.72,33.75,27.55,24.74,22.57,36.81,38.7,31.95,18.46,31.7,17.45,27.29,26.63,21.99,30.13,42.23,26.45,19.9,20.34,26.72,41.38,31.33,20.89,23.21,33.27,29.07,48.3,29.42,42.27,41.64,40.79,50.48,27.96,18.9,24.57,20.08,58.02,21.49,36.47,23.3,26.07,81.57,23.3,34.6,24.9,25.9,23.71,61.15,28.19,44.11,25.15,28.9,26.91,45.67,24.15,25.09,41.11,19.91,32.05
2023-03-15,29.15,23.96,27.04,36.61,44.02,43.88,52.0,23.4,35.2,40.08,31.0,38.04,40.59,48.63,34.18,38.88,22.93,,27.22,51.36,36.24,22.37,33.13,52.57,45.83,25.42,35.98,24.86,28.39,35.64,32.15,30.24,34.76,25.62,31.3,42.08,26.39,34.58,,25.8,45.76,31.38,32.22,40.72,28.59,27.33,24.16,38.7,40.25,34.9,19.1,40.57,18.78,33.83,27.31,24.12,31.68,45.11,29.06,20.99,22.89,27.36,43.99,32.65,21.38,23.78,42.62,31.98,50.28,30.76,42.87,44.14,41.73,55.28,29.27,18.96,25.01,20.64,58.92,22.33,39.08,26.07,28.1,77.95,24.95,37.59,27.5,31.31,24.61,65.13,30.19,46.9,25.28,30.97,28.75,54.85,27.18,26.42,50.05,20.72,38.09
2023-03-16,27.17,22.64,25.06,33.5,33.75,40.32,50.87,23.15,32.92,36.56,28.09,32.75,35.99,40.54,30.89,34.65,22.37,,23.48,41.83,32.22,20.48,30.07,45.17,41.6,23.69,32.77,21.89,25.89,32.18,29.06,26.75,31.56,24.32,28.88,40.49,24.86,31.89,,25.4,41.73,30.81,31.1,34.95,26.31,24.68,22.29,36.94,36.88,31.53,18.2,33.36,17.3,29.93,26.46,22.73,28.73,42.18,26.44,18.32,20.46,26.19,42.44,29.52,21.2,22.99,35.61,28.45,47.32,28.24,42.42,41.51,38.64,49.95,26.58,18.39,23.28,19.01,53.69,22.04,35.63,23.57,25.42,69.57,22.71,34.83,24.77,26.58,24.2,60.83,27.32,43.22,24.59,29.33,26.78,49.29,24.39,24.46,42.63,20.24,34.52
2023-03-17,28.31,24.99,26.7,35.16,35.61,43.03,51.82,24.6,32.57,38.67,29.31,37.94,37.51,50.02,32.31,36.12,26.74,,27.14,50.27,34.13,20.88,31.82,51.43,43.85,25.49,34.05,23.4,27.68,33.93,30.66,30.41,33.88,23.02,31.07,33.28,25.52,33.65,,25.5,45.08,34.12,32.37,42.57,27.4,26.03,26.28,39.83,38.16,34.88,19.68,41.83,18.49,30.39,26.88,23.73,29.73,45.94,28.21,20.39,21.02,26.6,44.18,31.42,22.86,25.98,44.31,29.73,50.21,29.24,46.24,47.13,40.75,51.19,27.51,19.32,24.05,20.46,55.54,22.86,37.94,26.21,27.58,75.78,23.56,37.53,27.61,29.28,24.31,62.42,29.52,46.21,26.3,31.04,28.67,63.99,26.41,25.08,51.46,20.9,36.43
2023-03-20,27.92,21.82,26.91,34.26,34.32,40.56,52.32,21.54,32.39,38.45,27.26,33.77,35.37,46.57,31.68,33.62,21.82,,23.77,44.54,32.56,18.81,29.12,47.5,40.1,24.1,32.73,21.95,26.25,31.16,28.38,30.39,32.22,21.35,28.63,32.55,23.17,33.06,,24.0,42.94,33.41,32.79,37.77,26.57,24.01,25.85,38.35,37.42,35.71,18.87,35.06,16.88,27.68,25.11,23.12,29.2,44.62,27.38,18.85,19.4,25.96,42.36,29.52,21.0,24.11,37.69,29.45,48.22,28.24,51.31,46.65,40.29,50.82,26.82,17.27,22.35,20.07,53.83,22.77,35.86,23.2,26.3,67.55,21.29,34.55,25.3,27.43,23.6,63.13,27.54,44.06,24.67,30.01,28.01,54.32,24.81,23.54,46.34,20.11,32.42
2023-03-21,25.62,20.73,25.43,31.79,33.33,40.02,49.96,21.63,29.9,35.7,26.94,30.35,33.51,40.69,28.79,31.26,20.58,,21.14,40.11,29.29,18.72,26.89,41.87,36.86,22.49,31.83,21.37,23.72,28.23,26.05,29.44,30.11,22.08,26.58,29.92,21.24,29.76,,22.88,39.42,31.18,31.19,34.52,25.2,22.26,25.43,37.08,34.94,36.09,18.6,31.48,16.5,25.85,24.49,22.54,27.4,44.61,24.74,17.56,18.11,21.26,39.86,28.15,19.43,23.15,33.77,27.67,46.91,27.13,51.91,42.96,37.4,47.91,25.38,16.53,22.76,20.47,52.37,22.0,34.33,21.49,24.69,57.56,22.89,30.62,23.84,25.25,22.51,64.2,26.4,41.9,24.23,28.54,25.13,44.11,23.09,22.31,40.15,18.93,30.07
2023-03-22,27.16,21.77,26.36,33.16,33.48,40.57,50.79,22.22,31.24,36.89,27.42,32.3,35.72,45.16,29.49,33.03,21.25,,22.23,43.73,31.16,18.66,27.45,45.72,37.77,23.28,32.98,22.23,25.06,29.26,27.19,30.76,31.54,22.81,27.61,31.18,22.68,30.73,,23.27,40.54,32.56,32.63,36.62,25.95,22.91,27.05,37.44,35.85,37.21,20.41,33.37,17.05,26.01,24.51,23.08,28.05,45.13,25.85,18.01,18.17,23.86,40.91,29.15,20.05,23.6,36.09,28.87,47.67,28.69,55.71,28.58,39.01,48.85,25.75,17.37,23.44,20.27,53.32,23.82,35.64,22.37,25.11,66.77,23.07,33.95,25.37,27.06,22.15,65.6,27.13,44.31,25.75,30.11,24.78,50.33,24.29,23.07,43.43,19.44,31.4
2023-03-23,26.92,21.25,27.44,29.11,33.95,41.63,50.11,21.79,32.59,39.01,28.41,36.32,35.67,50.74,31.14,34.1,22.06,,24.39,47.41,32.38,19.68,30.11,52.34,39.16,23.46,33.49,22.81,26.36,30.48,28.34,31.72,31.73,25.17,29.68,31.52,22.43,32.04,,24.07,43.34,33.88,33.51,39.28,26.2,23.54,28.42,40.08,35.96,38.04,20.31,35.97,17.91,27.1,25.53,23.76,28.73,46.68,27.02,18.53,18.71,25.11,42.6,31.6,22.08,24.07,40.72,28.96,48.77,30.5,56.57,29.9,39.29,48.72,26.61,18.39,22.61,21.51,54.51,25.36,36.39,23.15,25.74,71.04,23.54,39.46,26.75,27.8,23.84,67.29,28.26,44.51,27.16,30.88,27.2,50.87,25.25,23.91,48.42,19.82,32.62
2023-03-24,26.46,21.44,26.77,28.25,32.72,43.09,49.54,21.36,32.03,39.33,28.12,36.84,35.79,46.96,32.38,35.27,20.96,,23.73,46.37,33.82,18.91,30.96,50.41,39.03,22.47,32.29,21.88,25.8,30.4,29.49,30.68,32.44,23.46,29.19,31.31,22.38,33.74,,24.8,43.49,33.72,34.03,38.64,25.94,23.49,27.94,40.38,35.93,37.7,19.83,35.35,16.65,27.46,25.78,22.35,28.62,47.37,27.05,18.73,18.23,24.52,43.8,31.74,21.12,24.05,40.61,29.24,48.77,29.68,56.81,29.25,41.06,47.85,25.51,17.18,22.67,20.58,54.15,24.37,37.01,23.2,25.85,68.18,22.27,38.33,25.71,27.43,23.4,66.89,28.85,45.48,26.27,29.56,27.43,49.27,25.7,23.11,46.65,19.64,32.91
2023-03-27,26.85,22.47,25.87,26.11,32.38,40.47,48.17,23.42,32.77,42.67,27.36,33.29,35.37,39.35,31.14,33.03,20.76,,21.53,40.21,33.39,18.36,30.94,46.46,36.37,22.18,31.6,21.43,25.34,29.63,27.42,30.57,30.32,22.42,27.96,31.21,22.31,34.42,,24.42,42.54,36.06,38.14,34.54,25.46,23.99,27.35,42.93,35.85,39.14,19.11,31.82,16.75,25.39,27.69,22.44,27.23,46.14,27.09,19.48,19.4,23.14,49.27,31.66,20.63,23.75,37.19,29.9,47.42,28.79,55.06,28.89,41.99,47.67,23.35,17.51,22.01,19.59,53.19,22.5,39.06,22.94,24.26,57.34,22.03,34.32,25.22,27.91,23.41,66.54,30.21,43.66,24.64,28.72,30.63,46.46,25.78,23.26,40.46,18.79,31.35
2023-03-28,26.11,22.25,26.28,25.7,31.93,40.74,47.91,23.14,31.94,43.3,26.67,34.38,35.4,40.34,29.95,32.77,21.28,,21.74,39.22,33.02,17.97,30.83,46.32,36.08,22.88,31.1,21.25,25.05,28.93,26.84,29.05,29.94,21.71,27.38,30.79,22.81,35.3,,23.44,42.75,35.13,40.09,34.18,25.01,24.14,26.92,42.4,35.7,39.33,19.43,31.14,16.74,24.14,27.86,22.42,26.98,45.81,27.03,19.55,18.75,23.51,50.47,32.89,21.15,24.85,36.46,30.54,46.85,28.69,54.78,28.21,42.43,46.48,23.78,17.65,22.16,19.59,52.34,21.87,34.18,23.21,24.12,55.43,21.22,33.1,26.24,29.13,23.47,65.84,30.47,43.59,26.54,28.15,31.85,43.37,26.62,24.06,40.19,18.52,30.67
2023-03-29,24.8,22.73,25.19,23.84,30.12,38.29,45.91,22.05,30.19,44.08,25.51,32.49,34.68,36.01,28.69,30.58,20.94,,19.88,36.69,32.4,16.95,30.63,43.97,34.31,21.46,30.36,19.53,23.5,28.04,25.95,28.96,28.46,20.4,27.17,29.73,21.88,34.18,,24.88,41.37,34.08,37.28,31.89,23.44,23.65,25.83,45.01,32.93,35.76,18.78,29.03,16.55,23.16,28.18,21.92,26.03,43.82,25.93,19.87,18.08,24.3,52.12,31.84,20.55,24.97,33.73,28.76,38.16,27.21,53.76,26.48,41.68,44.37,22.28,17.04,21.12,19.82,49.81,21.22,32.34,21.99,22.93,52.65,19.5,29.94,25.48,28.95,22.74,63.82,29.3,41.03,26.8,27.42,32.13,40.97,25.61,23.3,36.55,18.5,29.24
2023-03-30,25.49,22.16,25.12,22.73,29.6,37.62,46.14,22.69,29.95,43.9,25.15,32.6,35.48,37.67,28.63,30.69,21.29,,20.27,36.81,32.01,17.59,30.48,44.8,33.86,21.37,29.42,19.27,23.74,26.95,25.33,28.31,28.1,20.43,26.84,28.74,22.21,33.81,,21.82,41.14,35.43,38.14,32.18,22.75,23.54,26.41,44.38,32.04,35.65,18.81,29.56,16.4,22.29,28.41,21.52,25.87,43.46,26.07,19.21,18.85,23.75,52.25,32.35,21.13,24.41,33.59,29.64,37.76,26.9,53.02,25.99,41.79,43.59,22.44,16.8,21.46,19.14,51.33,21.55,32.79,22.01,23.88,57.31,20.83,30.05,25.89,27.29,23.59,62.58,29.42,41.6,25.88,27.01,31.79,41.48,25.76,23.84,38.51,18.11,28.45
2023-03-31,23.85,21.75,23.45,22.66,28.82,37.03,46.29,21.15,29.11,42.66,24.47,31.17,34.22,34.63,28.44,29.06,20.46,,18.6,33.09,31.06,16.71,29.21,41.71,33.48,20.5,28.58,18.18,23.43,26.21,24.29,26.91,27.47,20.06,25.57,27.02,21.73,31.97,,22.58,39.89,34.47,35.04,29.59,21.53,23.14,25.37,43.96,31.32,35.65,17.95,27.74,15.88,23.0,28.06,20.83,24.11,42.52,25.22,18.29,18.29,21.25,51.06,30.0,20.37,24.3,31.06,27.35,38.18,26.41,51.68,25.04,42.05,42.35,21.38,16.36,21.99,18.0,51.98,20.73,33.03,21.22,23.6,54.8,19.44,28.43,24.37,24.91,22.43,61.32,29.01,42.13,26.08,26.35,31.04,38.05,24.38,23.56,36.61,17.52,27.86
2023-04-03,26.44,21.46,23.4,22.78,29.55,37.2,48.9,23.09,29.94,43.37,24.61,31.39,34.61,34.71,31.31,29.49,20.45,,19.83,32.31,30.61,16.9,28.88,41.5,33.63,20.7,28.93,18.53,24.85,25.6,24.04,27.34,27.85,20.42,25.69,26.96,20.52,31.88,,24.48,40.24,36.78,35.68,29.54,21.77,23.42,25.0,43.9,32.4,36.62,17.82,26.99,15.61,23.26,27.56,20.45,24.33,43.35,24.47,18.26,19.05,22.76,53.09,30.2,19.9,23.65,30.66,29.46,37.69,26.82,52.7,25.37,42.14,43.74,20.96,16.61,23.27,17.94,51.76,20.84,36.97,21.06,27.28,51.18,20.39,29.37,24.33,26.62,24.84,61.79,29.93,46.73,24.24,25.61,30.62,38.57,24.33,22.84,35.52,17.67,26.76
2023-04-04,27.4,22.71,24.1,22.98,28.82,37.92,50.35,22.48,30.33,44.48,25.65,32.47,35.11,38.01,32.7,30.29,20.94,,20.09,35.28,34.5,17.25,29.77,42.83,34.95,20.96,28.85,19.33,25.57,26.06,27.56,28.92,27.95,20.87,27.86,28.61,21.37,33.7,,26.68,41.16,36.62,37.09,31.14,22.57,24.51,25.63,44.17,32.39,33.81,17.6,29.25,15.9,23.58,28.52,20.89,25.0,44.24,25.87,18.33,19.3,22.54,54.06,31.95,20.99,23.97,33.92,29.2,39.65,27.21,52.38,25.4,42.1,44.47,21.35,17.02,23.37,18.1,55.84,21.31,38.77,21.7,29.1,56.03,21.11,30.74,24.45,27.31,24.82,62.96,31.13,48.75,24.12,25.78,31.3,44.73,25.23,22.51,38.01,18.68,27.73
2023-04-05,28.91,22.12,23.83,23.82,29.79,38.65,51.81,21.08,29.74,46.16,26.2,33.88,35.55,38.88,33.96,30.78,20.47,,20.66,36.06,34.86,17.25,29.24,44.67,35.89,21.59,29.73,19.34,26.75,25.98,31.69,28.2,27.66,20.41,29.07,26.99,21.53,33.06,,27.9,42.55,37.38,37.24,31.46,23.38,24.72,25.5,44.22,32.88,37.2,17.61,29.96,15.79,23.88,27.18,21.19,25.43,44.14,25.88,18.45,19.51,22.9,54.64,32.21,20.49,23.76,34.01,31.25,39.34,26.16,52.53,26.66,42.98,44.51,21.55,16.49,23.83,18.63,59.04,21.04,39.94,22.53,31.02,58.02,20.96,30.85,24.46,27.25,24.23,62.98,32.05,51.24,23.96,26.41,31.14,45.06,25.22,22.43,39.01,16.81,27.68
2023-04-06,28.07,21.91,23.44,23.47,29.14,38.41,50.53,21.91,28.7,44.13,25.86,33.54,35.2,38.37,34.37,30.89,20.4,,19.4,34.68,35.25,16.86,29.41,43.6,35.92,21.54,29.19,19.83,27.39,26.22,30.69,29.14,28.22,19.82,30.95,26.15,21.25,33.29,,24.07,42.94,37.6,38.33,30.89,22.64,24.34,26.18,43.72,32.73,35.6,17.12,29.77,15.68,22.94,27.96,21.25,24.87,43.62,26.13,18.25,19.49,24.07,53.46,31.78,20.08,23.68,33.34,29.37,39.17,26.14,51.87,26.24,42.42,43.82,21.5,16.21,25.21,17.42,57.79,20.59,39.33,22.59,30.44,52.98,20.83,30.78,25.32,26.84,25.37,61.3,31.91,50.4,22.95,26.14,31.1,43.06,24.69,23.15,37.68,16.54,28.12
2023-04-10,29.98,22.3,24.29,24.12,30.25,39.06,51.94,21.82,30.09,45.2,26.32,33.26,36.12,37.88,34.33,31.23,20.89,,19.96,33.84,34.22,17.86,30.06,45.47,36.3,21.43,30.17,20.6,27.96,26.47,29.06,29.79,33.01,21.06,29.82,26.94,21.78,33.18,,28.18,42.6,39.16,38.57,30.82,23.45,25.43,27.17,43.94,34.12,35.57,17.39,29.68,16.52,24.21,30.54,21.78,25.58,44.5,26.7,18.75,19.93,19.74,53.39,32.1,20.5,24.42,33.55,30.27,40.08,27.71,52.44,26.55,44.44,43.86,22.55,17.32,25.56,18.29,65.77,21.29,39.66,22.18,31.13,51.86,21.99,31.93,25.52,27.58,26.13,63.12,31.3,51.7,23.3,27.01,31.86,45.45,25.54,23.52,36.96,16.95,28.69
2023-04-11,29.86,21.91,23.91,23.36,30.65,38.26,51.87,22.1,29.5,45.88,26.51,32.5,35.77,36.25,33.35,29.86,20.63,,18.72,32.77,33.54,17.34,29.46,44.64,35.99,20.8,30.87,20.76,27.94,25.99,28.02,28.47,33.58,20.6,30.03,26.24,21.09,33.3,,26.83,42.21,38.48,40.61,30.42,23.36,25.32,27.33,43.55,34.58,35.18,15.55,29.18,16.31,23.34,30.78,22.01,25.3,44.17,25.72,18.93,19.73,21.62,53.69,31.22,19.91,23.92,32.31,30.57,39.3,26.42,52.37,25.77,44.56,44.24,21.95,17.18,25.5,18.16,66.94,21.1,39.76,22.23,30.69,52.05,22.0,31.0,26.03,25.45,25.62,62.77,31.18,51.59,22.64,26.66,31.14,44.41,25.16,23.27,35.08,16.62,28.13
2023-04-12,30.87,21.85,23.51,23.61,29.89,38.83,51.34,21.44,28.6,44.48,26.11,33.47,35.37,36.31,34.24,29.56,20.12,,17.43,33.68,33.8,17.48,29.57,45.67,34.72,21.51,29.59,21.07,28.46,25.94,27.65,29.86,35.45,20.87,30.1,25.91,20.72,32.87,,26.31,41.88,35.86,37.06,30.08,23.4,25.36,27.8,42.98,33.7,35.81,17.22,28.49,15.95,23.3,29.78,21.99,24.76,44.74,26.05,18.93,18.94,22.68,52.62,31.15,20.39,23.75,31.46,30.84,39.2,25.97,52.44,26.07,43.74,42.37,21.55,17.23,25.94,18.36,69.32,21.19,40.19,21.91,30.68,49.61,22.3,31.07,26.09,25.28,26.27,64.02,31.21,52.46,22.65,26.52,31.37,45.48,25.41,23.45,35.1,16.78,27.98
2023-04-13,27.66,21.19,23.4,22.48,28.31,37.72,50.0,21.51,28.38,43.38,24.23,32.21,33.02,36.5,32.38,28.55,19.67,,17.66,33.05,32.61,16.83,29.04,44.86,33.79,19.72,28.05,20.41,27.72,24.74,27.7,27.28,34.28,20.26,27.7,24.05,20.75,32.27,,27.22,41.38,37.81,36.77,30.15,23.23,24.72,27.96,42.09,31.98,33.72,16.58,27.76,15.14,22.59,29.69,21.07,24.33,42.69,24.4,18.38,18.86,21.55,50.39,30.67,19.3,22.93,31.75,28.77,38.1,26.02,51.76,24.4,42.11,42.18,20.02,16.55,24.84,16.99,67.39,19.58,38.74,22.16,29.5,53.71,21.43,30.65,24.47,24.38,25.41,61.01,30.37,50.55,22.07,25.87,31.25,44.44,24.15,22.65,34.58,16.97,27.16
2023-04-14,27.05,21.46,22.33,22.85,27.39,37.12,48.69,21.88,28.03,42.73,24.35,29.77,34.78,33.32,31.7,24.22,19.41,,17.51,25.36,31.46,16.94,28.53,42.83,32.94,19.86,26.81,21.08,27.62,23.74,27.0,27.77,33.89,20.46,26.75,23.17,20.45,31.06,,26.46,40.91,35.64,34.9,27.47,22.78,23.76,27.21,40.98,30.61,32.81,16.64,21.09,15.02,22.37,29.27,20.88,23.34,40.67,23.99,17.85,18.27,22.03,49.13,30.33,18.93,22.94,28.73,28.34,36.47,25.86,51.17,23.69,43.6,41.54,19.67,16.23,24.39,16.82,66.68,19.48,38.38,21.34,29.3,55.99,20.96,30.83,24.53,26.11,25.31,59.08,29.42,49.61,19.8,24.28,29.77,46.14,23.0,21.58,26.88,17.04,25.11
2023-04-17,26.24,21.05,22.0,22.34,26.97,37.94,48.67,22.5,27.9,42.53,23.45,28.73,33.29,32.1,31.19,22.87,18.81,,17.16,23.7,30.86,17.2,27.58,40.47,32.31,19.2,26.41,24.05,27.05,24.29,28.28,28.4,33.73,20.45,25.87,22.98,19.73,30.24,,25.03,39.75,36.27,37.0,25.98,24.42,22.38,26.06,40.04,30.96,33.63,17.01,19.24,14.5,22.34,28.83,21.2,21.8,40.46,23.51,17.32,17.61,21.34,49.59,31.32,18.4,21.8,28.28,28.01,35.95,25.92,52.08,23.18,42.5,40.83,19.28,15.7,23.75,16.41,66.29,18.82,38.15,21.06,28.42,40.42,20.35,30.21,24.54,24.28,23.75,58.32,28.73,51.7,18.48,24.33,29.8,42.29,23.05,21.26,25.48,18.52,25.71
2023-04-18,25.25,20.88,21.81,21.31,26.55,38.83,47.66,22.9,27.57,41.7,23.09,28.27,32.68,25.37,30.18,22.77,18.78,,16.46,23.63,30.43,17.46,27.39,40.55,31.97,18.56,26.32,24.71,26.51,24.03,29.05,27.3,33.97,20.64,24.95,21.79,19.16,29.49,,25.25,39.67,35.33,35.93,21.72,24.6,22.31,25.1,40.49,29.96,31.6,14.88,18.87,14.35,21.78,28.77,17.35,22.49,40.06,23.03,16.76,17.58,20.49,48.92,31.23,17.15,21.4,26.91,28.02,35.79,25.65,51.76,23.02,41.68,40.56,18.3,15.25,23.67,16.08,64.91,18.27,37.98,20.08,27.84,39.48,19.85,30.13,24.26,24.51,23.71,57.97,28.13,49.44,18.75,23.7,29.61,43.88,21.74,21.9,25.52,19.33,25.5
2023-04-19,25.24,20.16,17.43,20.81,25.97,39.01,47.01,22.27,26.59,41.65,23.07,27.67,32.42,24.51,30.14,21.71,18.59,,16.16,22.51,30.25,17.32,27.37,38.82,31.12,18.59,25.84,27.92,27.45,24.27,30.29,26.81,33.01,19.95,25.17,21.3,19.22,29.78,,24.89,40.28,35.12,35.2,20.99,26.08,21.43,25.48,40.03,29.19,23.79,13.81,18.39,14.21,21.15,28.01,16.97,22.65,38.82,22.39,16.57,17.09,19.81,48.9,31.93,17.16,21.18,22.47,27.96,35.53,24.2,34.0,22.55,41.52,39.99,18.5,15.14,23.66,16.01,64.23,18.12,37.77,20.44,27.6,37.54,19.11,29.39,24.73,24.6,23.91,60.61,28.9,48.52,20.77,23.14,28.24,31.65,21.83,22.54,24.29,20.03,25.81
2023-04-20,26.13,20.12,17.7,21.47,26.77,37.81,47.5,23.11,27.6,41.92,24.14,23.46,32.87,24.95,30.78,21.96,18.97,,16.01,23.67,30.71,17.69,28.43,39.88,31.85,19.21,27.05,29.49,28.14,24.83,31.0,28.01,33.08,20.42,25.74,22.09,19.23,29.89,,25.0,42.3,36.39,36.12,21.08,26.53,21.83,17.68,40.53,30.78,23.35,14.29,18.35,14.35,21.14,28.8,17.11,24.61,35.13,22.59,16.94,17.4,20.87,49.85,32.64,18.06,21.15,22.76,28.73,35.89,24.99,33.44,23.13,42.26,41.21,19.49,15.32,23.87,16.97,63.79,16.87,38.17,22.12,28.03,36.11,19.31,30.22,21.47,26.52,25.7,52.87,29.31,49.92,19.73,21.16,28.77,36.64,21.94,25.1,24.91,20.27,26.59
2023-04-21,26.1,19.41,16.92,20.22,26.23,37.23,46.91,23.16,26.24,41.41,23.55,23.53,32.18,24.67,29.8,22.76,18.06,,15.76,24.16,30.6,17.84,27.56,39.52,31.15,19.0,25.85,26.74,27.16,24.12,30.82,25.9,32.21,19.78,25.37,21.74,18.97,29.7,,23.32,40.88,34.46,34.38,21.2,26.03,21.81,16.43,40.49,31.06,22.78,14.31,18.23,14.06,20.87,27.77,17.21,24.87,34.6,22.22,16.66,17.53,23.83,49.08,31.69,16.57,19.81,21.76,27.54,34.1,23.98,33.05,22.66,40.4,40.42,18.07,14.71,22.7,13.58,62.3,15.51,37.16,21.34,28.67,36.74,18.68,29.42,18.74,24.51,25.15,48.16,27.47,50.83,19.16,21.01,27.71,42.4,21.56,23.89,25.5,19.18,25.8
2023-04-24,26.38,18.21,17.83,19.91,26.53,37.24,46.92,22.86,26.81,39.09,23.99,23.83,31.74,24.24,30.27,23.43,17.82,,15.9,23.64,30.4,17.25,27.92,38.17,30.58,19.97,27.26,26.04,27.32,23.23,30.82,24.79,32.12,19.88,24.64,22.67,19.13,29.54,,23.82,39.16,34.33,34.21,20.66,26.12,21.98,16.57,40.8,33.5,22.69,14.21,18.19,12.47,20.61,28.57,16.96,27.56,34.87,22.39,16.06,17.61,22.47,49.25,30.97,16.44,20.07,22.1,28.67,34.58,24.8,33.37,22.65,41.16,43.56,18.52,15.06,23.15,13.14,62.65,15.68,36.88,20.14,27.62,35.19,18.56,29.84,19.08,24.9,23.91,49.01,27.43,50.08,19.24,21.68,25.69,41.54,21.86,24.19,24.45,19.49,25.18
2023-04-25,28.63,18.97,19.27,22.74,29.52,40.91,51.11,22.83,29.08,44.58,27.32,26.72,34.53,28.84,32.69,25.62,19.51,,17.49,27.42,33.67,18.65,28.92,42.2,33.11,23.11,29.67,27.13,28.55,25.28,34.42,24.24,34.47,20.65,27.03,25.48,20.92,27.9,,26.2,36.68,40.22,37.23,23.87,28.74,23.31,17.45,42.43,38.58,24.75,14.79,22.36,13.97,22.42,28.6,19.07,30.65,38.19,25.1,14.47,19.55,24.78,51.48,27.17,17.17,21.37,26.49,30.14,37.38,22.81,34.85,25.42,46.2,48.64,21.28,14.24,25.16,14.26,64.53,16.85,39.58,18.61,29.83,39.64,19.69,31.95,19.83,29.91,24.78,50.86,30.4,52.97,20.24,24.02,22.5,47.67,23.59,18.93,28.57,21.1,27.59
2023-04-26,28.15,20.86,19.73,22.21,30.02,41.01,50.09,24.76,28.03,45.76,26.65,26.23,30.62,29.96,35.54,26.3,21.75,,18.35,29.09,34.4,19.49,29.41,42.07,34.21,24.11,30.09,27.67,29.08,26.73,33.93,22.9,34.57,22.14,27.2,25.71,19.39,28.12,,23.25,38.35,31.1,29.76,24.55,30.47,24.61,17.67,43.05,38.32,26.86,16.13,23.48,13.95,23.06,30.39,20.11,33.03,37.75,23.58,15.04,19.07,25.69,54.19,26.3,18.14,23.25,25.86,22.99,37.7,25.12,34.52,26.03,45.64,48.78,21.19,14.91,25.39,14.57,65.29,17.32,39.56,20.63,29.75,39.63,21.08,32.87,20.61,25.92,25.39,54.02,24.51,52.58,21.9,24.41,23.28,49.36,20.28,19.37,30.41,21.21,27.9
2023-04-27,25.85,18.66,18.55,20.88,27.63,38.87,49.27,23.24,26.26,47.09,25.25,24.0,28.28,26.73,33.11,24.28,19.24,,17.2,26.15,26.55,20.88,21.99,41.02,32.76,21.69,29.28,26.69,28.68,25.5,32.26,22.44,32.79,20.77,26.0,23.01,18.13,25.65,,26.48,35.93,29.66,28.3,21.99,28.01,19.5,16.28,44.81,36.59,24.4,15.52,20.6,13.0,20.92,24.03,17.89,30.64,35.73,19.0,13.4,17.99,23.42,33.27,24.49,15.43,19.39,23.46,21.69,35.96,22.87,32.86,23.8,35.83,47.62,19.58,13.22,24.96,13.66,63.45,16.43,39.23,18.89,28.99,36.79,18.71,31.29,19.25,22.87,23.73,49.06,24.18,52.29,19.32,23.2,19.76,43.33,18.1,17.88,27.64,20.21,27.08
2023-04-28,25.29,17.02,17.38,19.54,25.78,36.57,47.31,19.62,25.82,31.54,24.55,22.6,26.94,25.78,30.88,22.31,18.55,,16.83,25.17,25.65,15.92,19.74,33.12,31.6,21.13,28.63,25.95,27.59,21.71,30.96,20.25,32.19,20.15,24.65,22.12,16.57,23.91,,23.02,33.82,26.05,28.12,20.74,26.92,17.89,15.52,29.46,37.47,23.32,14.81,19.06,11.78,18.73,23.87,16.22,29.94,34.04,17.77,12.04,14.8,24.6,31.62,23.16,14.87,18.17,23.24,20.82,34.06,21.75,31.43,22.48,33.13,45.07,19.19,11.9,23.34,13.3,62.43,15.12,37.53,18.01,28.3,36.46,17.3,29.39,18.31,22.27,17.67,45.96,22.62,51.37,18.97,21.6,18.5,43.99,16.52,16.77,26.41,20.09,23.61
2023-05-01,26.58,16.81,17.36,19.89,26.84,36.97,50.02,18.86,27.09,31.35,26.92,23.58,28.43,26.61,31.6,24.06,17.61,,16.66,25.29,25.9,15.33,19.27,34.68,31.82,22.82,32.01,25.32,27.55,22.03,30.42,20.7,32.5,20.05,23.86,21.95,16.64,24.22,,19.16,33.68,26.2,27.26,21.51,28.1,17.8,15.18,30.73,37.33,23.41,14.63,19.53,11.38,18.9,23.77,16.61,29.56,34.65,18.27,13.12,14.59,24.99,32.27,23.15,14.54,17.81,23.73,21.43,34.91,22.02,33.19,22.67,33.76,46.81,19.24,12.66,22.2,13.07,62.32,15.48,39.2,18.13,28.56,35.8,16.48,30.73,18.44,23.52,17.08,47.39,22.79,48.7,18.96,22.18,18.06,39.65,16.89,16.49,25.9,20.14,24.4
2023-05-02,26.92,18.01,18.18,22.11,28.22,38.47,50.54,19.57,28.97,31.56,30.67,28.92,29.14,30.81,31.78,26.33,18.59,,18.83,29.44,27.64,15.66,21.4,40.02,34.99,23.36,35.49,27.75,29.48,25.09,31.92,22.58,34.06,21.4,25.91,23.97,18.65,25.76,,20.44,36.08,30.94,28.84,24.93,29.39,19.29,16.74,32.86,38.18,25.9,14.81,23.19,13.31,20.41,23.32,19.21,31.17,36.18,20.58,14.44,15.41,23.43,33.78,24.4,16.38,18.58,27.27,22.6,36.22,23.06,34.98,24.39,35.6,48.63,20.09,13.13,19.61,13.81,63.6,18.16,40.33,19.98,28.84,43.01,18.56,33.55,21.04,24.68,18.57,49.74,24.35,35.27,20.14,24.04,21.44,50.59,19.81,19.4,31.56,20.88,27.34
2023-05-03,28.44,18.45,18.01,22.68,32.55,39.04,41.75,20.89,29.76,32.73,30.78,28.6,30.12,32.52,32.77,28.48,20.03,,19.18,30.32,28.52,16.09,21.56,39.18,35.32,24.28,36.85,28.47,23.55,26.68,33.08,22.81,34.12,21.36,23.9,24.07,19.04,25.58,,21.81,36.99,28.46,28.81,26.49,29.78,19.86,17.6,32.69,38.72,25.02,15.93,25.91,13.8,22.0,23.64,20.36,31.66,37.3,20.66,14.9,15.85,23.03,34.68,24.99,16.82,19.29,28.21,22.41,36.84,23.88,33.93,25.67,36.14,48.92,20.32,14.58,19.99,13.92,65.11,18.56,41.42,21.04,21.36,48.78,18.4,31.59,20.69,22.99,18.38,50.1,24.33,36.09,20.83,23.89,21.44,53.49,19.83,18.62,32.27,21.44,28.09
2023-05-04,30.41,19.31,20.42,25.82,33.61,40.91,43.89,20.36,29.48,33.26,31.4,32.65,32.91,38.3,32.63,29.86,20.28,,21.48,35.52,30.91,16.97,23.86,46.08,36.18,24.91,38.67,29.86,25.85,28.26,35.27,25.08,37.14,22.0,26.03,26.25,21.2,28.97,,21.74,39.57,30.42,30.86,30.51,32.47,21.63,18.52,34.0,39.58,25.5,16.75,29.41,14.29,23.65,23.42,21.62,33.63,37.65,22.09,15.5,17.05,24.96,34.8,27.07,18.23,20.44,32.32,23.68,37.72,24.67,34.46,28.32,37.38,49.1,21.71,15.24,21.38,15.11,67.38,20.23,32.88,22.93,22.55,55.26,19.89,32.0,22.39,26.11,18.78,49.6,25.41,37.82,21.77,24.99,23.51,86.3,21.02,21.01,40.63,22.76,30.03
2023-05-05,21.1,17.81,18.49,23.49,28.93,37.18,39.56,17.91,26.83,29.04,28.93,27.4,29.54,32.34,26.56,26.97,18.11,,19.46,29.93,27.87,15.18,21.22,40.38,32.59,22.44,35.92,27.41,24.21,24.65,33.4,23.6,35.76,19.47,22.42,23.94,18.36,26.64,,17.08,36.1,28.41,23.39,25.57,30.38,19.68,16.24,31.68,37.45,25.63,14.81,24.59,12.79,20.71,22.35,19.43,31.37,33.43,19.26,14.28,15.19,21.4,31.67,25.34,16.62,18.75,27.33,21.05,34.23,22.13,31.17,25.58,32.99,46.95,19.18,13.73,19.45,13.79,67.94,18.01,29.27,20.1,19.3,46.6,17.95,28.71,19.31,24.44,17.02,44.46,23.16,34.08,19.54,23.39,20.45,63.68,19.12,18.23,34.52,21.94,26.43
2023-05-08,21.08,18.18,18.81,23.65,29.95,38.51,42.98,20.83,29.14,30.21,29.64,27.01,30.5,30.7,24.51,27.0,18.43,,17.76,29.84,28.72,15.41,21.27,38.51,33.34,22.89,36.7,27.84,24.38,25.4,34.06,24.47,35.27,20.4,23.03,23.84,19.03,26.58,,22.86,35.8,29.53,30.01,24.95,30.87,19.99,16.85,31.75,36.95,25.06,14.16,23.9,12.94,21.09,22.26,20.2,31.84,34.78,19.31,13.92,15.48,25.99,31.79,26.72,17.3,19.37,27.12,20.75,34.8,22.3,32.03,25.13,33.88,50.03,20.05,13.74,19.45,13.66,77.71,18.27,29.99,20.87,19.86,45.82,17.75,30.16,19.54,24.23,17.28,46.0,24.11,35.36,20.35,23.55,20.9,60.04,18.79,18.42,33.53,21.89,27.04
2023-05-09,21.21,18.49,19.15,23.57,30.02,38.92,42.89,19.02,29.12,30.16,30.79,26.8,30.22,30.54,25.68,27.48,18.68,,17.6,29.58,28.94,15.62,22.18,38.07,34.08,22.98,37.25,27.97,23.74,25.7,33.72,23.5,35.58,18.93,23.23,24.56,18.16,27.04,,22.85,36.26,27.7,26.86,25.23,29.96,19.98,18.22,32.58,36.94,25.44,15.48,24.64,13.54,21.57,22.28,19.54,31.13,35.62,19.81,14.32,15.84,27.51,31.97,27.33,16.76,19.61,26.97,21.7,35.33,22.71,32.37,25.86,34.06,50.0,20.28,13.83,19.83,14.47,56.94,18.57,30.76,20.4,20.16,43.97,17.92,30.76,19.89,26.63,18.97,46.02,24.54,35.31,21.24,23.19,20.96,59.29,18.86,19.01,32.72,21.98,27.47
2023-05-10,20.18,18.25,18.2,22.0,28.82,37.05,42.33,16.97,28.74,29.21,29.77,27.99,29.6,30.67,24.91,27.86,18.03,,17.51,29.44,28.55,15.27,21.86,37.89,33.7,23.05,36.32,27.22,23.83,25.76,33.83,23.51,35.17,17.45,23.42,24.64,17.49,27.14,,22.94,34.95,27.63,28.2,24.51,29.74,19.8,16.74,31.52,36.43,27.14,14.78,23.93,12.95,20.11,22.25,18.91,31.81,33.51,19.17,14.29,15.5,21.45,30.87,25.52,26.32,19.17,27.08,19.94,35.15,21.39,31.28,26.07,32.81,49.82,19.15,13.82,19.24,14.17,52.99,18.7,29.08,19.66,20.1,44.02,16.89,29.83,19.45,24.75,17.99,45.41,23.73,35.05,21.1,22.66,20.57,55.06,18.88,18.11,32.07,21.97,27.39
2023-05-11,20.44,18.09,18.67,21.25,29.46,37.84,41.99,19.51,29.14,30.02,29.89,28.38,29.67,30.65,24.97,26.11,17.75,,17.07,29.97,28.68,14.97,22.09,37.45,33.92,22.9,36.78,27.95,23.64,25.44,34.61,23.99,26.36,18.11,23.18,24.34,18.51,27.27,,22.14,34.96,27.79,26.82,24.82,30.27,19.71,17.3,32.15,36.14,24.27,15.02,24.22,12.91,20.5,22.81,18.98,32.1,34.23,19.17,14.5,15.46,25.63,31.38,25.97,18.1,19.28,27.52,22.05,35.31,21.83,31.87,26.32,32.67,48.76,21.07,13.82,19.73,13.98,51.81,18.3,30.21,19.9,20.46,45.2,17.57,30.04,19.14,22.86,17.88,45.07,23.94,34.09,20.56,22.85,20.89,56.95,19.04,17.6,32.09,21.98,28.12
2023-05-12,20.64,17.62,18.16,20.95,30.51,37.04,40.37,18.56,27.82,28.98,30.12,27.12,29.76,30.58,25.2,25.54,19.2,,17.1,30.03,28.06,14.35,22.1,37.26,33.46,22.59,36.37,28.03,23.75,24.85,34.01,24.71,24.7,17.35,23.06,25.11,17.83,27.71,,24.37,34.82,27.35,27.04,24.09,29.91,20.77,16.21,31.19,34.73,23.07,14.69,23.99,12.34,19.69,23.22,19.11,31.9,33.4,19.49,14.04,15.25,21.84,30.42,25.09,17.79,19.68,26.08,20.28,35.47,21.05,31.8,25.79,32.25,47.92,22.23,13.33,19.74,13.13,48.46,18.54,29.41,19.15,20.11,41.77,17.88,29.34,18.42,24.69,17.1,47.64,23.34,33.5,19.96,22.47,21.37,54.54,18.87,17.59,32.21,22.71,27.31
2023-05-15,20.55,18.07,17.96,21.49,32.47,36.4,42.17,19.39,28.81,29.55,30.22,25.46,29.12,28.71,25.3,25.48,18.71,,16.66,28.64,27.46,14.82,21.67,36.04,33.1,23.06,36.46,28.57,23.01,24.57,33.33,23.3,24.75,18.59,22.52,24.77,18.76,19.84,,23.48,34.23,25.88,26.28,23.47,29.9,19.85,16.42,31.5,37.04,22.64,14.79,22.76,13.17,20.39,22.92,18.83,32.43,34.06,19.45,14.37,14.87,23.93,30.46,25.11,19.21,20.36,25.94,21.11,37.01,21.14,32.71,25.72,33.12,47.63,26.88,13.42,19.48,13.46,48.45,18.38,29.47,19.24,20.25,39.72,18.08,29.22,18.6,24.38,17.11,48.75,23.38,34.15,21.05,22.55,21.31,48.96,18.67,18.83,30.17,22.54,27.69
2023-05-16,21.02,18.83,18.09,21.83,33.95,37.5,43.93,20.45,29.36,30.12,30.31,27.39,29.56,29.89,25.37,26.42,19.77,,17.18,29.78,29.23,15.22,22.66,37.3,34.77,24.16,36.94,28.74,24.72,26.47,33.77,24.1,25.76,19.59,24.07,25.58,20.06,27.69,,24.74,34.55,26.66,26.96,23.88,23.45,20.38,17.05,32.55,37.5,22.56,15.63,23.83,14.17,20.5,22.64,19.46,32.27,33.92,20.89,14.55,15.55,23.96,30.5,27.02,19.485,21.22,27.16,20.94,37.75,23.07,32.85,26.8,33.31,47.84,28.46,13.64,20.1,13.7,48.56,19.29,31.17,20.06,21.03,40.35,19.27,30.69,21.04,24.49,18.47,48.59,24.59,34.83,21.89,23.12,21.81,50.77,20.17,20.03,31.76,23.67,29.01
2023-05-17,20.25,18.1,18.3,20.9,34.37,35.29,43.08,20.53,26.57,29.0,29.39,25.3,27.98,27.27,24.09,23.75,19.54,,15.8,26.87,27.26,14.52,21.46,35.74,33.6,22.83,35.97,28.82,23.67,24.11,32.71,23.41,24.02,18.77,22.54,24.21,18.88,26.56,,23.29,33.66,26.21,26.45,21.94,22.13,18.85,16.31,32.94,35.01,21.88,15.25,22.07,14.17,20.02,21.95,18.23,30.12,33.08,19.32,13.77,15.46,23.41,29.48,25.82,19.76,20.96,25.18,19.6,37.58,22.4,31.29,25.21,30.11,46.27,29.33,13.41,20.22,13.86,50.7,18.83,30.02,19.38,19.86,38.97,18.49,28.29,19.52,23.75,18.56,44.86,23.02,32.91,20.63,22.02,20.03,47.64,18.71,18.77,29.37,21.9,27.02
2023-05-18,19.41,17.46,17.65,20.76,33.61,35.39,43.09,19.59,27.92,28.81,29.4,24.37,27.43,26.58,24.26,22.14,19.11,,15.41,27.28,27.03,15.13,21.01,35.04,32.52,22.12,35.68,19.06,23.38,24.16,32.36,22.76,23.46,18.88,22.26,25.18,18.75,25.8,,22.9,33.5,26.16,26.19,21.65,21.99,18.4,16.07,31.96,32.66,21.32,14.61,21.11,13.99,19.64,21.76,18.66,29.43,33.06,18.65,13.32,15.13,22.34,29.79,26.92,19.73,19.77,23.92,18.79,37.24,22.14,33.84,24.38,30.78,47.2,28.58,13.11,20.74,14.6,59.99,19.12,28.97,19.17,19.39,38.5,18.93,27.92,19.95,23.54,20.05,43.95,22.57,33.77,21.25,22.12,20.22,45.29,17.85,18.75,28.98,15.4,26.03
2023-05-19,19.04,16.99,17.49,21.91,33.85,31.36,42.52,19.12,27.06,28.7,29.97,25.6,27.92,28.3,24.15,23.22,18.29,,16.13,28.57,27.34,14.95,21.39,37.16,32.13,22.67,36.36,17.09,22.97,24.08,26.75,22.7,24.95,18.81,22.39,26.84,18.6,25.47,,24.28,34.1,25.83,25.66,22.96,22.52,19.21,16.22,32.11,32.65,21.33,14.74,22.53,13.91,19.11,21.49,18.49,30.12,32.31,20.13,13.29,15.02,21.94,30.24,27.49,18.99,20.04,25.93,19.17,37.31,22.4,32.5,26.29,30.06,46.1,28.56,13.4,20.23,14.3,59.61,18.75,28.91,19.07,20.48,38.63,18.67,27.38,20.85,23.5,19.45,43.98,22.54,33.09,20.96,21.91,20.74,45.95,18.54,18.96,29.78,15.29,25.88
2023-05-22,20.06,17.68,17.83,24.05,34.06,31.24,44.03,19.38,27.1,29.11,30.24,24.71,28.18,27.32,25.29,22.28,18.83,,16.13,28.11,26.79,16.05,21.39,35.32,31.47,23.32,36.45,18.02,22.65,25.1,25.01,22.65,24.9,18.49,22.59,31.02,18.26,25.57,,22.14,33.27,27.25,26.63,23.05,22.48,19.48,16.52,31.99,33.78,22.75,15.37,21.82,14.78,19.76,23.61,18.27,29.56,32.55,19.62,14.67,15.61,21.51,30.4,26.79,19.31,20.69,25.4,19.34,37.5,22.02,32.36,28.4,30.14,47.26,26.83,14.91,24.33,15.49,57.78,19.54,29.04,19.25,21.32,37.44,18.9,27.24,20.38,21.9,19.82,45.94,22.52,34.16,20.84,21.91,20.8,44.04,19.16,18.84,28.94,15.73,26.13
2023-05-23,21.31,18.24,19.3,25.78,34.7,32.07,44.46,19.83,28.77,30.29,31.4,26.48,30.23,28.03,26.19,24.17,18.73,,17.56,28.84,27.62,16.75,22.91,35.49,31.81,23.96,37.5,19.17,23.14,25.48,25.17,24.18,26.51,20.12,23.24,33.29,20.11,27.73,,22.87,33.95,27.9,27.87,23.44,22.97,20.31,16.93,33.63,34.21,25.0,15.92,22.75,14.81,22.5,24.31,18.44,24.75,33.6,21.94,14.89,15.89,25.25,31.28,27.43,18.76,21.11,25.68,21.09,37.24,23.18,33.79,27.81,31.0,46.74,28.95,15.09,24.66,16.59,64.43,20.22,29.94,20.04,21.83,39.94,19.21,28.43,21.52,24.93,19.74,47.12,23.68,35.35,20.94,22.86,22.24,44.58,21.36,19.12,30.13,15.84,27.06
2023-05-24,23.04,19.92,21.52,27.82,36.33,34.27,45.76,19.17,31.07,31.61,32.11,28.26,31.64,30.6,27.07,27.29,20.95,,18.9,32.21,29.15,18.46,24.54,40.14,33.7,24.32,38.97,19.77,24.61,26.74,27.46,23.76,27.25,20.79,25.11,35.95,20.97,29.81,,18.62,35.94,28.42,31.0,25.38,24.6,21.88,19.11,34.12,31.2,26.58,16.38,24.79,15.92,23.3,24.92,19.27,26.68,35.01,23.37,15.53,16.86,27.07,32.28,30.81,19.66,21.9,28.53,23.56,38.77,24.21,35.51,28.9,32.49,49.61,29.58,16.03,25.27,17.43,63.47,21.38,31.16,21.28,22.15,40.51,19.89,31.43,22.38,27.14,19.97,47.6,24.95,36.9,22.19,24.71,24.04,47.72,22.53,20.52,32.73,17.53,28.29
2023-05-25,22.62,20.12,21.66,27.86,38.77,34.53,49.69,19.54,31.25,31.95,35.8,27.31,30.82,29.03,26.8,26.2,21.27,,17.88,30.32,28.81,17.68,24.62,38.28,34.23,24.27,42.87,18.85,25.28,26.94,26.04,24.66,27.38,21.4,24.62,35.11,20.83,29.36,,22.76,35.11,29.92,30.25,24.38,24.85,21.28,18.81,37.26,30.6,25.49,16.67,23.38,16.16,22.31,25.2,21.7,26.08,36.5,22.33,15.27,16.79,21.38,32.29,29.66,19.99,22.56,26.07,22.8,40.46,24.92,35.1,29.78,33.47,48.8,29.58,16.0,24.18,18.06,66.33,21.76,31.62,21.87,22.88,39.76,20.23,30.81,25.16,22.41,21.96,47.6,25.05,36.39,22.05,24.31,23.38,48.6,21.17,21.84,30.95,18.02,28.69
2023-05-26,21.63,19.94,21.14,29.83,39.81,35.81,50.03,20.96,30.35,30.79,49.24,25.46,29.26,27.35,26.87,25.39,21.62,,17.38,28.27,27.2,17.13,23.52,36.36,33.37,19.14,43.96,19.02,24.39,25.95,24.91,22.97,26.14,20.9,23.93,34.72,20.38,28.79,,22.68,34.08,28.64,26.98,23.09,23.0,20.33,19.6,37.15,30.2,24.74,15.8,21.64,15.36,21.83,24.72,19.92,24.64,37.31,20.62,14.53,16.69,20.32,32.07,29.1,19.59,22.56,25.42,22.78,43.44,24.41,38.09,30.55,33.63,46.02,29.73,15.82,23.98,17.31,69.92,21.24,34.32,21.2,21.84,38.64,19.82,29.78,23.33,23.86,21.78,49.36,25.25,35.61,21.96,23.74,22.96,46.13,19.94,20.78,29.38,16.78,28.1
2023-05-30,22.28,20.84,21.56,31.25,40.64,36.61,51.69,19.55,30.94,31.84,54.8,26.45,29.75,27.21,28.56,25.45,21.94,,16.91,28.72,27.69,17.84,24.22,36.38,34.07,20.4,48.52,20.33,24.94,26.54,26.58,24.56,26.59,21.23,24.67,35.18,19.93,29.81,,24.97,35.46,29.3,29.37,23.24,23.41,20.68,19.56,40.41,32.96,26.24,16.53,21.43,15.43,21.69,25.13,20.17,25.36,38.64,22.95,13.53,18.45,21.62,33.57,30.01,19.29,23.55,26.37,22.83,48.1,25.79,38.86,37.83,34.76,48.98,29.83,15.6,24.99,18.03,78.11,20.97,35.92,21.41,22.12,37.57,19.73,29.53,22.69,24.42,21.26,52.82,25.44,37.1,22.42,23.75,23.7,47.13,22.16,21.02,30.13,17.08,28.54
2023-05-31,22.96,19.76,20.41,29.37,39.64,35.13,49.6,20.32,30.48,31.27,57.55,25.67,29.54,28.0,28.29,26.17,21.65,,16.85,28.83,27.9,17.64,23.56,36.4,34.61,20.28,52.57,20.49,23.7,26.92,25.74,23.14,26.23,19.93,24.72,36.69,21.16,28.97,,23.92,35.66,30.16,27.54,24.47,25.3,21.35,18.88,39.99,32.11,24.58,15.76,22.24,16.23,21.05,25.24,19.89,25.84,37.18,22.52,14.08,17.09,21.72,33.23,29.82,18.44,22.73,27.19,22.74,47.83,25.73,38.26,39.75,34.49,47.5,30.5,15.22,25.01,17.28,75.54,20.55,34.01,21.41,21.36,38.44,19.27,28.62,22.7,25.97,20.34,52.41,25.09,36.24,20.64,24.52,24.14,48.67,21.8,20.32,31.41,16.79,28.9
2023-06-01,21.45,20.29,18.94,29.29,37.63,33.2,49.17,20.47,28.84,29.54,51.99,23.83,28.71,26.77,26.06,22.92,20.6,,14.92,26.57,26.01,16.09,23.18,33.8,32.79,19.6,29.81,19.49,17.7,25.29,23.67,22.44,24.58,20.08,22.34,35.81,18.33,26.88,,24.78,33.64,27.1,26.35,23.37,23.37,18.94,17.13,36.36,30.99,22.05,15.69,19.98,14.37,20.16,23.73,18.06,24.47,35.66,20.17,12.59,16.43,20.36,32.18,28.25,17.41,21.63,24.95,21.57,43.62,24.66,37.38,40.49,32.32,46.96,29.38,15.39,23.17,16.25,70.91,19.62,32.75,18.88,20.2,35.45,19.11,28.03,22.0,21.02,19.04,51.16,23.43,34.29,20.07,22.84,22.21,46.06,18.68,19.79,28.93,15.92,27.6
2023-06-02,20.72,18.53,17.67,28.28,36.86,31.11,45.92,21.08,27.71,27.97,31.65,23.04,27.17,25.16,24.13,21.53,18.69,,13.7,24.46,26.85,15.44,22.46,31.92,31.67,17.69,28.36,18.25,20.81,23.78,24.06,21.29,22.6,18.73,21.16,34.6,18.67,25.1,,22.82,32.02,25.39,25.48,21.45,21.12,17.49,16.7,33.6,28.84,23.7,14.4,18.35,12.96,19.08,22.53,17.0,22.59,33.66,19.34,11.86,15.42,19.87,30.28,27.27,15.82,20.42,22.97,20.17,42.78,23.35,35.25,38.54,30.58,42.55,28.59,14.34,21.59,14.25,65.86,18.3,31.21,17.41,18.85,33.82,18.4,25.32,26.19,21.93,27.27,49.6,22.62,32.13,18.16,21.39,20.8,41.63,17.74,23.52,26.86,14.48,26.44
2023-06-05,20.89,18.87,17.34,28.6,37.07,31.04,45.49,20.6,28.14,27.71,28.35,22.72,27.99,25.12,23.78,21.62,18.66,,14.16,24.46,25.89,15.94,22.24,31.41,29.81,17.33,28.46,17.93,20.93,22.92,23.79,20.16,23.75,19.24,21.41,34.4,17.67,25.79,,18.96,32.26,25.93,24.11,21.76,21.78,18.11,16.52,34.28,28.02,21.51,14.48,19.35,13.11,18.93,22.2,16.95,23.02,33.2,19.41,12.46,14.87,19.12,30.12,27.5,16.56,20.16,23.6,18.72,41.89,23.59,35.04,39.36,30.71,40.58,29.1,13.65,21.1,14.64,64.56,18.62,29.86,17.64,19.0,33.29,17.91,25.78,25.64,21.43,25.54,51.45,22.94,32.48,18.63,21.0,21.46,42.35,18.24,24.62,27.25,14.24,25.26
2023-06-06,19.23,18.3,16.64,28.01,35.94,29.77,46.32,20.36,26.96,26.34,27.24,22.16,27.01,23.87,22.53,20.92,18.97,,12.0,24.11,24.25,15.5,22.15,29.66,28.56,16.81,27.06,17.97,19.99,21.62,22.12,20.7,22.68,18.54,20.11,33.3,16.51,24.59,,20.67,30.45,24.18,25.17,20.57,20.08,17.31,14.97,34.8,27.11,20.49,13.7,18.6,12.32,18.67,21.68,15.6,21.18,31.74,17.25,12.52,14.95,19.21,28.51,26.28,15.52,20.56,22.07,18.87,40.45,22.84,33.65,37.9,29.38,38.51,30.91,14.12,19.73,14.18,61.33,16.8,28.02,17.14,19.0,31.74,17.38,24.42,23.93,20.82,25.01,50.43,21.74,31.69,19.39,20.84,20.51,37.13,16.64,23.34,26.12,13.69,23.96
2023-06-07,19.3,18.1,17.12,27.23,36.16,29.82,46.78,18.97,26.69,29.28,27.65,22.06,26.26,24.3,24.48,21.14,19.28,,11.94,23.77,25.34,15.45,20.89,28.66,27.7,17.19,27.53,17.71,20.2,20.92,22.47,20.04,22.34,17.89,20.16,32.94,17.73,24.15,,20.12,30.57,28.23,28.32,20.57,19.75,16.89,16.46,34.04,28.45,19.93,13.51,18.57,12.32,18.12,21.87,15.68,20.71,32.32,18.8,12.94,15.05,17.2,28.63,24.79,14.06,20.21,22.2,20.53,40.71,21.96,35.32,38.3,30.49,38.66,31.63,13.91,19.84,14.04,69.07,16.36,27.92,16.9,18.74,31.49,17.0,23.59,22.64,20.39,24.74,50.75,21.81,31.95,18.95,20.51,20.03,36.69,17.7,23.21,26.16,13.55,23.28
2023-06-08,18.74,17.38,17.0,27.69,38.72,29.64,48.6,19.59,26.41,28.08,28.01,21.82,26.71,23.84,23.99,20.94,18.44,,12.41,23.79,24.47,14.85,20.8,29.4,27.61,16.32,27.0,17.03,19.41,21.18,22.08,20.65,22.27,17.53,19.46,33.6,16.47,24.32,,20.27,29.98,25.11,24.93,20.2,19.46,16.94,15.86,34.54,28.26,22.52,12.91,17.94,11.75,17.14,21.16,15.24,20.6,32.36,18.76,12.03,14.31,18.0,29.17,24.89,13.95,19.34,22.09,19.42,41.73,21.39,34.27,38.01,29.76,38.6,31.15,13.24,18.76,13.3,67.88,16.04,27.89,16.42,18.05,31.95,16.34,23.4,23.68,21.12,22.79,53.01,21.28,31.96,17.95,20.37,20.42,36.34,17.72,22.35,25.51,12.86,23.47
2023-06-09,18.19,17.52,16.4,27.68,41.92,29.4,53.61,19.88,26.32,28.3,26.86,21.25,26.64,23.66,24.87,20.5,18.37,,12.79,23.69,24.59,14.94,20.85,28.53,27.65,16.62,28.67,17.17,19.42,21.21,22.2,18.9,21.59,17.9,18.88,34.29,16.04,23.64,,21.17,31.32,24.82,24.21,20.19,20.09,16.94,15.65,34.6,27.49,21.07,12.66,18.36,11.48,17.44,21.57,15.43,20.42,31.82,18.18,11.88,14.51,17.6,28.73,24.69,13.27,18.99,22.26,19.31,42.47,21.21,34.99,37.79,29.6,37.71,34.92,13.53,17.94,13.32,68.14,15.37,28.02,15.97,18.32,30.95,16.18,23.21,23.49,20.56,21.99,54.72,21.47,31.6,17.94,20.29,20.02,35.63,17.09,22.01,26.51,12.98,23.87
2023-06-12,17.9,19.03,17.68,27.43,47.64,31.24,51.05,19.85,27.6,28.93,31.69,21.93,28.73,25.21,25.62,22.39,18.36,,13.16,25.33,24.96,15.92,20.66,30.47,29.14,16.35,28.17,16.86,20.21,22.44,23.32,19.36,22.17,18.93,19.62,34.86,17.01,24.52,,19.81,30.95,26.17,24.73,20.54,20.84,17.25,15.79,39.07,28.83,24.18,12.92,20.25,12.12,18.81,21.56,16.03,21.21,34.57,18.17,12.14,15.11,16.73,29.41,24.49,13.24,20.08,22.93,20.26,43.29,22.4,35.93,38.71,31.64,39.04,48.12,14.75,18.91,14.59,70.61,15.89,29.48,16.84,18.48,34.69,16.78,25.72,23.49,20.3,22.81,55.6,21.75,33.5,19.54,21.09,20.05,39.64,16.95,21.85,29.81,13.56,24.99
2023-06-13,18.37,18.6,16.85,27.13,46.68,30.33,45.25,19.01,26.36,28.46,28.99,20.89,27.92,24.33,24.68,21.33,18.12,,12.26,25.98,24.19,15.25,19.42,28.69,28.53,15.69,28.43,16.08,19.48,21.27,22.6,18.22,22.07,18.81,18.87,34.17,15.99,23.56,,20.51,30.22,22.34,23.19,20.24,19.13,16.3,15.49,35.06,28.01,22.18,12.51,20.3,11.49,17.56,21.16,16.53,20.23,33.7,19.02,12.01,14.48,18.92,30.1,23.46,12.76,19.48,22.3,20.58,41.6,21.89,35.68,39.19,30.95,41.8,23.06,14.66,19.06,13.49,70.78,14.82,28.68,16.18,18.0,32.69,16.69,24.64,23.02,19.06,21.69,55.7,21.57,33.24,19.34,21.33,19.94,37.66,18.05,21.28,29.9,12.98,23.84
2023-06-14,17.51,19.46,16.5,26.19,46.31,30.18,45.2,18.8,25.9,28.22,31.49,21.13,27.75,24.28,23.9,23.02,17.53,,12.71,26.65,24.66,15.52,19.04,28.93,28.01,15.19,27.64,16.03,23.72,21.45,22.46,19.43,22.9,19.02,19.73,34.13,16.19,24.73,,21.77,30.42,26.32,24.58,20.73,19.19,16.56,15.68,39.61,27.62,24.56,12.07,20.61,11.22,17.57,21.49,16.06,20.83,33.84,18.2,11.88,14.81,18.5,29.37,23.44,14.18,19.74,22.1,21.02,41.73,22.67,35.15,39.52,30.19,46.34,24.94,14.71,19.32,13.43,70.53,14.84,27.8,18.02,18.07,32.1,16.72,23.66,21.84,17.89,22.42,57.58,21.58,32.7,24.67,21.24,19.54,38.64,17.09,20.47,30.23,12.88,24.12
2023-06-15,17.91,19.42,16.45,26.63,46.91,30.71,44.76,17.5,25.7,28.41,30.77,22.07,27.81,24.64,23.82,21.37,16.77,,11.87,26.35,24.48,15.28,19.14,30.03,28.12,15.68,27.86,15.97,21.41,21.69,22.73,19.5,22.92,17.84,18.9,34.69,16.29,25.19,,17.74,29.94,28.18,24.95,21.61,18.94,16.49,16.21,39.25,28.09,23.71,12.28,20.94,11.48,18.11,21.23,16.2,20.43,33.63,18.23,11.92,14.25,19.93,30.83,23.25,13.59,19.35,22.91,22.45,42.21,21.98,37.26,39.74,30.84,44.69,26.7,14.21,18.88,13.35,69.36,15.12,28.65,17.29,18.53,31.86,15.68,22.68,22.49,18.7,20.98,59.18,21.87,35.71,21.81,20.94,19.17,38.15,16.87,20.11,30.37,12.74,23.83
2023-06-16,17.07,18.32,16.43,26.43,30.41,30.15,43.31,18.38,24.12,27.36,29.88,22.8,26.98,23.7,23.92,22.59,15.85,,12.25,25.41,23.51,13.8,18.81,29.59,26.68,15.29,26.06,15.4,22.21,20.98,21.66,20.01,23.28,16.51,18.09,34.48,15.19,25.29,,18.84,28.8,22.91,25.52,20.82,18.75,16.05,16.42,39.32,27.84,26.37,11.98,19.53,11.04,15.55,20.85,15.75,20.01,32.84,17.94,11.33,13.54,15.31,30.57,22.55,13.34,18.8,22.25,22.11,42.18,19.69,38.29,38.94,29.97,43.97,23.88,14.43,17.98,12.95,65.14,15.1,27.88,17.59,17.65,31.31,15.03,21.7,21.72,19.01,21.24,59.33,21.07,33.8,21.59,20.5,18.95,36.57,15.89,19.47,29.4,12.68,23.68
2023-06-20,18.37,18.68,19.03,26.23,30.05,31.18,44.2,18.83,25.12,28.32,29.21,23.93,28.24,26.62,24.1,24.0,16.75,,12.77,25.86,23.95,13.99,19.75,35.36,28.34,15.95,26.63,15.29,22.75,21.84,21.69,25.34,23.57,17.16,19.17,39.02,16.23,25.97,,19.48,30.62,22.84,24.66,24.55,18.98,16.59,20.57,39.04,27.97,28.39,13.76,20.02,11.8,17.24,22.06,18.18,20.22,33.22,18.23,12.26,14.1,17.68,32.2,23.41,14.25,18.5,25.7,22.49,42.5,20.29,45.69,39.87,29.57,43.43,22.71,14.6,18.96,13.9,66.32,18.01,28.9,16.74,18.28,35.63,15.64,22.31,23.81,20.71,21.52,64.99,21.7,33.52,21.13,22.33,21.35,40.04,17.04,19.91,29.74,13.2,25.47
2023-06-21,18.06,18.12,19.31,25.79,30.16,30.08,43.78,18.77,24.52,28.33,27.46,24.17,26.57,26.85,23.46,23.43,16.42,,12.34,25.31,23.41,13.64,18.85,34.43,26.85,15.2,26.62,14.99,22.35,20.78,21.37,22.15,23.22,16.3,18.77,22.9,15.34,24.73,,18.86,29.14,24.65,24.72,24.18,18.43,16.13,21.49,34.12,27.25,28.81,13.76,19.87,11.47,16.67,21.68,17.65,19.88,32.57,17.91,11.29,13.45,16.78,31.49,23.7,13.06,18.16,25.21,22.22,42.47,19.52,46.45,38.73,29.35,41.86,22.64,14.02,18.72,13.67,64.09,17.88,28.56,16.27,17.64,36.74,15.24,22.12,22.01,20.3,20.05,66.25,21.93,32.87,20.65,19.28,18.96,39.75,16.7,18.42,29.01,12.74,23.33
2023-06-22,17.32,18.11,18.64,19.48,28.99,30.0,42.61,18.03,25.14,31.23,27.01,25.06,28.17,27.46,22.91,23.86,16.57,,12.39,25.86,23.46,13.65,19.08,34.69,26.84,14.57,25.96,14.4,21.61,20.77,21.08,21.95,22.81,16.32,18.49,21.56,16.21,25.35,,18.5,29.7,25.74,25.07,24.46,18.06,16.25,21.51,34.33,26.19,28.7,13.02,20.91,10.93,16.01,21.74,18.21,19.58,33.14,17.68,11.88,13.67,17.01,32.84,25.84,13.37,17.87,26.41,21.69,41.47,19.48,45.56,37.89,29.29,40.16,21.54,13.46,19.04,13.39,62.16,18.59,27.71,17.06,17.73,35.97,14.54,22.36,22.56,20.43,19.83,63.75,21.35,32.92,19.32,19.87,18.73,41.05,16.44,18.65,29.18,12.05,23.16
2023-06-23,18.21,18.7,18.97,20.33,28.78,30.35,42.59,18.97,24.72,31.84,26.52,24.84,28.16,27.68,23.4,23.06,17.19,,12.63,26.01,23.66,14.13,20.01,34.83,26.74,14.83,25.83,15.51,21.45,21.08,21.67,22.42,22.68,17.01,19.16,21.08,16.33,25.54,,18.58,30.03,26.41,26.01,24.78,18.26,17.22,22.05,35.29,26.75,29.01,13.13,20.82,11.54,16.66,21.38,18.33,20.06,33.81,18.03,13.01,14.36,18.01,35.57,25.47,13.92,17.61,26.4,22.97,41.12,20.39,46.17,38.6,30.3,38.96,21.34,13.92,19.63,14.15,59.32,18.12,28.16,17.16,19.74,35.97,15.16,22.91,22.56,21.52,21.46,61.22,22.88,32.9,19.24,20.4,18.79,40.9,16.79,19.65,28.97,12.25,23.78
2023-06-26,19.01,20.08,19.38,20.72,29.49,31.26,43.91,18.85,25.18,37.04,27.48,25.51,29.14,27.16,23.91,23.63,17.78,,13.31,25.71,24.17,14.32,22.35,35.82,26.97,15.43,26.43,15.4,21.38,22.31,21.75,24.4,23.05,17.12,18.68,20.98,18.26,27.89,,19.23,32.05,27.2,29.52,25.37,18.3,18.93,21.73,40.48,27.18,29.72,14.78,21.28,12.54,17.52,23.12,19.18,20.91,36.33,19.99,14.41,15.72,17.61,43.62,26.26,13.02,18.52,27.31,25.17,43.57,20.98,46.01,38.98,33.28,41.38,22.15,14.31,20.98,15.08,62.59,18.09,30.57,18.87,19.55,34.74,14.92,22.8,23.95,22.38,21.43,62.93,24.6,34.09,20.14,21.54,18.64,39.14,19.44,20.87,29.3,12.55,24.37
2023-06-27,18.16,21.62,19.71,20.68,29.03,31.46,42.39,21.22,24.59,37.46,27.67,24.8,29.74,27.42,23.87,23.67,18.58,,13.05,25.87,24.18,15.04,22.29,34.47,26.88,15.1,25.87,15.37,21.6,22.46,22.02,26.0,22.89,17.05,19.08,21.52,16.94,28.61,,17.56,32.4,30.87,33.25,24.92,18.04,18.43,21.76,41.06,26.48,29.57,14.54,21.02,13.04,17.37,22.79,18.56,20.62,36.95,19.83,14.74,15.81,18.1,44.55,26.72,13.2,18.48,26.19,26.33,43.49,20.9,45.72,36.15,35.29,40.47,22.31,14.16,21.41,15.66,61.02,18.25,30.34,18.75,18.66,34.46,16.62,22.45,24.69,25.45,21.4,59.3,25.88,33.29,20.08,21.67,18.4,39.53,19.38,21.15,28.85,12.48,23.94
2023-06-28,18.11,21.89,19.51,20.11,28.77,32.06,42.39,20.46,24.23,39.37,27.49,24.62,29.58,28.2,24.54,23.93,19.22,,13.17,27.06,22.86,14.9,23.52,34.63,26.11,14.77,25.72,15.87,21.13,22.11,21.96,28.27,22.8,17.49,19.5,21.56,18.94,29.64,,23.18,32.7,29.8,33.38,25.41,18.78,19.94,21.68,42.54,26.62,29.34,15.8,21.65,13.84,17.26,23.23,18.94,20.55,38.2,20.82,15.1,16.14,19.49,46.95,29.17,12.94,18.81,27.8,27.55,42.7,20.83,46.79,36.8,36.4,41.78,22.34,14.66,21.54,16.45,60.87,18.45,29.49,19.3,18.79,35.72,16.09,22.4,26.9,26.31,22.28,59.12,27.12,33.4,22.57,22.02,18.76,40.27,19.85,21.79,29.64,12.35,23.89
2023-06-29,18.83,22.2,19.45,19.95,28.14,30.13,43.43,19.57,24.44,38.46,27.5,24.08,28.85,26.99,24.91,24.73,19.26,,12.77,25.65,24.13,14.74,23.71,33.74,25.58,14.81,25.68,15.1,21.47,21.69,22.18,27.05,22.72,17.56,19.01,21.33,20.72,29.5,,24.92,32.93,28.92,29.55,24.25,18.17,19.96,21.63,42.29,26.64,30.1,15.26,20.16,14.03,16.34,23.41,18.24,19.69,36.29,20.07,15.16,16.9,17.2,47.25,28.86,13.06,18.96,26.45,27.03,32.96,21.08,46.51,35.65,35.79,40.85,21.77,13.87,21.43,16.61,60.34,17.8,28.56,18.79,19.49,33.99,16.55,22.13,27.76,25.42,23.98,59.56,26.55,35.43,22.46,21.47,19.4,38.87,19.97,21.86,28.24,12.7,23.16
2023-06-30,19.06,21.05,18.52,19.46,27.47,28.91,42.33,18.59,24.04,36.93,26.27,23.49,28.69,25.8,24.98,23.63,18.35,,12.03,25.05,22.73,13.69,23.4,32.95,24.94,13.81,24.5,15.51,21.44,21.2,21.48,24.05,21.88,16.85,18.21,21.04,18.84,27.15,,21.0,32.26,30.44,29.83,23.06,16.93,19.19,20.97,40.71,26.07,29.62,13.9,19.47,13.59,15.84,21.3,17.79,19.02,34.63,19.58,14.57,16.15,14.32,45.26,28.11,12.69,17.9,24.77,27.32,31.94,19.88,46.07,21.21,34.72,38.78,20.78,13.94,20.53,14.89,57.99,17.41,28.3,17.87,19.52,33.95,15.55,21.22,28.04,23.91,21.65,58.6,25.79,34.57,20.84,20.96,18.61,38.01,19.12,21.55,27.18,11.86,22.67
2023-07-03,20.85,22.08,19.23,19.6,27.67,29.25,46.63,20.23,24.46,38.11,26.29,23.87,28.73,25.46,27.0,23.86,18.83,,12.44,25.35,25.43,14.48,23.46,33.46,25.97,14.44,25.05,14.14,24.68,21.41,22.05,26.27,22.3,17.11,19.02,20.48,17.83,27.97,,20.85,32.58,31.09,31.0,23.5,17.21,19.8,21.04,41.1,26.61,30.22,14.24,19.18,13.05,16.4,22.77,17.63,19.01,34.9,19.98,15.29,16.25,18.09,46.07,28.88,13.75,19.23,26.04,27.69,31.96,20.08,46.34,21.67,35.97,39.6,21.29,14.4,21.62,15.6,58.64,17.48,32.15,17.85,23.39,32.25,16.49,23.39,29.85,25.5,23.9,56.97,25.73,40.27,21.44,21.63,19.86,36.67,19.59,21.29,26.64,12.21,23.2
2023-07-05,22.74,23.21,19.98,20.33,28.22,30.48,49.61,21.64,24.87,38.48,27.08,24.5,29.23,26.1,30.16,24.28,18.94,,12.59,26.87,27.96,14.98,23.93,34.64,27.11,15.25,26.32,14.87,27.56,21.99,22.63,25.51,23.4,18.02,20.45,21.06,17.26,28.15,,21.65,32.74,28.83,33.81,25.0,17.39,20.36,22.06,42.79,26.63,32.28,14.41,20.06,13.3,18.39,22.49,18.01,19.13,36.52,20.09,15.22,16.89,17.51,48.99,31.77,15.31,20.25,25.11,27.69,32.72,20.72,47.38,22.48,36.18,40.53,22.24,14.32,23.12,15.79,60.02,18.22,35.42,18.51,26.26,32.51,16.68,23.95,26.18,26.98,24.4,56.9,27.16,45.28,23.14,22.01,21.99,36.66,19.61,21.03,27.31,12.42,23.69
2023-07-06,22.95,23.64,21.13,20.94,28.78,31.46,50.49,22.38,26.1,39.01,28.17,26.24,30.22,28.55,30.47,25.69,20.47,,13.36,29.7,28.8,15.75,24.92,35.65,29.94,15.82,27.0,16.01,27.89,23.64,23.2,26.89,25.01,18.66,22.6,21.89,19.04,29.09,,23.94,33.57,32.01,34.99,26.09,19.53,21.4,22.89,43.69,27.88,30.42,15.53,21.42,14.3,20.02,23.85,18.6,20.12,37.36,20.74,16.28,17.67,18.02,51.62,33.34,16.04,21.24,27.23,28.93,33.76,22.49,48.41,23.6,36.94,40.59,22.52,15.57,24.21,16.65,62.93,18.99,36.41,19.07,27.75,34.53,18.02,24.82,27.21,27.86,25.25,56.98,27.36,45.25,23.56,22.77,23.78,37.71,20.17,21.95,29.42,13.28,25.72
2023-07-07,22.72,23.77,20.82,20.84,28.24,30.7,49.09,22.61,25.87,38.27,27.55,26.01,30.08,27.63,29.46,26.21,20.66,,13.23,28.8,28.33,17.0,24.61,34.64,28.24,16.33,27.05,15.75,27.66,23.22,22.72,26.92,25.45,18.34,21.79,21.6,19.51,27.95,,24.22,32.99,32.67,32.79,25.43,18.87,21.51,22.92,43.02,27.46,29.13,15.96,21.0,15.16,19.52,25.35,18.85,19.78,36.68,20.69,16.53,17.97,17.96,50.7,30.79,15.56,21.7,26.47,29.12,32.2,22.33,47.39,23.55,36.7,39.51,22.41,16.18,23.92,17.35,62.88,18.67,36.23,19.14,27.57,33.19,17.61,24.52,27.01,26.66,25.22,55.74,27.88,44.91,24.85,22.41,24.33,36.61,20.51,22.5,28.35,14.47,25.6
2023-07-10,24.11,24.51,21.16,21.04,29.28,31.3,48.86,22.58,27.37,40.31,28.94,26.08,30.38,27.94,31.53,24.88,20.92,,14.28,28.83,28.81,17.37,25.09,35.1,28.88,16.57,28.04,16.32,28.31,23.06,23.4,27.41,29.97,19.83,23.91,22.12,19.52,28.24,,24.16,33.21,33.43,34.3,25.71,18.86,21.74,23.46,43.45,27.97,32.23,16.1,21.94,15.25,20.36,27.03,19.34,20.51,37.45,20.79,16.73,18.16,18.11,51.28,31.35,17.13,21.6,26.63,30.7,33.69,23.14,47.75,23.27,37.34,40.14,22.99,16.04,24.13,17.53,73.72,18.94,36.69,19.37,27.91,33.48,17.93,25.57,28.06,28.12,25.94,56.31,28.16,46.24,24.69,22.89,28.46,36.62,20.44,23.83,29.04,14.44,25.74
2023-07-11,24.01,24.03,21.15,20.53,29.0,32.09,49.63,23.14,26.63,39.74,28.5,26.22,30.47,28.22,31.06,24.41,20.01,,14.21,28.89,28.79,17.34,25.0,34.94,28.62,15.97,26.6,15.5,27.4,22.73,22.42,26.91,31.13,19.0,23.49,22.22,18.99,27.97,,25.81,32.65,35.94,31.17,25.81,18.68,21.63,23.7,42.85,28.54,30.49,16.94,21.5,15.27,20.33,28.46,19.08,20.2,37.82,20.51,16.81,19.64,17.43,50.43,30.27,16.55,21.83,26.59,31.34,33.37,22.07,47.61,22.74,37.53,39.99,22.7,16.35,23.42,18.08,76.34,18.65,36.74,19.31,27.07,33.49,18.31,25.24,27.42,26.2,25.79,54.74,27.88,48.23,24.43,22.17,29.15,37.07,20.12,23.71,29.1,14.57,24.92
2023-07-12,22.63,24.12,20.58,19.51,27.73,30.5,48.21,22.69,25.65,38.81,27.36,25.12,29.59,27.14,30.93,23.14,20.04,,13.34,27.7,27.21,17.02,24.41,33.64,27.46,15.14,26.23,16.53,27.95,21.88,22.48,27.17,32.53,18.64,23.68,21.54,18.41,27.44,,24.71,32.04,29.36,29.84,24.92,18.05,20.96,23.89,43.44,26.92,30.68,16.42,21.19,15.3,18.47,28.66,18.77,19.26,36.65,19.53,15.78,18.94,19.53,48.88,29.31,15.91,21.69,25.6,29.98,32.21,22.51,47.29,21.57,37.03,40.79,23.69,16.9,22.46,17.65,78.5,17.97,36.01,19.4,27.04,32.06,17.49,24.17,27.71,26.63,25.33,53.11,26.77,46.69,25.5,22.81,30.07,36.67,19.55,23.62,27.86,13.62,24.12
2023-07-13,22.84,24.83,21.25,19.46,28.0,31.37,49.01,22.93,25.63,39.16,28.57,25.04,30.74,28.02,30.79,23.05,20.01,,13.9,27.93,27.89,17.08,24.4,33.58,27.5,15.4,26.41,16.94,27.82,22.99,22.91,27.96,32.42,17.96,22.85,21.72,18.88,28.42,,22.06,32.48,35.35,33.94,25.16,19.15,20.64,23.44,43.46,27.43,36.28,15.72,21.86,14.86,19.19,29.51,18.69,19.72,36.73,20.05,15.71,18.87,18.32,49.13,29.29,15.99,22.02,25.16,30.57,32.07,22.52,47.85,21.39,36.78,41.83,23.05,13.42,22.75,17.5,79.02,17.99,36.31,19.19,28.7,33.11,17.82,24.26,28.31,26.64,25.68,53.54,27.11,47.15,25.69,22.83,30.06,36.91,20.11,24.06,28.22,14.68,26.03
2023-07-14,22.77,24.49,20.78,18.89,28.0,31.93,50.92,22.9,25.95,39.81,28.93,24.41,31.3,27.42,30.7,19.84,19.63,,13.96,23.56,27.88,16.81,25.02,33.82,28.84,15.07,26.14,19.46,27.28,23.95,23.72,27.94,33.34,18.71,23.06,21.73,19.41,28.3,,21.26,31.63,33.21,34.51,24.27,19.37,21.33,23.58,44.02,27.27,33.82,15.59,17.23,14.26,19.27,28.33,19.18,19.44,36.95,19.59,15.73,18.26,16.24,49.43,29.94,15.99,21.36,24.92,29.64,32.65,23.14,48.96,21.89,37.52,43.36,23.08,13.09,22.84,17.7,77.56,18.18,35.89,19.88,28.31,32.86,17.53,23.95,31.09,26.95,26.16,55.19,26.58,46.58,19.05,22.32,30.84,35.67,19.54,24.94,23.76,14.81,27.48
2023-07-17,22.41,25.62,23.77,19.48,28.17,34.47,51.43,24.52,29.6,40.54,29.89,24.97,31.62,27.7,32.66,20.24,21.11,,13.91,23.1,28.18,18.02,26.15,33.86,30.05,16.02,26.51,23.02,27.75,25.01,26.81,28.26,34.96,20.26,23.67,22.36,19.36,28.63,,23.51,33.63,32.69,32.96,24.61,22.48,21.08,24.16,44.4,27.14,36.42,16.89,17.51,14.95,19.85,29.27,20.41,20.57,38.21,20.09,16.29,18.95,18.78,50.08,31.79,16.75,22.58,24.25,31.18,33.39,24.21,50.6,22.74,37.77,45.02,24.0,14.16,22.91,18.92,82.08,18.85,36.77,20.65,29.04,34.59,18.91,25.37,37.87,26.61,28.83,58.59,27.71,47.38,19.29,22.78,32.18,33.84,20.35,33.5,23.9,17.42,27.1
2023-07-18,22.76,25.55,23.63,19.01,29.14,34.91,51.37,24.71,29.55,41.66,29.3,25.15,31.68,21.77,32.37,19.96,20.93,,13.76,22.59,28.18,17.89,26.59,33.41,29.46,16.49,26.58,24.13,27.21,24.88,27.54,27.06,34.0,20.78,23.35,22.34,20.78,28.45,,23.42,33.06,33.99,33.15,24.82,23.4,21.9,24.23,44.77,27.17,36.68,16.83,17.54,15.08,19.89,28.35,18.21,20.79,38.72,20.79,16.96,19.58,18.61,50.69,31.65,17.09,22.22,20.48,32.4,33.55,24.99,50.54,22.16,38.5,44.75,25.22,14.08,23.37,18.5,83.7,18.74,36.64,21.45,29.43,28.56,19.47,25.26,38.23,26.49,27.98,58.36,27.1,48.12,19.03,22.46,31.88,34.05,20.69,31.96,23.28,18.82,26.76
2023-07-19,23.84,24.85,24.09,19.93,28.72,36.34,52.74,23.95,29.03,41.76,29.36,26.42,32.3,21.74,32.78,22.65,20.92,,14.22,22.62,27.84,17.76,25.98,33.39,29.78,16.12,26.97,24.94,26.42,24.76,28.58,26.95,33.99,20.86,23.67,22.47,20.96,29.23,,23.36,33.49,34.77,35.3,19.98,23.93,21.63,25.51,44.39,27.73,36.76,16.75,17.53,14.26,21.63,27.8,17.89,20.98,39.38,20.94,16.86,19.32,18.38,51.64,32.13,17.46,22.43,20.0,32.27,33.2,24.6,51.53,22.6,39.98,44.24,25.2,13.47,23.38,18.32,84.33,18.66,36.78,21.07,28.8,27.33,19.8,25.25,34.24,26.1,28.07,58.37,26.98,47.51,19.09,21.68,31.54,28.76,20.44,28.76,22.95,19.28,26.14
2023-07-20,24.09,24.34,17.1,20.37,28.56,36.61,52.6,25.0,30.49,42.83,29.4,26.23,30.63,21.74,32.49,20.63,20.94,,13.79,22.59,28.0,17.76,25.34,34.46,29.06,15.94,27.64,25.33,26.7,24.08,28.22,27.93,33.96,19.69,23.11,22.24,19.94,29.26,,23.36,32.6,33.92,34.73,20.29,23.94,21.01,16.79,44.98,27.84,35.82,17.07,17.51,13.78,20.54,28.33,16.23,21.15,39.58,21.33,16.71,18.6,18.77,51.28,31.5,17.01,22.44,20.47,33.02,32.92,25.15,34.45,23.35,40.15,45.76,24.47,13.38,23.51,18.46,84.5,16.04,37.78,21.13,29.25,27.93,19.53,25.39,32.24,25.86,27.52,48.24,27.3,47.53,18.72,21.61,30.06,27.94,20.91,26.98,22.69,18.95,24.95
2023-07-21,23.29,23.83,16.77,19.57,28.23,35.17,50.77,23.78,28.11,41.47,28.72,20.59,30.06,20.64,32.25,20.11,19.51,,13.93,21.15,27.45,15.9,25.34,27.35,27.88,15.04,26.79,24.25,23.76,23.04,27.73,27.08,33.92,19.19,22.16,21.42,19.75,28.32,,22.16,32.43,35.12,34.68,19.87,23.15,20.5,15.31,43.35,27.47,22.38,16.56,16.3,13.18,19.65,28.68,15.35,21.11,38.0,20.81,16.45,18.35,17.4,52.22,29.22,16.28,21.68,19.25,32.91,32.16,24.05,33.04,22.63,38.39,47.4,24.87,13.11,23.06,17.44,83.07,14.78,38.0,20.68,30.55,26.66,18.73,24.57,30.4,24.18,27.34,46.41,26.45,46.35,17.03,21.17,29.92,28.83,20.46,25.83,22.8,18.39,24.42
2023-07-24,23.19,23.41,16.6,20.2,29.03,36.24,51.28,23.55,28.09,41.4,28.33,20.93,29.01,21.01,32.62,19.92,20.55,,13.63,21.05,27.77,17.37,24.39,27.1,27.56,15.69,27.52,24.7,25.65,22.85,27.85,28.42,33.78,19.62,21.7,22.52,19.32,28.17,,25.36,34.68,33.6,34.75,20.2,23.28,20.16,15.43,44.03,30.08,24.99,18.54,16.7,13.54,19.3,28.08,14.9,24.25,38.39,20.41,16.91,18.18,19.89,51.76,28.4,16.47,22.39,18.78,32.21,33.12,25.94,32.69,22.94,38.77,55.75,24.9,13.23,22.36,17.17,82.26,15.19,37.81,19.44,30.41,26.67,18.88,24.9,30.62,25.7,28.0,44.93,26.78,48.19,16.77,21.15,29.59,28.89,20.27,27.81,22.03,18.97,24.08
2023-07-25,23.13,23.21,16.73,19.58,28.92,36.03,52.33,23.19,28.23,41.64,29.07,20.86,30.91,22.17,33.17,20.51,20.55,,14.52,22.37,27.34,17.24,23.92,29.0,28.0,15.95,28.32,24.6,25.17,22.52,27.32,21.48,34.13,19.51,20.33,22.65,20.35,21.2,,20.15,27.88,34.56,33.31,21.01,23.28,20.27,13.46,44.44,30.53,25.17,18.34,17.22,13.9,21.08,28.39,14.84,24.99,37.09,21.2,16.86,18.28,18.66,53.92,21.44,16.64,22.52,19.59,34.36,33.32,22.75,32.76,23.23,38.4,59.31,26.24,12.74,22.27,16.89,82.65,15.49,37.52,25.81,29.91,27.84,19.41,25.46,29.4,24.16,26.97,44.92,25.58,48.24,16.57,20.98,28.72,34.24,21.08,21.35,23.65,19.06,24.1
2023-07-26,22.72,23.04,15.59,19.79,28.61,35.9,51.98,22.68,28.7,41.01,28.95,20.09,24.66,21.06,33.63,20.15,20.55,,14.3,20.57,27.59,17.67,23.26,27.17,26.93,15.63,28.05,23.89,24.4,22.08,28.8,21.99,33.25,19.29,20.25,22.88,17.17,21.57,,24.24,27.75,25.25,24.17,19.87,22.74,21.43,14.34,45.61,30.69,22.07,18.55,16.45,11.01,20.7,28.27,14.66,26.19,38.14,19.9,17.07,17.84,22.68,53.23,22.5,16.48,22.22,19.1,24.45,32.47,22.94,31.77,22.66,36.59,61.6,24.04,13.02,21.93,16.47,80.84,14.88,37.43,22.31,29.56,25.51,19.17,25.02,21.59,19.35,25.63,43.37,22.22,46.7,17.65,18.24,28.81,29.41,15.74,19.98,22.35,18.75,23.88
2023-07-27,23.56,17.63,16.2,19.8,29.08,36.24,52.57,22.98,25.7,40.82,29.67,21.18,24.25,21.67,34.32,21.35,18.7,,14.61,21.4,27.89,19.83,18.06,28.21,27.72,16.65,29.76,24.23,24.59,23.0,28.59,21.78,33.61,20.31,21.07,23.17,16.77,21.61,,24.33,27.7,28.38,26.46,20.45,23.36,17.64,14.59,45.85,30.11,22.65,18.2,17.25,11.81,18.05,28.65,15.4,26.02,32.52,17.57,13.57,19.78,22.81,33.78,22.24,16.17,22.87,21.85,24.94,33.45,22.94,32.06,23.36,28.84,61.04,24.64,14.18,22.66,17.98,82.56,15.0,37.39,20.91,29.54,26.68,19.62,25.87,21.89,21.37,26.66,44.25,22.27,47.84,17.27,17.97,28.05,29.59,16.73,20.79,22.99,18.82,24.92
2023-07-28,22.52,17.13,15.13,19.51,28.09,34.94,52.0,21.96,24.75,39.14,28.58,19.46,23.83,20.57,34.06,19.89,17.08,,13.79,20.29,27.38,14.06,17.42,26.03,25.79,15.38,29.05,23.99,24.65,20.77,27.69,20.5,33.51,19.41,20.44,21.64,16.02,20.66,,23.61,26.64,20.93,24.98,19.29,22.41,16.39,13.47,31.02,30.72,21.98,16.78,15.95,11.06,17.11,28.65,14.79,25.63,31.42,16.53,12.87,13.26,22.44,31.93,21.19,15.58,21.75,18.99,23.61,32.3,22.6,30.92,22.0,27.56,60.18,23.68,12.88,22.04,12.83,87.86,14.1,35.58,19.05,29.34,25.28,18.19,25.18,20.52,20.55,18.6,41.56,21.65,47.56,17.71,17.14,27.59,27.39,15.08,18.97,21.28,18.36,21.95
2023-07-31,23.3,18.1,16.51,20.0,29.34,35.74,54.77,22.57,25.3,40.09,32.72,19.91,24.0,21.2,32.62,20.29,19.04,,14.33,20.3,28.57,15.07,17.73,26.85,26.11,16.13,33.73,24.52,25.68,20.58,28.02,21.35,34.49,19.61,20.37,22.4,16.22,21.2,,23.1,27.03,22.58,22.25,19.73,22.75,17.06,13.69,33.3,31.17,22.42,19.52,16.52,12.1,17.57,29.61,15.68,26.01,31.34,16.9,13.81,14.56,24.55,32.82,20.56,16.55,23.14,18.82,24.52,33.34,23.45,31.82,23.21,28.06,61.94,24.08,14.46,23.8,13.62,91.12,14.88,36.67,18.94,29.43,25.89,18.45,26.26,20.9,20.88,20.68,42.91,21.91,49.14,18.09,18.4,28.25,28.42,15.37,19.67,21.49,18.73,21.71
2023-08-01,23.42,17.2,16.82,19.8,29.2,35.44,55.49,22.79,25.2,41.2,34.12,20.44,24.39,22.07,32.11,20.65,17.65,,14.1,20.7,23.11,14.51,17.72,26.92,26.33,16.83,34.47,24.17,26.54,20.75,28.0,21.41,35.37,20.26,21.54,22.13,15.96,21.34,,23.23,26.78,23.39,25.45,19.7,23.51,16.77,13.43,33.16,31.09,22.71,18.19,16.77,11.92,17.83,29.32,15.57,25.87,31.3,16.46,13.77,14.08,21.2,32.19,21.86,14.49,20.32,18.69,23.95,33.06,24.3,32.4,23.28,28.42,62.22,24.44,14.34,20.58,12.78,92.87,15.69,35.86,18.11,29.84,25.98,18.59,25.85,21.98,20.1,20.49,43.55,22.03,34.94,18.3,17.99,27.93,28.85,15.29,21.02,21.19,18.91,22.1
2023-08-02,25.24,17.98,18.43,21.82,30.99,37.41,46.7,23.73,26.25,43.49,36.06,21.98,25.9,23.98,31.67,22.55,18.9,,15.94,22.91,24.08,15.02,19.73,29.6,28.1,18.31,36.82,25.06,20.68,22.29,29.24,22.63,36.66,20.37,17.45,23.82,17.73,22.78,,24.11,28.39,26.42,27.22,22.18,25.05,17.53,14.99,34.53,32.34,25.55,18.49,18.58,12.97,19.61,30.15,16.88,27.23,33.28,18.58,14.84,15.6,24.96,34.02,22.04,15.31,20.03,21.1,25.35,35.07,24.82,33.43,24.87,30.63,63.61,25.25,15.09,20.43,14.01,92.85,16.52,37.29,19.94,21.18,26.97,19.45,27.88,22.19,20.68,21.98,45.24,24.74,35.68,19.03,19.72,28.9,31.38,17.43,21.61,23.27,19.43,23.19
2023-08-03,25.59,17.94,18.96,21.57,30.8,37.39,44.61,24.72,26.86,42.73,36.04,21.84,25.94,23.89,32.0,22.86,18.95,,16.28,23.04,24.29,15.76,20.08,29.29,25.53,17.8,37.8,25.51,21.05,22.15,29.83,21.73,35.85,22.1,18.84,24.22,17.61,23.15,,26.39,28.6,28.51,25.69,22.17,25.41,18.56,15.31,34.32,32.43,24.71,18.53,18.87,13.35,20.05,31.34,16.7,27.88,33.16,18.44,14.76,15.21,25.73,35.02,22.51,15.34,19.86,21.72,25.76,35.0,25.38,34.51,24.86,31.34,62.8,25.12,15.17,20.51,14.06,88.58,17.07,31.0,20.4,20.29,26.78,20.4,23.76,23.5,20.6,21.72,44.59,24.77,35.82,18.81,19.78,29.72,30.68,17.21,21.56,23.69,19.83,22.57
2023-08-04,21.98,17.86,18.44,22.21,30.72,38.28,44.16,20.17,26.23,30.3,35.94,21.63,25.65,23.84,26.43,22.35,18.47,,16.95,23.61,24.02,15.27,20.19,28.71,25.63,18.23,37.22,25.49,22.72,22.26,30.23,21.5,36.11,22.32,18.44,24.51,17.3,22.56,,21.41,27.95,25.92,27.08,22.0,25.53,18.64,15.2,33.83,33.26,23.99,20.53,18.74,13.8,20.28,32.18,16.79,27.97,33.96,18.9,15.11,15.27,25.06,33.71,22.63,14.73,19.66,21.54,25.19,35.38,25.28,33.04,24.39,31.17,62.55,25.51,15.6,19.93,14.12,89.08,17.07,30.58,19.48,20.78,26.25,19.06,23.43,22.75,20.97,21.07,44.62,24.86,35.35,18.45,20.77,29.52,29.68,17.44,21.75,23.86,19.42,22.86
2023-08-07,21.58,17.61,18.09,20.83,30.03,37.14,43.59,19.28,26.24,29.46,36.01,20.9,25.54,22.03,26.15,21.91,18.23,,14.26,22.44,23.63,15.16,19.29,27.68,24.32,17.54,36.56,24.92,21.3,21.99,30.02,21.52,35.67,22.66,17.97,24.54,16.64,22.26,,20.72,27.33,25.52,26.09,21.23,24.95,17.69,14.99,32.5,32.6,24.38,19.66,17.95,12.91,18.97,31.85,16.11,27.75,32.82,18.01,14.02,14.86,27.44,32.77,22.7,14.47,18.65,20.8,24.08,34.22,24.32,32.29,23.96,30.04,62.65,25.38,14.82,19.91,13.47,87.91,16.4,29.66,18.77,19.55,25.68,17.64,22.93,21.93,21.59,20.58,43.9,23.66,34.95,18.48,19.52,29.34,28.62,16.71,21.13,22.95,20.16,22.4
2023-08-08,21.44,18.11,20.42,21.36,30.47,38.18,44.33,19.71,26.75,29.99,37.63,21.59,26.11,23.79,26.2,24.05,18.82,,15.01,23.38,24.34,15.68,19.6,29.2,25.64,17.85,37.07,25.15,21.51,21.51,30.45,21.38,35.85,20.88,19.29,24.22,17.74,22.85,,21.55,28.84,23.94,26.21,22.54,25.1,18.25,15.46,34.11,33.23,26.05,19.65,18.89,13.72,20.21,25.51,16.26,28.5,33.9,19.04,14.57,15.71,26.67,33.55,23.06,14.63,19.04,22.11,25.51,34.61,24.46,32.73,24.48,30.63,63.42,25.52,15.74,20.43,13.72,63.25,16.86,29.94,19.32,20.61,26.86,18.15,24.1,21.51,20.35,21.19,44.01,24.75,35.1,19.21,20.09,21.05,31.02,17.7,20.97,24.1,20.3,22.52
2023-08-09,22.04,18.16,19.77,22.41,31.33,39.36,45.04,19.71,26.55,30.2,40.09,22.16,26.13,24.73,26.01,24.83,18.75,,15.38,24.65,24.18,15.86,19.92,30.0,25.56,17.84,38.51,26.35,21.46,21.76,29.88,23.04,37.05,19.97,19.21,24.12,17.48,23.22,,22.55,29.13,31.06,30.24,23.43,25.84,18.09,17.97,34.09,34.0,26.78,19.67,20.13,13.91,20.51,24.05,16.17,29.0,34.53,19.14,14.61,15.28,26.37,34.42,24.16,14.69,19.41,23.14,25.14,34.98,24.27,33.65,24.83,30.62,66.77,26.64,15.34,20.99,14.18,63.23,16.65,30.17,18.66,20.5,27.05,18.14,23.9,21.21,21.75,20.89,45.12,24.95,36.35,19.54,19.61,20.51,31.04,18.06,20.56,25.13,20.5,22.84
2023-08-10,20.64,17.87,19.75,21.55,31.23,38.58,43.93,18.92,26.34,29.07,39.71,22.0,25.23,24.03,24.81,23.48,18.9,,15.59,24.04,23.88,15.72,19.58,29.58,25.2,17.79,37.3,26.48,21.37,21.66,29.21,22.0,25.93,19.64,19.17,23.42,17.0,23.03,,19.8,32.77,27.75,27.43,22.93,25.2,18.11,15.74,33.01,32.86,27.59,19.18,19.58,13.77,19.42,22.86,15.73,28.54,33.85,18.59,14.05,15.01,24.2,33.44,23.04,15.03,19.16,22.53,24.6,35.0,23.45,32.46,24.38,30.12,65.09,27.12,15.56,20.25,13.97,57.4,16.23,29.52,19.95,20.03,27.19,17.59,23.21,21.29,21.2,20.19,43.77,24.26,34.57,18.96,18.94,19.99,31.0,17.56,19.63,24.62,20.44,22.64
2023-08-11,19.87,17.05,18.91,20.94,31.94,38.68,42.76,18.13,25.75,27.93,38.97,21.13,24.92,22.62,24.84,22.88,18.22,,14.58,22.78,23.38,14.35,18.8,28.13,24.38,17.1,37.21,25.66,20.71,20.73,28.48,21.11,25.07,18.43,18.36,23.37,16.34,23.16,,19.66,32.13,25.69,27.57,21.89,24.68,17.43,15.19,32.47,33.1,26.58,18.26,18.54,13.22,18.9,21.6,14.85,27.59,34.91,18.26,13.56,14.39,24.06,33.07,22.14,15.66,18.56,21.44,24.44,34.45,22.14,32.09,23.95,29.52,63.08,27.92,14.56,20.27,13.49,55.98,16.23,29.02,18.64,20.13,27.15,16.58,22.84,20.46,20.96,18.86,42.96,24.05,34.34,18.62,18.32,21.07,29.71,17.27,19.05,23.73,20.86,21.5
2023-08-14,19.71,17.01,18.67,20.61,35.08,38.52,43.46,18.25,25.48,27.73,38.88,21.68,24.26,23.23,24.45,22.6,18.11,,14.56,23.6,22.77,15.25,18.95,29.55,24.78,17.44,37.27,24.24,21.54,20.82,28.55,21.09,25.51,19.055,18.34,23.81,16.74,22.18,,20.86,32.06,24.75,25.53,21.98,24.67,17.57,15.65,32.29,32.97,23.41,20.41,18.53,14.41,18.76,21.79,15.16,28.55,34.57,17.85,13.36,14.86,26.54,32.93,22.42,17.95,19.47,21.62,24.95,34.92,22.16,31.83,24.11,29.6,63.77,32.67,14.72,21.3,13.89,57.67,16.22,29.09,19.18,20.28,28.23,16.97,22.73,21.12,20.9,19.14,42.77,23.64,34.63,18.46,17.99,20.8,30.61,16.96,19.28,23.87,21.32,21.8
2023-08-15,20.95,17.91,19.58,22.27,36.96,39.83,44.63,19.14,26.67,29.39,40.05,23.67,25.68,25.42,25.67,23.89,19.17,,15.82,25.77,24.08,16.61,19.34,30.52,26.36,18.36,38.74,25.02,22.97,22.4,30.23,22.77,25.65,19.68,19.12,24.29,17.81,23.68,,21.14,33.98,25.67,26.67,23.57,20.02,18.47,15.92,33.71,34.44,24.63,18.58,21.24,15.24,19.81,22.72,16.02,27.72,35.92,19.34,14.18,15.62,26.58,33.43,23.51,18.2433,20.36,23.47,25.4,36.5,23.18,32.42,24.63,30.89,65.91,35.51,15.53,22.51,14.83,59.67,17.38,30.11,19.97,21.23,29.58,18.12,24.01,22.25,22.09,20.17,44.59,24.39,35.99,19.28,19.15,21.87,32.68,18.2,20.61,26.32,22.05,23.56
2023-08-16,21.15,17.82,19.41,21.71,38.6,40.25,45.3,18.76,28.28,30.04,40.73,23.6,25.79,26.14,25.04,23.36,19.36,,16.07,26.75,24.94,16.48,19.94,31.54,26.44,18.27,38.87,24.7,23.08,22.53,31.11,23.1,25.1,18.41,18.91,23.7,17.36,24.27,,22.32,34.64,26.37,26.72,24.48,19.53,18.45,16.25,34.79,34.79,25.64,19.12,21.16,15.47,19.36,22.52,15.88,27.93,36.28,19.52,14.81,16.17,27.01,34.12,23.23,18.5367,20.81,23.76,25.59,37.01,23.09,33.07,24.97,31.85,66.88,37.15,15.2,22.64,15.31,58.71,17.67,30.33,19.75,21.41,30.02,18.31,24.5,22.54,21.87,20.28,45.23,25.04,35.33,19.56,18.82,22.61,32.44,18.59,20.98,27.08,21.84,23.91
2023-08-17,22.14,18.67,19.8,22.6,39.4,40.29,44.96,19.08,27.89,30.54,40.91,22.98,27.01,26.2,26.82,23.27,19.17,,16.23,26.94,24.93,16.42,20.18,31.06,26.31,19.74,39.97,17.9,28.13,22.99,31.14,22.93,25.41,20.03,19.28,25.17,18.04,24.87,,22.57,35.09,26.01,27.73,25.0,20.32,18.89,17.02,35.08,35.45,25.98,19.67,21.81,15.26,19.77,22.59,16.21,28.41,36.68,20.09,15.24,16.08,26.88,35.62,23.72,18.83,21.09,24.21,25.78,37.61,22.91,33.88,25.48,31.57,66.3,37.19,16.31,23.73,15.62,62.85,18.0,30.32,20.11,22.5,29.65,18.33,24.45,22.8,21.86,21.2,46.1,25.11,36.27,21.12,19.29,22.53,32.63,19.29,21.48,26.48,16.91,24.21
2023-08-18,21.8,18.1,19.68,21.97,39.61,34.61,44.24,19.28,26.42,30.21,40.41,22.32,25.92,25.67,26.95,22.92,18.97,,16.05,26.37,24.54,15.77,20.91,29.9,25.59,19.2,39.19,17.68,24.94,22.12,24.97,23.1,25.02,19.11,18.26,26.29,16.93,23.86,,22.11,34.78,27.91,28.03,24.25,19.43,18.07,16.39,34.81,34.12,26.52,21.0,21.04,14.71,19.79,22.32,15.52,27.23,34.53,19.84,14.41,15.97,26.52,35.64,22.98,18.505,19.55,24.11,24.93,37.06,22.18,33.39,25.0,31.03,65.06,37.49,15.85,22.85,14.95,59.28,17.18,29.87,18.75,21.61,29.24,18.09,23.91,21.57,23.02,20.47,47.1,24.48,35.72,19.43,18.38,22.49,32.9,18.77,20.25,26.21,15.66,23.61
2023-08-21,21.33,17.46,19.16,21.13,39.54,34.37,44.59,18.92,25.99,29.16,41.41,22.44,25.66,24.77,26.63,22.58,18.51,,15.99,25.96,24.17,16.01,19.93,29.76,25.6,18.87,39.34,17.38,22.66,22.23,25.34,23.4,24.92,19.23,18.59,29.61,16.88,23.56,,24.16,34.87,26.92,27.49,24.17,19.22,17.94,15.73,34.15,33.44,27.03,16.26,20.64,14.58,18.83,22.12,15.32,26.79,35.06,19.24,14.52,16.01,25.52,34.8,22.96,18.18,19.21,23.79,25.29,36.61,22.74,33.33,26.28,30.8,67.75,36.96,15.6,22.78,14.95,57.79,17.25,29.73,18.61,21.37,28.85,17.61,24.35,21.36,21.32,20.47,45.92,24.21,35.25,18.38,18.13,23.64,31.85,18.25,20.39,25.98,15.06,23.78
2023-08-22,21.39,18.24,19.23,21.17,39.58,35.13,46.13,19.34,26.34,29.62,42.05,23.33,25.59,26.83,26.13,23.06,18.97,,16.19,27.81,24.49,15.97,19.98,32.55,25.6,19.26,39.95,17.6,22.89,22.25,25.11,24.11,25.56,19.36,19.32,30.77,16.85,23.8,,20.75,34.79,26.75,27.78,24.56,19.12,17.98,16.02,35.16,34.03,26.66,14.83,22.26,15.09,19.15,22.12,15.12,21.83,35.79,18.89,14.27,16.55,19.26,34.81,23.3,17.72,20.07,24.67,25.1,37.4,22.39,33.9,27.66,30.9,67.33,37.78,15.87,22.75,15.12,59.24,18.08,30.06,18.48,21.24,34.26,17.7,24.89,20.99,21.78,20.94,48.14,24.71,35.79,19.43,18.49,24.09,33.54,18.41,20.01,27.64,15.45,23.71
2023-08-23,19.88,18.33,18.84,20.81,39.42,33.87,46.43,18.82,25.78,28.71,43.41,22.42,25.72,25.55,25.37,20.42,19.17,,15.53,26.32,23.49,15.47,19.96,30.35,24.99,18.16,40.57,17.06,22.84,21.66,23.26,20.83,24.98,18.37,18.53,31.71,16.33,22.92,,20.67,33.74,27.86,26.36,23.38,18.06,17.26,15.65,34.74,33.32,26.28,14.42,20.67,13.94,18.62,21.98,14.72,20.74,35.09,18.41,14.02,15.38,20.12,33.75,22.48,16.95,18.95,23.34,25.38,36.74,21.69,33.53,28.0,30.57,62.27,38.03,14.9,22.08,14.22,59.61,17.12,28.96,17.62,21.77,30.83,16.88,23.85,21.04,20.83,19.78,46.11,23.81,34.94,18.74,17.91,21.9,32.04,17.91,19.37,26.0,14.81,23.39
2023-08-24,22.19,18.21,19.25,21.37,39.78,34.12,44.81,19.02,25.47,30.27,43.1,23.35,28.04,25.6,26.53,21.9,19.07,,16.19,26.62,24.12,15.69,19.87,31.04,25.99,19.33,40.75,16.84,22.34,22.07,24.35,23.36,27.34,18.73,19.12,32.3,16.71,24.26,,23.99,34.23,29.85,29.43,24.02,19.1,18.26,15.72,34.76,33.53,26.47,14.39,21.04,14.07,19.04,21.62,15.06,21.55,34.71,18.98,14.22,15.87,21.9,35.21,23.36,16.72,20.43,23.38,26.16,37.45,21.9,34.5,28.57,31.45,44.79,37.7,15.31,21.98,14.86,59.22,17.57,29.46,18.49,22.02,31.59,16.98,24.13,21.62,21.99,21.1,46.44,24.48,35.56,19.14,17.71,22.4,32.42,18.84,19.55,26.28,15.43,23.94
2023-08-25,20.18,16.77,18.58,21.77,38.63,32.24,42.48,17.83,24.24,27.78,43.77,21.73,26.62,23.87,24.95,20.63,17.8,,15.45,25.24,22.65,14.65,19.03,29.19,24.38,18.08,40.07,15.89,20.88,20.51,23.33,23.15,25.33,17.78,17.98,31.53,15.83,23.07,,20.01,34.0,26.3,26.26,21.97,18.05,16.82,14.55,32.79,26.88,24.13,14.64,19.95,13.32,17.55,20.49,14.49,20.04,32.77,17.64,13.3,15.04,18.58,34.21,21.77,16.33,19.05,22.14,24.42,36.18,20.86,32.96,27.92,29.7,43.61,35.56,14.39,20.74,13.76,57.45,16.51,27.71,17.4,20.15,29.77,16.03,22.62,20.17,20.58,20.19,45.93,22.66,34.37,18.0,16.82,20.99,32.58,17.42,18.55,24.97,14.25,22.56
2023-08-28,20.13,16.79,18.87,24.27,38.02,31.98,42.47,17.92,23.71,27.86,40.17,21.23,25.7,22.99,24.42,20.47,18.23,,15.32,24.89,22.36,14.92,18.64,28.67,24.62,19.28,39.61,15.74,20.98,20.41,22.18,20.81,25.23,17.83,17.54,31.26,14.68,22.69,,22.08,33.21,24.03,27.82,21.57,17.99,16.59,14.54,32.12,25.84,24.6,16.08,19.2,12.81,17.62,20.55,14.11,20.42,32.32,17.42,13.3,15.05,20.48,34.52,21.55,15.52,19.11,21.27,24.05,37.68,20.11,33.11,30.92,29.41,43.85,34.73,13.81,20.7,13.43,56.04,17.29,27.05,17.16,19.74,28.34,15.92,21.9,19.7,21.16,18.94,46.31,22.7,33.45,17.68,16.82,21.08,32.05,17.23,17.96,24.14,13.64,22.42
2023-08-29,19.48,16.18,17.79,24.37,37.31,30.92,40.85,16.64,22.97,26.62,36.38,20.32,24.94,21.58,23.65,19.77,17.07,,14.32,23.6,21.81,14.54,17.91,27.53,23.97,19.02,38.86,15.11,20.61,19.9,21.62,20.19,24.15,17.15,16.3,30.53,14.61,21.81,,21.12,31.91,25.75,25.12,20.27,16.75,15.75,13.75,31.04,25.18,25.42,15.49,18.22,12.48,16.18,19.75,13.89,19.11,31.44,16.56,12.77,14.72,17.96,33.68,20.48,15.32,18.13,19.93,22.01,37.34,19.84,31.76,31.13,28.65,42.63,34.09,13.62,20.28,13.47,56.59,16.72,26.15,16.97,18.99,27.09,15.19,20.43,18.69,20.25,18.07,44.78,22.03,32.78,17.64,16.39,20.01,30.41,16.21,17.38,23.22,12.93,21.56
2023-08-30,19.29,15.9,17.02,24.57,36.78,30.15,40.14,16.51,21.98,25.97,34.41,20.09,24.68,21.09,23.07,18.42,19.18,,13.08,23.7,21.1,12.57,17.67,26.85,22.87,19.37,35.69,14.95,20.32,18.91,22.0,20.56,23.91,16.58,16.74,30.25,14.97,22.23,,20.16,37.88,23.98,24.92,20.18,16.73,15.69,14.97,27.74,24.53,24.47,16.84,18.32,12.02,16.62,19.12,13.7,18.33,30.68,16.23,12.19,15.95,23.86,33.45,22.22,15.72,18.14,19.48,22.03,38.15,19.43,31.38,31.91,28.48,41.35,32.78,13.19,19.7,12.81,59.76,16.5,25.23,16.48,18.14,24.67,12.77,20.61,18.48,19.29,19.19,45.49,21.16,33.23,16.96,16.23,17.71,29.66,14.59,16.73,23.68,12.45,21.31
2023-08-31,19.28,15.81,17.46,24.61,37.37,29.61,40.06,16.88,22.29,25.37,34.15,20.46,25.87,20.65,23.21,20.05,17.41,,13.91,22.42,21.37,14.29,17.53,26.52,23.07,19.07,24.3,14.33,21.89,18.39,21.43,19.5,23.69,16.9,16.43,30.32,13.7,21.81,,18.36,30.23,22.92,23.88,20.34,16.27,15.67,13.41,31.79,24.25,23.59,15.16,18.68,12.63,16.29,19.49,13.95,17.87,30.78,16.28,12.47,15.01,21.51,33.24,20.4,14.41,17.64,19.88,21.29,38.19,19.32,31.17,32.23,27.65,39.55,32.72,13.9,19.63,12.77,56.98,17.16,25.16,16.61,18.8,26.7,15.44,20.41,19.24,19.46,18.03,45.16,22.04,32.7,19.28,16.16,19.68,29.47,15.64,17.27,22.92,12.29,19.98
2023-09-01,18.41,15.15,16.96,24.05,36.71,28.21,38.24,16.3,21.55,24.58,27.19,19.43,23.9,19.81,22.47,18.08,16.64,,12.65,21.17,20.31,14.1,18.54,24.94,21.58,19.44,23.57,14.33,20.46,17.33,19.99,20.49,25.42,16.24,15.28,29.97,13.96,21.1,,20.09,29.05,22.69,22.21,19.66,15.4,14.89,12.44,31.1,23.53,23.69,15.39,17.94,12.35,14.91,18.74,12.75,16.89,29.47,15.25,12.01,15.95,17.43,32.36,18.91,14.07,17.16,19.03,20.32,37.08,18.71,31.3,29.69,26.53,38.62,32.19,14.08,19.3,12.02,54.34,16.68,23.9,15.56,17.78,24.9,15.0,18.59,19.04,18.91,17.09,45.09,20.69,31.63,18.26,15.97,19.5,28.08,14.71,16.88,21.74,12.41,19.11
2023-09-05,19.4,16.84,18.9,25.32,37.49,29.62,40.64,17.34,23.24,25.9,27.19,20.36,25.06,21.65,23.21,19.27,19.51,,13.83,22.25,22.12,15.02,20.55,27.06,22.8,20.24,24.3,15.7,21.25,18.53,21.15,21.57,26.12,18.82,16.52,30.82,15.59,22.87,,19.17,30.0,23.59,24.08,20.79,17.24,16.22,13.75,32.96,24.81,25.9,15.46,19.46,13.19,16.73,19.7,13.09,18.08,30.86,16.48,12.96,16.25,19.01,33.23,20.44,14.35,18.56,20.35,21.83,37.97,20.43,32.12,32.15,27.79,39.75,34.18,14.76,20.81,13.94,54.41,18.1,24.95,16.32,18.96,26.6,16.0,19.41,20.91,21.48,18.59,48.6,21.96,33.37,17.87,17.39,21.02,29.13,16.08,19.76,22.93,13.15,20.4
2023-09-06,21.63,17.02,18.42,24.74,37.55,30.01,40.75,17.59,23.87,26.47,27.2,21.26,26.23,21.78,23.67,19.25,19.99,,13.97,22.7,22.52,15.18,21.99,28.0,23.19,20.34,24.28,15.86,21.2,18.75,21.31,24.29,26.32,17.8,16.54,30.57,16.39,25.38,,19.24,30.6,24.16,24.21,21.0,17.4,16.39,13.99,33.46,24.74,25.56,15.45,19.48,13.14,17.35,19.98,15.47,18.35,31.17,16.45,14.1,14.87,17.62,33.6,20.92,15.89,19.13,20.45,21.25,37.97,20.51,31.91,33.28,27.8,39.7,34.49,14.94,21.46,14.18,54.5,18.52,26.26,17.8,19.51,27.97,16.26,19.3,22.37,20.84,19.86,48.49,22.52,33.09,18.33,18.54,21.29,29.2,16.0,21.81,23.32,13.4,20.87
2023-09-07,23.48,17.06,19.2,25.13,38.23,32.47,41.17,17.55,24.03,26.18,28.34,21.41,25.9,22.21,24.67,19.53,21.53,,14.07,23.82,23.42,15.74,21.47,28.17,23.25,20.58,24.52,15.75,22.21,18.77,22.18,23.69,26.25,17.8,16.76,31.22,16.46,24.14,,20.06,31.28,23.29,24.94,21.05,17.2,16.68,14.13,35.09,25.1,28.45,15.53,20.19,13.51,17.42,20.77,14.59,18.53,33.11,16.45,13.58,15.3,19.47,34.09,21.09,14.79,18.92,20.7,23.13,38.88,19.96,31.78,33.94,27.74,40.21,34.66,15.14,22.16,13.77,52.04,18.24,28.92,17.01,20.08,30.1,16.01,19.51,22.63,21.88,19.55,48.86,23.09,33.42,18.88,18.84,21.65,29.93,15.97,22.01,24.36,13.48,20.96
2023-09-08,21.8,18.0,18.57,25.02,36.08,31.39,39.6,17.74,24.17,25.29,26.87,20.24,25.25,20.75,22.5,18.92,19.23,,13.31,23.39,21.82,15.46,19.9,26.01,22.06,19.76,23.43,15.13,21.31,18.08,22.43,23.76,25.11,16.93,15.74,30.65,15.2,23.09,,18.11,30.9,20.49,23.6,20.44,16.43,16.05,13.84,34.64,24.55,24.06,15.05,19.59,13.03,17.04,20.88,14.11,18.04,31.9,16.03,13.29,14.95,19.72,33.02,19.99,13.62,18.16,19.52,20.95,37.74,19.43,30.57,33.07,26.61,38.53,32.7,15.19,20.93,13.92,51.46,17.23,27.26,17.65,18.97,28.71,15.79,18.52,22.67,22.93,18.72,47.69,22.12,32.28,18.32,18.37,20.5,29.67,15.64,22.07,23.66,12.97,20.34
2023-09-11,21.85,17.75,18.57,25.08,35.02,31.65,39.57,17.94,24.82,24.97,27.02,19.93,25.08,20.9,22.71,19.78,18.96,,12.93,25.16,21.88,15.17,19.9,25.84,23.3,19.8,23.85,15.02,23.59,18.68,21.11,24.84,24.28,17.75,15.99,29.78,15.45,22.2,,18.02,30.25,22.83,23.08,20.28,16.58,15.81,13.3,34.75,24.25,25.62,15.08,20.26,12.02,17.47,23.29,14.12,17.82,32.09,15.69,12.96,13.84,17.15,33.2,19.24,13.72,18.31,20.89,20.37,37.37,19.41,30.42,32.51,26.68,40.33,31.36,14.74,22.05,12.9,51.93,16.81,27.76,19.0,18.91,27.78,15.79,19.09,21.46,21.83,18.35,50.18,22.04,31.42,20.25,18.58,19.93,28.25,15.48,20.85,25.42,12.74,20.77
2023-09-12,21.67,18.19,18.56,25.03,35.84,31.92,39.2,18.14,25.08,25.64,27.43,19.04,25.39,20.46,23.0,19.83,18.52,,13.06,25.29,21.98,15.98,19.48,25.96,22.76,19.71,23.52,15.02,22.07,18.47,21.34,21.92,23.56,17.51,16.69,30.33,14.74,22.64,,18.54,31.89,24.42,22.72,19.75,16.83,15.89,13.85,33.24,24.25,26.16,14.68,21.0,12.87,17.99,23.46,14.48,18.32,32.13,15.74,13.03,14.1,15.86,33.27,19.9,13.32,18.31,20.09,21.27,36.97,18.98,31.16,32.78,27.14,40.12,26.94,15.12,21.17,14.0,52.84,16.41,26.83,19.16,18.8,27.52,15.42,19.11,21.37,21.29,18.57,49.95,21.97,31.8,21.44,18.25,21.2,27.5,15.57,19.78,25.61,12.71,20.69
2023-09-13,20.98,17.81,18.32,25.85,34.94,31.29,38.23,18.0,24.75,26.45,26.54,19.03,24.92,20.27,23.31,21.31,18.16,,13.07,26.16,23.11,15.97,19.36,25.56,23.12,19.52,22.73,14.76,22.3,18.25,20.7,22.91,22.94,16.86,17.15,30.08,14.15,23.02,,17.37,31.67,22.04,21.42,19.63,16.63,16.45,13.28,32.64,23.32,24.8,14.7,21.46,11.88,17.33,22.5,13.92,18.41,31.52,15.48,12.68,14.1,17.96,32.14,22.1,13.45,18.02,19.85,20.59,36.84,18.06,31.53,32.62,26.41,39.07,24.47,14.99,21.48,13.32,51.26,16.15,25.83,18.69,18.31,31.08,14.92,18.9633,21.16,19.07,17.88,49.23,21.05,30.96,21.73,18.39,20.3,30.52,15.24,20.56,26.61,12.67,20.88
2023-09-14,19.7,17.25,18.18,24.05,32.97,30.91,37.37,17.19,24.24,24.69,25.39,19.01,23.68,20.07,22.75,20.47,18.63,,12.54,25.55,21.46,15.43,18.4,24.71,21.7,18.74,21.73,14.37,21.04,17.01,19.48,22.39,22.68,15.78,16.0,29.35,14.26,21.9,,17.86,30.99,22.47,20.62,18.93,15.38,15.35,12.53,31.82,22.37,25.01,13.83,20.41,12.06,16.88,20.84,13.05,17.02,31.4,15.42,11.69,12.82,16.73,31.25,20.15,13.11,17.63,19.16,19.77,36.04,17.58,32.48,31.46,25.23,36.97,23.42,14.76,20.17,13.23,50.21,15.72,24.51,18.04,17.55,30.61,13.67,18.8167,21.77,19.46,17.22,48.49,20.06,29.92,21.52,17.93,18.65,29.23,16.01,19.59,25.57,11.7,19.61
2023-09-15,20.15,17.39,19.11,24.51,26.62,32.4,38.39,17.49,22.94,25.19,26.59,20.35,23.86,21.27,23.22,21.37,18.34,,12.78,26.03,22.45,14.89,18.1,26.22,22.47,19.61,22.04,13.92,21.37,17.83,19.88,20.8,23.12,15.71,16.26,30.06,14.05,21.87,,18.35,29.7,19.14,21.18,20.16,16.69,15.78,13.12,31.04,22.97,26.8,14.92,21.03,12.5,16.43,20.87,14.0,20.19,33.8,15.51,13.22,13.67,18.33,32.69,20.69,13.8,18.23,20.15,20.49,36.59,17.39,34.48,32.41,25.24,37.12,22.93,15.11,20.51,14.18,49.85,16.76,25.51,17.92,18.34,28.07,14.24,18.67,22.52,19.25,18.13,48.44,21.15,30.52,21.32,18.4,18.45,30.08,15.97,19.75,26.26,12.1,20.19
2023-09-18,20.1,16.88,20.76,25.37,26.6,32.84,39.48,17.47,23.37,25.77,26.69,22.58,24.86,23.5,23.2,21.64,17.81,,12.74,25.66,22.67,14.88,18.26,27.07,23.05,19.88,22.58,13.59,22.04,17.65,20.49,22.79,23.91,15.6,16.06,30.48,14.5,21.86,,17.95,30.79,22.24,22.85,21.81,17.2,15.96,13.43,31.61,23.42,32.3,15.81,20.89,12.2,16.45,21.36,15.77,19.99,35.58,15.71,13.06,13.35,16.92,32.13,21.19,13.89,18.4,22.0,21.25,37.41,17.08,40.22,33.02,25.91,39.23,23.3,15.26,20.99,15.52,49.14,18.03,26.22,18.1,18.39,31.66,14.67,18.89,24.13,20.4,18.39,51.03,21.39,31.61,21.35,19.34,19.37,31.57,15.73,19.59,25.63,13.0,20.65
2023-09-19,20.35,17.13,21.66,26.01,26.73,33.16,39.58,17.69,24.19,26.66,26.65,23.08,24.96,24.27,23.87,21.99,17.51,,13.29,26.04,23.64,15.98,18.51,27.25,23.67,20.13,22.83,14.4,22.12,17.69,21.6,23.68,23.8,16.53,17.05,30.74,15.07,22.45,,17.47,30.57,22.84,22.96,22.67,17.61,15.74,13.36,30.96,23.84,33.01,16.07,21.33,12.51,16.72,21.69,17.19,20.06,36.77,15.98,13.04,14.41,17.2,32.23,21.46,14.91,17.79,22.71,21.43,37.69,18.86,42.11,33.45,26.3,38.78,23.06,15.8,20.42,17.12,50.75,18.96,27.05,18.43,18.85,32.85,15.12,18.93,24.86,20.5,18.38,50.9,21.61,32.27,22.15,20.23,19.35,31.8,16.16,20.03,26.52,12.99,20.29
2023-09-20,21.74,17.08,22.42,26.59,27.66,33.97,40.06,18.55,24.01,27.53,27.85,24.5,25.32,25.72,23.99,22.78,17.38,,13.58,26.55,25.02,15.53,18.73,27.16,24.72,20.65,23.47,14.82,23.45,18.18,21.64,23.82,23.91,16.2,17.92,31.45,14.8,23.35,,18.05,31.32,24.55,24.75,24.11,18.4,16.42,15.49,32.37,24.37,36.03,16.21,21.85,12.87,18.54,21.66,17.72,21.28,38.26,16.55,13.8,14.44,17.77,32.94,22.08,14.7,18.1,24.17,23.14,38.99,19.41,44.9,33.75,27.16,39.89,23.95,15.96,20.72,18.1,51.64,19.56,27.57,19.45,19.05,35.58,15.09,19.68,25.89,21.13,18.59,52.84,22.17,32.84,21.45,20.68,19.83,33.77,16.64,19.98,26.74,13.22,21.1
2023-09-21,22.58,18.6,23.5,28.57,30.46,35.82,42.21,19.74,27.62,31.23,30.83,26.62,27.92,28.06,25.69,24.66,18.82,,15.4,28.5,27.19,17.1,20.82,30.65,26.0,21.97,25.27,17.43,24.59,20.05,24.83,25.9,25.62,17.29,19.9,23.59,17.49,26.13,,20.33,33.78,27.52,27.8,26.22,19.4,19.21,16.56,34.46,27.35,37.78,17.2,23.7,15.23,20.08,24.58,19.62,22.63,39.57,18.54,15.85,16.19,19.16,36.47,23.91,15.93,19.31,26.85,25.47,40.27,21.46,46.67,35.7,30.4,41.56,24.92,17.45,22.22,19.53,55.87,21.04,28.93,22.31,20.79,37.21,17.44,22.79,27.81,22.25,21.02,54.82,24.22,36.39,23.13,23.48,22.34,36.96,19.04,21.67,28.65,14.5,22.89
2023-09-22,22.68,18.53,24.14,27.45,29.56,35.18,41.57,19.73,27.84,31.35,29.59,26.12,28.45,28.36,25.5,24.47,18.7,,15.22,29.42,26.48,17.08,21.17,30.12,26.21,22.23,25.32,16.1,24.31,19.73,24.68,25.58,25.45,17.36,19.58,22.56,18.54,27.19,,20.53,34.43,27.89,28.92,26.47,19.24,19.44,17.41,35.08,26.79,37.86,17.57,24.0,14.47,19.32,24.55,19.66,22.31,39.03,18.94,15.48,16.09,18.05,38.31,24.32,17.19,20.13,27.07,25.45,40.0,21.59,46.41,34.13,30.69,41.18,24.61,17.41,22.41,19.91,54.42,22.09,29.31,22.89,20.17,38.42,17.54,22.71,27.97,23.13,20.95,56.53,24.63,35.65,22.32,23.8,23.12,36.41,19.16,21.73,30.04,14.25,23.05
2023-09-25,23.21,19.41,24.83,27.95,30.16,35.52,42.53,20.37,28.85,33.68,30.25,26.6,30.67,29.01,25.98,24.43,20.04,,15.06,29.76,27.1,18.13,24.4,32.78,26.4,22.68,26.04,16.86,23.72,20.49,24.74,27.33,26.07,18.93,19.58,22.95,20.82,28.52,,20.67,36.26,29.11,28.51,26.9,19.65,21.35,20.69,39.21,28.11,38.05,18.13,24.05,16.18,20.3,25.02,20.32,22.31,39.65,20.91,17.26,17.17,19.53,43.82,28.64,18.59,21.74,28.18,27.3,40.58,22.75,46.56,35.71,33.97,41.76,24.67,17.9,22.79,20.56,54.15,22.79,29.57,24.36,21.35,39.6,18.08,23.77,28.42,25.38,23.88,55.23,26.4,35.56,22.17,24.24,27.04,36.29,22.09,24.11,30.0,14.6,23.47
2023-09-26,25.43,21.61,26.15,29.53,32.08,37.09,44.41,21.39,30.21,38.46,31.74,28.36,32.91,31.45,28.31,25.39,21.94,,16.89,31.91,28.78,19.22,26.56,36.38,27.69,23.63,27.83,18.87,25.3,22.0,26.15,30.56,27.21,21.48,22.14,24.77,19.65,32.28,,22.22,39.71,34.22,34.16,28.51,21.19,23.93,24.06,42.7,29.42,39.58,18.86,25.62,17.53,22.68,25.88,21.22,25.14,42.22,23.82,16.01,17.83,19.0,46.35,30.28,19.74,22.95,30.14,30.22,41.88,25.7,47.6,36.07,38.91,43.64,26.6,19.16,24.84,21.3,57.54,25.3,31.06,26.97,22.61,42.22,20.91,26.44,28.95,27.17,25.96,56.97,29.0,37.21,23.17,26.23,29.95,37.92,23.83,25.44,32.32,15.67,24.84
2023-09-27,24.72,23.53,26.91,28.86,31.92,37.19,43.55,21.41,32.16,38.68,31.26,28.57,34.11,31.69,27.24,26.77,22.28,,16.47,31.72,28.22,19.49,27.27,37.34,28.3,19.24,27.22,18.26,27.19,21.67,25.39,29.97,27.05,21.54,21.15,23.95,22.56,32.6,,22.06,40.63,33.07,33.08,29.19,20.88,24.36,24.63,43.84,29.04,39.7,20.23,25.73,17.97,21.9,24.98,21.26,24.46,42.22,22.82,17.11,20.39,21.89,47.78,30.43,19.29,23.46,30.84,29.54,40.17,29.42,47.86,35.77,38.76,42.74,25.8,19.68,24.6,21.67,56.61,25.43,30.87,27.53,22.82,42.56,21.71,25.7,29.01,26.22,26.56,58.0,29.69,37.07,23.19,26.39,30.66,38.68,24.01,26.68,32.38,15.82,24.66
2023-09-28,24.63,23.12,25.98,22.83,30.66,35.7,43.87,21.31,30.18,37.74,30.6,27.03,35.09,30.42,27.16,25.15,21.92,,15.91,30.93,27.97,19.13,27.28,35.79,27.09,18.02,26.69,17.57,26.84,21.28,24.77,29.79,26.81,22.35,21.43,23.11,18.86,31.88,,23.12,38.98,33.27,31.99,28.28,19.75,23.83,24.75,43.07,27.65,38.5,19.2,24.52,17.33,20.63,25.39,20.89,23.53,40.13,22.58,16.84,19.73,19.86,46.68,29.92,19.77,23.09,28.77,29.97,34.41,32.0,46.99,36.26,38.07,40.51,24.5,19.14,24.82,21.27,55.21,22.57,30.32,26.72,23.29,40.46,21.9,24.41,29.1,26.46,26.32,54.48,29.44,37.66,22.76,25.68,30.96,37.8,22.98,26.1,31.33,15.32,24.45
2023-09-29,24.58,22.9,26.51,20.9,29.91,34.82,43.64,21.44,28.38,38.26,29.83,27.36,33.66,30.09,27.73,24.26,21.58,,16.8,30.46,29.02,18.9,26.66,35.49,28.09,18.09,25.93,17.28,26.76,21.8,25.3,28.74,25.84,21.51,21.25,22.47,19.35,31.67,,23.22,38.93,32.28,32.43,27.96,19.54,23.63,24.27,42.43,26.48,38.11,19.48,24.92,17.05,19.83,25.99,20.72,22.12,39.75,22.14,17.2,18.22,18.79,47.01,28.96,19.05,23.37,28.78,29.04,33.52,29.16,45.35,23.36,37.34,38.9,24.13,18.58,24.91,20.47,54.39,22.18,30.9,25.86,23.86,39.44,21.63,24.36,27.71,25.63,25.53,54.47,29.13,38.15,22.96,24.64,30.39,37.3,23.0,25.28,31.0,15.64,24.45
2023-10-02,26.09,23.77,27.41,21.68,30.6,36.86,47.21,22.1,30.72,39.96,31.72,27.67,34.78,32.74,30.91,25.96,21.84,,16.72,33.78,31.95,19.73,27.17,37.22,30.61,18.43,27.25,17.72,29.38,23.23,26.18,29.69,26.3,25.45,23.38,23.78,21.08,33.19,,25.51,40.46,33.41,33.75,28.97,20.33,24.35,25.04,43.58,27.6,37.92,18.88,26.18,18.14,21.27,29.78,21.22,23.65,41.16,22.6,19.94,21.71,20.64,47.89,31.3,20.53,23.84,30.59,29.07,34.36,38.75,45.73,24.0,38.39,40.36,24.6,19.41,27.66,21.98,55.61,23.3,35.17,27.93,27.94,42.07,25.2,27.17,29.81,27.8,26.78,53.96,30.31,43.78,23.82,25.4,31.02,39.12,23.23,25.99,34.19,15.85,26.05
2023-10-03,28.8,25.23,28.41,23.45,32.69,39.02,51.48,25.2,33.25,44.16,33.36,31.04,36.64,35.8,33.27,29.11,23.53,,18.48,36.8,34.08,20.81,28.63,38.42,31.61,20.49,29.71,19.74,30.85,24.66,27.5,30.64,28.98,27.15,25.57,25.65,20.59,34.62,,27.42,41.76,35.18,35.74,32.81,23.87,25.96,26.26,45.18,29.91,40.66,20.96,28.06,19.75,23.44,33.28,23.53,26.14,43.27,25.61,21.63,22.83,23.32,51.29,32.54,21.32,24.74,34.07,32.92,36.9,39.06,49.34,25.49,40.66,42.57,27.94,21.12,29.83,22.72,59.65,24.48,38.18,29.59,31.24,46.86,25.93,29.33,30.24,28.76,28.73,55.79,32.34,47.08,24.85,26.69,32.21,41.7,25.69,26.68,37.01,17.61,27.63
2023-10-04,27.68,24.54,27.9,22.31,30.99,37.67,52.07,24.65,31.72,42.78,32.22,29.58,35.94,34.98,33.21,27.17,23.15,,17.2,36.81,34.57,20.25,28.79,37.45,33.03,19.14,28.18,19.18,31.36,25.39,26.01,31.59,27.66,25.57,26.68,24.67,21.69,33.63,,26.4,41.24,33.31,34.17,31.21,22.31,24.47,25.99,45.17,28.2,39.53,19.99,27.24,18.75,21.83,32.02,22.92,25.11,41.58,24.0,20.47,22.82,22.91,49.9,31.94,20.76,23.83,32.69,31.39,36.02,39.35,48.3,23.64,38.71,41.22,26.31,19.91,30.93,22.28,57.9,23.47,38.99,29.1,31.64,46.61,24.28,27.33,29.72,29.87,27.47,53.96,31.47,48.1,24.27,26.15,31.83,40.83,24.15,26.5,36.31,16.35,28.41
2023-10-05,27.6,25.73,27.05,22.03,31.95,37.42,51.94,23.53,31.95,43.08,31.2,29.54,37.15,34.62,34.37,28.01,23.05,,16.8,36.21,33.87,21.49,28.08,39.36,32.72,19.23,28.26,19.27,31.61,25.1,26.15,32.54,28.27,25.7,27.12,24.65,22.68,33.51,,26.83,41.25,34.56,33.75,30.37,22.41,25.13,26.22,43.97,28.63,38.94,20.57,26.92,24.37,23.75,31.75,22.88,24.6,42.45,24.2,21.54,26.63,22.6,50.24,32.44,20.96,23.3,32.29,29.47,35.26,42.11,49.08,23.37,39.67,40.07,26.03,25.95,29.39,22.98,60.12,23.16,38.8,29.53,31.51,48.2,25.06,27.65,29.74,27.27,27.72,53.75,31.78,48.97,23.93,26.65,32.22,40.63,24.1,26.82,36.08,17.18,28.17
2023-10-06,26.26,24.72,27.23,21.7,30.32,37.03,50.46,23.75,30.77,40.8,30.26,29.32,36.62,34.23,32.55,27.09,23.05,,16.94,34.15,33.43,21.97,27.13,37.84,31.17,19.95,26.69,18.02,31.43,24.82,24.8,29.35,28.49,24.53,24.71,23.78,22.02,32.89,,26.89,41.4,30.04,32.24,29.32,21.49,23.99,25.67,42.59,26.84,39.76,20.15,25.27,22.88,21.78,33.27,22.54,23.85,41.17,23.33,22.05,27.93,22.5,48.22,30.73,21.11,23.55,31.32,28.2,33.66,40.7,46.43,22.05,38.56,38.42,24.77,24.22,30.16,24.61,60.18,23.71,37.54,29.22,31.6,46.77,24.98,26.79,30.99,26.21,27.23,51.72,30.51,47.87,23.08,25.45,31.66,39.77,23.12,27.69,34.53,18.38,27.46
2023-10-09,25.84,25.44,26.94,22.61,30.93,37.22,51.61,24.33,31.44,41.08,30.7,29.75,37.8,34.04,34.62,27.94,23.5,,18.17,33.95,33.84,21.66,27.25,38.97,32.46,19.74,27.18,18.01,31.21,25.17,24.78,30.06,32.21,25.45,25.84,24.15,25.86,33.53,,27.66,40.68,31.65,32.12,29.3,21.44,24.52,26.2,43.62,27.3,40.31,19.74,26.12,23.38,22.54,34.27,27.61,24.27,41.86,24.25,21.55,28.69,22.88,48.77,30.91,20.67,23.52,31.69,29.67,34.67,40.38,46.15,22.69,38.76,39.49,25.27,24.8,30.94,22.75,71.47,23.46,37.88,33.11,32.47,49.34,23.95,27.33,29.86,28.19,26.96,51.85,31.02,49.41,23.44,25.52,33.07,40.51,23.61,26.81,34.06,18.86,28.51
2023-10-10,25.7,25.72,26.65,20.98,30.12,36.43,51.16,24.21,30.49,39.83,30.35,28.34,36.01,32.94,32.83,26.79,23.48,,17.12,31.21,32.61,21.19,26.49,37.57,31.55,18.8,26.86,17.73,31.22,24.16,23.88,30.06,32.55,24.04,24.52,23.69,22.18,32.89,,27.29,40.24,27.72,31.54,28.17,20.52,24.41,26.42,42.88,26.48,39.62,19.27,25.24,19.68,21.49,33.05,25.35,22.82,41.08,22.83,20.75,26.62,22.45,47.86,30.27,20.28,23.45,29.87,29.29,33.63,38.28,46.74,22.08,39.14,38.22,24.46,18.12,30.79,21.7,72.29,22.49,37.41,31.75,31.91,49.5,23.38,26.35,28.38,27.09,26.49,50.26,29.71,48.63,23.96,24.87,32.39,39.89,22.99,26.41,32.21,16.98,26.96
2023-10-11,24.89,24.8,31.08,20.14,28.94,35.1,50.83,24.52,29.12,39.25,29.01,28.5,35.48,32.29,32.95,25.96,22.86,,17.03,31.26,32.27,21.34,26.25,37.13,30.43,18.22,26.41,17.75,30.23,25.04,23.44,31.74,33.02,23.49,24.96,23.13,22.08,32.71,,24.71,39.04,29.48,29.38,27.92,20.3,23.6,25.63,42.75,25.49,44.56,19.9,24.4,19.61,21.04,34.54,24.66,22.36,40.77,22.78,20.88,25.8,26.93,47.19,30.13,19.72,23.27,30.22,27.43,32.25,36.56,47.82,21.57,38.64,37.57,23.74,17.67,31.02,22.12,73.63,22.93,37.31,31.18,32.04,50.36,22.06,25.19,28.38,29.1,26.04,50.53,29.28,48.13,23.31,23.84,32.17,39.72,22.4,26.93,32.62,16.71,27.22
2023-10-12,25.09,25.42,31.89,21.46,29.64,36.22,50.75,24.19,30.28,39.39,30.44,28.05,35.83,32.51,33.02,25.94,23.25,,17.01,30.69,33.39,22.59,26.41,37.62,29.91,17.98,26.61,18.54,29.78,23.95,24.83,29.84,33.33,24.71,23.56,23.38,20.83,33.68,,25.75,39.14,30.71,29.84,27.73,21.74,24.42,26.59,42.59,25.61,46.15,19.66,24.06,21.55,20.88,33.97,22.96,24.16,41.67,23.07,21.61,27.05,25.75,47.06,30.33,21.49,23.41,30.86,28.42,32.46,36.98,48.52,21.67,38.4,38.23,24.39,19.74,32.21,21.89,72.91,23.23,37.63,29.9,32.23,50.31,23.28,26.74,29.82,30.26,26.67,50.0,29.36,49.07,22.02,24.25,32.46,39.87,22.35,27.29,32.15,17.12,25.98
2023-10-13,26.74,26.33,31.09,22.94,31.36,39.75,52.91,25.54,30.17,41.86,32.4,29.43,37.78,33.55,36.74,23.91,23.91,,18.74,28.55,34.57,22.9,27.25,39.52,31.54,18.88,28.54,21.15,30.77,25.98,25.78,32.02,34.39,25.69,25.08,26.16,25.02,35.73,,26.42,41.55,33.44,33.06,28.8,23.36,25.37,27.85,44.89,28.25,47.11,19.91,22.24,22.19,22.54,36.05,25.29,25.08,43.81,24.96,22.46,27.61,25.05,49.19,32.15,21.62,24.24,31.93,29.86,34.3,40.13,48.55,22.88,40.35,40.09,26.29,19.7,32.9,22.92,76.07,23.73,39.81,32.1,33.45,49.14,24.06,27.77,30.63,30.4,27.6,52.35,31.32,53.45,18.5,26.52,33.27,41.09,23.7,28.68,28.8,18.47,28.48
2023-10-16,26.66,25.78,29.51,21.69,30.56,37.5,51.47,24.74,30.37,39.7,31.12,27.58,36.56,30.0,34.24,21.45,22.77,,21.97,25.72,33.01,22.04,26.29,38.42,30.23,18.32,26.7,23.57,28.87,24.77,24.68,30.52,33.7,24.97,23.59,24.17,21.51,35.34,,26.09,39.65,31.99,32.3,25.59,24.05,24.22,26.39,44.8,26.78,43.92,19.33,19.93,20.12,22.06,35.33,23.0,24.23,42.37,24.03,21.18,25.93,23.83,48.28,31.08,20.31,23.75,30.03,28.3,33.7,36.74,48.0,22.47,38.58,38.82,25.4,18.49,29.77,21.22,72.79,21.96,38.54,30.67,32.05,34.75,24.1,27.02,29.52,27.83,26.58,50.38,30.15,49.65,17.86,25.94,32.21,37.99,22.76,26.47,26.57,19.76,26.94
2023-10-17,26.76,25.78,28.84,21.77,30.45,39.44,51.95,24.55,30.63,40.21,31.76,27.05,35.64,25.22,33.86,21.35,23.57,,17.39,24.83,32.43,22.56,26.1,37.99,29.84,17.95,26.87,25.4,27.88,24.94,24.68,29.42,33.51,24.8,24.26,24.2,20.45,34.39,,25.81,38.61,32.41,32.39,23.0,25.16,23.81,26.32,44.29,26.85,43.2,17.75,19.79,19.7,21.82,34.93,19.26,24.47,41.17,23.7,21.07,24.92,23.91,47.81,31.91,19.64,24.19,27.77,28.01,33.33,35.48,48.6,22.31,39.27,40.53,25.13,18.49,30.38,21.12,73.34,21.52,39.19,30.4,32.09,34.48,23.8,26.59,29.46,28.26,26.38,50.11,30.53,50.21,17.74,25.27,31.82,38.53,22.71,26.71,26.36,20.8,26.6
2023-10-18,28.01,27.14,22.65,23.84,32.48,42.47,53.62,25.44,32.91,42.55,34.16,29.22,37.21,27.43,38.14,24.34,24.23,,18.94,27.25,35.64,22.64,27.55,39.89,31.07,19.28,29.19,27.96,29.58,26.58,27.17,31.73,34.85,26.37,27.36,26.6,21.91,36.51,,27.44,41.18,32.47,34.4,25.01,28.26,25.58,27.92,46.32,29.13,44.09,18.37,21.68,20.51,24.19,35.37,19.87,27.29,41.01,25.95,21.88,26.09,25.0,52.5,33.66,21.13,25.61,25.75,30.4,35.03,37.22,51.0,23.08,41.94,42.31,27.51,18.85,32.36,16.56,75.98,21.86,40.76,31.52,33.42,36.9,25.83,29.0,31.17,30.64,28.62,53.48,32.0,52.86,18.32,27.78,33.68,35.02,24.41,28.69,28.29,22.41,28.27
2023-10-19,28.72,28.34,23.28,23.59,33.3,41.72,53.69,26.2,33.2,43.01,35.3,30.45,37.65,28.58,37.51,23.74,24.65,,19.22,27.51,37.61,23.1,27.65,41.7,31.21,20.95,28.87,28.27,31.13,26.66,28.66,33.08,35.43,27.25,26.9,26.92,22.44,37.35,,28.7,42.55,34.43,35.19,25.6,29.11,26.41,28.14,45.98,30.19,44.46,19.17,22.23,20.8,24.11,36.43,20.12,28.48,37.26,27.17,22.3,26.3,24.71,52.52,34.88,20.75,26.01,26.9,31.48,36.35,38.07,34.54,24.02,42.39,43.72,27.46,19.48,31.17,17.44,78.26,20.69,40.92,31.3,33.46,36.15,26.36,30.15,23.4,30.35,28.89,49.55,31.92,51.94,19.25,22.25,34.02,35.15,26.24,27.5,27.89,23.04,28.78
2023-10-20,29.09,27.59,24.08,24.91,33.95,41.25,53.52,26.26,33.27,44.53,36.55,27.5,37.7,30.15,37.13,24.94,24.69,,19.76,27.69,37.63,22.37,27.87,42.19,31.46,22.18,30.51,28.62,32.08,27.02,30.26,32.61,36.1,27.77,27.99,27.44,22.1,37.2,,25.77,43.54,35.68,36.61,25.42,29.04,26.35,27.74,46.68,32.04,31.73,19.32,23.13,20.77,24.76,36.65,20.21,28.88,36.48,27.17,22.32,26.48,25.53,52.32,35.31,20.24,26.16,26.45,31.91,36.24,39.63,33.83,24.14,43.26,46.29,30.09,19.69,31.58,17.3,80.49,21.4,41.6,32.03,33.96,38.26,27.13,30.83,25.06,31.5,28.52,50.85,32.39,52.54,18.95,23.23,34.78,37.74,25.87,28.06,29.0,23.11,29.01
2023-10-23,28.62,26.64,23.58,24.15,33.22,41.07,54.55,26.37,32.64,43.42,36.62,25.4,36.29,30.44,35.43,24.32,23.88,,19.14,27.92,37.32,23.23,27.86,41.27,31.55,21.35,29.82,27.93,31.61,26.93,31.82,32.26,35.52,27.46,26.76,27.25,21.96,35.03,,28.24,42.9,36.77,35.81,25.31,28.93,25.78,26.63,47.1,32.17,31.74,19.88,23.44,21.0,24.56,35.68,19.57,31.03,36.41,26.31,22.64,25.43,27.26,50.63,35.98,21.23,24.55,26.64,32.11,36.1,40.81,33.75,23.95,42.8,52.05,27.61,19.46,31.3,16.52,78.76,20.31,41.56,31.98,33.79,38.9,26.73,30.8,24.31,31.57,27.45,49.75,31.61,51.72,19.62,22.81,35.04,37.0,25.35,27.75,29.11,22.76,28.25
2023-10-24,27.79,25.15,22.33,22.37,32.49,39.84,53.35,24.94,32.41,42.51,36.16,23.26,36.19,28.78,34.18,23.33,23.59,,18.74,25.8,35.11,21.9,25.88,39.86,31.14,20.24,28.62,26.52,32.72,26.21,31.61,27.07,35.42,24.72,26.41,26.06,21.3,26.51,,25.37,37.08,34.46,35.15,23.61,28.49,25.27,25.59,44.56,31.67,29.71,18.4,21.63,15.95,23.97,36.19,18.93,31.17,34.6,24.76,20.8,23.88,24.12,50.64,27.57,19.62,22.79,24.87,28.74,34.49,31.39,32.67,22.49,41.32,53.06,26.91,18.04,31.3,15.07,77.28,19.54,41.01,22.79,31.95,36.28,24.22,29.63,22.35,30.13,25.77,47.57,30.63,50.02,19.09,22.33,34.01,35.36,23.7,20.47,27.42,22.01,27.22
2023-10-25,28.53,25.82,22.97,23.72,33.88,41.82,55.79,25.35,33.19,48.92,38.97,24.34,32.32,29.79,36.31,24.3,23.24,,18.89,27.34,36.53,22.3,26.58,40.05,31.42,20.66,30.84,28.19,34.0,26.27,33.69,32.88,36.23,24.34,27.77,27.5,19.78,27.93,,27.55,38.34,30.7,29.81,24.98,29.11,25.6,26.81,46.97,34.58,32.06,19.37,22.83,17.11,24.64,37.55,19.22,32.98,36.84,24.39,21.81,25.51,28.12,52.05,28.49,20.74,22.81,25.78,25.63,36.56,31.1,33.51,23.5,42.54,57.51,28.21,18.42,32.53,16.1,82.28,20.24,43.33,22.53,32.97,38.03,24.97,31.41,23.29,26.21,20.88,49.59,25.04,53.25,19.27,23.27,33.68,36.44,20.07,20.71,28.53,22.88,27.55
2023-10-26,31.11,27.29,23.83,24.51,34.88,41.99,57.45,26.17,30.72,48.33,40.61,24.55,32.26,29.53,38.3,25.3,23.26,,18.98,27.52,36.92,22.91,24.71,41.31,32.14,21.43,32.71,29.08,34.04,26.2,34.81,28.45,37.27,24.51,27.85,28.28,19.21,28.52,,26.86,39.28,33.29,29.46,25.73,30.49,22.58,18.26,44.19,33.35,33.29,20.31,23.13,17.79,23.51,38.66,19.61,34.05,37.09,22.31,21.94,25.08,28.28,39.09,28.57,22.95,20.76,25.83,26.68,37.62,30.61,34.45,25.56,33.47,58.87,29.13,18.88,33.18,16.59,82.51,20.25,44.13,23.07,34.18,38.44,24.85,31.3,23.63,26.58,21.33,53.34,26.17,54.25,20.33,24.1,25.8,36.15,21.15,20.76,28.1,23.83,28.25
2023-10-27,29.55,23.19,23.9,24.19,34.65,42.12,54.57,27.56,30.43,33.31,39.56,25.39,31.94,31.84,36.85,26.03,23.88,,19.75,29.29,36.93,18.55,23.54,36.41,31.69,21.05,32.65,28.43,34.92,26.08,35.68,29.81,38.03,25.52,27.54,28.41,19.68,29.76,,28.74,40.71,29.09,28.81,26.94,30.38,22.66,18.22,35.11,33.21,33.26,20.69,24.44,18.28,23.67,38.52,20.07,33.92,36.76,21.88,23.61,24.8,29.5,37.67,29.42,19.4,21.9,26.96,26.27,36.67,31.37,34.28,26.17,33.39,57.78,28.22,19.1,33.57,17.11,81.62,21.22,43.32,22.72,33.86,38.21,24.97,32.15,24.77,27.06,21.94,50.64,25.88,54.22,20.76,23.55,26.4,37.81,20.9,21.8,28.97,23.7,27.76
2023-10-30,29.3,21.84,21.41,23.36,33.9,41.4,54.8,27.0,29.31,32.34,37.2,23.74,31.1,30.33,35.16,24.37,21.77,,18.4,27.3,34.55,18.27,21.79,34.21,30.61,19.97,35.97,27.82,34.45,24.29,34.49,29.5,37.39,25.05,26.85,27.57,18.78,27.34,,27.65,39.72,30.59,28.23,25.59,29.73,21.38,16.98,34.26,33.82,33.98,19.42,23.13,17.39,22.04,37.5,19.36,33.02,36.91,20.44,17.98,23.81,28.76,36.0,26.89,17.87,21.32,26.43,25.89,36.79,29.42,33.68,25.26,31.89,56.47,27.63,18.4,32.15,16.06,79.75,19.6,42.09,21.74,32.13,37.33,24.5,32.38,22.93,26.4,20.92,53.75,25.93,52.91,19.93,22.23,23.79,36.46,19.53,20.79,27.75,22.6,26.27
2023-10-31,28.24,19.79,21.57,22.36,32.29,39.78,53.6,21.49,27.25,31.04,36.1,22.38,29.73,28.72,33.2,22.6,20.82,,16.57,25.71,28.4,17.28,20.91,32.2,28.8,19.24,35.2,26.55,30.88,22.99,34.43,29.44,37.96,23.2,26.43,25.83,17.61,27.03,,26.41,37.63,26.73,26.51,24.62,29.01,19.69,15.3,32.64,32.94,32.12,17.88,21.33,17.02,20.48,36.06,18.44,31.74,35.4,19.01,16.87,22.93,27.23,34.73,26.49,17.15,20.5,24.72,24.44,35.15,28.34,32.92,24.31,30.56,55.85,25.86,18.07,29.25,15.19,78.1,19.05,39.5,20.69,32.02,34.89,21.82,24.31,22.12,25.23,20.07,51.2,25.04,51.52,19.57,21.3,22.1,34.45,18.24,19.68,26.23,21.58,24.84
2023-11-01,25.94,18.9,21.18,20.91,31.68,37.96,42.16,21.19,26.86,28.67,32.83,21.89,28.15,27.65,31.41,21.97,20.79,,15.85,24.87,25.81,16.64,19.95,30.4,28.14,18.51,35.89,26.24,25.25,22.29,33.19,25.67,37.51,22.74,24.74,24.49,16.61,26.01,,24.63,36.45,23.94,24.32,23.22,28.04,18.74,14.76,30.57,34.44,31.58,18.01,20.43,16.68,19.28,36.82,18.12,31.31,33.38,18.0,15.84,23.52,26.56,31.93,24.7,16.96,19.64,23.87,23.39,33.34,27.05,30.82,23.85,28.19,53.9,24.43,17.54,28.18,14.86,75.14,18.27,37.76,19.82,31.88,34.16,20.34,23.27,21.06,24.83,19.48,48.92,23.69,49.83,19.78,20.3,21.95,33.16,16.88,19.07,25.34,20.71,23.82
2023-11-02,25.0,18.01,20.28,19.45,29.95,36.84,40.76,19.39,25.21,26.73,32.37,20.11,26.71,25.46,30.92,19.68,19.88,,18.38,23.4,23.76,15.35,18.84,27.55,24.92,17.55,34.33,25.23,22.92,20.69,32.58,22.94,35.4,20.1,22.18,23.16,15.29,23.9,,21.15,33.78,22.82,22.51,22.2,26.03,17.53,13.3,28.68,31.89,29.32,16.03,19.13,14.77,18.02,28.37,16.45,30.19,32.31,16.95,15.05,17.22,25.02,31.03,24.19,15.21,18.71,22.29,21.11,31.4,25.01,29.04,22.2,27.02,52.35,23.31,16.05,26.43,13.47,54.87,16.84,26.03,18.23,19.47,31.18,17.44,21.59,19.12,22.15,18.09,45.46,22.23,48.24,18.57,18.61,20.39,30.78,15.68,17.21,24.24,20.49,21.94
2023-11-03,19.25,17.72,20.05,18.42,28.34,36.15,39.41,18.9,24.21,25.29,31.33,19.19,25.74,25.55,24.27,19.14,17.78,,14.87,23.42,22.64,14.43,18.06,27.18,23.98,16.32,33.44,24.74,22.09,20.87,31.0,22.56,34.6,18.69,22.09,22.61,14.39,22.76,,20.91,32.93,20.83,21.51,21.78,25.85,16.61,12.9,27.58,32.92,29.79,15.73,18.4,15.36,16.64,27.38,15.96,29.9,31.05,16.0,15.09,16.02,25.14,29.24,23.24,16.71,17.48,21.82,20.36,30.56,24.57,27.29,21.31,25.65,51.3,22.31,15.8,25.75,13.39,51.55,16.63,24.99,18.11,17.51,30.33,16.32,22.41,18.7,22.51,17.39,45.78,21.58,44.42,18.39,17.89,19.52,31.33,15.21,17.1,23.74,20.1,22.19
2023-11-06,18.98,17.76,20.86,18.97,28.79,36.28,41.08,19.09,25.15,25.39,33.23,19.45,26.48,25.39,23.2,19.82,18.75,,13.73,23.4,22.88,14.92,18.84,27.66,24.47,16.45,33.88,25.18,22.74,21.35,30.94,23.06,35.56,19.03,22.85,23.13,14.67,23.29,,24.55,33.59,21.05,21.04,21.92,26.09,17.01,13.35,27.99,32.53,28.82,15.9,18.11,14.94,16.03,29.78,15.77,30.36,31.52,16.21,15.37,17.1,26.25,28.9,23.8,16.53,17.85,21.99,19.67,30.54,24.86,27.4,21.69,25.38,51.85,22.41,16.08,26.3,13.55,51.79,17.3,24.98,17.51,17.35,31.14,16.68,22.49,19.19,22.65,17.08,46.0,22.56,46.44,18.5,17.75,19.62,31.39,15.7,17.82,23.81,20.44,23.06
2023-11-07,18.51,17.38,20.75,18.23,29.15,35.32,41.92,19.19,24.35,25.57,34.71,19.18,26.29,24.98,22.45,20.36,19.07,,13.31,23.2,22.49,14.21,18.6,27.48,25.16,16.54,33.83,26.18,23.2,21.49,31.7,23.77,35.36,18.69,19.24,23.34,14.3,23.04,,24.9,34.01,21.04,21.33,21.33,25.9,17.16,13.56,27.52,32.41,28.15,15.83,17.99,14.24,16.26,28.94,15.65,29.89,30.96,15.86,15.44,16.09,25.71,28.0,23.94,15.78,20.05,22.24,20.11,30.23,25.44,26.66,21.29,26.2,50.95,22.66,15.39,26.1,13.3,50.53,17.23,24.28,17.03,16.75,32.03,16.82,22.73,18.78,23.01,17.13,45.2,22.48,35.68,17.87,18.33,19.71,31.07,14.95,17.23,23.95,20.73,23.62
2023-11-08,17.89,17.4,21.12,18.38,29.02,35.81,42.71,19.03,24.33,25.38,36.17,18.88,25.74,24.87,22.26,18.97,19.16,,12.67,23.17,22.66,14.45,19.18,26.74,25.05,16.68,33.77,26.04,24.68,21.67,31.32,24.06,34.94,19.37,17.37,23.18,14.77,22.62,,18.89,34.76,21.08,21.62,20.76,25.1,17.17,13.73,27.98,32.92,28.54,16.13,17.85,14.95,16.75,34.26,15.85,30.14,30.78,15.68,15.71,16.42,25.82,28.18,22.09,16.84,18.33,21.72,19.93,30.53,26.29,26.34,21.86,25.6,51.16,22.67,15.69,26.04,13.49,51.22,18.16,24.43,16.56,16.65,32.13,16.54,22.07,19.3,23.37,17.3,44.41,22.8,35.1,17.53,17.79,19.66,30.66,14.91,17.32,23.72,21.08,23.89
2023-11-09,18.72,19.64,22.11,19.61,30.81,35.92,41.98,21.05,25.23,26.0,37.19,19.59,26.7,25.31,22.77,20.13,21.3,,12.73,24.12,23.31,14.09,19.63,27.01,24.81,17.62,34.56,27.13,25.87,21.53,31.44,23.3,23.16,20.22,18.43,23.99,15.08,23.32,,22.81,36.32,22.53,22.65,21.52,26.04,17.75,14.82,28.51,33.98,29.42,16.89,18.39,16.03,16.97,30.58,16.09,31.36,31.45,16.34,16.17,16.59,28.99,28.54,23.27,17.27,18.78,22.79,19.96,31.65,30.15,26.1,22.78,26.46,51.91,24.57,16.94,27.48,14.01,51.43,17.87,25.18,17.77,17.15,33.14,18.43,23.11,19.13,23.93,16.96,46.8,23.3,35.37,18.26,19.06,20.66,31.18,15.86,17.87,24.5,21.17,23.285
2023-11-10,17.79,18.39,22.42,17.93,30.97,35.13,41.94,20.23,24.61,25.25,39.27,18.57,26.09,24.19,21.75,18.86,20.63,,12.19,22.96,21.99,13.6,18.49,26.83,23.75,16.81,33.72,25.59,24.82,20.79,30.8,24.0,21.65,19.43,16.45,22.35,14.43,22.2,,18.85,35.07,20.59,21.35,20.12,25.32,16.57,13.77,27.78,32.9,28.27,16.57,17.27,15.33,15.75,30.9,15.26,30.1,31.5,15.36,15.57,15.84,29.05,27.32,22.83,17.08,18.8,21.33,20.2,30.86,29.11,25.0,22.44,25.67,51.19,24.58,16.09,27.4,13.11,52.49,17.54,24.74,17.55,15.89,31.59,17.31,22.08,18.89,22.55,16.34,45.27,22.31,33.58,17.73,18.27,20.83,30.4,14.81,16.85,23.54,20.07,22.68
2023-11-13,18.49,18.45,20.22,19.13,34.9,35.27,42.53,19.76,25.96,26.28,38.93,19.98,27.15,24.68,22.54,19.71,21.02,,13.1,23.81,22.99,13.94,20.14,27.83,24.15,19.08,34.23,25.64,25.58,20.72,31.49,24.51,21.59,19.17,17.95,23.25,15.51,23.49,,21.12,35.87,22.09,22.14,20.83,24.75,17.45,14.81,28.53,33.44,28.54,16.84,18.24,14.71,16.26,29.94,15.5,31.33,32.29,16.38,15.29,16.33,26.91,28.48,23.13,15.78,19.5,22.12,20.35,31.12,29.4,26.1,23.45,26.7,51.32,29.47,15.19,27.9,14.23,54.1,17.46,25.45,18.01,17.32,33.36,17.32,22.53,19.88,23.03,16.76,46.64,23.23,34.27,17.71,19.21,21.31,30.67,15.87,17.8,24.39,19.62,22.65
2023-11-14,17.33,18.4,19.32,17.92,34.38,32.98,41.35,19.06,24.93,25.22,38.44,19.13,25.36,24.43,21.49,19.46,20.78,,12.85,23.82,22.4,13.51,20.01,27.1,23.31,19.22,33.23,24.65,25.38,19.68,30.68,23.83,20.84,16.79,16.37,22.59,15.13,21.96,,20.22,35.24,21.38,21.23,20.36,17.66,16.17,13.97,28.32,32.69,26.96,16.09,17.72,13.79,15.52,28.5,15.13,28.82,30.68,15.73,14.55,15.42,25.66,27.18,22.23,15.26,19.09,21.62,19.92,30.28,27.88,25.21,21.98,25.82,50.25,30.28,14.48,27.93,13.37,53.29,16.86,24.61,17.75,16.58,30.58,16.66,22.32,19.48,21.94,16.61,44.73,22.32,33.63,17.44,18.39,19.96,30.55,15.25,17.43,23.65,19.68,22.27
2023-11-15,17.2,18.08,18.9,18.22,35.45,32.99,41.59,18.91,25.36,26.31,38.57,18.84,25.53,24.16,22.04,19.22,21.01,,12.73,23.89,22.44,14.51,19.56,26.94,23.18,19.66,32.8,25.97,25.36,19.57,30.41,24.52,21.56,17.03,17.56,22.9,15.16,22.06,,19.74,35.68,21.48,21.24,20.3,17.06,16.71,14.16,29.42,33.35,27.29,16.24,17.46,13.62,15.32,29.46,15.23,28.34,30.28,15.92,14.79,15.9,25.03,27.16,22.58,15.31,19.0,21.38,19.77,29.96,28.39,25.77,23.34,25.44,50.47,32.0,14.92,28.69,13.48,53.5,16.3,24.62,18.86,16.55,31.17,16.86,21.95,19.02,22.31,16.66,45.41,22.85,33.1,17.58,18.33,20.39,30.63,15.28,16.73,23.34,20.27,22.39
2023-11-16,17.56,17.98,18.68,18.63,35.77,35.96,41.4,19.21,24.7,26.38,39.18,18.96,24.59,23.61,22.51,18.84,21.18,,12.83,23.13,22.77,14.28,19.54,26.95,25.39,20.78,33.53,17.79,25.67,21.38,30.51,23.46,21.36,17.3,17.12,23.51,15.41,21.82,,20.14,35.05,21.24,21.41,19.59,16.88,16.61,13.71,31.68,32.63,27.17,16.31,17.08,13.82,15.05,28.68,14.79,27.97,30.37,15.87,14.56,15.53,24.72,27.12,22.81,15.37,18.99,21.03,19.91,30.55,28.15,25.36,24.47,25.32,49.74,32.23,15.01,27.95,13.19,53.13,16.44,24.61,18.41,16.06,30.72,16.25,21.77,18.03,22.35,16.75,45.66,22.66,33.17,17.71,17.97,20.51,29.97,15.25,16.55,22.86,16.55,23.09
2023-11-17,17.17,17.43,18.61,18.89,35.03,28.96,40.69,18.94,24.3,25.67,37.89,18.29,23.72,22.7,22.39,18.03,20.5,,12.24,23.32,22.49,13.95,19.68,25.67,24.05,19.97,33.43,16.13,25.29,20.27,29.49,22.98,21.31,16.46,17.53,24.25,14.65,20.89,,20.14,34.04,20.86,21.02,19.16,16.26,16.18,13.97,30.11,32.45,25.88,16.03,16.65,13.66,14.67,28.04,14.95,27.3,29.02,15.56,14.11,15.32,24.9,26.43,22.07,16.01,18.91,20.37,20.27,30.44,26.89,24.55,25.27,24.32,48.98,31.02,14.73,27.22,13.09,52.6,16.29,23.79,18.15,15.84,28.96,16.57,20.72,17.53,21.98,16.24,45.25,22.04,31.74,17.34,17.57,20.51,28.5,14.84,16.11,22.42,15.09,22.01
2023-11-20,16.45,16.55,17.35,20.88,35.06,28.41,40.31,19.62,23.69,24.71,37.45,17.83,24.01,22.1,20.92,17.32,21.22,,11.93,23.03,21.62,13.13,19.23,25.13,23.92,19.75,32.74,15.44,24.59,20.94,28.36,22.91,20.77,16.56,16.9,28.18,13.51,20.1,,18.29,34.67,20.24,20.54,18.68,15.78,15.81,13.11,30.62,32.18,25.19,16.13,15.96,12.8,13.96,26.82,14.29,26.62,28.49,15.09,13.39,14.77,25.81,25.8,20.82,15.59,17.72,20.1,20.7,32.54,26.09,24.38,28.12,24.18,48.18,30.74,13.71,26.43,12.42,52.13,16.45,22.89,17.25,15.92,28.23,15.35,20.12,17.44,21.55,15.64,44.97,21.83,31.77,16.38,16.78,20.35,27.67,14.56,15.75,22.01,13.67,21.95
2023-11-21,16.28,16.57,17.68,22.85,34.86,29.06,41.21,18.67,22.97,25.27,33.65,17.87,23.43,21.74,20.89,17.04,20.85,,12.23,22.36,21.34,13.64,19.1,25.18,23.61,19.21,32.58,15.06,24.09,19.94,28.02,23.95,20.15,16.48,16.66,29.27,13.48,20.08,,22.94,33.62,20.65,19.58,18.69,15.41,15.52,12.93,30.85,31.44,24.35,15.44,15.62,12.1,14.37,26.35,13.87,20.1,28.1,14.96,13.39,14.5,17.6,25.9,20.65,16.15,18.08,20.5,20.59,34.25,25.55,23.99,29.36,24.08,47.2,31.28,14.47,26.73,12.54,55.21,16.86,23.3,17.27,15.77,28.01,15.23,20.54,17.01,22.64,15.64,44.53,21.63,31.51,16.07,16.93,20.03,27.04,14.51,15.65,22.01,13.64,21.74
2023-11-22,15.94,16.08,16.89,22.5,33.65,27.14,38.27,18.03,22.36,24.39,30.92,17.73,22.63,20.91,20.36,16.47,20.26,,11.86,21.54,20.69,12.61,18.88,24.43,24.07,18.81,31.42,14.1,23.08,20.0,19.93,23.19,19.63,15.4,16.55,30.58,13.38,19.19,,18.16,33.55,19.06,18.39,17.89,15.31,15.24,12.31,29.22,31.02,23.53,15.24,15.22,11.81,13.855,25.76,13.55,19.645,27.1,14.515,13.235,14.62,18.37,25.02,19.95,17.95,17.93,19.7,19.535,34.2,25.05,23.655,31.84,23.485,40.825,29.98,13.78,26.15,12.09,52.91,16.45,20.53,17.18,15.57,27.87,14.65,20.13,16.34,21.71,14.39,43.6,21.04,30.8,15.685,16.335,19.815,26.31,14.13,15.6,21.11,13.37,21.95
2023-11-24,16.09,16.21,16.53,23.48,33.17,26.51,37.45,18.82,22.19,24.02,30.21,16.96,22.15,20.51,20.09,16.21,20.56,,12.29,21.85,20.46,11.65,18.7,24.32,23.26,18.7248,30.53,13.99,22.77,19.53,19.63,22.94,19.63,15.38,16.72,30.57,13.31,18.8,,19.09,33.47,19.75,19.86,17.46,15.19,14.72,12.5,28.3,30.64,23.08,14.88,15.13,12.01,13.34,25.17,13.23,19.19,26.1,14.07,13.08,13.36,18.94,24.14,19.75,16.6,18.21,19.38,18.48,33.72,25.92,23.32,31.71,22.89,34.45,29.75,13.09,26.28,11.82,51.73,15.7,21.76,16.82,15.03,27.45,14.66,19.73,16.09,20.78,13.87,42.67,20.45,31.39,15.3,15.74,19.6,26.44,13.75,16.14,20.8,13.1,21.5
2023-11-27,16.05,16.37,17.1,23.64,33.35,26.63,35.79,18.02,23.07,24.54,30.8,17.35,21.74,20.87,20.54,15.93,20.6,,12.82,21.72,20.95,13.86,19.19,25.64,23.1,18.6396,30.41,14.94,23.19,19.99,20.71,21.97,19.9,16.32,16.7,31.19,13.56,19.01,,17.5,33.3,20.13,19.94,18.02,15.62,15.46,12.93,28.36,28.89,23.21,14.83,15.51,12.27,13.36,26.02,13.245,20.31,26.01,14.34,13.01,14.97,19.09,24.03,19.96,16.51,18.38,19.85,18.37,35.38,25.61,23.3533,31.9,22.93,33.25,30.27,12.74,26.1,12.08,51.18,16.22,22.24,17.61,15.74,27.56,15.23,20.37,17.62,20.89,14.51,42.32,20.45,31.17,15.605,15.9967,19.7567,28.31,13.985,15.68,20.5,13.34,21.3
2023-11-28,15.74,16.68,16.98,23.36,32.83,26.62,34.73,18.73,22.19,23.7,30.63,17.5,21.91,20.93,21.13,15.95,20.18,,13.35,21.37,20.97,12.51,18.7,25.35,22.94,18.5543,30.75,14.69,22.53,19.92,21.61,22.23,19.55,15.89,16.46,31.35,14.02,19.07,,19.85,33.44,18.89,18.07,18.1,15.21,15.26,12.63,27.53,28.21,22.95,14.94,14.93,11.75,14.83,24.61,13.26,21.43,25.78,14.61,12.94,14.54,18.45,23.92,19.31,16.25,18.81,20.1,18.26,33.45,25.83,23.3867,32.27,22.97,32.31,29.51,12.39,26.14,11.63,51.09,15.47,21.76,17.58,15.55,25.79,14.46,20.1,17.31,21.0,14.41,41.97,20.45,30.53,15.91,16.2533,19.9133,28.28,14.22,15.16,20.52,13.58,21.13
2023-11-29,16.32,17.27,17.09,23.68,32.73,27.34,33.88,18.65,22.52,23.73,30.46,17.24,21.85,20.98,21.39,16.65,20.38,,11.96,21.37,20.88,14.49,18.96,25.25,24.04,18.4691,30.35,14.45,23.76,21.08,20.09,21.84,19.7,15.89,16.42,30.79,14.38,18.97,,17.37,29.39,19.99,20.47,18.74,15.77,15.13,12.97,28.39,22.48,23.9,14.72,15.38,12.25,14.78,24.18,13.75,19.09,25.81,14.37,13.56,15.9,19.68,24.77,19.3,16.92,17.86,20.15,18.57,32.72,25.19,23.42,31.29,23.18,31.68,29.77,13.82,26.41,12.0,50.02,15.48,21.23,17.14,16.47,27.89,14.44,20.44,17.29,22.07,14.22,42.53,20.45,32.19,17.6,16.51,20.07,28.5,13.93,15.55,20.44,13.82,22.27
2023-11-30,16.01,16.44,16.98,23.4,32.71,25.06,34.13,17.28,22.48,23.67,29.77,17.48,22.23,20.98,21.65,16.97,21.17,,11.33,20.98,20.95,12.5,18.91,25.13,22.39,18.3839,21.03,14.57,22.77,19.5,20.17,21.74,19.4,16.01,15.82,30.31,13.71,19.29,,17.23,28.53,20.28,20.6,18.15,15.02,14.93,12.77,28.32,21.85,23.12,14.08,14.78,12.17,14.44,23.98,13.88,18.96,26.39,14.51,13.31,14.69,18.36,25.17,19.37,14.76,17.43,20.04,18.03,33.38,25.12,23.55,31.26,23.02,32.11,30.39,13.42,26.62,11.44,48.86,15.43,22.45,16.83,16.8667,27.24,14.12,19.03,16.79,20.68,14.75,42.86,20.53,33.75,15.23,16.32,20.01,28.5,13.81,14.92,20.5,13.3,21.0
2023-12-01,15.71,16.34,16.0,22.95,32.9,26.45,33.77,18.18,22.28,22.95,29.78,17.5,22.69,20.9,21.26,16.35,21.48,,11.34,21.7,20.93,12.09,19.6,24.46,21.84,,21.55,14.73,22.88,19.69,20.08,22.46,19.3,15.65,15.35,29.96,12.87,18.99,,17.66,27.55,20.04,20.73,17.82,15.16,14.66,13.04,28.4,22.08,22.33,14.18,14.8,11.95,14.76,24.15,13.82,18.89,25.8,14.21,12.74,14.97,19.22,25.43,19.1,15.02,17.63,19.74,18.11,33.42,24.0,23.985,30.9,22.74,31.59,30.9,13.1,25.7,11.94,49.49,14.94,21.59,16.16,17.2633,26.89,14.16,19.49,17.41,19.88,14.87,42.39,20.62,33.48,15.33,16.32,19.45,28.9,13.71,15.24,20.1,14.22,20.55
2023-12-04,16.5,16.93,16.7,24.15,34.72,28.48,35.93,18.1,23.78,24.69,30.8,18.8,23.14,21.81,22.37,16.85,22.89,,12.29,22.27,21.79,13.6,20.22,26.05,22.82,,21.8,15.81,24.66,20.41,20.82,23.18,20.8,16.18,17.31,30.67,13.71,19.61,,17.52,28.22,22.7,22.29,18.35,15.57,15.07,14.49,29.94,22.57,22.81,15.26,15.99,12.78,15.62,24.89,14.04,19.42,27.47,14.72,13.49,15.73,18.31,27.26,20.25,15.87,17.83,20.7,19.64,34.49,25.8,24.42,32.98,24.11,33.84,33.39,14.04,24.51,13.16,53.05,15.82,22.57,16.93,17.66,27.14,15.05,19.965,18.12,21.44,16.6,44.41,21.78,31.3,15.48,16.77,20.27,30.4,14.56,16.09,21.71,14.35,21.18
2023-12-05,16.54,16.94,16.9,23.97,36.37,31.09,36.48,18.93,23.09,24.86,30.35,19.23,23.21,20.98,22.46,16.76,23.4,,12.59,22.14,22.29,13.63,21.54,26.93,23.12,,21.12,16.45,22.28,20.81,21.36,22.67,21.15,15.93,17.19,29.97,13.69,20.13,,16.26,27.92,23.4,25.37,18.64,15.96,15.41,14.56,30.25,22.79,24.78,14.09,15.32,12.65,15.72,24.72,14.0,19.78,27.52,15.14,13.61,16.45,17.67,27.84,20.85,15.62,17.04,20.14,19.73,34.61,25.49,24.14,32.74,24.26,33.38,33.05,14.6,23.72,14.02,51.36,16.72,22.72,17.12,19.64,27.57,15.17,20.44,17.74,21.85,16.82,44.45,22.09,31.17,15.81,16.89,20.43,29.6,14.55,16.6,20.81,14.1,21.89
2023-12-06,16.52,17.1,16.8,24.02,36.37,28.78,35.94,18.52,23.09,24.98,29.0,20.04,23.54,22.0,22.55,17.16,23.66,,12.06,23.16,22.39,13.76,21.11,26.82,24.1,,21.61,16.19,21.13,21.77,20.8,23.06,21.95,15.82,18.08,30.68,12.91,20.17,,16.52,30.89,22.55,22.8,18.69,15.63,15.55,14.37,30.17,22.69,23.9,14.08,16.24,12.3,16.1,24.04,14.73,19.59,27.49,14.93,12.67,14.73,16.8,27.27,21.82,15.74,17.23,20.97,19.54,34.74,25.91,24.43,32.89,24.61,33.85,33.01,14.54,23.3,13.99,52.83,16.65,22.17,16.92,18.75,26.7,14.58,20.495,18.23,21.54,16.74,45.39,21.67,30.53,15.45,16.7,19.82,29.24,14.46,16.42,20.78,15.01,22.78
2023-12-07,16.24,17.13,16.83,24.32,36.62,28.56,36.34,19.16,22.93,24.65,28.84,19.41,23.69,22.28,22.61,17.59,23.77,,12.33,23.95,22.47,13.69,21.04,26.27,23.14,,21.1,16.11,20.9,21.5,20.96,21.64,21.98,16.35,16.98,30.15,14.09,20.22,,19.15,27.98,22.19,23.51,18.57,15.77,15.04,14.08,31.42,22.72,24.07,14.12,16.47,12.4,15.55,24.27,14.54,19.34,28.03,14.87,12.43,14.96,19.56,26.69,21.42,16.07,17.53,20.73,19.35,34.82,25.39,24.4,33.46,24.1,32.87,32.29,14.54,24.1,13.1,51.65,15.18,22.55,17.48,18.61,26.8,14.46,20.55,17.66,21.57,16.79,44.78,21.62,29.91,15.73,17.02,19.89,29.32,14.41,16.37,21.15,15.21,23.07
2023-12-08,15.66,16.44,16.28,23.21,35.78,28.17,35.57,18.59,22.56,23.52,24.75,18.21,23.58,21.44,21.5,16.85,22.89,,12.11,23.57,20.82,11.95,20.44,24.7,23.14,,19.98,15.3,20.34,20.46,19.76,22.57,21.51,15.95,17.03,30.31,13.81,20.07,,16.89,27.0,22.16,22.7,17.56,15.44,15.04,13.06,30.12,22.08,24.21,14.05,15.8,11.95,14.86,23.78,14.14,18.84,27.24,14.44,12.29,14.62,16.78,25.76,21.33,15.51,17.23,20.22,18.04,34.5,23.96,23.54,33.01,23.01,31.59,31.99,14.38,23.21,12.88,50.21,15.93,22.36,17.28,17.81,25.59,14.58,19.6,17.7,19.53,15.97,42.69,20.97,29.24,15.24,16.48,19.47,27.5,14.0,16.33,20.72,14.89,21.96
2023-12-11,16.69,18.03,17.29,23.66,35.78,29.0,36.91,19.85,23.69,24.46,27.84,18.45,23.87,23.84,23.03,18.79,23.42,,11.46,25.27,21.33,14.02,21.09,25.21,23.01,,20.93,15.94,21.62,20.84,20.32,22.87,22.1,15.55,17.95,30.08,14.07,20.42,,18.3,27.13,21.68,22.25,18.46,16.04,14.88,13.77,32.01,22.57,26.86,14.59,17.62,12.34,14.72,26.74,14.14,19.82,28.58,14.87,12.31,16.29,16.97,27.4,21.24,15.94,18.3,20.34,19.01,35.55,25.37,24.56,32.9,23.77,33.55,34.13,14.12,23.91,13.24,50.44,15.31,22.98,18.27,18.29,25.8,14.69,20.21,19.85,21.17,16.93,44.64,21.71,30.32,17.76,16.74,19.8,27.66,14.32,18.45,23.14,15.4,21.83
2023-12-12,15.56,18.46,16.61,23.74,35.18,28.94,36.55,19.91,23.89,23.14,27.86,18.51,23.47,23.28,21.82,17.09,23.41,,11.97,24.99,20.8,12.63,20.87,23.97,23.39,,20.34,14.9,20.92,20.9,20.02,24.29,21.26,15.15,16.44,29.31,13.67,20.37,,20.03,26.2,21.19,22.06,17.45,15.25,14.61,13.68,31.1,21.42,29.02,14.4,17.19,11.79,16.32,25.45,14.02,18.54,27.99,13.84,11.68,14.55,16.99,26.23,20.93,15.03,17.62,19.33,18.53,35.18,24.65,24.01,32.64,23.01,32.61,22.1,13.68,26.51,12.97,49.28,15.43,21.94,17.5,17.55,24.66,14.98,19.58,21.01,18.22,16.85,43.09,21.39,30.02,18.03,15.76,19.23,26.75,13.51,18.29,23.15,14.96,22.04
2023-12-13,15.7,18.42,17.14,23.78,34.73,30.52,35.68,20.37,23.49,23.42,28.79,17.88,22.86,24.99,21.74,18.55,24.5,,11.09,25.63,20.89,12.21,19.99,23.82,21.56,,20.51,14.91,20.42,20.06,20.34,23.45,21.38,16.37,16.73,28.48,13.36,19.27,,17.62,26.08,21.23,22.39,18.03,16.04,14.37,13.93,31.32,21.42,27.72,14.45,18.22,11.58,15.13,25.46,14.19,19.12,27.61,13.74,11.91,14.56,14.45,26.06,20.29,14.03,17.01,19.36,19.32,35.19,24.5,25.4,32.48,22.75,32.64,20.76,13.57,24.15,13.24,49.43,15.06,21.75,18.07,17.13,24.12,14.97,20.7,23.34,23.15,17.09,43.37,21.31,29.95,18.69,16.75,19.21,26.93,13.32,19.67,23.77,14.16,21.5
2023-12-14,16.11,18.65,17.36,23.9,26.73,28.84,36.17,19.89,24.92,24.35,28.54,18.88,23.66,26.74,22.64,20.21,24.94,,12.03,27.68,22.34,15.82,20.7,25.47,23.04,,20.31,15.54,21.56,20.37,21.58,24.9,22.0,19.88,16.68,29.63,15.14,21.2,,22.81,27.79,22.2,22.5,20.83,16.72,17.43,14.4,32.43,22.1,28.59,15.07,18.27,12.95,15.55,27.66,14.8,19.86,29.26,14.77,12.66,17.37,17.5,26.7,22.16,14.96,17.75,21.61,20.15,35.11,25.64,26.84,32.31,24.73,33.22,21.66,15.25,25.36,13.76,51.42,16.47,22.0,18.4,17.63,27.12,15.82,20.89,22.65,22.88,17.34,44.57,21.52,30.76,20.02,17.71,20.02,28.81,14.93,19.75,25.68,15.51,21.37
2023-12-15,15.74,18.71,17.14,24.08,26.14,28.57,35.35,19.92,22.95,23.77,30.45,19.16,25.5,26.61,21.84,21.06,22.93,,11.7,26.94,21.42,14.21,20.16,24.92,22.51,,20.53,15.17,21.82,20.35,21.41,25.21,22.28,15.55,16.38,28.66,14.74,20.99,,18.87,27.73,21.74,22.84,20.72,16.58,15.11,14.38,31.45,22.2,28.82,15.4,18.45,14.12,15.11,27.62,15.82,18.95,28.72,14.92,12.8,15.88,16.74,26.15,21.33,14.98,18.31,21.51,18.51,34.62,25.24,24.96,32.12,25.47,33.14,22.43,15.38,24.39,13.84,52.94,15.11,21.71,19.15,17.79,26.77,15.71,21.08,23.18,23.96,17.05,44.07,20.5,31.21,20.03,17.13,19.56,28.88,14.42,19.61,24.68,14.6,21.82
2023-12-18,16.29,18.71,17.04,23.68,25.72,28.77,35.21,19.87,22.76,24.11,28.61,18.8,24.96,25.8,22.39,21.33,24.33,,12.21,26.66,22.23,14.76,20.07,24.42,23.47,,21.3,15.33,22.43,20.83,21.26,24.95,22.0,15.25,16.81,29.69,14.88,21.17,,19.17,27.7,23.27,22.58,21.66,16.93,14.99,14.56,30.59,22.24,29.47,15.26,18.74,12.89,14.96,26.34,15.25,18.93,29.12,14.97,12.9,15.84,16.91,26.23,21.86,13.64,18.13,23.25,19.29,33.78,26.5,26.22,31.58,25.05,34.23,21.49,15.02,24.42,13.92,51.09,14.97,21.96,19.17,17.73,28.71,15.77,20.65,21.72,23.78,17.36,44.18,20.7,30.47,19.84,17.62,20.19,30.28,14.62,18.74,24.4,14.39,21.77
2023-12-19,16.28,18.45,17.35,17.8,25.9,28.6,35.56,19.9,22.56,24.3,27.5,19.05,25.23,26.47,21.92,21.22,24.84,,12.12,28.05,22.73,14.83,20.09,24.3,23.07,,20.74,15.28,23.11,20.52,21.48,24.92,22.43,15.2,16.53,30.77,14.51,20.4,,19.59,27.27,22.44,22.55,22.72,16.47,14.85,14.56,31.3,22.1,29.02,15.06,19.06,13.23,15.2,26.68,15.24,18.91,29.13,15.07,13.06,15.68,16.83,26.51,21.78,13.48,17.73,24.21,19.43,33.58,26.73,26.02,30.91,24.96,33.84,21.51,15.4,25.57,14.2,50.94,14.61,21.92,19.33,17.78,29.12,15.92,20.93,20.89,24.1,17.57,43.24,20.72,30.36,19.55,17.59,21.11,31.58,14.46,18.85,24.78,14.77,21.86
2023-12-20,17.03,18.82,18.45,17.88,26.4,30.23,36.87,21.18,23.85,25.13,27.78,19.96,26.42,27.47,23.72,22.52,26.02,,13.04,28.19,24.14,16.19,21.26,25.56,24.29,,21.88,15.65,24.67,21.38,22.3,25.54,23.83,16.4,17.99,24.59,15.98,21.44,,20.15,28.4,24.5,23.81,23.54,17.56,15.91,15.45,32.07,23.38,30.93,16.32,20.08,14.48,16.7,27.34,16.45,20.05,31.17,16.54,14.17,16.89,18.26,27.84,22.61,15.88,18.66,25.57,20.74,36.47,28.35,26.87,33.5,25.83,35.59,21.97,16.49,25.94,15.06,52.81,16.61,23.05,20.43,18.94,31.83,17.1,21.96,21.74,23.87,18.87,44.59,21.55,31.18,21.41,18.14,21.22,32.83,15.61,19.56,25.62,15.4,22.92
2023-12-21,17.12,18.95,18.78,17.28,26.19,29.84,35.96,20.52,23.63,24.97,27.3,21.03,26.63,26.98,23.33,22.3,25.55,,13.09,27.91,24.16,15.65,22.31,26.09,24.02,,21.87,16.07,24.25,21.26,21.81,25.43,23.55,15.96,17.38,22.83,15.9,22.62,,19.62,27.99,23.69,23.66,23.68,17.35,15.77,15.83,32.93,23.1,31.39,15.9,19.98,14.02,16.6,26.82,16.29,19.82,30.18,16.36,13.77,16.42,18.31,27.53,22.69,15.02,18.38,25.64,21.05,30.2,28.72,29.05,35.12,26.25,34.28,21.91,16.28,26.09,15.58,50.48,16.125,23.23,20.82,18.55,31.74,17.02,22.0,22.08,23.64,18.59,44.56,22.02,30.78,21.14,19.02,21.29,32.79,15.59,19.51,25.98,15.02,22.8
2023-12-22,17.48,18.25,17.69,16.87,24.69,29.06,34.94,19.99,23.24,24.54,26.67,20.88,25.83,26.66,22.9,21.7,25.58,,12.63,27.39,23.4,14.32,22.72,26.13,23.53,,21.19,15.08,23.28,21.08,21.67,24.38,23.06,15.55,17.07,21.63,15.68,22.9,,18.5,27.71,23.34,23.11,23.27,16.88,15.99,16.63,33.21,22.62,32.02,15.61,19.21,13.57,15.93,25.53,15.84,20.2,29.48,16.25,13.31,16.24,17.98,27.1,22.91,14.31,17.45,25.31,20.53,27.93,27.87,30.59,21.12,26.65,33.29,21.38,15.2,26.41,15.31,49.15,15.64,22.9,20.19,18.18,31.69,16.47,21.66,22.05,23.3,17.91,45.26,21.98,30.03,20.74,19.36,20.97,32.58,15.49,19.68,25.52,14.59,22.45
2023-12-26,17.85,18.27,17.54,16.78,26.32,30.22,36.91,20.2,23.55,25.1,26.9,24.21,27.66,26.85,23.29,22.14,25.55,,12.92,28.06,23.48,20.05,27.44,30.41,23.93,,22.07,15.75,23.46,21.61,22.41,23.22,24.32,16.7,17.37,21.94,15.6,27.33,,20.3,28.52,23.81,23.17,23.78,17.7,16.37,21.62,40.44,23.44,37.23,16.99,19.52,14.21,16.73,27.07,18.01,21.59,32.96,17.99,13.98,17.99,18.71,27.89,24.91,14.37,18.18,25.59,24.68,29.37,30.18,40.14,21.55,30.84,33.82,22.38,15.75,28.43,17.96,51.37,16.76,23.95,24.92,18.87,32.07,17.15,22.37,25.94,24.43,17.84,48.69,24.36,31.89,21.07,22.35,21.44,33.43,17.36,22.69,26.14,15.04,22.99
2023-12-27,17.93,18.39,19.43,16.79,25.3,29.69,36.87,20.22,22.63,24.65,26.33,24.02,26.93,25.99,22.71,21.93,24.27,,12.39,26.86,23.2,18.83,27.87,31.19,23.43,16.85,21.62,15.4,22.49,21.05,21.27,23.66,23.35,16.26,17.0,20.75,17.07,27.63,,19.51,27.43,22.35,23.28,23.52,17.47,15.82,22.19,40.81,23.29,37.78,17.18,18.96,14.38,16.0,26.02,18.48,20.19,33.7,18.37,12.66,16.58,18.04,27.5,25.19,15.27,16.99,25.12,23.91,28.64,29.82,42.66,20.72,29.79,33.25,21.69,15.33,28.0,18.33,49.43,17.27,23.36,25.55,18.54,31.62,16.52,21.71,25.95,23.97,18.05,48.82,25.49,32.47,20.29,21.72,19.95,31.71,17.99,22.42,24.92,14.58,21.91
2023-12-28,17.87,17.92,20.14,16.72,25.32,29.55,37.75,19.75,22.22,25.46,25.57,24.17,27.66,25.86,22.5,21.32,24.66,,12.32,26.91,22.63,17.26,27.42,30.89,23.43,16.55,21.03,14.86,21.85,21.91,21.57,24.8,23.31,15.75,16.85,20.41,17.76,27.37,,18.3,27.85,24.2,23.91,23.15,16.83,16.53,21.78,40.47,22.39,37.25,17.53,18.76,13.37,15.17,26.67,18.98,19.59,33.34,18.76,13.88,16.76,17.37,28.75,25.07,14.64,17.5,25.01,25.49,28.19,29.21,42.08,20.09,32.15,32.24,21.58,14.87,28.18,18.44,49.92,17.46,24.62,24.43,19.08,31.38,15.81,21.46,26.01,25.18,17.64,50.02,25.99,31.71,20.33,21.88,21.7,31.59,17.91,22.58,25.05,14.85,22.87
2023-12-29,18.02,17.26,19.68,16.13,24.83,28.11,38.45,19.43,21.82,26.66,25.0,23.78,27.02,25.4,21.8,21.67,23.63,,12.68,26.35,22.59,17.32,26.86,30.22,23.3,16.73,20.68,14.46,21.25,21.91,21.08,24.45,22.95,15.61,17.67,19.99,17.32,27.44,,17.94,26.71,24.31,23.96,22.63,16.63,15.91,21.43,40.43,22.13,36.7,17.21,18.64,13.39,14.62,25.15,18.18,19.21,33.22,18.4,13.36,17.43,16.65,30.38,24.62,14.61,17.07,24.43,25.16,27.19,28.61,41.77,19.76,32.78,32.52,21.15,14.71,27.54,17.39,48.9,14.95,24.88,24.37,20.09,30.2,16.29,21.44,26.84,24.58,17.35,49.32,25.15,30.87,20.31,21.57,22.33,31.26,17.96,22.17,24.84,14.71,22.87
2024-01-02,22.8,19.59,21.2,17.33,26.09,32.3,45.07,21.96,22.54,33.56,26.69,24.48,28.56,26.38,23.5,22.75,27.28,,12.95,28.28,24.61,17.9,27.5,31.84,23.81,17.71,22.72,15.12,21.94,23.43,22.27,27.34,23.93,16.62,19.14,20.99,17.95,28.44,,18.87,32.19,29.28,29.12,23.53,17.3,18.5,21.75,40.92,23.87,39.26,17.51,19.36,13.74,16.71,27.2,19.43,20.31,36.42,19.77,16.59,19.42,17.78,40.14,26.66,16.54,19.8,25.97,27.34,27.76,31.13,43.58,21.28,34.75,34.61,22.03,15.12,30.36,18.91,51.35,16.7,29.53,24.78,23.48,31.53,16.79,22.88,26.29,27.9,19.83,50.98,26.57,30.67,20.6,22.29,29.01,32.27,19.64,22.45,26.9,14.62,23.85
2024-01-03,23.44,20.5,21.27,17.53,25.8,32.89,45.83,23.16,23.28,34.54,27.2,22.7,29.78,27.09,23.91,23.22,26.73,,13.51,30.37,23.79,16.35,28.13,31.96,23.91,17.69,23.26,15.17,22.88,24.08,22.72,27.0,24.64,16.31,19.88,21.36,18.68,28.74,,20.68,33.82,31.32,31.0,24.96,18.3,20.13,21.58,41.99,24.45,41.08,17.84,20.52,12.7,15.83,27.27,19.79,21.39,37.21,20.16,15.3,18.57,16.0,41.71,26.93,18.67,19.72,27.0,27.65,30.4,28.37,43.34,21.42,35.34,34.97,22.08,15.15,30.97,20.27,50.15,16.68,35.54,25.41,25.24,33.1,17.77,23.49,26.24,30.42,21.09,49.65,28.2,28.89,20.92,22.6,31.19,32.84,19.17,22.29,29.38,15.12,26.06
2024-01-04,23.96,21.92,21.19,17.47,25.34,32.75,45.66,23.14,23.3,35.54,26.89,25.1,30.5,27.38,23.7,22.53,27.83,,13.57,31.03,23.87,19.78,28.52,32.19,24.54,17.41,22.67,15.22,23.34,24.02,22.57,29.11,25.11,16.91,21.17,21.24,18.55,28.92,,23.05,33.89,29.71,29.6,24.69,18.51,19.82,22.97,41.95,24.31,42.04,18.22,21.03,13.11,16.52,29.21,19.39,21.04,37.35,20.11,14.14,19.35,17.62,41.95,27.6,17.7,21.65,27.57,27.69,30.51,30.72,43.62,21.6,35.4,33.56,21.87,15.82,31.39,18.54,49.95,16.61,34.15,24.72,25.77,33.69,17.21,23.74,27.03,31.08,21.6,49.4,28.76,33.56,20.32,22.52,30.97,32.88,19.37,22.53,27.62,15.41,24.67
2024-01-05,23.61,22.18,21.14,17.03,24.79,32.25,44.97,22.54,22.77,34.98,26.29,25.18,30.05,25.9,23.29,23.25,26.73,,13.32,29.82,24.43,17.98,28.1,31.84,24.26,16.47,22.16,14.83,23.43,23.44,21.81,28.78,25.51,16.19,19.6,20.08,18.68,28.74,,23.01,33.17,29.95,30.29,24.1,17.8,19.45,23.27,41.22,24.49,40.33,17.88,20.25,13.59,15.47,29.8,19.16,20.49,37.05,19.54,14.12,20.45,18.15,41.03,26.29,16.97,20.24,26.78,27.01,29.89,29.53,42.86,20.77,34.74,32.97,20.72,16.13,30.51,17.78,47.59,16.0,33.44,24.04,28.07,33.18,16.03,23.27,26.46,29.2,20.36,47.7,28.14,33.23,21.82,22.08,30.49,31.92,18.52,22.66,26.59,15.64,24.09
2024-01-08,23.1,22.16,20.21,16.6,24.44,32.09,46.4,23.41,22.96,35.38,27.44,25.33,36.57,26.04,22.42,22.66,26.36,,13.54,30.59,26.29,17.54,27.86,31.68,26.14,16.05,22.8,15.04,23.96,22.93,21.67,26.99,29.33,16.51,20.69,20.08,18.08,28.84,,22.34,33.07,30.12,30.27,23.9,17.58,19.92,23.53,41.83,23.7,39.17,17.29,19.98,13.08,16.48,33.16,18.9,20.28,37.08,19.6,15.29,19.94,17.49,40.04,25.91,16.69,20.63,26.41,26.72,30.16,28.92,42.65,20.49,34.56,34.31,21.15,17.07,29.22,17.46,47.67,16.96,32.97,21.76,28.51,33.19,15.74,23.67,26.65,28.8,20.84,46.85,27.94,36.95,20.41,22.1,30.25,32.44,18.63,22.34,26.59,15.19,24.78
2024-01-09,23.16,21.39,19.82,16.0,24.13,31.32,45.36,23.12,22.65,35.13,27.41,25.16,33.41,26.1,22.16,22.76,26.07,,12.86,29.48,26.66,17.28,27.99,30.85,26.96,15.52,22.47,14.72,24.08,24.15,21.54,28.0,30.63,16.97,22.27,19.79,17.65,28.62,,20.61,33.06,28.55,29.74,24.11,17.32,19.66,23.94,41.77,23.56,38.68,17.43,19.98,13.31,16.28,34.92,19.84,19.79,36.69,19.27,15.71,18.94,16.51,40.13,25.36,15.97,19.75,26.45,27.39,29.38,28.79,42.9,19.96,34.61,35.13,20.75,17.35,29.14,17.32,47.57,17.14,33.11,24.29,28.83,34.21,15.72,23.47,26.31,27.8,20.69,47.18,28.29,39.1,20.12,22.16,30.42,32.26,18.64,21.91,26.55,14.04,24.72
2024-01-10,23.05,21.04,19.64,16.05,24.29,30.98,46.25,21.07,23.39,34.85,26.69,25.01,32.47,25.84,22.24,22.05,25.62,,12.93,30.04,27.6,18.11,27.98,32.22,27.75,15.22,22.68,14.85,25.0,23.88,21.5,27.18,32.24,16.61,21.92,20.33,18.79,29.11,,20.86,32.59,25.64,29.75,24.2,17.27,19.6,24.11,41.78,23.61,36.87,17.27,20.23,12.44,15.99,35.43,19.13,19.8,36.49,19.29,16.26,18.85,19.2,41.08,26.02,16.77,19.07,26.59,25.84,29.44,27.71,43.09,19.71,35.12,35.13,21.22,17.85,27.64,17.22,49.63,18.71,33.6,23.74,29.03,33.17,15.54,23.54,26.45,27.17,19.9,46.89,28.05,40.3,19.92,21.69,30.08,33.16,18.44,21.84,26.1,14.04,24.77
2024-01-11,22.71,21.61,20.11,15.66,24.19,30.83,45.85,22.63,22.64,35.0,26.38,24.32,32.96,25.78,21.96,22.69,25.91,,13.41,28.57,27.54,17.92,27.54,32.68,27.16,14.84,22.87,15.51,24.08,23.58,21.98,27.23,32.19,17.12,21.31,19.82,18.44,29.4,,21.32,32.34,29.81,29.53,23.09,17.01,19.67,23.56,41.07,23.25,33.66,16.82,20.94,12.79,16.86,35.3,18.82,19.34,36.13,19.17,16.17,19.44,16.86,40.84,26.53,17.24,19.49,26.53,27.55,28.88,28.05,43.36,20.27,34.58,34.24,20.36,17.87,27.72,16.89,50.85,18.3,33.38,24.03,29.22,34.18,16.74,22.98,28.54,26.48,20.56,46.73,27.28,41.0,20.14,21.99,30.36,31.18,18.85,25.3,25.55,13.44,24.43
2024-01-12,22.93,20.93,19.72,15.8,24.13,31.43,45.34,22.55,22.24,34.62,26.3,24.34,32.41,21.88,22.16,18.29,25.49,,12.94,23.81,27.02,16.48,27.49,31.62,27.35,15.19,22.61,16.87,24.73,23.43,22.58,26.6,31.31,17.11,21.78,18.19,18.19,29.25,,21.53,32.93,27.03,29.56,22.1,16.64,19.47,24.31,40.51,23.09,32.13,16.92,16.1,12.51,16.69,34.41,18.72,19.18,36.22,19.1,15.93,18.96,16.67,40.25,25.62,16.98,19.16,25.43,26.48,28.52,28.23,42.91,19.07,34.07,33.47,20.24,17.23,26.55,15.44,51.9,17.81,32.21,23.97,29.04,32.63,15.72,22.73,27.11,26.38,19.68,49.33,27.18,38.15,17.42,21.88,30.34,31.38,18.44,22.85,26.5,13.5,23.75
2024-01-16,23.86,21.02,20.36,17.01,25.83,34.69,47.89,23.88,23.82,35.59,28.32,25.23,36.83,22.54,23.13,20.21,26.49,,13.4,24.51,28.46,17.24,28.4,33.15,29.15,16.01,23.68,23.2,25.19,25.94,26.92,27.61,33.81,19.03,22.67,19.32,19.14,30.45,,23.36,34.24,30.2,30.25,20.78,17.97,20.47,25.36,42.25,24.91,31.69,17.95,16.78,14.79,17.44,34.33,19.4,20.35,37.62,19.76,17.03,19.75,17.83,41.26,28.23,18.5,19.49,22.28,26.98,30.87,30.02,42.67,21.25,34.66,35.22,21.58,18.47,26.98,17.01,64.4,18.72,33.63,24.12,29.93,32.86,19.06,24.72,26.45,26.89,20.64,49.76,28.71,43.38,17.95,22.49,32.12,31.16,19.42,23.05,22.38,14.15,26.54
2024-01-17,24.19,21.22,20.69,17.9,26.56,36.52,50.29,24.75,24.9,36.26,28.74,25.89,36.48,23.68,23.73,20.87,26.58,,13.76,24.7,29.22,17.01,28.84,33.76,30.51,16.37,24.03,25.78,25.49,26.26,29.07,27.96,34.0,19.29,23.69,19.87,19.07,30.74,,23.17,34.08,30.4,30.5,21.23,18.42,20.76,24.86,42.88,25.46,31.71,18.12,17.43,15.42,17.93,33.93,19.62,21.22,38.75,20.7,17.37,19.8,17.7,41.47,29.11,18.51,19.78,22.34,27.14,31.66,33.32,43.35,21.58,35.1,35.95,22.03,18.56,27.01,17.23,69.4,19.05,33.63,24.26,30.3,26.9,20.1,25.96,27.35,27.11,21.5,49.48,29.18,44.05,18.13,23.02,32.53,28.76,20.75,23.57,22.88,14.5,26.81
2024-01-18,23.16,21.04,19.98,17.09,26.04,36.17,49.96,24.23,24.74,35.53,29.71,26.19,36.22,22.64,23.76,19.47,27.4,,13.2,24.63,29.07,17.78,28.26,33.02,29.82,16.26,23.82,25.46,27.26,26.17,28.48,27.73,33.16,19.1,22.95,19.18,18.75,30.69,,22.83,34.26,30.28,30.07,20.54,18.7,20.59,24.68,42.72,25.3,32.67,17.88,16.34,15.07,17.4,34.4,19.59,21.26,38.87,20.02,16.74,19.64,17.64,40.73,29.09,17.91,18.96,22.28,26.55,30.99,32.19,42.99,21.37,34.4,36.76,21.38,18.31,27.46,17.75,67.64,18.5,33.67,24.42,29.52,25.87,19.88,25.23,26.85,26.79,20.93,48.76,29.13,45.66,19.41,22.61,32.03,27.67,19.88,22.83,22.15,14.83,26.83
2024-01-19,22.27,20.67,18.9,16.62,25.46,35.6,50.84,23.95,24.09,34.41,31.31,25.31,35.31,21.85,24.02,18.94,27.24,,12.98,23.53,28.7,16.43,27.25,33.33,28.2,15.67,23.9,24.67,26.22,24.87,28.77,27.02,32.48,18.48,22.5,19.15,18.65,29.76,,21.84,33.74,29.28,28.46,19.8,18.64,19.77,23.89,44.6,25.07,32.29,17.26,15.7,15.06,16.82,33.21,19.2,20.71,39.45,19.95,16.95,19.36,17.24,40.05,28.98,17.59,18.36,21.64,25.5,31.05,32.31,43.01,20.85,33.09,38.24,21.06,18.12,27.86,17.47,68.66,18.67,34.67,24.81,29.11,26.0,20.18,24.66,26.9,25.85,20.72,47.81,29.02,44.87,18.18,22.07,32.05,27.54,19.23,22.56,21.41,15.33,25.39
2024-01-22,22.38,20.81,20.21,16.58,26.51,35.4,52.22,24.19,24.49,35.77,30.7,25.31,34.96,22.18,27.22,18.78,28.39,,12.7,23.74,28.92,17.01,28.55,33.39,28.18,16.31,23.49,24.12,26.53,24.36,28.47,27.85,33.15,18.5267,22.51,19.34,17.89,31.08,,25.28,33.85,29.65,29.23,20.46,21.27,20.29,24.14,43.84,27.49,32.61,17.31,16.05,14.86,16.61,32.84,19.94,21.49,39.48,19.67,16.97,19.35,17.66,40.69,29.33,17.16,18.94,21.5,26.69,30.47,32.16,44.15,20.97,33.46,42.23,21.09,18.14,27.67,17.62,72.27,19.7,33.46,28.64,31.33,26.6,19.59,25.75,29.93,26.37,21.24,50.77,29.59,45.14,18.27,21.79,31.63,28.03,18.71,24.37,21.71,18.13,24.65
2024-01-23,21.63,21.66,20.66,16.05,25.91,35.14,50.08,23.51,23.48,35.18,29.75,25.04,34.46,21.32,27.41,18.09,28.93,,12.15,22.34,28.46,16.84,28.21,33.78,26.77,15.66,23.04,24.07,25.79,23.45,27.66,27.02,32.95,18.5733,22.78,18.88,17.71,21.91,,22.4,33.41,29.39,29.18,19.58,21.92,19.59,23.73,44.05,26.93,33.31,14.86,15.36,14.69,16.42,33.84,16.27,22.12,38.43,19.65,16.42,19.41,19.61,39.52,24.26,17.42,18.45,20.67,26.02,29.84,30.41,44.79,20.06,32.4,42.06,21.32,17.66,26.95,11.93,71.48,17.49,33.1,18.98,29.85,25.62,18.64,25.44,31.51,26.13,20.87,51.68,28.0,44.76,17.24,21.1,30.74,26.76,17.69,17.63,20.52,18.55,23.87
2024-01-24,22.03,20.77,16.55,16.47,26.53,35.68,52.38,23.81,24.48,35.71,30.04,24.49,34.56,20.77,28.37,17.86,29.7,,12.48,21.79,28.94,17.76,31.22,33.96,26.78,15.86,23.55,24.24,35.22,23.05,28.85,27.0,32.78,18.62,23.0,19.45,14.84,21.37,,25.72,33.7,29.55,29.76,19.39,22.42,20.47,24.99,44.25,27.06,22.8,16.85,15.46,15.31,16.96,33.41,16.03,23.42,38.54,19.63,16.63,18.59,21.04,39.73,23.2,16.99,19.29,20.39,26.76,30.47,28.51,27.54,20.89,33.64,44.92,21.87,18.24,27.97,12.21,75.58,19.35,33.49,17.58,30.2,25.92,18.66,25.95,18.53,27.19,21.26,53.26,21.08,44.3,17.07,21.55,30.82,27.07,18.22,18.45,20.58,20.36,23.76
2024-01-25,22.49,21.36,16.18,16.55,27.74,35.15,55.93,23.81,23.93,36.18,29.33,28.67,35.09,21.73,29.27,18.04,29.05,,12.4,21.85,30.97,17.23,20.35,34.92,27.13,16.49,24.37,24.43,28.54,23.6,29.3,28.13,32.85,18.73,22.6,19.71,14.59,21.59,,23.57,34.1,30.23,30.58,20.07,22.66,20.52,20.66,48.71,27.31,23.1,15.06,15.6,15.85,16.49,33.28,15.23,22.21,31.03,20.7,17.4,19.06,20.86,39.88,22.49,18.83,19.21,20.11,26.9,30.67,27.77,27.36,20.91,25.48,45.84,21.79,18.49,29.13,12.53,72.22,18.21,34.35,18.6,30.52,26.25,18.56,26.46,18.36,28.21,22.59,44.26,21.78,46.41,20.56,17.99,31.24,27.84,19.24,17.31,21.78,20.57,23.99
2024-01-26,22.96,21.01,16.04,16.39,26.05,34.06,57.25,24.41,23.83,36.34,29.78,20.22,32.54,21.55,29.54,18.52,29.78,,12.68,21.9,30.51,13.01,19.53,24.99,27.28,15.96,25.62,24.82,27.69,23.2,28.81,26.71,31.79,17.88,22.24,19.08,14.04,21.09,,22.23,33.69,30.51,29.48,19.56,22.92,20.05,17.94,35.41,28.05,24.64,14.3,15.87,15.25,16.64,34.84,14.14,23.09,30.24,19.63,16.63,18.81,20.51,39.27,21.69,19.12,18.51,20.57,26.82,30.23,26.03,27.98,21.14,24.81,45.25,21.58,18.46,28.45,11.86,72.83,18.53,34.18,17.82,30.32,26.37,19.72,26.56,18.56,26.97,15.8,42.27,21.54,46.46,19.26,16.87,32.18,27.61,14.17,16.79,20.77,20.24,27.11
2024-01-29,23.93,21.1,16.15,16.94,27.67,34.4,58.32,25.02,24.8,36.67,29.94,19.94,33.3,22.13,30.07,18.51,30.2,,13.51,21.36,31.07,13.97,19.26,25.38,27.11,16.45,27.78,25.0,27.05,23.38,29.38,26.97,32.96,18.25,24.0,20.18,14.26,21.51,,23.94,34.06,31.16,31.76,20.19,23.39,19.92,17.19,33.91,29.1,24.2,14.35,15.72,15.68,17.36,33.76,16.32,24.84,30.59,19.47,18.71,19.06,21.16,40.1,21.18,18.96,19.26,20.79,26.98,30.85,26.37,27.92,22.21,25.36,45.73,21.65,19.14,28.62,12.33,71.23,18.92,34.73,18.32,31.33,26.92,19.23,27.26,18.66,28.39,15.7,41.29,21.7,46.5,19.19,17.77,33.93,28.52,14.59,17.34,21.2,20.29,23.56
2024-01-30,24.18,20.43,15.97,17.31,27.53,34.94,57.05,26.61,25.09,41.31,30.23,19.65,33.99,22.92,30.39,18.69,29.48,,14.155,22.89,31.8,13.61,18.99,25.28,28.07,17.91,29.44,25.26,26.35,23.14,29.73,22.36,33.86,18.62,22.53,20.14,14.67,21.49,,26.82,28.59,34.16,34.04,21.27,23.72,20.18,17.09,34.88,29.4,24.57,14.19,16.0,16.33,17.74,33.67,15.92,26.25,30.92,19.44,18.62,25.08,21.19,42.27,21.83,19.73,18.71,21.42,28.35,32.4,26.71,27.22,22.51,25.06,46.54,22.19,19.39,25.02,12.42,73.46,19.21,35.85,18.38,31.06,27.05,19.21,27.65,19.21,26.59,14.98,41.59,22.98,46.73,18.93,18.07,22.24,27.57,14.46,17.56,21.61,21.08,23.07
2024-01-31,24.29,22.31,16.85,18.0,27.94,35.35,43.32,25.69,25.81,38.73,29.06,20.09,29.91,24.05,30.75,19.21,29.33,,14.8,23.64,31.58,14.0,19.46,26.37,28.37,17.87,31.97,26.76,26.67,23.75,30.49,22.43,33.04,18.8,23.54,20.61,14.72,22.2,,24.44,28.44,24.1,24.24,21.76,24.33,20.52,17.07,33.9,30.23,26.02,15.31,16.77,16.59,18.16,33.16,16.39,26.97,30.54,16.55,18.87,16.46,23.38,40.91,20.76,20.7,19.81,22.38,21.32,31.89,26.39,26.82,25.24,25.78,46.11,22.27,21.56,26.68,12.84,74.37,19.35,33.51,18.41,19.33,28.68,19.05,28.66,18.94,24.62,16.23,41.62,23.19,46.86,19.7,18.72,22.1,31.51,15.22,18.69,22.4,21.51,24.54
2024-02-01,25.39,21.5,16.04,17.57,26.91,34.75,42.63,25.37,25.11,36.28,29.17,20.06,28.65,24.85,29.85,18.74,29.57,,14.52,23.84,30.29,12.69,18.98,26.61,28.65,18.13,32.25,26.89,26.4,23.87,29.73,21.4,33.04,17.84,21.57,20.36,14.36,21.79,,23.73,26.68,21.38,22.93,21.27,23.88,15.97,16.54,32.98,30.28,23.83,14.03,17.12,16.08,17.99,31.62,16.06,25.58,29.28,15.86,18.34,14.98,21.55,38.93,21.5,14.92,16.29,22.76,19.15,31.56,27.33,26.14,23.13,25.08,44.95,22.53,18.96,24.07,11.97,72.89,18.95,26.36,18.54,18.42,29.57,17.71,27.97,19.89,21.95,15.47,41.54,22.41,46.23,17.73,17.77,21.59,31.77,14.8,17.25,24.12,21.25,24.39
2024-02-02,20.03,16.53,16.16,17.46,26.93,34.59,42.45,24.72,26.4,24.31,31.1,19.89,27.94,24.1,29.54,19.38,22.76,,14.16,23.46,32.29,13.4,19.4,25.9,28.62,18.4,32.6,26.82,28.05,21.04,30.16,21.48,32.31,18.4,22.77,20.25,14.87,22.43,,24.3,26.99,22.32,22.69,20.87,24.16,16.49,16.04,32.75,30.45,23.5,14.42,16.57,15.88,18.24,31.89,15.93,27.72,29.86,15.34,18.78,15.29,21.59,29.11,21.49,15.31,15.8,21.67,18.65,30.96,27.48,25.53,23.24,24.31,46.88,21.83,18.89,23.38,12.11,74.17,18.63,25.06,17.98,18.37,28.03,18.73,29.06,19.37,21.7,16.3,40.43,21.84,45.38,17.63,17.98,20.75,29.58,14.53,17.62,23.22,21.07,21.66
2024-02-05,19.81,17.12,16.97,17.83,27.6,36.99,43.95,27.76,27.88,24.55,34.25,20.45,29.65,24.95,30.38,19.66,22.58,,14.79,24.23,25.72,14.22,19.92,26.46,28.2,20.85,34.58,28.67,29.22,20.76,30.53,22.58,33.42,18.6067,23.73,21.27,14.88,23.23,,24.16,27.18,22.6,22.47,21.79,25.18,16.77,16.1,34.0,31.27,25.12,14.52,17.11,16.51,21.62,36.52,15.67,28.15,31.25,15.61,14.98,15.38,21.48,29.23,21.35,16.74,16.52,22.72,19.9,32.12,27.86,26.82,24.3,25.45,54.21,23.47,19.84,23.96,12.24,79.87,19.93,27.18,17.76,17.91,28.92,19.67,30.14,21.36,23.22,16.25,43.53,23.04,48.1,19.58,18.45,21.66,30.98,14.52,18.29,23.81,21.3,21.38
2024-02-06,18.77,15.87,16.29,17.44,28.13,36.34,43.86,25.92,27.12,23.72,35.69,20.03,28.61,23.92,30.46,19.59,22.35,,14.06,23.76,24.13,15.11,20.25,26.47,26.19,21.05,34.5,28.68,28.42,20.11,29.97,21.93,33.97,18.8133,24.98,21.46,13.85,22.74,,22.08,26.5,21.48,21.97,21.03,24.96,15.69,15.68,34.28,31.33,24.36,13.41,16.84,16.65,16.24,26.81,15.08,27.75,31.43,14.95,14.62,17.29,22.11,26.86,21.02,15.8,16.05,22.4,18.48,32.52,28.5,26.11,23.14,25.4,54.8,23.05,20.35,23.94,11.95,54.09,18.69,25.11,17.33,17.81,29.59,18.57,23.63,18.54,21.59,15.04,42.85,22.24,47.99,18.51,17.7,20.5,30.41,14.3,17.28,24.05,21.26,20.81
2024-02-07,18.27,15.9,16.33,17.57,27.34,36.23,43.24,19.34,27.1,22.93,35.84,19.67,28.38,23.68,30.89,20.11,21.88,,14.62,23.49,23.93,14.52,21.17,25.99,24.69,21.97,35.04,27.99,22.15,19.25,29.52,21.55,34.92,19.02,19.26,22.07,15.14,23.41,,19.06,27.03,21.4,21.38,20.96,24.42,15.33,15.15,33.05,31.08,23.21,14.05,16.65,14.85,14.96,26.0,14.33,27.01,31.13,14.63,14.28,14.71,21.61,27.99,20.57,15.55,15.71,22.62,18.14,32.58,28.12,26.66,23.21,25.03,53.83,23.36,19.61,23.95,11.75,54.24,16.24,26.3,16.94,17.38,28.11,18.71,22.76,18.93,21.62,14.7,41.99,22.67,36.36,18.33,17.18,20.09,29.87,13.88,16.94,24.14,21.14,20.24
2024-02-08,18.34,15.98,15.9,17.5,28.88,37.09,43.87,18.56,27.4,23.24,37.6,19.65,28.79,23.78,32.78,19.03,21.91,,14.51,23.67,23.63,13.26,23.39,26.16,24.05,21.89,35.98,28.53,21.69,19.05,29.59,21.06,24.78,18.82,17.43,22.11,15.14,22.72,,21.82,25.87,21.43,21.06,20.81,24.56,15.71,16.45,33.47,32.37,23.67,13.66,16.48,16.79,14.71,25.63,14.9,27.55,31.92,14.78,13.72,15.06,22.25,27.04,20.44,15.15,15.5,22.32,18.86,34.0,27.75,26.52,22.64,25.2,53.95,24.48,19.25,24.1,11.43,57.15,16.86,26.33,16.76,18.49,28.76,17.09,22.0,20.69,22.27,15.09,41.8,22.23,35.35,18.35,16.88,19.48,31.07,14.16,18.38,23.57,21.37,20.31
2024-02-09,17.91,15.98,16.8,17.39,30.27,40.93,44.36,18.82,27.79,23.48,38.2,19.29,28.64,23.3,32.59,19.49,22.05,,13.88,23.34,24.21,13.29,23.23,26.01,24.14,21.88,36.99,28.73,21.47,19.64,30.15,21.13,23.0,19.24,16.91,21.41,14.21,22.58,,20.3,25.51,21.52,21.28,20.31,24.59,15.14,16.5,33.57,32.65,23.51,13.53,16.31,16.61,14.22,24.64,15.07,27.64,33.68,14.31,14.43,15.42,22.47,26.15,19.59,14.65,15.74,22.17,18.25,36.68,28.46,26.1,22.61,25.49,54.3,26.06,14.38,24.06,11.31,55.62,14.91,26.84,16.81,18.56,28.4,17.81,21.59,21.44,19.97,14.97,41.04,23.03,36.43,18.14,17.05,19.47,30.3,14.16,17.99,23.56,21.6,21.05
2024-02-12,18.84,16.33,17.32,18.27,35.9,42.24,46.38,20.08,29.62,24.66,40.08,20.12,29.36,24.96,33.44,20.16,23.37,,14.23,24.61,24.11,13.88,24.16,27.12,24.27,22.53,38.33,29.93,21.89,20.13,29.73,22.18,23.18,19.16,17.14,21.85,14.92,23.76,,22.54,27.13,21.91,22.27,22.67,26.02,15.8,17.04,36.36,33.73,24.82,14.04,17.59,17.25,15.7,25.79,15.39,28.82,35.14,15.07,14.87,14.79,22.61,27.41,20.92,15.14,16.69,23.22,19.99,36.22,28.3,28.4,23.69,28.0,60.79,31.44,14.59,24.89,12.19,57.77,15.42,28.0,17.29,19.71,30.12,18.09,22.45,22.08,22.37,15.77,43.19,23.92,36.17,18.76,17.63,20.4,31.8,14.98,19.09,24.48,22.06,21.17
2024-02-13,19.86,17.26,18.17,19.19,37.94,42.2,47.64,20.95,30.35,25.98,39.62,21.29,30.72,25.68,37.62,21.94,24.38,,14.9,25.51,25.38,14.28,25.45,28.51,24.99,23.27,39.9,29.22,22.31,20.97,31.4,23.04,23.78,19.08,18.84,23.33,16.04,24.8,,22.99,28.14,23.49,23.59,23.36,26.89,16.76,17.44,36.8,34.92,26.02,15.14,18.39,15.58,16.66,26.4,16.02,30.02,35.24,16.51,15.22,16.72,23.49,28.13,23.25,15.4133,17.49,24.94,20.49,37.32,30.87,28.3,24.87,29.28,63.31,34.95,15.49,26.32,12.69,56.67,16.39,28.84,18.33,20.4,31.47,19.3,24.05,22.53,23.58,15.85,43.68,24.23,37.89,19.4,18.03,21.23,33.36,15.87,19.35,25.65,23.14,22.73
2024-02-14,19.42,16.53,16.82,18.17,38.92,42.77,47.64,20.59,30.0,24.63,39.26,20.53,29.82,24.38,35.24,21.02,23.94,,14.8,24.35,24.29,14.49,23.47,27.83,24.52,22.62,39.48,29.83,21.7,19.85,29.03,23.02,22.85,17.28,17.58,22.1,15.81,25.6,,21.84,27.42,22.34,22.28,22.16,25.93,15.91,16.48,36.04,33.87,24.94,14.29,17.63,14.67,15.59,26.54,16.59,29.03,35.04,15.39,14.55,16.34,22.32,27.29,22.22,15.6867,17.54,23.7,19.33,35.57,29.2,28.3,23.75,28.05,62.16,36.4,14.42,24.37,12.29,56.02,15.77,27.65,17.05,19.39,30.21,17.34,22.72,21.1,21.87,15.46,42.23,23.51,35.1,18.51,17.12,20.3,31.81,15.1,18.61,24.53,23.06,21.76
2024-02-15,20.29,16.26,16.75,19.24,41.45,40.84,46.86,20.41,29.61,25.13,40.92,20.32,29.66,24.72,35.07,21.66,23.52,,14.51,24.42,24.12,14.23,22.97,27.63,24.46,22.48,39.74,18.14,21.49,20.01,23.21,23.2,22.82,16.71,17.45,23.78,15.58,25.18,,21.66,27.64,23.57,23.38,22.34,26.06,16.11,17.39,36.28,33.74,24.56,14.2,17.64,13.51,15.85,26.43,15.7,28.94,35.29,15.29,14.12,16.96,22.75,28.45,22.03,15.96,16.95,23.77,19.97,36.37,28.53,28.9,24.9,28.14,62.42,36.99,13.84,25.07,12.18,55.36,15.62,28.18,17.1,19.4,29.8,17.76,23.43,20.97,22.07,14.87,44.23,23.5,35.55,18.55,17.68,20.74,32.55,14.74,18.33,26.19,23.12,21.41
2024-02-16,20.71,16.05,17.3,19.41,44.68,35.9,47.13,21.17,29.53,25.65,39.95,20.22,29.48,24.81,35.1,21.9,23.39,,15.55,23.52,24.17,14.25,23.36,27.61,23.93,23.0,39.96,17.52,22.0,19.94,22.32,22.61,23.06,16.92,17.31,24.66,15.06,24.95,,22.38,27.29,24.17,24.48,22.16,25.51,16.32,17.4,38.31,34.09,24.81,14.44,17.46,13.57,15.83,31.72,15.45,29.24,35.05,15.38,14.2,17.72,22.53,28.67,21.3,17.34,17.21,23.97,19.78,36.26,29.41,27.84,26.73,28.52,61.85,37.59,14.26,25.51,12.35,54.91,16.68,27.84,17.06,18.33,28.65,18.07,22.57,21.03,22.09,14.57,44.34,23.41,34.17,17.79,16.9,21.06,31.79,15.04,18.47,25.19,23.15,21.36
2024-02-20,21.18,17.0,17.32,25.24,44.23,36.58,48.91,20.98,30.3,27.04,40.22,21.09,30.07,24.37,34.29,21.82,22.73,,16.44,24.47,25.68,14.4,24.15,29.62,24.33,23.26,41.79,17.55,22.7,20.63,23.14,24.1,22.84,17.58,18.84,30.14,16.48,25.94,,22.03,27.36,24.59,24.64,22.35,20.46,16.89,18.25,38.48,35.43,26.6,14.89,17.83,13.8,16.79,31.49,16.43,28.96,35.83,16.86,15.16,18.63,20.2,29.82,22.26,18.72,17.64,24.92,20.74,38.27,28.79,29.18,30.27,29.92,63.45,39.0,13.78,24.66,13.08,55.09,18.46,28.55,17.99,19.45,28.27,15.88,22.96,21.57,23.03,16.26,46.19,24.53,39.22,17.93,18.91,22.92,33.57,16.01,19.05,25.22,16.62,21.98
2024-02-21,20.79,16.77,17.3,25.62,43.13,36.13,49.17,20.58,30.45,27.3,40.49,21.62,29.73,24.46,32.68,21.13,23.87,,16.97,24.25,25.41,15.28,23.79,28.04,24.27,22.99,41.2,16.96,21.53,20.28,22.83,23.22,22.66,16.59,20.18,31.24,15.84,25.6,,22.25,28.42,24.14,24.12,22.59,20.04,16.54,19.79,36.14,35.34,26.61,15.39,17.9,12.18,16.38,30.5,15.23,28.27,35.56,16.06,14.77,18.04,18.2,29.81,22.01,19.44,17.06,23.19,20.94,45.32,28.26,28.55,29.69,30.21,59.92,39.06,14.31,24.95,12.78,56.62,18.86,28.1,22.32,18.81,28.85,19.74,22.92,20.69,22.19,15.72,45.72,24.42,34.32,17.69,17.68,22.04,32.13,15.94,18.48,22.97,15.38,21.99
2024-02-22,19.28,16.63,17.06,25.47,41.74,34.59,46.79,20.62,30.2,26.11,41.73,21.24,29.73,23.66,33.37,21.24,24.0,,17.23,23.61,24.52,13.59,22.44,26.87,23.85,22.62,39.31,16.35,21.81,19.87,21.85,23.26,22.06,16.98,17.11,30.67,14.76,26.07,,21.48,27.72,22.96,23.11,21.94,18.8,16.8,17.98,34.08,34.38,25.61,14.71,18.02,12.86,15.74,28.63,15.08,27.87,34.96,16.06,14.41,16.23,17.99,29.44,21.7,18.73,17.58,23.31,19.72,44.43,27.0,27.97,32.16,29.81,45.44,37.53,13.59,24.75,12.29,53.73,17.65,27.21,17.29,18.61,28.29,19.89,22.76,22.52,20.63,15.99,43.9,23.96,33.37,17.25,17.93,22.32,32.78,15.26,18.94,24.83,14.63,21.57
2024-02-23,19.18,16.18,16.82,25.39,41.38,32.67,45.57,20.37,30.25,24.94,40.06,20.2,28.51,23.16,25.59,20.71,22.75,,16.69,22.98,23.38,14.59,22.13,26.28,23.17,22.25,39.63,15.32,21.72,19.05,21.51,21.75,22.21,15.79,16.7,30.49,14.51,25.2,,21.14,26.38,22.02,22.1,21.4,18.29,16.26,17.81,32.52,25.28,23.2,14.4,17.07,12.54,15.2,27.84,13.95,26.1,33.65,15.57,13.98,18.66,17.59,28.69,21.09,18.27,17.35,22.37,19.2,44.02,27.13,27.15,35.44,29.05,47.94,37.12,13.76,24.74,12.45,52.25,16.95,26.16,16.53,18.83,28.35,17.85,21.47,20.39,21.07,14.71,43.2,23.09,32.79,18.03,17.09,21.81,30.68,14.88,18.6,23.45,14.36,20.7
2024-02-26,19.27,17.09,17.34,26.43,42.78,33.27,46.34,20.09,31.18,25.81,40.95,21.61,29.14,23.09,24.78,20.33,22.62,,14.69,23.47,23.85,14.13,22.72,26.01,23.15,22.94,43.01,18.9,21.53,19.26,22.22,23.34,23.13,16.2433,18.45,31.05,15.06,26.85,,20.61,28.04,25.32,25.37,21.44,18.52,15.85,17.31,32.53,26.75,25.13,13.35,16.86,12.96,15.84,27.82,15.51,27.1,34.44,15.85,14.28,22.12,15.03,29.09,21.32,19.32,16.82,23.95,19.54,47.4,27.58,27.75,35.03,29.69,47.21,34.98,13.24,25.24,12.35,52.63,18.94,26.69,17.42,19.78,27.85,19.71,22.07,21.03,21.63,15.51,43.85,23.88,32.99,17.81,17.6,22.99,33.41,15.12,18.92,22.01,15.43,21.27
2024-02-27,19.49,18.07,16.52,25.17,42.45,32.57,45.48,21.05,26.44,24.92,40.88,20.56,29.14,23.04,24.51,20.58,22.81,,14.18,23.1,23.42,15.42,22.77,25.85,22.97,22.65,43.53,16.38,22.82,19.84,22.01,22.27,22.3,16.6967,14.76,30.94,14.35,26.11,,19.67,26.87,24.09,24.1,21.33,18.03,16.06,18.14,32.6,25.94,23.78,15.75,16.7,13.05,16.22,27.35,14.81,20.86,33.73,15.77,14.34,17.32,17.92,28.68,21.47,16.05,16.91,22.51,19.59,46.54,27.45,28.65,35.81,30.41,44.17,37.88,14.05,25.72,12.98,54.36,17.69,26.56,16.55,19.25,27.57,17.42,21.58,19.95,21.57,15.15,43.67,22.81,33.35,21.52,15.84,24.6,33.08,15.22,18.16,22.92,14.79,20.93
2024-02-28,19.66,16.06,16.64,25.9,42.58,32.6,44.63,20.89,25.99,24.84,42.07,20.72,28.78,22.78,24.15,20.44,22.23,,14.08,24.03,24.02,15.58,22.0,26.24,23.47,23.52,43.33,16.56,22.58,19.85,21.72,22.22,21.63,17.15,16.78,30.97,13.91,26.43,,19.7,28.29,24.54,24.63,21.47,18.37,16.41,18.6,31.98,26.26,23.49,14.57,17.11,12.58,15.94,27.59,14.11,20.51,33.46,15.88,14.49,16.23,17.43,28.75,23.228,17.54,16.82,22.52,19.17,46.15,27.21,28.13,36.73,30.44,43.22,38.13,14.27,24.35,12.25,53.79,17.8,25.82,16.92,19.56,27.09,17.19,21.64,20.04,21.2,14.75,42.9,23.38,33.58,21.35,18.78,23.22,33.06,15.43,18.03,22.91,14.27,21.24
2024-02-29,19.35,16.6,16.67,25.82,42.16,32.53,49.51,20.84,25.08,23.38,42.93,19.91,27.97,23.09,23.47,19.19,27.42,,13.44,23.06,22.95,16.2,21.89,25.74,22.51,23.62,26.87,15.49,23.29,19.09,21.27,22.8,21.95,15.65,17.71,30.21,15.13,26.75,,19.44,26.87,23.64,23.9,21.23,16.93,17.33,18.96,31.97,25.85,23.84,13.64,16.3,12.63,14.81,27.35,14.83,20.0,33.08,15.49,13.34,17.66,15.09,28.21,24.986,19.83,17.56,21.95,18.7,44.8,27.97,27.76,33.66,29.02,42.26,37.02,13.91,23.36,12.58,54.18,17.33,25.42,16.55,18.13,26.86,17.27,21.89,17.3,20.8,14.73,41.89,22.91,32.68,20.33,17.12,21.68,31.6,15.53,17.99,21.86,13.48,21.13
2024-03-01,19.62,15.28,17.16,25.63,42.85,33.82,48.61,20.65,24.61,23.64,48.72,20.37,29.28,22.84,23.41,19.69,22.68,,13.27,23.83,23.36,14.78,26.0,26.59,22.59,24.88,25.97,16.13,23.57,19.51,22.07,22.05,22.71,16.84,17.68,31.22,14.56,27.07,,19.94,26.69,23.96,23.89,21.49,16.53,16.55,19.2,34.37,25.58,23.56,14.2,16.75,12.77,15.58,28.6,14.76,19.46,34.41,15.47,14.37,16.56,17.71,28.0,26.744,17.76,17.19,22.64,18.49,49.4,28.35,27.86,38.2,29.41,42.49,39.2,14.0,23.31,12.07,55.15,17.72,26.22,19.1,18.64,27.12,18.04,21.15,19.66,21.94,14.45,40.96,23.14,33.96,20.39,17.1,23.35,32.61,15.14,18.24,22.96,13.86,20.3
2024-03-04,21.37,17.22,18.17,27.31,44.57,35.32,50.36,20.99,25.21,24.23,51.79,21.75,29.93,24.41,24.0,21.75,27.84,,14.17,24.05,24.57,15.8,25.43,27.5,23.51,28.27,26.86,16.41,25.63,20.83,22.16,22.27,22.85,17.48,19.51,32.25,16.05,27.39,,21.37,28.64,25.73,25.74,21.84,17.92,17.37,22.38,35.84,26.36,23.85,15.39,17.57,12.89,17.05,29.81,15.24,20.7,36.75,16.54,14.74,19.01,16.92,29.02,28.502,18.65,18.9,23.76,19.43,50.15,27.56,29.06,38.21,30.61,46.81,43.06,15.0,25.7,12.59,52.89,14.37,28.59,15.03,19.81,27.76,17.66,21.48,20.67,22.11,15.67,46.06,22.9,34.71,21.59,17.65,23.53,33.73,16.22,19.02,24.14,14.78,21.26
2024-03-05,22.56,17.55,18.19,26.93,46.21,37.33,47.55,20.91,26.43,25.38,51.34,21.91,30.06,24.59,24.89,21.83,25.72,,14.27,25.32,24.73,14.26,25.58,29.58,24.81,30.57,28.71,19.33,23.22,21.0,22.5,22.05,24.34,18.12,17.89,32.44,15.73,27.71,,20.92,30.45,26.34,26.46,22.8,18.47,17.92,21.16,35.63,27.98,26.41,15.49,18.88,13.58,17.59,30.15,16.16,20.07,38.45,17.2,14.51,17.59,18.02,30.62,30.26,18.34,21.34,23.75,21.5,50.07,30.57,29.24,40.64,32.59,48.75,42.27,15.69,26.28,13.16,53.34,15.82,28.33,18.09,22.17,27.7,18.5,22.66,20.62,21.87,15.19,48.39,24.04,34.11,21.92,18.33,24.17,33.87,16.4,20.24,24.86,15.1,21.37
2024-03-06,22.42,18.4,19.13,27.17,46.14,37.0,51.61,21.29,25.21,25.53,53.4,21.76,29.93,24.27,25.11,21.46,27.35,,14.36,25.32,24.34,14.5,23.91,26.2,24.55,33.04,27.8,19.76,24.41,20.84,21.35,22.72,24.51,18.64,17.89,32.57,15.5,,,21.4,29.24,26.28,26.29,23.06,18.49,19.29,22.8,39.34,28.15,25.23,15.51,18.97,13.74,19.0,30.43,16.18,20.2,38.9,16.79,15.85,16.45,17.33,29.32,,17.89,19.32,25.56,20.86,50.8,30.23,29.47,38.25,33.01,50.0,44.77,15.84,26.73,12.91,58.56,18.5,30.73,18.45,19.63,28.5,20.48,22.47,19.52,22.13,16.25,48.79,24.17,32.33,22.79,18.44,23.65,34.94,16.01,20.15,25.2,15.42,21.6
2024-03-07,22.28,18.54,18.04,27.56,47.34,37.02,52.68,22.23,24.92,25.41,58.49,21.9,28.89,25.02,23.39,21.53,25.84,,14.8,26.13,24.07,17.58,25.53,31.67,24.29,33.31,27.53,19.79,24.1,20.79,22.66,21.53,24.5,18.02,17.52,33.05,17.09,,,21.01,27.84,25.89,25.98,23.16,18.04,17.88,22.9,41.95,27.93,23.09,18.79,19.52,13.33,18.3,30.64,15.64,20.29,40.2,17.32,15.34,15.25,18.01,30.79,,16.63,20.7,24.25,21.28,56.84,29.39,29.0,39.26,33.28,56.21,44.04,15.24,26.01,13.24,55.49,15.97,33.28,17.31,17.88,27.87,17.23,23.05,21.04,21.27,15.63,48.58,26.48,36.12,20.96,17.59,24.14,35.25,16.76,21.28,24.44,16.73,21.37
2024-03-08,21.71,19.53,17.72,27.41,47.83,37.83,54.58,21.75,23.68,24.12,41.44,21.23,29.14,23.88,22.84,21.41,24.51,,14.85,25.96,24.62,15.84,25.73,27.53,23.68,21.21,27.26,18.12,23.84,20.44,21.77,22.0,24.25,17.14,17.76,33.34,15.68,,,20.63,28.46,26.15,25.31,23.02,18.27,17.8,21.8,38.42,27.67,24.9,18.62,19.65,13.42,21.44,29.69,15.31,20.25,38.88,17.02,15.22,19.71,17.14,32.08,,18.92,20.04,23.19,21.47,54.9,28.58,28.95,39.82,33.14,60.84,45.3,14.31,25.74,12.94,54.13,14.17,31.77,18.95,20.29,28.18,18.03,22.06,21.71,21.57,15.26,49.62,26.1,35.39,21.95,17.68,23.67,33.52,16.3,21.2,24.47,14.75,20.8
2024-03-11,21.67,18.67,19.5,28.82,47.0,38.07,52.61,21.29,25.99,25.81,37.5,22.3,31.47,23.63,23.65,22.85,25.32,,15.01,27.57,24.41,13.51,24.84,27.84,25.13,19.16,27.21,17.95,22.54,20.49,21.4,22.62,24.11,17.89,19.69,34.39,15.96,,,22.23,26.24,25.73,25.75,22.28,18.48,18.11,21.89,39.02,28.48,26.84,16.55,20.71,12.98,19.39,30.93,15.57,19.71,38.83,17.69,15.18,16.99,17.71,34.04,,18.14,21.49,23.57,21.99,50.53,28.49,29.96,38.7,33.66,58.02,47.22,15.02,27.27,13.02,55.48,16.375,32.19,17.37,21.8,28.01,18.41,23.05,22.73,21.83,15.26,48.84,25.19,36.47,22.89,18.95,24.42,31.45,16.62,22.93,26.57,14.78,20.88
2024-03-12,20.36,18.69,17.53,28.47,45.27,37.1,51.93,21.3,25.14,24.47,37.31,20.77,33.02,22.11,22.88,22.58,23.58,,14.04,26.54,23.59,14.92,18.76,25.69,23.41,18.76,26.4,17.74,23.43,19.19,20.27,20.26,23.28,16.24,20.0,34.43,15.89,,,23.74,26.94,24.52,24.61,23.15,16.76,17.08,22.87,36.94,27.15,26.68,15.71,20.62,13.41,16.8,29.15,15.57,19.58,37.72,17.13,14.36,18.29,17.22,33.01,,17.87,19.1,22.66,20.33,52.79,27.07,29.52,40.67,33.07,63.72,25.56,14.49,25.36,12.39,54.5,18.58,30.72,17.42,19.07,27.36,16.35,22.93,21.51,20.54,15.02,47.42,23.95,31.35,23.0,17.85,23.41,29.89,15.32,20.28,25.04,13.92,19.29
2024-03-13,21.48,20.91,17.76,27.91,45.92,35.88,51.77,21.9,27.25,24.3,36.23,20.45,32.64,22.42,22.63,22.63,26.86,,13.81,28.34,23.42,13.65,23.67,25.99,23.07,18.18,25.42,17.54,22.73,18.94,21.52,20.28,23.31,18.43,16.8,33.65,14.27,,,20.44,26.59,24.38,24.42,21.57,17.27,16.9,20.03,36.45,27.06,24.24,15.0,21.08,11.97,16.57,29.89,15.05,20.37,36.26,15.88,15.91,19.06,15.87,32.73,,17.6,22.1,22.87,20.44,52.49,27.16,29.58,40.89,33.17,63.02,24.49,14.33,26.46,11.96,53.22,14.77,30.03,15.54,20.42,26.39,16.75,22.81,21.77,20.29,14.53,49.63,24.82,34.92,24.14,17.81,22.56,30.54,16.65,21.66,26.93,14.68,19.44
2024-03-14,20.44,19.12,17.87,27.56,44.59,35.59,49.61,20.96,25.24,24.22,35.61,21.57,31.93,22.78,22.57,22.79,24.28,,14.59,28.9,23.62,15.6,22.76,26.17,22.88,17.45,26.11,16.98,24.37,19.23,20.99,20.96,24.29,16.15,20.19,35.45,15.22,,,20.41,26.9,24.16,25.12,22.34,17.85,17.21,21.33,36.53,25.94,27.2,15.6,21.94,12.71,16.71,28.44,15.42,20.42,36.14,16.8,14.92,16.33,17.39,31.96,,16.88,22.31,23.34,21.17,50.7,26.25,31.0,39.84,31.9,58.74,25.25,14.3,26.0,14.97,53.29,15.39,29.56,17.27,19.41,27.09,21.29,23.5,22.03,20.59,15.82,50.85,23.61,35.17,22.66,18.44,24.2,30.66,15.59,20.88,27.38,14.11,19.39
2024-03-15,19.37,18.36,20.04,28.23,31.88,34.96,50.01,21.08,24.16,24.87,35.24,22.03,31.32,23.29,23.44,22.28,23.61,,13.84,27.83,24.68,13.25,22.58,28.19,22.37,17.54,26.15,18.48,24.85,18.89,21.97,20.67,23.82,15.63,18.28,35.24,15.01,,,21.86,27.35,23.79,24.63,22.76,17.74,17.1,21.07,36.24,27.25,29.05,15.25,21.52,12.97,16.9,28.05,15.43,19.85,35.83,16.71,15.38,20.17,17.29,31.55,,17.27,20.99,24.26,21.03,56.33,30.32,33.43,39.17,32.13,61.06,23.71,14.29,24.64,12.98,52.26,15.26,29.01,15.95,19.4,29.15,20.67,21.94,21.83,19.96,14.75,52.05,23.97,35.22,22.15,18.91,24.66,30.58,15.83,22.36,27.13,14.49,19.24
2024-03-18,21.03,18.4,20.98,27.58,30.42,35.7,48.95,21.34,23.91,24.88,34.68,23.69,31.63,24.04,22.97,23.19,23.01,,13.59,27.37,25.48,15.45,24.03,25.43,21.69,16.99,25.41,16.94,24.24,18.73,20.24,20.68,23.94,15.52,16.98,35.73,15.65,,,20.48,26.27,25.26,25.43,23.57,17.98,16.78,22.24,36.03,26.66,31.3,16.03,21.29,12.61,16.64,28.35,14.62,19.29,36.4,16.93,14.88,15.69,16.71,30.9,,16.25,22.7,25.33,20.83,57.9,25.27,40.94,38.43,31.48,58.91,23.4,14.51,24.24,14.64,50.49,12.94,29.2,16.7,18.87,29.42,18.85,21.41,21.44,20.12,14.94,53.41,23.97,35.24,21.98,18.7,24.43,31.59,15.99,20.56,27.09,14.03,19.12
2024-03-19,19.95,18.11,20.43,26.0,29.43,33.98,46.04,20.72,23.12,23.44,31.52,23.71,30.55,23.56,21.59,22.7,22.61,,13.38,26.7,24.29,14.12,21.8,24.82,21.13,16.45,24.25,16.42,24.09,18.25,19.77,20.27,23.24,15.28,16.39,33.21,14.49,,,19.26,26.29,23.5,23.52,23.71,17.48,16.09,19.91,34.49,25.74,31.75,15.59,20.87,12.1,15.54,27.76,14.04,18.82,35.27,16.75,14.56,16.0,16.8,29.72,,15.23,21.96,24.97,19.76,52.55,24.25,43.15,38.23,31.27,50.08,21.45,13.74,23.91,14.95,48.46,13.67,27.46,15.95,18.34,28.97,15.51,20.84,20.54,19.5,14.23,51.06,23.23,34.5,21.62,18.96,24.2,31.33,15.52,19.33,26.26,13.86,18.66
2024-03-20,18.73,18.46,20.1,25.78,27.91,34.0,45.57,20.87,22.61,22.72,31.13,23.98,28.85,23.32,21.67,21.65,21.58,,13.0,25.74,23.87,13.65,21.15,23.3,20.18,15.87,23.38,15.76,23.04,17.76,19.01,19.73,22.62,16.04,16.05,31.57,14.06,,,18.75,24.89,22.24,22.71,23.26,16.92,15.4,19.38,35.41,24.84,31.99,15.49,20.35,11.5,14.8,27.18,14.32,18.12,35.63,15.98,13.87,14.81,15.94,29.01,,14.26,21.07,24.88,19.08,54.99,22.43,45.07,36.74,29.51,46.71,20.43,13.29,23.45,15.27,47.1,13.93,26.95,15.51,17.75,29.25,15.19,20.58,19.85,18.82,13.66,51.7,22.57,33.45,22.94,19.06,23.14,29.84,14.85,18.65,25.41,13.21,17.85
2024-03-21,22.15,18.66,20.63,20.22,27.69,33.85,45.47,21.25,23.05,24.58,34.16,24.69,28.97,22.71,21.51,22.47,22.99,,13.13,26.24,25.11,13.89,22.78,23.77,20.3,16.05,23.47,15.61,24.05,17.32,19.53,20.51,23.26,15.4,16.61,38.19,15.21,,,19.76,25.25,24.55,24.39,23.92,17.2,16.28,21.21,37.31,25.08,31.88,15.94,20.5,12.17,14.93,27.63,15.08,18.71,36.82,16.64,14.41,15.58,15.94,30.89,,14.38,21.74,25.41,19.44,35.99,22.9,44.72,41.61,30.64,47.18,20.62,13.41,24.11,15.67,45.39,15.48,27.66,16.39,18.35,29.74,15.85,21.05,20.36,19.57,14.22,52.84,23.42,33.57,22.99,17.74,25.27,30.21,15.55,19.9,25.53,13.3,17.73
2024-03-22,20.92,19.24,20.3,19.21,28.84,32.94,46.15,21.86,22.39,25.71,33.98,25.21,30.8,23.34,21.65,22.81,22.44,,13.14,26.08,24.61,14.83,23.74,24.9,19.54,16.26,23.44,15.38,23.25,17.51,19.58,20.49,23.03,15.635,16.42,18.43,15.55,,,20.66,25.71,25.61,25.88,22.64,17.27,16.43,22.57,37.33,24.76,32.54,15.7,20.94,12.09,14.78,27.29,14.95,18.96,36.35,16.71,14.68,16.15,16.56,33.04,,14.82,21.74,25.05,19.55,34.04,23.28,44.79,18.17,30.96,49.11,20.22,14.01,23.36,15.46,45.01,16.0,27.4,17.7,18.02,28.86,16.51,21.4,20.91,19.98,15.09,53.46,23.76,32.59,23.41,18.42,24.45,29.86,16.78,20.16,25.45,13.41,17.59
2024-03-25,21.09,20.34,21.82,19.2,29.92,34.57,47.86,24.69,22.94,30.8,33.92,27.0,33.1,24.96,21.77,23.68,23.74,,13.7,27.61,26.71,16.83,27.85,28.03,20.39,16.49,24.42,14.59,23.97,18.42,20.05,24.65,23.68,15.87,17.59,18.93,18.04,,,25.02,29.84,29.26,29.48,23.94,17.88,19.77,28.04,43.1,25.86,33.75,16.6,21.3,13.78,16.49,28.29,16.2,20.3,39.8,18.15,16.08,18.21,16.61,42.74,,17.48,24.37,25.62,22.09,42.3,24.05,45.84,21.1,35.27,49.29,21.05,15.4,23.65,16.37,46.48,18.68,29.04,19.3,18.59,29.18,17.82,21.94,23.54,23.07,16.95,53.5,27.64,33.87,24.77,19.69,28.14,30.6,19.26,22.85,26.7,13.89,19.08
2024-03-26,20.85,21.05,21.08,18.29,29.71,33.6,47.0,23.96,22.83,32.81,33.72,26.81,29.88,25.01,21.62,22.73,27.84,,13.31,27.56,26.93,16.51,28.79,29.86,20.41,15.92,24.08,15.67,23.73,18.77,19.48,23.67,23.47,15.61,15.88,18.65,17.61,,,18.78,30.98,29.83,30.3,24.46,18.93,19.15,28.73,44.23,25.41,35.19,16.42,21.14,13.51,17.13,27.71,16.71,20.32,41.17,18.64,15.83,17.69,16.85,46.36,,17.52,23.18,25.49,22.5,41.71,27.17,46.29,20.54,37.24,47.12,20.74,15.51,24.62,18.06,45.55,16.28,28.69,21.56,18.55,28.51,17.01,21.65,23.58,23.48,17.48,55.03,27.7,34.04,23.64,21.14,29.39,29.85,20.27,23.26,25.89,13.69,19.3
2024-03-27,19.83,20.4,20.96,18.13,26.91,34.11,44.77,20.78,22.93,33.97,32.14,27.24,34.27,24.9,21.35,22.45,20.71,,12.98,26.26,28.2,16.53,27.78,29.73,19.95,15.96,23.85,14.83,22.33,18.66,19.28,25.09,22.9,16.01,15.92,18.06,17.4,,,20.63,31.2,30.08,31.07,23.27,17.34,18.67,31.85,45.62,24.69,34.22,15.89,20.52,13.54,16.88,26.55,17.46,18.58,41.06,18.13,13.11,20.22,15.95,48.43,,16.11,20.89,24.86,22.36,37.7,28.02,45.42,20.07,38.09,46.57,19.88,15.02,23.24,15.74,46.74,15.76,26.36,21.59,17.26,28.05,17.43,20.33,23.83,22.93,16.37,55.27,28.19,35.05,23.23,21.01,29.65,29.29,19.32,20.09,25.52,13.08,18.79
2024-03-28,19.98,21.1,20.9,17.36,26.56,33.49,43.89,20.96,22.69,33.87,31.52,26.51,33.34,22.97,21.98,22.39,24.19,,13.03,20.85,26.34,15.36,28.0,30.35,18.99,15.18,23.11,14.76,22.69,18.35,18.92,25.09,22.46,16.41,15.24,17.75,18.09,,,20.88,30.53,28.75,30.69,22.76,17.63,20.87,30.52,46.74,24.32,34.74,16.63,20.04,12.07,16.72,27.68,16.36,19.21,40.07,18.4,14.09,16.54,16.44,47.85,,16.12,18.66,25.02,22.38,37.0,24.4,45.48,19.65,38.31,44.3,18.37,14.91,22.78,15.94,47.42,21.25,28.42,21.44,17.06,27.13,16.9,20.1,23.88,21.32,18.38,56.04,27.52,33.23,24.13,21.74,28.44,28.92,19.47,22.52,25.57,13.28,17.97
2024-04-01,24.1,22.74,22.53,18.15,26.48,35.45,51.09,24.67,24.96,35.55,33.78,27.49,35.66,23.5,25.25,23.73,24.6,,13.55,28.97,28.23,16.46,27.47,32.49,22.66,17.03,24.68,15.77,21.11,19.32,20.31,25.99,24.32,16.76,16.84,18.99,18.97,,,22.57,30.97,31.52,32.71,23.87,20.36,20.68,31.14,47.31,25.8,36.79,15.43,21.2,13.26,19.42,33.71,18.54,20.65,42.27,20.85,16.82,17.6,14.31,48.74,,16.94,21.16,26.64,25.03,40.42,27.9,46.06,20.78,39.31,45.41,20.12,16.8,24.84,15.74,56.02,17.28,35.91,22.75,24.39,28.59,15.49,22.65,24.66,23.96,18.96,58.59,29.32,38.68,24.49,22.1,29.1,30.05,20.38,22.86,26.21,13.76,19.65
2024-04-02,25.16,23.1,23.97,19.2,27.15,35.56,53.12,26.5,26.25,36.93,33.86,28.62,35.86,25.53,29.84,24.59,25.37,,14.62,29.66,29.22,16.22,26.2,33.76,23.9,17.7,25.24,16.05,28.34,20.04,20.64,26.83,25.22,16.9717,21.43,20.06,18.84,,,23.9,30.99,33.7,33.84,24.49,19.99,21.27,30.96,48.83,26.34,36.27,16.88,22.31,13.68,19.1,34.32,18.73,20.65,43.09,21.22,17.28,20.14,17.99,49.44,,18.17,20.19,26.58,25.87,40.81,27.91,46.19,20.05,39.59,44.41,20.86,17.67,26.54,16.63,58.26,18.53,38.67,23.02,27.38,31.44,18.87,23.59,25.82,23.72,19.41,55.08,29.91,39.15,27.41,22.57,30.33,37.75,20.55,24.62,27.04,14.53,20.78
2024-04-03,25.84,23.56,21.91,19.17,27.14,36.47,53.44,27.2,24.58,36.85,33.96,29.68,36.91,25.55,31.04,25.98,25.76,,14.58,30.28,29.61,20.14,31.06,32.99,24.19,17.75,25.31,16.51,26.46,19.95,21.95,25.69,23.08,17.1833,22.2,19.61,19.35,,,24.6,31.23,32.85,33.54,24.83,19.68,21.17,31.02,47.29,26.52,37.14,17.32,22.39,14.83,18.75,35.22,18.22,21.53,42.95,21.93,18.31,20.91,19.14,47.86,65.42,17.99,20.74,27.36,26.59,43.88,28.65,46.64,20.83,38.49,43.81,21.39,17.44,30.39,18.19,60.51,20.53,40.11,21.86,30.47,30.2,18.73,23.91,25.76,23.31,19.24,54.02,30.32,40.58,24.2,23.27,28.9,32.07,22.33,28.25,27.34,13.43,20.43
2024-04-04,26.73,27.56,23.99,20.38,28.85,38.13,57.38,30.52,27.05,37.56,35.77,32.79,38.42,28.1,34.87,27.73,26.64,,16.19,31.81,30.33,18.7,31.53,34.41,24.6,19.0,28.31,17.16,28.05,21.19,21.35,28.69,25.08,17.395,21.0,20.43,22.16,34.43,,25.98,32.26,35.31,35.47,25.67,21.03,22.05,33.88,47.2,27.01,38.29,19.26,24.2,15.67,20.24,36.26,22.77,22.64,45.02,22.69,19.28,19.26,18.74,49.3,29.03,20.24,20.09,28.53,27.52,44.34,29.33,47.86,22.95,40.31,45.72,22.48,18.36,28.53,18.45,62.98,22.81,41.32,23.23,30.46,31.66,19.73,25.57,25.77,26.16,19.89,54.93,31.77,43.91,24.52,23.78,30.96,33.33,21.88,25.03,29.58,14.9,21.32
2024-04-05,25.89,27.18,21.99,19.23,27.15,35.9,53.56,30.76,23.69,37.64,35.13,31.5,37.56,26.45,33.3,26.22,29.88,,15.57,31.18,30.95,20.58,30.11,32.67,23.43,18.87,26.84,16.95,26.75,20.99,21.0,27.07,24.99,17.6067,24.02,20.64,21.83,37.19,42.76,26.08,31.22,34.99,34.28,25.21,20.08,21.93,33.32,46.85,26.95,36.47,17.06,23.67,15.26,19.7,35.83,22.01,22.42,43.64,22.35,19.44,19.6,18.96,47.74,30.64,22.61,20.71,28.77,26.88,42.06,28.39,47.48,22.72,40.07,42.6,22.19,17.7,28.39,17.7,63.91,20.49,40.63,23.64,30.13,29.1,17.64,24.72,24.79,25.51,19.9,58.36,31.26,44.08,24.76,22.54,31.12,32.18,21.98,25.37,28.27,14.53,21.46
2024-04-08,25.84,26.79,24.42,19.52,27.32,36.27,55.24,29.21,26.72,38.0,34.18,32.62,37.59,26.56,32.42,26.77,23.17,,16.48,30.72,31.01,19.27,31.78,33.41,25.25,18.39,26.95,17.43,26.38,20.89,21.65,27.98,30.72,17.8183,23.27,20.98,20.49,50.52,41.75,25.86,32.02,33.91,34.26,26.22,19.83,21.87,35.5,45.35,27.1,39.09,18.68,24.55,15.2,19.9,36.68,21.32,22.42,43.53,22.54,19.59,23.16,18.24,48.85,30.01,18.82,21.54,28.54,27.14,41.91,29.35,48.19,22.49,42.26,42.95,20.87,17.82,29.57,17.5,69.45,21.02,40.84,24.67,30.13,33.74,16.52,25.38,25.71,25.69,20.07,57.58,31.73,46.23,24.93,22.92,31.13,31.19,21.91,23.84,29.98,15.3,21.56
2024-04-09,25.17,25.78,22.46,19.2,26.57,35.57,53.66,29.53,26.91,37.67,33.73,32.54,37.31,25.36,32.65,25.84,26.06,,15.98,30.66,31.02,19.59,30.51,32.57,22.32,17.88,26.75,15.89,27.41,20.4,20.93,28.07,30.23,18.03,23.24,19.32,20.24,42.93,44.75,25.09,31.64,33.42,34.13,26.39,20.3,22.05,35.38,42.94,27.1,35.2,17.62,23.76,14.89,19.63,37.55,20.76,21.37,42.9,22.34,18.42,21.91,16.9,47.92,31.61,18.71,21.74,28.9,26.72,40.34,29.2,46.96,21.19,41.51,40.89,21.96,17.6,27.27,16.54,70.89,21.81,40.15,23.97,29.64,30.84,21.69,25.51,25.53,26.58,19.22,56.17,31.42,47.56,25.01,23.1,30.63,42.3,22.49,23.4,29.8,14.36,21.28
2024-04-10,25.87,26.82,27.06,20.52,27.24,35.73,52.8,29.19,29.65,38.22,34.46,32.62,36.98,26.86,32.97,26.41,28.62,,16.55,31.11,30.45,20.42,31.14,34.02,24.56,18.28,26.77,17.04,28.52,21.03,22.46,28.29,33.71,18.71,25.23,20.85,21.44,35.08,41.64,27.29,32.93,33.88,34.8,26.18,20.22,20.4,33.94,45.61,27.57,37.47,18.32,27.0,15.33,21.08,36.55,22.22,21.99,42.45,23.47,19.75,18.65,17.08,47.52,29.76,19.87,20.9,28.78,28.06,41.15,28.41,47.99,22.79,40.72,41.71,23.37,18.2,30.92,17.59,72.7,24.99,41.2,26.23,28.92,31.65,21.8,27.39,26.58,27.23,19.18,56.49,31.47,48.78,27.06,24.16,31.22,34.36,22.01,24.63,29.73,14.86,21.96
2024-04-11,25.46,26.29,23.59,19.63,26.51,36.0,52.08,30.06,27.4,37.72,34.98,31.87,37.02,27.67,32.52,26.67,26.94,,16.45,29.72,31.03,21.43,37.72,33.33,24.21,18.21,27.04,18.38,29.2,20.85,21.11,27.7,32.86,19.39,24.46,18.88,20.86,34.01,42.6,26.87,32.87,33.07,33.18,26.3,20.16,21.33,35.91,42.75,27.57,36.57,19.18,25.15,14.92,20.25,36.43,21.9,22.89,42.64,22.61,18.67,21.13,17.17,46.73,28.83,19.77,20.95,31.84,27.41,39.89,27.96,46.73,21.62,41.05,42.23,20.55,17.46,29.04,17.95,71.97,20.39,40.16,24.81,30.29,32.3,18.27,26.87,23.92,25.46,19.58,55.12,31.19,47.16,27.03,23.36,32.31,34.15,22.26,26.57,28.42,15.48,21.36
2024-04-12,27.22,27.91,27.43,22.89,28.85,38.74,54.07,31.79,28.22,39.43,36.37,33.26,39.02,28.23,34.49,24.43,28.89,,17.76,27.7,33.1,19.75,32.11,35.74,26.16,19.18,28.5,21.42,31.66,23.85,25.65,29.84,32.76,20.07,24.37,20.9,23.26,37.3,45.87,27.8,32.53,35.15,35.07,26.78,22.57,23.18,36.2,44.68,27.91,38.6,20.05,22.22,16.59,21.8,37.23,24.96,24.96,44.08,23.85,20.02,21.98,19.96,47.67,30.54,21.26,23.58,32.23,29.25,40.77,28.8,48.62,19.73,42.73,42.98,25.58,18.94,33.89,18.44,76.84,21.89,42.82,26.22,31.67,33.23,21.2,28.62,27.59,29.37,20.24,55.87,33.75,48.77,29.27,25.34,34.26,35.78,23.74,25.25,25.22,17.13,24.41
2024-04-15,28.29,28.24,25.96,23.55,30.01,42.93,55.86,32.73,29.06,40.18,37.01,33.01,39.22,28.27,35.16,24.62,30.27,,19.03,26.74,34.62,20.67,30.69,36.04,27.5,20.95,31.73,26.87,31.12,24.74,28.45,29.9,34.87,20.75,25.63,22.42,24.11,35.44,46.55,28.72,36.6,36.75,36.89,24.15,24.75,23.45,36.01,44.57,30.12,38.9,20.42,20.96,16.99,22.37,36.84,24.82,26.06,44.9,25.53,20.76,22.22,20.85,48.92,32.28,22.32,23.58,31.61,30.61,40.71,30.09,49.14,24.14,44.76,44.33,24.99,19.32,32.29,18.97,80.42,21.36,42.32,27.49,33.88,29.55,21.22,30.44,27.82,30.38,21.24,60.25,35.06,49.31,29.53,24.67,34.53,34.9,24.5,25.37,24.84,21.62,24.79
2024-04-16,28.96,26.95,26.45,23.08,29.32,43.57,54.12,32.75,29.46,39.54,36.34,32.92,38.49,25.42,34.64,24.1,29.33,,18.63,26.37,34.43,19.57,30.53,36.07,27.11,20.45,30.14,27.71,30.04,25.18,28.75,29.67,35.25,21.37,25.67,22.65,22.98,35.67,47.46,27.99,36.72,35.95,36.16,23.21,25.76,23.87,35.24,45.06,29.12,38.01,17.73,19.97,16.81,21.91,36.9,23.54,25.71,45.4,24.77,20.58,21.73,21.78,48.02,31.82,21.74,23.85,26.05,29.62,39.82,29.91,49.03,24.3,43.62,43.25,24.36,19.39,31.85,18.39,77.05,22.81,42.06,25.91,34.9,26.76,22.62,30.09,28.22,29.74,20.59,59.9,34.15,48.98,21.0,24.51,34.49,34.38,24.38,25.82,24.35,22.18,24.57
2024-04-17,29.18,26.14,20.67,22.3,28.7,44.17,56.05,32.34,29.66,40.08,36.82,33.26,37.29,24.37,34.38,23.79,29.84,,18.56,26.21,35.56,18.47,30.37,35.63,27.04,20.54,28.92,29.16,29.73,24.84,29.26,30.18,35.11,20.0,26.07,22.92,21.53,33.29,53.2,26.99,36.97,37.29,37.5,22.93,26.09,23.95,35.11,44.24,28.98,37.81,16.99,19.57,16.65,22.3,35.81,22.11,25.74,44.37,24.17,20.36,21.66,20.14,49.17,31.99,20.98,22.84,24.63,30.68,41.11,30.2,49.13,23.75,43.38,44.63,24.49,19.38,31.61,17.41,78.51,23.31,42.71,26.04,35.49,25.88,20.48,30.11,27.88,30.14,20.32,58.59,33.9,49.6,20.53,25.02,34.37,29.5,23.35,25.92,23.91,24.23,24.56
2024-04-18,28.74,26.46,19.25,21.59,28.26,42.4,54.57,31.63,29.43,40.35,36.28,32.12,37.37,23.66,33.63,23.11,28.94,,17.63,25.26,35.66,20.01,29.86,34.55,27.58,19.88,29.33,28.36,29.04,24.48,29.8,28.45,35.07,19.3,26.24,22.13,21.38,32.37,49.66,25.97,36.21,38.03,38.31,21.94,26.22,23.24,34.77,44.15,28.93,38.05,16.75,19.01,16.16,21.87,35.38,21.75,25.59,42.18,24.32,20.16,21.24,19.78,49.51,31.72,19.13,22.67,23.36,30.66,41.24,28.66,50.79,23.07,42.96,46.34,22.07,18.99,30.94,17.81,77.12,22.85,42.41,25.26,34.73,24.83,19.17,29.18,27.52,29.98,20.5,61.14,33.57,48.72,19.74,24.09,33.63,28.85,23.14,25.84,24.11,23.67,24.22
2024-04-19,28.99,26.45,19.33,21.63,28.7,43.52,57.03,31.0,29.13,41.4,38.22,23.08,37.11,23.73,33.87,23.05,28.0,,17.66,25.19,35.37,18.33,29.63,34.8,26.95,20.1,28.78,28.75,28.54,24.96,29.62,30.13,34.73,19.78,25.76,22.47,21.74,34.52,50.7,25.97,34.85,38.3,38.13,21.77,25.02,23.83,33.85,46.71,29.35,28.2,16.89,19.33,15.65,21.5,36.27,22.59,25.79,41.45,24.06,19.61,21.17,21.04,52.05,31.87,20.0,22.83,23.1,30.93,43.74,28.22,32.1,23.15,44.16,55.27,24.7,18.86,29.63,13.96,77.69,22.21,43.05,25.16,32.43,24.86,23.07,28.96,29.16,29.98,19.88,61.91,34.38,49.63,19.43,23.66,34.13,27.9,23.21,24.88,24.32,23.19,24.55
2024-04-22,27.64,25.29,17.84,20.65,27.87,42.73,55.76,30.81,28.73,40.21,37.2,22.6,35.95,22.95,32.56,22.7,27.09,,17.14,24.95,34.46,15.65,28.56,32.45,25.48,19.63,27.79,28.14,29.02,23.7,29.47,28.32,34.24,18.63,26.38,21.99,20.28,33.38,51.42,25.05,43.23,37.41,37.74,21.62,25.12,23.64,33.08,44.04,31.36,26.87,16.15,19.62,15.27,20.65,35.29,21.13,26.97,41.99,23.88,18.75,20.95,20.44,51.35,33.87,20.27,21.73,21.99,30.19,42.32,28.42,30.56,23.45,41.19,57.4,24.43,17.95,28.76,12.61,71.12,23.04,41.31,23.82,34.78,24.39,23.32,28.16,27.23,29.31,19.25,65.27,32.68,48.0,19.1,23.98,31.64,26.71,22.52,19.98,22.88,22.66,23.65
2024-04-23,27.23,23.95,18.26,20.23,26.56,42.54,54.46,30.2,28.42,39.54,36.41,21.47,37.55,22.1,31.82,21.65,27.38,,16.54,24.41,32.93,17.15,29.17,33.04,25.31,19.12,28.61,27.02,29.44,23.22,29.66,21.5,33.6,20.01,29.06,20.28,19.89,29.82,47.4,24.44,27.64,36.01,36.39,20.83,24.45,21.36,34.24,53.56,31.33,26.88,16.11,19.34,14.85,20.91,34.5,16.76,27.81,40.39,23.62,18.14,24.81,21.54,50.62,33.63,19.31,22.12,21.39,29.27,44.29,24.42,28.99,20.17,40.55,58.9,22.87,14.65,28.0,12.54,72.23,18.63,39.18,14.19,34.02,22.84,27.55,27.59,30.8,27.65,17.92,63.03,31.93,46.84,18.47,23.68,23.74,26.19,21.8,18.09,22.63,22.81,23.02
2024-04-24,27.53,24.51,19.35,19.99,26.66,42.73,55.93,30.53,28.43,40.89,36.95,20.32,30.76,21.98,32.69,21.55,28.56,,17.31,23.47,33.25,22.27,28.68,33.62,25.03,18.7,29.6,27.08,29.29,22.94,29.6,21.79,33.35,16.84,25.99,21.33,17.47,26.88,45.78,24.94,26.98,36.08,36.39,20.76,23.91,21.95,35.05,47.48,32.72,24.72,16.66,18.82,14.76,21.24,34.97,16.86,27.54,41.47,22.94,18.75,26.71,21.45,52.89,26.48,19.74,21.06,20.78,30.61,41.54,24.11,29.08,21.64,39.19,63.11,23.66,14.2,28.95,14.21,75.01,15.59,39.63,16.7,32.54,24.59,22.83,27.78,21.27,21.36,16.56,47.65,25.71,46.95,18.86,24.21,21.68,26.09,17.4,17.93,21.55,22.17,22.69
2024-04-25,27.75,26.03,18.2,21.22,26.98,42.83,55.81,30.76,28.73,42.92,37.35,19.61,29.46,21.78,32.3,21.21,24.85,,16.98,24.14,26.8,16.56,25.01,33.13,25.16,20.05,32.78,28.41,28.82,22.64,29.08,20.03,33.28,18.58,26.23,20.9,15.45,27.45,39.31,27.61,25.67,39.67,36.99,20.18,24.71,17.9,22.6,45.49,32.4,25.23,16.34,20.14,15.33,22.31,35.48,15.52,28.54,35.11,22.81,18.67,20.43,22.66,35.9,31.68,18.62,17.31,21.67,35.36,43.7,22.69,28.6,21.49,32.6,62.55,23.92,15.03,30.05,12.9,74.28,16.89,39.92,16.03,32.76,23.89,20.64,27.89,19.49,20.58,19.05,47.26,24.89,50.24,18.18,19.2,20.32,26.46,17.42,18.16,22.35,22.22,22.66
2024-04-26,26.99,19.74,18.6,20.74,26.5,44.34,55.47,30.57,28.57,41.05,36.76,19.53,28.64,21.12,31.25,20.83,22.01,,16.49,23.9,24.7,13.77,23.01,27.14,24.63,20.15,31.8,27.6,28.0,20.12,27.97,19.19,33.72,19.01,25.44,19.48,14.84,26.02,39.35,19.53,24.74,26.04,26.41,20.48,23.73,17.71,20.47,32.43,32.45,24.2,16.24,18.7,14.74,21.21,35.25,15.26,26.65,34.2,22.24,18.76,20.09,21.75,33.75,31.99,15.69,17.33,20.7,22.02,41.93,22.73,28.16,21.07,31.57,64.05,22.12,14.29,29.18,12.48,75.03,16.56,39.18,15.44,35.48,23.88,25.83,27.86,18.23,20.55,13.25,45.99,23.75,47.29,17.67,19.1,22.38,25.2,16.4,16.6,21.23,22.3,22.53
2024-04-29,27.59,18.27,17.24,20.73,27.37,42.39,55.91,31.08,29.62,42.98,36.87,19.74,28.63,21.5,31.73,21.1,21.86,,17.39,24.58,24.57,14.04,22.69,27.05,25.12,22.77,34.6,27.29,28.24,19.67,29.81,20.06,31.65,19.04,32.53,20.14,15.51,26.67,43.42,21.15,25.28,26.94,26.95,21.13,24.73,16.87,20.46,33.47,32.64,24.66,16.43,18.56,14.63,20.42,35.01,15.58,28.48,34.37,22.43,19.94,20.0,22.21,33.14,33.37,14.86,17.48,21.66,22.8,42.92,21.34,28.36,23.4,31.72,63.76,23.05,15.72,28.02,12.17,75.77,18.75,41.99,15.1,34.93,24.84,22.36,28.61,18.48,20.26,14.15,54.73,22.87,47.9,18.03,19.73,22.14,25.9,16.79,17.36,21.46,22.1,19.73
2024-04-30,26.39,18.15,18.76,21.23,28.11,43.55,54.78,30.54,26.3,47.1,37.17,20.79,28.93,22.33,31.87,21.24,25.91,,16.88,24.71,25.75,18.12,23.69,27.09,25.11,23.95,35.89,27.7,26.27,20.53,30.0,19.95,36.79,19.535,27.19,20.94,15.68,26.85,43.66,20.12,25.2,27.3,27.43,21.97,25.89,16.91,20.35,34.3,33.76,24.38,16.65,19.96,13.3,21.75,27.4,15.52,28.78,35.58,22.4,14.69,27.74,23.05,32.5,25.75,13.26,17.69,22.22,24.41,44.67,24.27,28.55,22.83,32.68,63.55,24.38,14.39,31.25,12.39,78.27,15.77,40.84,16.41,33.98,25.78,21.21,30.86,19.38,20.65,14.17,49.44,22.87,50.96,18.6,19.4,22.35,26.55,17.03,20.01,22.27,22.4,20.44
2024-05-01,28.52,18.83,18.2,20.77,27.11,43.97,44.95,30.55,27.02,27.71,36.78,20.28,30.29,21.67,30.7,20.44,22.27,,16.73,24.28,24.45,10.56,22.06,26.64,24.5,25.29,36.66,29.0,25.81,22.09,29.55,21.2,34.19,20.03,27.89,20.35,14.86,27.0,40.98,20.42,25.41,26.55,28.13,19.63,25.97,15.33,19.88,33.29,33.47,23.57,16.42,19.38,14.4,20.48,26.14,14.21,28.11,34.86,17.59,15.68,15.13,22.43,31.78,19.88,15.54,16.29,19.96,23.01,40.57,26.7,28.47,22.0,32.75,62.77,23.58,14.25,24.69,11.28,75.3,14.96,41.21,15.5,23.06,25.44,24.74,30.82,18.42,19.53,13.4,46.07,22.78,52.24,18.63,20.47,20.38,26.16,17.3,19.65,21.82,22.54,20.52
2024-05-02,27.56,18.33,17.53,21.74,27.42,42.77,43.5,31.96,25.16,25.6,36.65,20.05,29.29,20.49,31.49,20.45,22.66,,16.65,23.26,23.73,13.1,21.58,26.67,21.58,25.6,36.19,28.29,22.91,18.67,30.5,19.25,36.98,19.51,27.92,20.03,14.56,26.48,41.1,19.84,24.95,27.09,27.31,20.67,25.61,17.45,20.05,35.83,33.61,24.2,15.62,20.23,12.14,16.53,25.49,14.37,27.15,34.07,17.16,14.57,13.66,21.57,30.4,19.63,14.87,16.58,20.86,21.83,39.99,23.94,27.22,23.12,31.25,62.14,22.99,14.55,23.55,11.88,80.31,15.5,28.81,15.11,19.93,24.48,17.31,31.55,18.53,19.74,13.13,44.85,22.6,48.77,18.22,18.67,20.63,25.64,16.75,17.66,21.4,22.78,19.8
2024-05-03,18.09,18.46,17.04,19.74,25.63,43.66,42.12,22.77,23.96,23.61,35.76,18.4,28.62,20.49,22.18,19.53,21.29,,16.01,22.43,22.62,12.42,21.19,24.7,21.85,24.32,35.45,28.04,25.55,19.02,30.03,17.91,35.71,19.118,27.44,19.26,13.82,25.29,41.13,19.42,23.79,25.74,26.3,20.85,25.33,14.86,17.92,30.55,32.01,22.6,15.25,18.19,11.76,15.73,25.47,14.06,27.23,32.58,16.12,14.52,15.16,21.43,28.3,21.13,13.8,16.01,19.85,19.62,38.99,22.53,27.38,21.87,30.1,60.59,22.24,14.11,22.63,11.2,76.23,15.07,26.18,13.83,20.58,23.55,16.15,30.06,18.08,19.48,12.97,43.7,21.73,47.84,17.86,17.7,20.25,23.55,15.47,19.61,20.4,22.28,18.89
2024-05-06,18.46,18.7,17.85,19.56,25.76,42.02,42.33,20.72,24.09,23.46,35.26,19.31,31.6,20.57,21.53,19.46,22.09,,13.87,22.68,22.55,13.33,20.76,25.08,21.51,24.45,36.51,28.21,21.62,19.06,29.56,18.45,35.21,18.726,28.25,19.72,14.61,25.3,40.72,20.06,24.45,25.35,26.2,19.52,25.79,17.14,17.94,30.07,32.25,24.33,14.94,18.13,11.73,15.33,25.53,14.23,27.8,32.53,15.98,15.02,15.3,20.61,28.79,23.02,13.18,16.97,20.5,19.65,39.67,24.65,27.47,21.16,30.19,60.41,24.84,14.34,22.45,11.31,83.91,16.63,25.8,15.87,21.05,23.3,16.46,29.32,17.33,18.75,14.14,44.39,22.13,47.99,18.11,18.45,20.71,24.66,15.18,17.94,21.47,23.48,18.96
2024-05-07,17.57,18.49,19.79,18.31,25.78,40.9,42.08,19.57,23.83,22.68,34.5,18.96,30.19,20.24,21.14,19.33,21.02,,12.83,22.47,21.81,11.71,18.54,24.67,21.06,24.8,37.06,30.39,20.38,18.19,29.06,18.24,21.87,18.334,28.23,18.64,14.12,23.92,39.58,20.39,23.62,24.88,24.26,17.96,25.52,15.34,16.98,31.47,31.76,23.14,14.73,17.72,11.33,13.71,24.91,13.88,27.81,32.16,15.57,15.78,15.39,22.65,28.28,20.55,13.06,15.92,19.34,19.75,38.64,23.61,27.09,22.77,27.66,60.18,22.1,12.81,20.15,11.09,45.25,13.47,25.78,15.85,21.11,22.93,15.91,21.86,16.51,18.14,12.54,42.68,21.58,48.08,17.42,16.82,18.06,24.37,14.96,16.71,20.02,22.95,18.29
2024-05-08,17.31,17.08,17.67,18.92,26.01,42.03,41.41,18.46,23.65,22.25,34.59,17.96,30.62,19.98,21.03,19.21,21.78,,12.96,22.27,22.14,12.03,24.16,23.81,20.99,24.3,35.75,30.05,21.08,17.87,29.28,18.09,20.67,17.942,16.93,19.3,14.69,25.7,39.91,20.06,24.65,24.78,25.11,19.32,26.44,14.79,16.84,30.93,31.45,23.52,13.98,17.85,10.88,14.21,24.56,14.23,25.9,31.95,15.04,15.16,15.48,21.17,28.21,21.29,13.09,16.78,18.92,19.67,38.52,21.96,27.85,22.75,27.31,60.08,22.02,14.1,20.32,11.0,42.75,12.92,25.55,14.77,20.29,21.78,22.93,21.19,16.39,18.57,14.28,42.01,20.11,36.23,18.26,17.15,18.16,21.6,14.44,15.53,19.88,22.25,18.05
2024-05-09,16.9,17.15,16.58,19.29,26.67,41.44,41.38,19.4,22.68,22.47,35.12,16.85,28.55,19.94,21.25,19.2,21.49,,12.82,21.5,21.38,10.01,23.51,23.77,20.31,23.87,37.12,28.93,20.99,16.94,28.43,17.18,19.98,17.55,14.49,19.29,13.56,23.68,38.27,20.17,22.8,23.62,23.96,18.87,25.3,14.49,16.62,30.17,30.3,21.82,12.14,17.78,10.45,13.48,24.4,14.03,26.66,31.68,15.02,14.63,13.02,21.25,27.23,18.76,13.4,14.96,19.39,18.74,38.49,23.29,27.14,23.27,26.43,59.58,25.32,13.8,20.25,10.91,41.42,14.0,24.77,14.6,21.1,21.38,14.71,19.57,16.43,17.71,11.77,40.89,19.35,32.4,17.64,16.57,20.69,24.55,14.07,16.08,20.27,23.37,17.72
2024-05-10,17.11,15.29,16.01,18.06,29.75,38.51,38.65,18.9,21.64,21.9,34.96,17.93,28.95,20.08,20.46,18.8,19.72,,13.06,22.34,21.62,10.83,23.15,22.7,19.33,23.46,35.42,35.07,20.91,16.38,27.25,16.97,19.43,16.65,14.0,18.16,13.88,22.4,36.73,19.95,21.76,24.76,24.12,17.87,24.7,14.28,15.54,28.9,31.09,20.85,13.89,16.92,10.34,13.28,23.69,13.31,25.94,30.32,14.11,13.87,12.99,21.0,25.98,21.35,13.86,14.89,20.88,18.26,38.58,26.74,27.02,24.18,25.8,57.63,24.38,13.55,19.05,10.21,39.37,13.28,23.72,16.4,20.0,22.31,17.06,20.01,16.06,18.06,11.6,40.39,19.92,31.19,17.62,16.02,18.66,21.7,13.77,15.35,19.02,22.96,17.15
2024-05-13,19.48,17.43,18.34,18.7,36.37,38.72,40.23,19.34,24.21,22.99,38.66,19.31,29.1,19.29,21.38,19.77,21.38,,12.54,22.68,22.31,10.89,23.81,23.66,20.35,24.22,36.32,30.76,22.13,17.14,28.01,18.67,19.09,15.852,16.14,18.96,14.94,26.98,41.72,22.21,22.99,25.11,25.45,19.17,24.83,14.46,16.71,31.02,31.99,23.2,13.65,17.59,11.11,14.38,24.43,13.58,27.4,31.34,14.72,14.67,14.32,21.94,27.8,19.84,14.965,17.99,20.95,19.24,38.58,24.79,27.32,20.42,26.05,56.83,29.92,13.5,18.64,11.5,40.84,14.09,24.65,14.26,20.34,22.0,15.5,21.35,15.79,18.89,12.08,42.11,19.99,33.28,19.03,16.56,19.43,22.98,14.79,16.08,20.8,23.54,17.88
2024-05-14,19.0,17.24,17.42,19.94,39.13,40.55,40.02,19.34,24.59,23.07,39.67,19.31,28.02,19.87,21.19,19.56,22.66,,12.88,22.87,22.84,16.54,21.02,23.72,20.34,24.04,36.4,26.71,21.79,17.44,27.29,18.67,19.4,15.054,13.28,19.33,15.16,26.37,40.82,21.05,26.15,23.42,24.01,19.16,19.31,14.6,16.05,31.84,31.73,24.05,14.2,17.77,12.33,14.59,25.13,13.4,27.27,30.4,15.37,14.82,15.8,20.78,27.18,19.75,16.07,15.37,19.33,18.84,39.12,28.8,27.32,21.75,26.97,55.43,32.0,14.41,19.0,11.34,41.87,12.61,24.53,14.58,19.52,24.4,16.46,20.65,16.37,17.19,14.19,42.55,20.03,33.08,17.9,16.35,20.29,23.99,15.06,16.56,21.7,22.39,18.3
2024-05-15,18.59,17.16,16.15,18.46,40.45,38.39,40.16,19.79,22.78,23.68,40.39,17.45,29.36,19.47,20.32,18.41,20.62,,13.12,20.02,21.15,13.2,16.97,22.0,19.36,23.81,36.35,32.53,21.65,16.46,26.26,17.51,18.84,14.256,15.11,19.66,14.24,24.43,40.67,20.32,22.45,22.41,22.8,18.22,17.46,15.75,15.11,29.05,31.14,23.0,13.05,16.91,12.27,13.9,24.92,13.06,27.62,30.49,14.3,14.97,19.95,22.36,26.04,19.7,16.25,15.16,18.8,17.76,37.85,24.17,27.0,20.97,26.74,55.4,34.68,14.56,22.71,10.92,41.09,13.64,24.87,14.66,20.6,21.48,15.99,20.9567,16.16,18.72,11.53,42.38,19.43,33.16,18.68,16.41,21.81,22.72,14.94,16.44,19.68,21.77,17.4
2024-05-16,18.47,17.38,15.52,20.05,40.34,37.31,41.42,19.55,20.97,23.46,40.7,19.49,29.74,19.13,20.48,18.37,21.14,,12.37,21.51,22.23,11.16,18.69,24.15,20.01,24.11,36.1,18.85,21.73,17.05,20.43,17.53,18.72,13.458,15.2,18.82,13.78,25.1,38.86,21.64,21.86,21.94,22.35,18.36,17.69,14.19,16.03,32.26,31.52,23.0,13.03,17.22,12.01,13.74,24.88,14.26,26.51,31.2,14.57,13.97,13.74,23.87,26.45,20.19,15.96,15.2,18.72,17.43,38.93,23.64,25.73,22.13,26.63,56.14,33.21,13.92,18.9,10.69,39.87,14.13,24.58,12.88,19.43,22.39,13.31,21.2633,15.78,18.23,11.58,42.1,18.82,31.79,18.33,16.63,18.82,23.54,14.11,15.35,19.47,13.81,17.98
2024-05-17,17.89,16.17,13.52,20.71,40.07,29.18,41.43,18.16,21.28,22.33,39.5,18.3,28.73,17.78,19.78,17.65,19.78,,11.66,20.83,21.35,11.69,20.28,21.59,18.64,23.7,35.31,16.82,20.22,16.3,19.31,16.25,17.81,12.66,14.24,18.51,13.21,23.97,39.15,20.35,21.51,21.73,23.26,17.53,16.6,13.76,15.58,30.69,31.57,21.57,13.95,16.64,11.81,13.22,24.36,12.77,25.54,30.49,14.13,13.76,12.88,22.03,25.73,19.84,14.72,14.99,21.82,17.0,39.43,22.36,25.16,21.21,25.5,56.94,33.21,13.26,18.19,10.43,39.47,14.33,24.66,14.15,19.53,22.33,14.28,21.57,14.74,16.03,11.83,42.12,18.31,30.63,17.46,15.27,18.07,19.6,13.75,16.16,18.98,12.85,16.57
2024-05-20,17.96,16.14,17.17,24.49,39.86,29.82,40.99,17.98,21.41,22.85,38.57,18.27,28.84,18.81,19.89,17.59,20.27,,11.91,21.4,21.87,11.57,20.26,21.68,19.18,24.19,35.77,18.23,20.89,16.46,19.22,16.26,17.73,13.01,14.97,18.77,13.46,24.47,38.36,20.02,21.62,21.4,21.72,17.8,16.89,13.68,15.9,30.12,31.29,22.24,13.04,16.66,12.02,13.43,24.75,12.46,25.34,30.63,14.56,14.05,14.0,23.59,26.19,19.99,15.81,15.28,18.74,17.16,42.02,22.71,26.02,21.29,25.3,54.11,32.54,13.81,18.94,10.38,38.66,15.72,25.46,14.22,19.9,22.25,15.0,19.0,15.06,17.14,11.41,42.54,18.73,29.72,17.13,15.54,18.6,23.91,14.0,15.31,19.24,12.8,17.1
2024-05-21,17.67,16.63,16.41,25.38,39.85,28.8,40.38,17.81,21.5,22.63,37.97,18.22,28.65,19.69,19.53,17.23,20.63,,11.95,21.56,22.03,11.27,19.85,21.8,18.92,24.68,36.09,16.76,20.51,16.31,18.71,15.9,17.36,12.66,15.32,18.89,13.34,24.4,36.26,19.4,21.56,21.04,22.15,18.01,16.43,13.66,16.24,29.97,29.5,21.88,12.76,16.13,11.8,13.2,26.47,11.96,18.61,30.6,14.31,13.96,14.05,21.55,26.06,19.33,18.21,15.44,18.9,16.97,40.69,22.47,25.51,20.49,25.11,52.6,33.05,13.39,19.33,10.22,37.84,16.27,25.36,13.9,19.82,22.77,14.77,19.06,16.15,16.72,11.65,44.3,18.51,29.32,16.95,15.64,18.65,22.99,13.95,15.67,19.36,12.68,16.96
2024-05-22,18.06,18.35,16.09,26.75,39.74,29.48,41.91,19.7,22.24,22.65,39.23,18.77,29.19,19.3,19.8,17.61,21.64,,12.1,21.61,22.51,11.14,21.53,22.14,19.86,24.72,35.92,17.18,20.61,17.46,19.12,16.72,17.56,14.89,15.13,19.6,13.64,24.9,36.73,21.11,22.49,21.44,21.88,18.31,16.89,14.14,16.47,30.92,29.8,22.82,13.3,16.64,11.92,13.53,26.48,12.28,19.01,31.04,14.68,14.22,15.06,22.1,26.6,19.64,15.5,15.98,18.81,17.18,42.66,23.33,25.03,21.38,25.44,53.31,34.09,13.51,24.07,10.17,39.3,16.51,25.31,14.12,21.56,22.8,14.89,19.63,15.82,17.3,11.95,43.61,19.57,30.4,17.31,15.81,19.41,23.0,14.15,15.96,19.79,12.85,18.18
2024-05-23,19.07,18.38,16.78,27.56,39.38,28.47,39.78,20.07,22.78,22.96,36.91,19.76,31.68,20.31,20.68,18.95,23.1,,13.19,22.93,23.09,11.25,21.14,23.36,20.05,25.34,36.36,17.34,21.77,17.51,19.51,17.54,18.04,14.56,16.08,21.63,13.88,25.38,37.15,21.46,22.93,22.06,22.39,18.79,17.38,14.94,16.5,30.92,30.47,23.0,14.05,16.99,12.32,13.62,26.63,12.6,18.93,30.17,15.17,14.91,15.55,17.48,26.95,20.09,16.56,16.54,19.67,17.31,41.9,22.65,25.03,23.03,25.72,39.49,33.83,13.88,21.2,10.92,38.62,16.47,25.49,14.47,23.19,23.57,14.47,20.11,16.19,18.32,12.28,44.2,19.8,30.25,17.55,16.48,20.02,24.13,14.7,16.68,20.59,12.78,18.58
2024-05-24,18.27,17.81,16.15,27.59,39.81,27.3,37.51,18.98,22.06,21.99,36.56,18.53,30.71,19.66,19.65,17.8,22.88,,12.16,21.98,22.36,11.22,20.38,22.0,18.97,24.71,36.55,16.76,21.45,16.78,19.01,16.37,17.33,12.49,14.92,22.14,13.62,24.7,44.45,21.39,21.88,21.38,21.74,18.07,16.3,14.56,15.75,30.3,20.94,22.53,14.05,16.02,11.8,12.97,24.85,12.28,18.4,28.74,14.35,14.59,14.14,14.14,25.6,19.65,16.78,16.28,19.18,16.0,41.93,23.93,24.11,23.6,25.12,37.66,34.19,13.73,21.02,10.36,36.62,16.94,26.26,13.93,21.97,21.86,16.71,19.23,15.32,17.49,11.71,42.48,18.89,29.52,17.47,15.41,19.89,23.71,14.02,15.5,19.67,12.37,17.62
2024-05-28,20.0,19.93,16.98,29.36,40.36,30.43,41.06,20.17,23.34,23.09,38.09,19.76,31.63,22.1,20.63,19.03,25.34,,13.6,23.61,22.52,16.2,20.71,23.1,20.17,25.05,38.04,17.0,22.3,17.35,20.78,18.26,18.61,14.87,19.07,28.9,14.73,26.87,46.53,22.47,23.28,21.23,23.45,19.5,17.89,15.88,17.73,32.26,23.28,23.65,14.85,18.01,12.47,14.32,26.74,13.78,18.51,30.84,15.56,15.3,17.41,17.3,26.88,21.09,15.81,17.65,20.73,17.86,50.38,22.1,25.44,30.74,26.83,44.91,33.51,15.01,23.83,12.34,38.23,17.39,28.55,14.84,22.95,23.86,14.8,19.85,16.14,18.49,12.73,43.96,20.8,30.94,19.13,16.49,20.82,26.24,15.12,15.94,20.89,12.95,18.01
2024-05-29,20.79,18.74,17.35,29.93,40.88,32.08,42.07,20.18,23.89,23.66,39.17,20.63,31.6,22.46,21.55,20.02,22.08,,14.09,24.47,22.78,15.55,20.9,25.18,21.53,26.18,39.64,18.13,24.52,18.87,20.57,19.2,19.22,15.35,16.98,33.04,15.18,25.66,45.49,22.52,23.86,22.95,23.82,20.1,18.81,15.93,18.24,30.23,22.9,24.09,15.64,18.35,12.18,14.85,27.68,13.28,19.97,31.45,15.82,15.98,22.35,17.83,27.33,22.4,15.88,20.23,21.54,18.25,53.52,27.35,26.16,33.56,27.46,46.22,35.94,15.19,22.75,13.51,39.12,15.53,28.75,15.39,22.07,24.83,21.64,20.43,16.4,19.66,13.44,44.18,21.49,31.14,20.6,17.49,22.27,28.24,15.77,14.58,22.71,13.63,19.67
2024-05-30,21.78,19.66,17.34,31.33,45.15,32.03,41.7,21.06,23.76,24.32,38.82,20.91,31.07,22.1,21.73,20.42,25.17,,14.13,24.57,23.5,16.38,22.31,23.41,21.53,27.91,30.34,19.95,23.86,19.01,20.86,19.59,19.16,14.555,18.57,32.2,16.7,25.51,44.59,24.31,24.21,24.01,24.49,20.88,18.61,15.54,18.92,33.26,25.04,24.58,15.31,18.51,12.98,15.07,27.39,14.36,19.79,32.48,16.37,16.35,15.1,18.15,28.28,20.7,16.54,22.03,21.63,20.27,54.58,28.31,25.88,35.68,33.39,44.63,39.59,14.84,23.71,13.3,40.71,17.82,29.34,16.4,23.19,23.94,17.41,21.56,18.93,20.12,16.16,45.56,21.87,31.12,20.71,16.88,21.65,28.19,15.31,17.15,23.03,13.95,19.76
2024-05-31,20.15,19.01,17.27,31.01,44.21,31.76,41.51,20.37,23.38,24.31,39.56,20.18,32.8,20.82,21.06,19.66,25.03,,14.01,24.87,23.26,13.65,21.36,24.21,20.45,19.58,27.09,18.92,24.57,18.4,19.23,17.95,18.29,13.76,16.31,31.81,14.0,25.69,44.49,22.44,21.67,23.64,21.17,19.9,19.08,16.3,18.3,31.57,25.31,23.85,15.67,17.71,12.03,14.78,26.27,13.71,20.79,31.89,15.86,15.7,16.12,22.89,26.89,21.3,13.72,22.36,20.55,19.33,53.52,24.77,25.57,29.26,31.73,45.32,36.23,14.69,22.95,12.12,40.7,15.63,28.51,13.71,22.23,22.72,12.15,21.64,14.71,20.71,15.27,45.09,21.48,30.65,20.69,16.8,21.83,27.02,15.05,17.3,22.23,12.82,18.82
2024-06-03,21.2,19.87,18.25,31.12,44.33,30.4,40.5,20.63,23.67,23.99,40.38,20.5,23.82,22.16,21.92,20.07,24.52,,15.37,24.87,23.49,13.7,22.65,25.72,21.28,18.5,25.87,18.81,25.21,18.72,20.33,19.4,19.2,15.14,18.74,33.02,15.84,26.6,44.91,25.51,24.04,22.77,24.17,20.5,19.19,16.63,18.92,33.9,25.02,24.22,13.93,18.77,12.54,15.29,25.98,14.78,20.66,32.04,16.1,16.43,18.69,18.78,27.56,21.0,17.95,19.02,21.36,19.37,54.03,26.49,25.71,35.18,30.83,44.51,37.54,15.91,23.88,12.52,42.21,16.1,28.64,16.93,22.24,24.08,16.85,21.73,18.93,19.12,17.29,47.15,22.0,31.89,20.17,17.5,21.21,24.76,15.33,16.79,23.24,12.98,19.66
2024-06-04,20.95,17.41,19.07,31.04,43.74,30.3,41.84,20.13,23.95,24.09,40.34,20.36,30.34,21.97,21.07,19.55,30.23,,14.23,23.69,23.37,14.62,23.04,23.97,21.18,18.45,25.46,19.44,24.78,18.96,19.71,18.22,19.35,15.125,16.71,32.84,14.7,25.85,45.2,23.21,23.95,22.91,24.16,20.32,18.41,15.32,18.23,32.6,23.54,24.58,15.88,19.12,12.14,15.52,25.16,14.01,20.03,32.55,15.66,15.4,14.27,19.69,27.24,22.36,15.39,16.82,21.75,18.67,54.53,25.64,25.88,34.33,30.27,43.13,37.96,14.54,23.98,12.14,40.2,16.51,28.12,13.44,21.98,23.43,21.91,19.77,17.67,19.73,17.6,47.45,21.81,31.63,19.09,16.76,21.76,28.05,14.75,15.62,23.11,13.05,20.04
2024-06-05,20.75,17.19,14.9,30.26,41.45,30.3,40.66,19.01,23.11,22.88,40.62,20.48,28.38,21.22,21.61,18.61,32.03,,12.65,21.79,22.29,14.78,20.33,22.62,20.49,17.66,23.55,19.65,22.68,18.94,18.82,17.43,19.71,15.11,17.11,32.94,15.06,25.86,45.32,22.49,25.37,22.93,23.08,19.5,17.64,14.81,17.69,31.91,23.15,23.14,14.85,18.94,11.0,15.0,25.01,13.43,20.81,31.87,15.72,16.01,24.38,17.08,27.27,21.47,15.555,16.64,21.01,17.54,53.98,23.3,25.09,36.55,29.66,44.73,36.74,13.98,23.15,11.31,40.39,16.33,28.0,15.75,21.91,23.7,19.68,19.97,18.24,19.67,19.04,47.59,21.26,32.11,18.47,17.82,21.18,26.51,14.53,15.57,22.39,12.53,19.35
2024-06-06,20.7,17.84,17.8,31.14,41.77,30.07,41.34,19.8,23.22,22.84,40.38,20.19,28.15,21.1,21.67,19.45,25.53,,13.99,24.37,22.98,15.01,33.82,25.0,20.47,17.63,24.25,17.76,24.6,19.28,18.59,17.79,19.58,14.99,20.49,33.2,15.57,25.85,43.46,22.5,23.58,22.24,23.17,19.48,18.21,15.11,17.85,32.01,22.66,23.83,14.7,19.29,12.05,14.9,24.08,14.06,19.42,32.01,15.4,15.62,16.59,21.75,27.13,20.93,15.72,16.03,20.92,17.62,54.96,25.52,24.81,38.73,28.75,46.7,40.18,15.46,24.4,11.73,41.45,15.12,27.92,15.25,21.86,23.63,16.56,19.33,17.46,17.88,19.23,48.18,21.33,31.84,19.25,16.28,21.1,26.89,14.88,15.72,23.2,12.74,19.2
2024-06-07,20.37,17.95,19.3,30.29,40.35,29.18,39.43,19.14,22.96,22.16,39.9,20.13,26.06,20.62,20.85,18.88,26.74,,14.51,25.17,22.75,14.48,27.03,24.05,20.05,17.09,23.34,17.93,24.38,18.39,19.04,17.72,19.25,14.87,17.49,32.91,14.83,26.42,43.53,21.77,24.17,22.28,22.48,19.25,17.97,14.74,17.45,31.49,22.01,24.29,14.49,19.13,11.63,14.81,24.64,13.36,19.25,30.66,15.28,15.97,23.6,16.21,26.87,20.53,16.09,16.46,20.45,17.52,54.52,25.48,24.81,36.88,27.72,44.45,38.82,15.02,22.6,11.52,39.6,15.1,27.6,14.47,21.84,23.05,15.63,19.122,16.39,17.92,19.73,48.21,20.93,30.52,19.39,16.66,19.66,25.66,14.06,16.455,23.45,13.41,19.04
2024-06-10,19.22,17.12,18.52,30.81,40.37,30.08,41.3,19.38,23.38,22.3,40.27,20.39,30.43,20.29,21.39,19.66,24.72,,12.94,26.93,22.1,11.01,25.54,22.58,20.33,17.49,23.54,17.01,22.74,18.41,19.41,17.32,20.15,15.94,18.4,33.35,15.62,27.15,46.39,21.39,23.72,21.66,21.96,19.79,18.2,14.91,17.86,32.38,22.41,21.98,14.48,21.82,11.98,15.15,25.12,13.97,19.74,32.03,15.3,16.51,18.67,16.56,27.34,20.19,16.36,16.73,20.81,17.36,54.52,25.22,24.59,40.5,28.4,42.31,37.28,16.73,23.09,12.12,38.57,16.2,27.82,14.76,23.0,24.92,18.72,18.914,19.18,18.22,19.85,50.81,21.2,31.21,21.55,16.8,20.22,28.72,15.52,17.19,25.83,13.28,19.55
2024-06-11,20.78,18.31,22.04,31.18,40.47,29.78,39.89,19.9,23.76,22.13,39.4,20.96,26.79,31.16,20.92,18.64,26.96,,13.96,29.45,22.67,13.87,29.95,24.95,20.28,17.19,23.92,16.39,24.29,18.58,19.62,16.82,19.93,16.27,18.81,33.61,14.4,26.25,44.26,20.82,24.25,22.67,21.55,20.61,19.23,15.25,17.6,32.85,22.06,21.48,16.01,22.66,12.33,15.2,24.99,13.5,19.55,32.14,15.33,17.17,19.47,21.79,27.14,22.91,17.53,17.74,21.71,17.72,54.16,20.59,25.02,33.88,28.56,40.88,37.03,17.68,22.92,12.16,37.02,18.21,25.28,15.11,23.2,24.1,16.92,18.706,20.56,19.22,21.27,52.75,21.26,31.61,20.58,16.36,20.68,27.35,14.58,18.04,26.57,13.55,19.45
2024-06-12,22.58,19.32,19.77,31.42,41.22,29.18,39.21,18.98,22.57,22.36,41.6,20.29,27.46,21.84,20.27,19.73,27.79,,13.77,28.66,21.48,10.01,21.27,24.07,19.04,16.63,24.16,16.62,22.42,17.76,18.34,17.1,20.38,16.6,17.38,33.66,14.45,25.46,45.08,21.82,23.58,23.12,21.27,20.55,18.43,12.4,17.12,31.8,20.56,21.93,14.89,23.28,11.95,14.53,24.58,13.39,18.43,31.73,15.18,14.11,19.33,16.49,26.96,20.71,21.92,16.14,20.76,17.84,54.19,27.12,24.41,35.71,27.72,39.75,21.05,17.04,22.95,11.4,38.23,16.77,26.91,14.42,22.53,23.27,19.28,18.498,17.91,18.4,22.13,51.67,20.94,30.78,20.51,16.44,19.55,26.19,14.78,19.52,26.49,12.93,18.68
2024-06-13,21.59,18.28,19.38,32.78,46.79,29.47,39.41,19.32,22.22,23.06,37.05,20.48,28.43,24.38,20.31,19.41,25.69,,13.19,28.74,21.86,14.16,21.63,24.39,20.09,16.53,23.63,16.63,18.8,18.26,17.92,21.36,20.64,15.86,16.18,33.54,14.12,27.37,42.94,21.73,24.28,20.9,24.49,21.35,18.44,15.1,17.17,31.89,21.67,22.41,16.0,23.26,11.38,14.19,23.19,13.29,18.34,31.93,15.43,15.54,17.49,17.33,27.35,20.65,16.17,17.89,21.7,17.75,57.59,22.97,26.58,37.36,27.33,41.62,20.41,18.24,23.07,11.35,36.66,13.93,28.08,15.46,22.38,24.68,17.52,18.29,20.67,20.07,20.86,51.34,20.94,31.44,21.23,17.62,20.45,28.59,15.6,22.77,27.07,13.11,18.85
2024-06-14,20.63,18.71,20.15,33.05,24.6,30.51,39.15,20.04,22.32,23.52,41.26,21.06,28.82,23.9,20.74,20.26,24.64,,13.61,29.21,22.61,12.59,22.49,25.04,21.15,16.78,23.63,17.01,24.43,18.42,18.79,20.95,21.73,15.65,19.04,35.37,14.36,26.02,43.07,22.47,25.07,20.78,21.3,21.92,18.14,14.94,18.81,32.09,20.82,22.79,15.17,23.43,12.6,14.23,22.97,13.48,19.04,33.87,15.66,15.89,27.08,16.27,27.49,21.38,15.5,16.58,24.98,17.43,64.49,23.6,30.12,37.69,26.45,46.12,20.45,17.09,23.59,11.76,39.38,15.04,28.62,13.9,22.03,25.63,14.71,19.2,19.82,20.86,21.56,44.3,22.7,32.06,20.64,17.0,20.91,28.61,15.09,19.89,27.64,13.98,20.09
2024-06-17,21.91,19.31,21.31,35.57,24.65,32.47,40.62,20.17,23.55,24.17,47.6,23.12,30.22,25.13,21.21,21.34,27.59,,13.7,29.86,23.22,13.32,23.12,27.72,21.62,17.95,23.88,17.5,24.91,19.48,19.49,21.45,21.81,15.5875,18.61,36.86,14.34,28.77,43.89,23.05,25.19,21.85,21.94,24.49,18.95,15.01,18.61,33.22,22.36,27.12,17.02,23.11,12.85,14.89,23.77,14.11,20.11,35.6,16.03,16.24,18.0,18.37,27.87,21.51,15.63,17.32,25.16,18.29,66.32,23.17,37.94,39.51,27.07,47.27,20.86,17.1,23.04,12.69,41.75,15.72,30.89,15.66,22.78,28.35,17.16,20.35,19.09,19.71,20.38,48.65,23.1,32.5,24.46,17.41,21.63,29.54,15.31,19.3,27.35,14.12,20.78
2024-06-18,22.48,19.14,21.49,41.32,24.59,33.15,40.16,19.72,23.27,24.62,47.1,23.3,29.98,24.8,21.03,21.41,28.39,,13.25,27.32,23.13,13.41,23.75,28.46,21.25,17.59,23.51,18.19,24.45,18.9,19.21,21.24,22.09,15.525,18.81,37.22,14.26,27.63,45.38,23.6,24.2,21.86,22.33,24.18,18.95,14.77,19.85,33.28,21.99,28.25,17.6,22.65,12.65,14.72,23.02,14.13,19.63,35.95,15.91,16.71,17.75,17.84,28.47,21.83,15.61,16.51,25.24,17.64,67.41,22.31,40.6,38.65,26.86,44.76,22.07,16.81,23.11,12.76,43.54,15.54,30.85,15.2,22.39,28.36,15.72,19.995,19.98,19.9,18.85,46.55,23.0,32.04,25.62,17.03,21.76,29.81,15.12,19.66,27.06,13.77,19.87
2024-06-20,21.62,19.45,22.74,21.31,23.97,34.55,42.53,20.37,23.17,25.18,41.66,26.32,30.8,25.55,21.13,22.26,28.54,,13.44,27.2,23.41,13.81,24.3,25.29,22.38,17.84,24.02,17.46,28.94,18.86,19.28,23.0,21.54,15.4625,18.79,38.2,15.04,28.98,45.83,24.33,25.14,23.22,23.06,25.3,19.28,15.84,20.51,35.61,22.4,29.83,17.63,23.0,13.09,15.6,24.46,14.58,20.18,37.13,16.28,17.32,16.46,16.64,30.23,22.93,15.43,17.32,26.78,19.05,72.23,24.21,43.26,40.21,28.15,52.46,21.3,17.36,22.64,13.37,42.1,17.79,32.7,15.78,22.36,29.75,17.5,19.64,20.4,20.88,19.77,48.59,24.18,32.84,26.25,17.73,21.92,30.66,15.58,20.06,27.26,13.96,19.9
2024-06-21,20.04,18.78,22.12,19.65,22.51,33.58,41.25,19.72,22.35,24.55,40.17,25.8,30.33,26.2,20.24,21.48,27.16,,12.51,26.74,22.94,13.35,25.34,26.27,20.03,17.29,23.49,16.81,24.83,18.33,19.19,22.15,21.61,15.4,18.51,37.12,15.17,28.95,45.18,24.1,24.42,22.73,23.83,25.57,18.4,15.22,21.34,34.48,21.47,29.51,16.98,23.0,12.69,14.31,23.64,14.65,18.96,35.03,16.01,15.71,15.45,15.53,31.75,22.39,13.88,16.55,27.64,18.64,74.34,24.06,42.9,38.28,28.23,53.24,19.82,17.71,21.77,12.87,40.72,15.56,31.2,15.96,21.95,28.07,16.76,19.42,20.01,20.45,18.07,48.27,22.86,30.85,25.88,17.19,22.62,27.02,15.85,19.29,27.24,14.51,19.24
2024-06-24,20.34,19.57,22.15,19.63,23.43,34.85,41.97,20.06,22.27,28.13,41.09,26.11,31.84,24.5,20.35,20.95,29.63,,12.63,27.09,23.01,14.5,30.0,28.21,20.38,17.35,24.03,16.94,24.74,18.41,19.28,23.89,21.21,13.91,18.23,38.04,16.85,33.18,45.58,22.03,28.11,26.76,26.49,25.76,18.63,15.93,26.7,43.33,22.04,29.18,15.62,22.09,13.29,14.5,23.85,14.6,19.35,36.31,16.75,16.59,18.71,14.32,39.26,23.21,16.42,16.6,26.1,21.03,70.74,26.99,42.88,37.5,32.72,55.56,20.33,16.97,22.27,12.61,40.17,17.24,31.99,19.66,24.84,28.35,18.51,19.55,22.5,22.21,18.79,51.09,26.29,30.92,24.54,19.73,24.85,29.97,17.87,20.25,25.56,13.23,19.35
2024-06-25,19.56,20.43,22.23,19.08,23.42,33.19,40.39,20.34,22.45,28.83,39.37,26.43,33.12,25.34,20.2,21.05,28.73,,12.86,27.25,22.64,17.32,29.25,29.0,22.92,16.9,23.25,16.64,25.61,18.01,21.28,24.72,21.35,15.54,21.65,37.87,17.57,32.57,45.36,22.23,30.63,27.69,28.08,25.21,19.43,15.75,26.55,40.91,21.66,29.91,15.49,22.27,11.81,13.57,24.27,15.6,21.74,35.76,17.34,16.39,24.9,18.08,41.06,26.55,15.5,16.15,26.13,21.5,71.24,27.2,42.51,37.96,32.87,51.1,19.95,17.47,22.09,11.58,39.98,18.52,31.65,18.81,21.61,28.5,17.0,20.31,23.78,23.29,19.8,50.38,25.95,31.24,25.83,20.59,27.31,30.46,18.13,22.79,27.68,13.8,18.67
2024-06-26,19.88,20.46,22.74,18.44,23.3,32.68,41.27,20.63,22.46,29.63,41.22,26.64,32.98,21.01,19.85,21.59,29.65,,12.29,27.97,22.87,18.98,29.11,29.04,20.03,17.3,23.04,16.47,25.72,18.29,17.14,26.85,22.14,15.52,17.53,22.39,18.24,36.05,45.72,22.97,31.0,29.33,29.49,25.85,18.97,16.72,29.59,44.41,22.22,27.91,18.7,22.98,13.78,14.55,24.08,17.69,20.39,38.17,17.07,15.73,23.5,16.12,43.35,25.84,14.75,16.4,29.01,22.03,69.62,25.36,42.68,39.96,34.23,51.22,20.68,16.24,24.4,12.42,39.39,15.2,31.92,21.76,22.88,29.1,16.85,20.59,23.93,23.05,17.68,52.01,28.06,33.23,25.64,21.43,24.71,31.36,17.71,22.15,25.71,13.5,19.04
2024-06-27,20.62,20.16,25.39,19.23,24.29,31.84,41.42,20.2,21.94,31.56,39.42,26.08,33.78,25.74,20.29,21.54,32.23,,12.63,28.03,22.85,20.28,25.97,30.35,21.0,17.16,24.53,16.9,26.31,19.24,18.34,26.59,22.34,15.5,17.92,20.83,18.02,34.46,48.47,20.23,30.06,28.99,29.07,25.72,18.74,18.2,29.99,43.73,23.12,29.39,19.07,22.39,13.65,14.69,23.2,17.29,20.2,35.39,17.7,17.17,20.51,17.47,43.34,24.49,15.05,19.53,27.46,23.17,43.05,25.96,42.53,42.23,34.75,51.68,20.29,17.47,24.32,12.88,40.51,20.67,32.23,19.26,23.3,28.36,17.18,20.82,24.06,24.49,18.3,53.55,27.68,31.79,26.59,20.15,27.46,27.97,18.55,22.22,25.88,13.89,19.5
2024-06-28,22.46,21.48,22.72,19.08,23.87,30.29,42.36,20.11,22.49,34.47,40.49,26.29,33.22,21.75,21.57,21.87,30.71,,12.69,28.86,22.03,17.08,28.74,32.57,21.31,17.23,25.0,17.67,25.86,19.27,19.29,28.02,22.15,15.54,19.67,20.45,17.45,33.3,44.82,20.68,28.97,29.47,29.65,26.3,20.29,17.66,26.87,43.89,22.81,28.73,16.33,22.35,13.44,14.88,21.84,16.76,20.93,36.39,18.75,17.26,25.72,17.55,44.3,24.82,15.5,20.49,27.54,22.73,41.95,26.95,42.95,26.2,35.04,48.25,20.25,17.05,23.62,14.21,40.74,20.64,34.72,19.05,25.17,27.86,17.06,20.26,24.075,25.56,19.62,53.46,27.92,31.63,27.21,21.24,27.94,30.42,21.03,22.7,25.84,13.62,20.08
2024-07-01,23.77,21.05,23.84,19.74,23.3,33.56,46.88,19.62,22.97,37.01,41.55,25.91,35.41,24.55,24.71,22.6,28.94,,13.17,26.1,23.68,18.97,28.37,30.73,22.03,17.82,24.71,18.51,26.45,18.76,20.62,28.0,22.55,16.38,19.16,19.6,18.55,35.33,48.53,21.42,30.18,29.41,30.41,25.25,19.66,18.96,30.66,45.41,22.53,29.42,16.56,22.27,14.11,17.25,23.17,17.03,21.41,37.99,20.01,20.36,21.65,19.09,45.02,27.26,16.68,18.96,25.88,24.38,41.15,26.31,43.09,23.51,35.39,46.36,20.42,17.85,24.795,14.97,43.23,19.44,39.69,20.19,32.36,28.35,20.77,22.34,24.09,25.77,20.51,55.91,26.92,36.04,28.48,22.34,26.45,28.74,19.74,21.23,25.76,14.22,21.3
2024-07-02,24.3,21.91,24.04,19.08,23.35,32.04,47.69,20.74,22.68,38.04,39.16,26.39,32.68,24.13,27.13,22.32,32.35,,12.24,24.89,22.85,14.32,28.46,29.24,22.67,17.0,24.12,16.49,26.5,21.03,19.1,26.22,22.01,15.76,19.9,19.7,17.39,33.22,47.57,21.33,25.3,31.09,30.28,24.99,20.41,19.46,29.84,44.14,21.71,31.87,17.06,20.7,13.86,16.68,24.43,17.01,20.65,37.58,19.27,20.26,17.07,19.52,42.75,26.55,16.71,19.9,25.98,24.22,39.5,26.54,44.05,21.62,35.29,45.25,20.22,17.76,25.97,15.11,43.36,18.79,40.49,19.19,32.12,28.54,19.37,21.63,23.58,26.21,20.66,58.78,28.3,35.97,28.27,22.41,24.91,25.32,19.26,22.1,25.66,13.67,21.63
2024-07-03,25.14,22.31,24.75,18.83,23.46,32.65,49.53,20.84,22.37,38.97,39.36,26.56,32.59,23.69,28.66,22.32,30.16,,12.71,25.33,23.18,16.56,24.88,28.83,22.06,17.43,23.17,16.66,27.91,18.6,19.65,27.9,22.68,16.29,20.11,19.56,17.57,35.1,48.49,22.81,30.87,30.62,30.93,24.39,19.83,18.65,29.98,44.18,23.36,30.24,16.99,21.12,14.0,16.63,25.39,17.08,20.46,39.75,20.32,21.77,18.29,17.92,45.65,28.82,17.91,20.21,26.26,24.37,39.39,26.62,44.45,21.0,35.18,46.4,20.37,17.94,26.4,18.15,43.23,16.62,42.81,20.16,38.54,28.1,19.97,21.81,24.75,26.23,21.22,64.34,28.46,38.22,29.73,21.53,27.21,29.16,20.02,23.63,25.21,14.35,20.14
2024-07-05,25.76,24.17,25.47,19.59,23.58,31.98,51.23,22.43,22.72,37.75,41.44,26.55,33.73,23.86,28.86,21.97,30.03,,12.48,22.12,24.41,15.67,27.62,32.69,23.32,17.36,24.6,16.49,30.97,20.31,19.69,29.05,25.32,16.29,22.75,18.97,18.34,34.73,49.59,23.1,30.11,31.14,31.73,24.43,20.01,18.78,30.45,47.42,22.26,31.9,17.56,20.5,14.18,16.68,25.73,16.82,20.56,39.87,20.4,21.56,23.9,17.61,47.96,27.41,16.17,20.89,26.5,24.88,42.01,26.99,44.48,21.14,35.94,47.31,21.06,17.51,24.84,16.58,49.97,19.86,43.21,21.07,37.19,28.82,15.5,22.61,23.34,25.66,20.75,65.31,28.81,37.85,29.37,21.63,29.45,26.31,20.18,23.2,25.77,16.33,21.11
2024-07-08,25.73,24.75,27.88,19.99,24.17,33.07,54.83,25.12,24.34,38.67,41.01,27.77,35.68,23.76,29.14,22.93,32.06,,13.58,25.9,26.29,17.1,28.71,31.62,24.96,18.55,25.5,17.95,34.11,19.38,20.87,29.8,29.42,16.4667,22.57,19.78,18.47,35.03,51.61,24.76,30.95,30.81,32.43,24.9,20.62,19.52,32.13,58.65,22.43,30.71,19.36,21.1,14.78,17.92,29.87,17.46,21.64,39.88,20.81,22.42,18.79,17.87,48.25,29.48,17.6,20.43,26.06,25.54,42.55,27.84,45.03,22.72,36.61,47.72,21.19,19.5,26.64,17.53,59.03,18.59,44.29,24.53,39.71,27.13,17.24,23.82,25.72,26.77,22.01,68.76,28.65,42.41,29.7,21.23,28.87,30.67,21.01,19.89,27.3,14.74,22.8
2024-07-09,25.47,22.66,26.99,20.63,23.78,33.73,53.87,25.62,24.21,38.08,40.87,28.17,34.6,26.5,29.5,23.85,29.25,,14.03,23.75,28.32,21.24,30.22,32.36,23.04,18.27,25.84,18.0,36.66,19.54,22.55,29.26,31.26,16.6433,23.92,20.17,20.34,35.68,51.01,26.66,30.47,29.48,31.81,25.65,21.52,18.7,31.28,49.59,22.75,32.61,18.96,21.41,13.5,18.11,30.44,16.24,20.72,40.47,21.26,22.91,25.68,18.26,47.02,28.57,17.76,21.59,25.78,25.59,41.1,28.33,45.55,22.85,37.59,47.57,22.7,19.27,26.81,18.46,62.14,18.88,44.19,22.35,39.6,32.3,19.16,23.24,21.27,27.73,21.85,70.66,29.35,44.02,28.77,21.17,32.24,24.34,21.02,22.18,26.59,15.05,23.92
2024-07-10,26.04,25.08,29.32,20.5,23.77,33.44,55.32,26.41,24.68,38.47,40.3,28.92,34.87,26.13,29.27,23.15,31.58,,14.76,26.56,30.22,19.32,28.89,33.05,23.19,18.68,26.87,18.73,37.54,19.76,20.55,29.62,32.73,16.82,25.6,19.34,18.49,36.59,51.38,26.61,31.25,30.93,30.34,23.46,20.84,19.19,31.41,49.37,24.78,31.38,20.1,21.91,15.23,18.42,32.91,17.3,21.14,40.06,22.82,21.6,15.76,19.62,46.3,32.27,14.35,18.6,30.0,25.74,41.91,28.13,45.96,23.79,37.89,47.08,23.55,21.55,27.38,16.51,66.75,22.0,44.05,21.93,39.78,29.66,21.41,23.93,24.08,27.08,21.86,71.5,28.87,52.17,28.91,20.24,30.01,31.18,21.48,23.26,23.54,14.93,21.71
2024-07-11,26.78,27.77,27.27,19.76,24.94,35.05,55.68,26.61,24.3,38.93,39.81,28.47,34.65,27.81,29.77,22.36,38.75,,14.27,25.08,28.52,15.08,31.14,32.62,25.19,20.98,26.48,19.15,35.43,21.19,22.56,28.25,32.3,16.9967,22.17,19.41,19.01,36.69,50.47,27.0,30.42,32.11,33.28,26.5,21.32,21.08,32.33,47.69,22.61,32.28,18.9,21.67,15.55,18.46,33.13,18.58,22.32,41.52,21.25,20.83,22.01,20.5,47.61,30.75,17.11,22.99,26.0,26.5,42.45,27.92,46.54,22.62,37.9,51.34,22.41,15.91,23.71,16.99,64.64,18.89,44.93,24.25,41.31,30.74,18.22,23.88,23.57,25.45,22.6,65.86,30.06,47.05,29.21,20.97,30.92,32.15,20.81,22.43,30.24,16.34,20.99
2024-07-12,25.86,23.42,26.44,20.74,23.7,34.85,53.96,26.85,23.92,38.63,35.97,27.84,33.46,24.25,29.32,21.54,33.68,,15.07,22.18,28.93,14.17,29.95,31.22,25.16,20.08,25.56,19.43,38.4,19.86,21.69,29.68,32.61,17.1733,24.08,18.55,20.21,36.16,50.42,25.72,31.72,31.99,34.57,25.0,20.76,19.32,32.54,47.2,23.57,30.99,17.97,17.33,14.9,18.04,32.7,17.49,21.2,40.11,21.02,21.13,21.86,16.27,49.28,30.18,17.165,19.2,23.92,26.5,41.11,27.71,46.82,23.92,36.77,50.36,21.28,14.74,24.72,17.53,62.74,19.42,44.09,21.41,40.26,28.09,16.88,23.845,23.36,25.95,21.42,64.73,29.0,44.13,26.7,21.27,31.29,28.58,20.98,21.09,22.34,17.2,21.65
2024-07-15,27.28,23.66,27.65,20.5,24.74,39.08,53.86,27.35,25.53,39.61,36.44,28.6,35.4,23.34,29.92,18.22,33.15,,15.62,22.49,30.1,15.63,31.29,31.72,25.17,19.85,26.06,24.36,37.7,21.08,25.43,29.73,33.53,17.35,25.41,19.15,19.72,35.85,54.14,26.94,32.64,33.3,34.44,21.72,23.98,19.83,32.05,47.49,24.27,31.12,17.64,18.06,15.29,20.21,33.24,18.08,22.07,41.52,21.24,21.97,21.13,18.51,50.46,31.05,17.22,21.13,24.71,26.59,42.61,30.45,45.54,24.03,37.15,49.91,22.31,15.62,26.37,16.65,66.15,19.2,45.58,25.02,43.33,27.95,16.615,23.81,25.28,26.35,23.12,65.05,29.75,47.82,26.85,22.18,32.93,27.53,21.39,22.22,21.2,21.12,22.14
2024-07-16,26.0,23.9,26.12,19.68,24.12,40.49,52.9,27.61,25.09,39.69,35.41,27.67,34.73,21.26,29.98,17.94,31.75,,16.03,22.86,31.68,16.84,31.73,30.72,24.47,19.81,25.45,25.33,36.42,20.69,26.45,29.33,33.34,17.89,25.4,19.53,19.14,36.21,54.98,26.04,31.45,34.93,34.05,21.17,24.39,19.88,31.74,46.73,24.3,30.42,18.48,18.03,14.99,19.93,33.0,17.69,22.07,42.16,21.72,22.2,20.11,18.21,49.44,30.87,17.78,21.93,20.63,26.15,43.38,29.55,45.72,23.56,37.51,48.48,22.71,15.03,25.65,17.27,66.94,18.76,45.64,23.36,43.3,23.7,16.35,24.13,23.78,26.16,22.12,62.49,29.71,46.57,20.72,21.64,32.43,27.42,21.46,22.14,21.61,22.18,22.07
2024-07-17,27.14,24.55,27.58,20.67,25.16,45.05,56.21,28.54,26.24,43.01,40.14,28.19,36.96,20.93,30.54,18.33,34.78,,17.04,22.97,31.81,18.69,29.62,31.14,25.28,20.45,27.01,28.22,37.52,21.38,28.99,30.71,34.96,21.23,25.72,20.19,20.39,38.91,63.3,26.54,32.7,34.5,35.03,21.62,25.93,20.2,33.11,46.46,25.69,32.13,16.45,18.53,15.65,21.06,34.91,19.31,24.32,46.43,22.52,23.09,20.3,20.09,52.61,31.29,18.77,22.28,21.56,27.31,45.15,29.85,46.54,24.68,38.99,52.0,23.78,15.52,26.09,17.73,67.9,20.96,48.57,25.11,44.39,27.51,18.32,24.45,24.41,28.39,22.67,62.07,30.97,48.83,20.5,21.42,34.36,24.29,22.85,22.14,22.39,23.42,22.4
2024-07-18,27.57,25.34,25.05,20.5,26.08,42.76,54.89,28.79,26.3,43.72,39.52,27.76,36.67,20.94,31.19,18.77,35.03,,17.32,24.12,32.88,20.08,32.03,31.39,25.26,20.47,27.58,28.12,37.54,21.83,29.29,30.53,34.43,19.34,26.57,20.92,20.6,37.62,58.7,26.44,33.49,33.83,35.75,21.75,26.24,20.23,32.33,50.62,27.34,35.08,15.95,19.44,15.85,21.3,40.18,20.25,24.52,45.04,23.29,23.17,20.98,20.5,51.71,31.37,18.5,24.14,21.17,28.24,44.77,30.73,48.82,24.46,39.52,50.37,24.16,16.14,28.93,18.55,71.7,21.23,46.22,25.65,42.03,29.02,19.01,25.64,25.1,29.36,23.05,62.0,30.79,50.37,22.1,21.77,33.86,24.67,23.48,22.47,22.81,23.81,22.63
2024-07-19,27.52,25.11,23.54,20.25,26.29,43.74,55.24,28.65,26.48,42.95,39.7,21.99,37.15,21.14,31.59,19.03,32.75,,16.8,23.8,32.84,19.81,29.02,31.51,24.94,20.85,28.87,29.18,38.09,22.37,29.51,29.8,34.73,21.1,25.81,20.74,20.55,40.13,58.96,27.67,34.35,35.66,36.15,21.66,26.13,20.43,32.91,49.16,28.37,24.64,16.25,19.19,16.51,21.29,38.51,20.68,25.42,45.04,23.53,22.99,22.83,22.01,51.35,30.81,18.67,24.18,22.08,28.93,45.05,29.24,29.43,24.07,39.68,52.27,24.56,16.39,26.92,18.86,71.94,20.93,47.55,26.21,41.48,30.19,19.06,25.45,24.95,29.43,23.54,60.91,30.47,49.8,21.77,20.87,34.19,25.05,23.49,24.28,22.98,23.78,23.61
2024-07-22,27.06,23.29,24.38,20.23,25.35,42.12,52.78,29.39,26.06,41.81,37.21,20.86,36.62,19.63,31.01,19.09,32.91,,16.25,23.12,32.04,16.56,28.42,31.65,26.07,20.1,28.73,29.71,38.54,21.86,28.97,28.53,34.18,18.36,28.41,20.93,20.79,37.99,60.38,25.04,33.48,36.08,35.47,20.85,25.95,20.1,31.14,48.02,28.6,23.75,15.46,18.27,18.43,21.6,36.14,19.71,27.28,43.93,23.47,23.47,26.5,20.63,50.23,30.04,19.33,21.69,21.05,27.93,41.88,30.59,27.36,22.79,40.37,48.0,24.31,16.21,26.2,17.79,69.89,19.63,46.49,27.02,41.38,27.12,17.67,24.85,24.88,28.45,26.13,63.07,29.96,51.06,20.31,21.27,33.14,22.87,22.09,18.38,21.46,23.77,23.47
2024-07-23,26.52,23.69,25.05,20.18,24.99,41.84,52.73,29.54,25.96,40.66,37.38,20.79,37.93,20.02,31.15,18.47,32.26,,16.99,23.18,32.41,19.08,23.25,30.38,27.78,19.75,28.97,29.63,38.27,23.09,30.75,21.17,36.27,20.27,28.52,20.45,21.07,29.37,59.29,26.43,27.65,36.67,36.68,21.2,25.91,19.62,33.5,47.36,29.35,22.06,15.99,17.71,14.81,21.1,35.46,16.5,26.27,43.12,23.92,23.87,23.41,24.79,50.73,28.58,23.12,23.35,21.37,27.25,42.81,30.23,26.25,23.39,40.16,48.23,25.63,15.98,28.53,17.42,65.7,18.16,46.51,27.92,40.37,27.8,19.3,25.23,23.7,24.47,25.39,62.68,31.18,48.26,20.24,21.32,24.66,23.19,23.02,17.91,21.42,23.38,21.69
2024-07-24,28.79,25.08,26.33,22.6,26.87,44.91,55.42,30.78,27.03,43.51,43.07,22.07,37.46,20.68,32.5,20.82,34.83,,16.53,35.82,33.02,19.34,24.03,27.3,29.38,21.78,31.36,30.6,39.54,20.97,30.9,20.31,36.67,18.58,28.24,20.95,17.58,30.08,50.11,32.55,27.26,24.81,25.9,21.28,28.34,19.29,35.43,48.9,33.58,24.23,16.57,19.56,14.2,22.36,36.64,16.74,30.44,44.84,25.01,24.48,21.08,23.25,53.17,27.48,17.89,24.25,22.93,30.67,43.62,26.74,28.25,25.95,42.68,53.15,25.17,16.58,29.22,16.68,67.56,19.83,51.4,22.76,37.94,29.34,19.5,27.8,21.23,21.96,27.24,51.06,27.34,52.79,21.41,21.85,23.05,28.42,19.41,16.44,23.43,23.77,23.19
2024-07-25,29.47,21.52,25.7,21.47,27.5,45.36,57.46,31.22,27.55,44.31,41.67,22.62,36.95,21.98,34.1,21.21,36.83,,17.65,25.94,34.74,22.8,24.27,27.16,26.65,22.73,31.54,31.12,42.13,23.79,31.26,21.54,36.19,19.155,27.34,21.78,17.68,28.51,50.34,30.33,27.61,29.59,31.79,22.14,29.46,19.07,23.27,47.76,33.58,24.63,17.47,21.8,13.93,23.45,40.59,16.17,30.66,46.01,26.39,25.39,20.83,25.51,53.0,31.78,19.67,23.67,23.42,32.61,46.03,29.54,28.6,28.39,31.65,56.21,25.1,16.01,27.13,17.31,70.23,16.05,47.92,18.53,40.49,28.33,22.12,28.13,19.51,20.33,28.26,49.64,27.14,53.9,20.34,20.71,26.29,25.37,19.24,17.32,22.82,24.65,24.63
2024-07-26,28.59,18.66,24.47,21.4,26.78,45.08,56.42,30.68,26.89,43.5,40.29,21.86,35.05,22.5,33.49,21.56,27.97,,16.5,23.6,34.22,15.58,24.37,26.47,26.07,21.23,30.9,31.44,41.12,25.17,29.04,21.1,36.63,19.73,30.01,21.05,17.13,29.01,46.89,31.53,26.33,26.85,26.59,23.86,29.08,19.16,21.41,49.9,33.2,22.84,16.99,18.83,13.5,22.44,38.79,15.13,30.1,45.73,24.72,26.83,21.58,22.68,51.69,32.74,19.21,27.95,21.6,30.68,45.11,26.45,27.52,24.04,27.94,56.4,25.98,16.92,28.52,18.0,68.47,16.57,48.13,16.96,39.29,25.84,18.08,27.56,18.32,21.65,27.41,47.36,26.82,49.54,20.73,19.73,22.07,25.63,18.62,16.15,21.49,23.85,23.92
2024-07-29,28.96,21.65,21.82,21.59,27.17,45.23,57.77,30.87,28.15,43.4,42.61,22.28,36.55,21.98,33.69,21.06,26.66,,17.22,25.08,34.97,15.89,21.96,25.85,24.66,21.67,36.54,30.86,43.01,23.3,32.01,21.42,36.46,19.09,26.1,21.17,16.91,30.28,48.31,29.14,26.27,25.9,26.28,23.25,29.68,18.65,20.96,47.79,34.39,24.87,18.78,19.78,13.19,23.73,38.51,16.51,30.18,47.18,24.53,20.35,24.52,26.06,51.77,25.53,21.26,25.75,22.23,31.82,46.34,25.88,27.88,24.75,30.18,63.58,25.66,16.8,29.22,19.02,69.31,16.81,49.15,16.63,39.41,26.38,19.08,28.41,19.15,22.15,27.39,49.2,26.97,48.81,20.41,18.84,23.13,24.89,18.96,17.25,22.85,23.78,24.29
2024-07-30,29.01,21.1,21.24,21.35,27.11,44.51,59.23,30.53,24.06,44.21,45.37,22.59,38.17,22.56,33.77,20.96,27.53,,18.11,23.51,35.07,15.9,29.01,27.12,23.97,21.8,40.1,31.39,42.29,22.72,33.31,21.06,36.47,18.36,28.44,21.48,16.48,30.51,48.85,28.98,26.56,27.48,27.24,24.1,29.86,19.84,20.61,51.32,34.81,26.37,17.95,19.43,13.44,23.96,41.79,16.64,30.28,47.86,24.5,19.75,24.64,25.08,52.13,23.78,20.77,23.15,22.47,31.96,50.01,27.92,27.98,24.22,30.93,70.56,27.08,16.81,23.82,14.32,73.29,16.05,49.62,17.83,40.25,26.43,18.14,28.35,19.03,21.84,25.79,49.23,28.34,51.11,22.57,19.34,23.49,24.62,18.44,17.11,22.65,24.25,23.76
2024-07-31,28.34,20.51,20.97,21.61,26.66,45.78,50.31,30.63,23.01,40.92,44.97,22.47,32.74,22.49,32.75,20.45,28.68,,17.17,24.66,36.04,17.27,22.5,25.4,24.06,20.75,40.9,29.65,40.66,23.47,34.07,22.31,37.63,18.09,23.44,20.37,16.31,29.35,48.99,28.98,29.63,25.62,24.56,23.42,28.47,18.57,18.73,50.53,34.2,26.95,18.69,18.72,13.82,23.13,40.73,16.49,29.22,45.65,18.26,18.29,18.92,25.21,49.33,21.7,16.74,20.78,22.14,24.12,47.37,28.87,26.55,24.41,29.12,66.74,26.51,15.87,22.3,14.15,70.66,16.41,46.74,17.97,24.75,25.33,18.45,27.58,19.78,21.6,20.28,47.41,27.7,51.53,20.82,19.15,22.58,24.06,17.41,17.78,22.07,24.12,23.14
2024-08-01,30.34,21.29,20.53,22.0,27.82,51.32,51.83,31.17,24.37,43.59,51.96,23.52,33.82,23.94,35.86,20.89,26.62,,18.72,26.1,36.15,15.04,23.05,28.64,24.9,22.52,43.74,32.09,42.11,26.22,36.19,21.32,37.45,19.72,32.59,21.77,19.38,30.13,51.79,29.95,28.05,26.55,27.03,25.34,31.17,18.99,21.08,54.15,35.67,25.59,18.44,20.42,14.09,24.4,43.22,17.5,31.7,45.77,19.21,20.41,17.32,25.93,36.32,24.13,17.46,19.32,24.82,24.8,52.47,33.52,28.65,25.71,30.2,76.21,28.41,16.97,25.64,13.69,71.25,18.43,43.17,17.4,26.09,27.45,22.57,28.9,19.51,22.63,20.43,50.68,31.4,44.74,22.42,19.29,22.69,26.67,17.76,16.75,25.47,24.81,23.82
2024-08-02,28.47,23.7,22.95,24.71,31.01,58.29,56.72,32.62,27.51,36.37,55.34,30.03,38.25,31.34,30.45,25.56,29.56,,20.65,32.15,38.74,18.37,27.96,34.31,29.14,25.5,44.17,35.08,45.8,25.37,38.59,24.09,41.49,21.35,35.18,24.64,19.78,37.59,53.93,31.5,32.8,30.11,28.93,30.88,34.92,22.03,22.7,56.05,39.69,28.24,20.78,25.61,16.89,20.92,48.3,20.35,34.72,53.37,22.19,20.91,22.94,25.33,39.8,24.43,18.62,23.24,30.07,27.41,61.14,30.44,30.92,26.53,33.6,82.63,30.35,19.35,26.93,16.2,76.23,20.76,46.06,19.55,27.01,30.63,21.87,32.54,23.12,24.37,22.65,57.01,34.38,58.14,24.11,24.14,26.24,31.81,21.78,20.24,31.63,27.23,26.79
2024-08-05,37.17,25.28,27.97,29.62,39.05,63.57,64.12,38.41,32.81,41.97,66.35,35.72,46.36,39.49,33.51,30.46,31.53,,24.59,41.19,44.99,18.89,35.8,38.8,30.25,30.68,52.67,42.68,52.11,28.95,44.18,30.59,46.68,25.74,42.49,31.08,24.79,43.02,58.85,34.22,37.5,39.61,38.97,35.67,40.07,25.61,28.58,60.69,47.17,33.02,22.32,31.95,21.38,26.66,55.13,23.87,39.04,57.84,28.57,24.45,24.57,28.04,47.25,27.47,25.02,26.57,36.82,34.54,69.19,37.94,37.52,33.82,39.52,90.94,39.59,23.93,28.64,19.81,85.91,22.63,52.78,25.54,33.0,33.66,24.27,39.36,27.94,28.48,26.47,65.82,41.99,62.6,27.39,27.21,29.83,36.14,28.19,24.54,37.94,33.14,28.85
2024-08-06,30.1,24.6,25.67,25.98,32.99,55.98,57.74,34.17,27.21,35.34,58.53,27.05,40.63,29.43,27.62,25.67,29.97,,19.94,31.06,32.45,17.87,24.62,34.8,27.69,26.26,48.1,39.19,43.9,25.62,38.32,25.15,42.38,21.97,37.29,26.76,21.82,37.21,56.59,30.24,33.16,31.31,30.49,29.36,34.88,21.83,22.53,51.26,41.77,28.28,20.42,26.27,17.83,22.2,45.85,21.46,35.41,51.61,22.91,19.71,19.24,28.89,39.68,26.58,22.06,22.44,29.65,27.61,58.35,29.33,32.23,26.49,36.59,77.31,30.32,21.36,24.31,16.91,53.8,18.74,45.88,20.03,28.84,31.01,20.71,27.37,22.14,24.24,22.62,56.9,34.33,43.49,26.28,21.96,25.64,29.31,22.99,19.18,29.59,27.34,26.17
2024-08-07,30.58,24.0,24.41,25.7,33.0,56.17,56.7,28.02,27.15,34.63,61.59,30.65,37.07,31.32,29.28,26.46,29.24,,19.1,31.69,31.73,19.79,25.31,31.95,27.43,27.19,49.42,37.23,34.03,26.81,38.02,25.58,31.02,20.51,30.25,28.0,21.21,36.02,56.53,30.76,37.18,33.16,30.98,30.25,39.76,23.6,22.99,45.17,42.41,28.51,19.24,26.47,17.69,21.95,47.61,21.25,36.11,52.66,23.74,22.95,23.28,27.24,39.56,24.43,22.21,22.23,29.48,28.95,59.74,32.14,31.97,30.93,36.68,79.09,33.27,22.02,25.63,16.76,58.9,20.19,45.34,19.43,28.18,35.38,19.69,28.75,22.06,25.97,23.43,57.87,35.32,44.21,25.55,23.87,29.15,30.43,23.37,18.82,29.78,30.08,26.06
2024-08-08,26.65,21.66,22.42,24.25,31.22,51.99,50.73,25.27,24.38,31.37,55.14,27.56,36.75,26.34,26.36,24.8,28.14,,17.55,29.17,28.25,20.36,27.91,28.18,29.25,25.57,46.96,35.16,33.04,22.51,36.25,24.69,25.92,19.72,25.38,24.87,19.11,34.55,49.73,31.59,31.62,27.7,27.6,26.73,35.17,20.58,20.87,45.84,38.91,26.83,18.35,23.35,15.95,19.15,32.04,20.61,34.93,47.9,21.35,21.53,20.08,25.53,35.75,25.51,21.688,21.81,26.53,25.71,53.63,25.52,29.85,27.69,34.28,71.63,29.95,20.15,26.09,16.56,54.68,19.42,41.71,19.71,24.22,26.99,23.15,25.15,20.48,22.34,22.22,51.74,32.83,39.16,23.45,23.23,23.69,27.82,20.94,18.7,26.1,29.59,23.46
2024-08-09,25.0,21.07,20.85,22.86,31.24,50.44,48.85,23.12,24.17,29.48,52.92,24.84,34.34,26.12,23.87,23.01,26.59,,16.6,27.38,26.61,21.28,29.32,29.41,23.93,22.83,44.64,33.85,29.47,17.14,35.55,22.23,24.54,18.48,26.3,22.62,19.48,32.68,48.3,24.94,28.27,29.17,26.16,24.2,32.67,17.85,20.27,45.6,36.94,24.18,17.46,21.84,14.95,17.79,33.24,19.13,33.22,45.42,19.12,19.76,18.98,24.77,33.28,24.86,21.166,20.1,24.39,23.7,49.3,28.06,28.6,25.66,32.0,69.86,30.5,18.15,23.57,14.79,52.95,17.6,39.19,19.3,24.92,27.98,20.24,22.93,20.08,22.44,20.4,49.07,31.09,35.82,24.51,23.78,23.62,25.6,19.43,17.43,25.47,27.74,22.35
2024-08-12,25.32,20.68,21.88,23.26,38.49,49.56,48.19,23.74,25.47,29.64,52.83,25.32,34.97,27.35,24.1,24.34,27.77,,17.05,29.92,26.93,19.51,25.49,28.17,25.58,23.23,45.26,40.74,29.86,22.06,34.5,22.86,24.63,19.565,30.4,23.63,20.34,32.04,51.91,24.98,30.26,24.72,26.56,25.56,31.13,18.84,20.54,44.93,37.35,25.55,18.82,22.09,16.21,18.27,32.88,19.78,34.53,44.78,19.44,19.53,18.88,20.62,32.73,22.26,20.644,21.49,24.42,23.44,49.51,27.23,28.45,25.43,32.39,68.39,37.81,18.76,24.78,15.68,52.63,19.86,39.61,22.15,26.15,30.2,20.94,25.6,27.31,22.98,20.68,49.14,30.36,35.63,24.33,22.44,22.66,27.37,19.26,18.08,25.86,27.59,21.75
2024-08-13,24.04,19.84,23.59,21.5,38.92,46.07,45.12,22.53,24.2267,27.53,50.24,24.08,33.88,24.6,23.42,21.97,27.72,,16.49,29.21,25.22,15.7,23.64,26.46,24.48,22.6,43.76,35.11,30.39,20.78,33.19,20.88,22.87,20.65,21.48,22.69,17.91,30.18,50.98,28.38,28.92,24.57,28.33,24.51,23.99,18.38,20.07,41.3,35.91,25.09,16.61,20.43,15.15,17.31,30.51,18.73,31.75,43.39,17.71,18.91,25.44,25.05,29.79,20.93,20.122,20.96,24.03,20.93,47.02,26.12,27.03,25.24,30.81,70.59,37.99,18.15,24.9,13.71,52.69,15.54,37.51,18.34,36.46,30.23,15.27,23.12,19.3,21.25,19.2,47.03,29.95,33.01,22.65,21.85,22.81,25.56,18.44,19.69,23.52,28.73,21.45
2024-08-14,22.97,19.49,22.49,21.42,40.84,45.05,44.35,21.6,22.9833,27.46,49.44,22.78,31.2,27.49,23.29,20.43,26.9,,14.72,25.98,23.96,13.95,26.38,27.68,22.7,21.4,42.6,33.14,28.45,19.27,31.46,21.04,21.18,17.66,24.13,22.4,18.06,29.5,48.18,25.33,26.85,24.08,24.75,22.55,22.52,16.55,17.79,40.62,37.1,23.24,17.12,19.67,14.98,16.34,30.0,17.35,30.2,40.62,16.91,18.37,14.11,23.89,28.46,25.15,19.6,20.61,22.1,20.25,45.57,26.14,27.13,25.17,30.52,63.94,37.51,16.64,24.87,13.31,51.26,14.43,36.39,17.13,30.76,26.3,15.29,22.0,16.31,21.55,18.16,47.74,28.89,34.31,22.3,20.67,21.57,24.99,16.39,17.6,24.63,29.36,19.7
2024-08-15,21.5,18.89,19.72,18.54,40.39,44.65,44.78,20.57,21.74,25.85,48.23,20.66,31.41,22.88,22.42,18.4,21.51,,12.84,25.11,22.1,15.04,19.52,26.81,19.36,19.21,42.02,17.35,26.85,18.25,21.85,19.8,20.73,15.835,19.67,23.28,16.69,26.17,44.95,23.32,24.78,23.5,23.64,20.83,20.03,17.45,16.14,37.85,35.0,20.01,14.67,18.36,14.17,14.83,28.41,15.74,28.04,39.36,15.26,16.45,23.06,21.35,27.13,19.2,,19.6,19.61,19.61,44.5,22.42,24.92,24.72,28.28,61.21,35.96,16.72,22.17,11.71,48.55,15.31,35.05,16.52,28.18,23.68,16.69,20.88,17.6,19.45,17.49,49.28,27.82,31.06,20.67,17.6,19.57,22.95,16.25,16.52,20.5,15.32,19.22
2024-08-16,21.25,16.96,18.47,18.62,39.59,36.75,43.57,20.24,20.65,24.95,47.14,20.03,31.02,20.62,22.14,18.06,24.52,,13.11,22.02,22.03,14.65,21.87,24.96,21.12,18.67,42.69,15.5,27.98,17.86,18.57,17.87,20.43,14.01,19.46,24.22,15.18,26.38,44.92,22.93,24.46,23.2,23.52,19.96,19.26,15.52,15.79,39.95,35.08,20.53,15.15,17.72,13.41,14.09,28.5,15.42,27.89,38.78,15.01,16.53,15.63,22.06,27.25,21.12,,19.72,18.16,19.65,43.94,24.09,24.7,24.19,26.86,62.3,38.17,15.52,21.97,13.68,49.48,13.98,33.68,16.46,25.6,23.48,13.46,21.28,17.05,19.12,17.11,48.85,27.2,30.5,20.15,17.11,19.7,21.53,15.51,14.4,20.82,14.88,19.1
2024-08-19,20.97,17.33,17.32,17.93,39.43,35.6,44.49,20.19,20.21,24.13,47.12,19.76,29.71,19.96,22.12,17.2,23.59,,13.09,21.8,20.48,15.35,23.27,23.77,20.86,18.03,41.24,14.52,26.56,17.65,20.17,18.64,20.27,13.99,20.28,30.42,14.56,25.92,41.85,20.98,23.9,22.26,23.1,19.75,18.07,15.98,16.45,39.58,31.67,19.1,14.09,17.1,12.67,13.14,26.16,14.56,26.03,38.52,14.29,16.48,16.12,23.1,27.03,18.49,,19.65,19.66,19.08,43.82,23.5,24.25,22.25,25.71,63.95,38.23,15.33,22.45,12.21,48.12,14.29,33.88,14.31,24.81,23.31,13.94,19.35,17.0,18.0,17.95,48.17,26.62,30.41,20.15,16.77,19.84,21.98,15.08,15.36,21.25,14.13,18.98
2024-08-20,21.35,17.85,18.5,18.39,39.9,37.79,46.41,20.29,20.72,24.85,50.19,20.6,32.71,21.85,22.76,17.94,23.62,,13.38,22.84,22.06,14.57,21.72,25.35,22.01,18.56,42.09,15.12,27.09,17.79,20.04,19.75,20.74,16.38,20.26,33.55,15.31,26.31,43.13,21.99,25.0,23.67,23.52,21.05,19.13,16.65,16.32,39.95,32.06,20.06,14.87,18.23,13.38,13.99,28.99,14.76,22.03,39.92,14.88,17.25,16.59,17.39,27.86,19.88,,20.41,20.64,19.81,46.04,23.94,25.6,23.19,26.65,67.35,39.0,15.6,22.17,12.45,49.64,15.19,35.77,15.44,24.44,24.22,14.39,20.44,17.07,19.58,18.67,48.23,26.34,30.73,20.83,17.28,21.19,23.14,15.75,15.7,21.9,14.44,20.53
2024-08-21,21.55,17.84,17.79,18.25,40.18,36.23,45.48,20.14,20.71,25.49,50.02,21.88,32.48,21.62,22.67,18.32,24.03,,13.73,23.51,21.82,14.24,21.74,26.18,21.69,18.84,41.88,15.49,27.11,17.87,20.19,19.66,20.71,15.92,19.94,35.8,15.28,26.05,42.4,21.41,25.06,23.55,24.24,20.98,18.99,16.78,16.44,39.6,33.51,20.12,14.73,18.37,13.12,13.61,27.8,14.55,21.58,39.28,15.61,16.72,15.87,16.26,28.69,20.8,16.99,19.98,20.6,19.97,45.41,24.41,25.56,23.13,26.54,65.03,39.51,15.42,22.41,12.5,48.57,15.17,35.12,15.51,23.95,25.71,13.62,19.51,16.95,20.1,19.26,47.64,25.22,30.37,20.93,17.69,21.46,22.95,16.36,15.33,22.58,14.75,20.04
2024-08-22,22.67,18.49,17.54,21.01,42.0,39.58,47.35,21.02,21.42,27.46,53.31,22.46,32.93,22.92,23.03,19.38,25.53,,14.26,24.1,22.47,14.78,23.43,26.77,22.9,20.44,43.71,17.07,27.96,18.12,21.26,21.03,21.75,12.79,20.22,36.34,16.18,27.39,43.11,21.51,26.01,25.44,25.52,21.93,20.1,18.75,17.45,43.03,33.49,21.44,14.73,19.32,13.17,14.07,28.97,14.76,22.41,42.59,16.33,17.62,16.54,16.23,30.19,20.64,17.45,20.38,21.16,22.38,49.18,25.94,26.54,24.77,28.66,69.08,41.13,15.78,22.74,13.15,50.23,16.69,37.47,15.53,24.67,26.62,14.85,20.52,17.71,20.58,19.71,48.75,26.55,31.73,22.04,18.83,22.47,23.8,16.84,15.75,23.07,15.59,20.91
2024-08-23,21.65,17.58,16.59,20.9,40.6,37.58,44.95,19.77,19.87,25.52,49.08,20.9,31.25,21.07,21.18,18.79,24.72,,13.21,22.55,21.46,14.1,22.85,25.03,21.18,19.85,41.43,14.88,26.73,17.0,19.27,20.06,20.41,13.02,20.03,34.94,15.0,25.64,41.85,20.78,24.7,23.44,23.49,20.46,18.92,16.54,16.16,40.95,24.1,20.24,13.62,17.84,12.33,12.36,26.95,13.64,20.56,39.41,15.03,16.55,15.75,14.21,28.52,18.92,16.8,18.58,20.04,20.28,49.64,23.18,24.86,23.98,26.72,67.43,39.48,14.78,21.82,12.28,47.51,15.27,35.74,15.08,23.33,24.85,13.6,20.04,16.96,18.97,18.72,46.71,24.65,29.75,20.88,17.46,21.26,22.56,15.78,14.87,21.89,13.98,18.75
2024-08-26,22.85,18.27,17.23,26.18,42.7,40.79,48.84,20.46,21.27,26.6,50.45,21.6,32.57,21.22,21.86,18.86,25.56,,13.38,25.44,22.52,15.13,27.98,25.51,21.26,22.98,42.87,15.55,27.52,17.89,19.3,20.54,21.29,12.97,19.76,35.96,15.75,27.7,42.96,20.89,25.1,24.21,24.71,20.91,19.54,17.12,16.89,42.79,24.72,22.49,13.9,18.22,12.74,13.61,27.52,14.54,20.52,42.02,15.56,17.49,17.51,15.52,29.52,19.84,18.0,19.46,20.79,21.53,57.49,23.84,25.66,31.71,27.85,71.21,41.11,15.51,21.46,12.75,48.89,16.02,37.52,14.37,23.3,25.15,16.04,20.33,18.89,19.66,19.32,47.82,25.96,31.05,20.82,17.67,21.11,22.89,16.52,15.48,22.23,14.51,18.68
2024-08-27,22.61,18.77,15.93,27.7,41.99,38.74,47.08,20.23,20.74,27.29,51.07,21.34,32.66,21.82,21.99,18.88,25.17,,13.78,23.29,21.94,15.5,31.65,25.27,21.88,23.93,42.8,15.5,25.94,19.06,18.96,20.37,21.08,13.01,18.51,35.99,14.64,26.5,41.49,20.57,25.25,23.94,23.95,20.93,19.1,16.64,17.4,42.3,24.49,21.58,14.34,17.63,11.43,13.34,27.15,13.7,20.41,40.65,15.42,16.98,14.96,15.81,29.17,19.9,16.19,17.95,20.49,21.22,59.11,23.17,25.98,37.01,27.38,70.13,40.62,14.66,20.41,11.69,47.79,16.63,37.24,14.25,23.02,25.13,16.3,20.2,16.29,19.83,19.55,47.67,24.81,30.72,20.08,16.49,21.25,23.02,16.19,14.89,21.97,14.86,19.06
2024-08-28,23.76,19.1,17.18,29.53,44.05,39.94,48.01,20.98,20.29,27.75,52.24,22.57,32.61,22.22,22.75,19.56,24.55,,15.14,23.99,23.44,15.13,22.63,25.78,22.41,25.6,45.44,16.41,28.87,18.2,20.01,21.43,21.57,13.68,13.23,36.41,15.11,26.55,43.52,21.51,26.01,24.78,24.76,21.65,19.12,18.21,18.04,45.46,25.28,22.33,14.65,19.26,13.01,14.05,27.15,15.1,21.25,42.46,16.51,17.1,15.26,14.36,30.51,20.34,15.72,18.55,21.19,23.17,62.07,25.91,26.31,34.69,29.23,71.61,41.81,15.54,22.26,13.02,48.69,17.56,39.68,15.68,25.99,25.48,13.69,20.91,17.99,20.82,20.66,48.27,25.6,31.23,21.21,18.63,22.22,24.18,17.29,15.7,22.97,15.02,20.76
2024-08-29,24.03,18.24,18.02,29.52,41.68,40.14,43.87,20.56,20.88,26.06,49.98,21.75,32.09,21.51,21.67,18.94,27.66,,14.36,23.28,22.6,12.67,25.97,24.69,21.24,25.33,25.99,16.56,26.34,17.92,19.87,19.94,21.31,13.18,22.82,38.05,15.42,25.32,39.33,23.51,24.55,25.52,25.15,21.57,19.02,16.18,17.05,40.61,24.81,20.39,14.29,18.03,13.04,13.41,25.32,14.45,20.84,39.85,15.9,17.27,14.46,17.01,28.79,19.41,15.08,18.39,20.85,21.09,60.1,24.32,25.55,38.63,27.47,51.54,40.19,16.47,21.3,12.74,48.72,17.18,38.56,15.93,23.91,25.58,14.61,20.36,17.5,21.2,20.08,46.7,26.43,30.46,20.84,18.18,21.56,24.05,16.75,16.84,22.42,14.6,18.64
2024-08-30,22.61,17.15,15.71,28.82,41.1,36.32,41.37,19.78,19.79,24.87,46.35,21.48,31.09,20.18,20.73,17.05,23.78,,13.98,24.63,21.78,13.25,22.97,24.48,21.26,24.89,23.62,14.37,25.52,18.81,18.91,19.76,20.49,11.96,18.46,35.75,13.76,23.57,37.45,20.02,23.14,22.52,22.21,20.0,18.16,15.55,15.82,43.07,23.4,21.33,13.47,17.56,12.26,12.45,24.18,14.07,19.76,38.51,15.5,16.02,15.81,16.07,26.65,18.87,15.32,18.81,19.71,19.55,59.03,23.37,24.61,37.23,25.79,45.24,40.3,13.32,21.1,12.33,45.32,17.16,34.72,15.21,22.11,23.92,13.46,18.92,16.05,19.92,18.67,45.64,24.13,29.3,18.74,17.08,20.64,23.73,16.07,14.59,21.02,14.13,18.02
2024-09-03,26.06,20.35,17.94,30.91,44.19,43.6,46.85,21.06,22.9,28.69,52.03,25.31,38.1,24.72,24.48,20.77,27.8,,16.73,26.26,26.76,14.96,35.08,24.96,26.89,27.11,28.4,17.51,28.67,20.35,21.79,22.35,23.67,14.75,24.04,37.21,16.57,30.1,44.91,22.64,28.25,24.19,26.5,25.22,20.77,18.69,19.61,47.49,26.44,23.49,14.99,21.15,13.94,15.04,28.38,16.15,22.85,44.86,17.28,18.24,16.92,17.99,30.54,22.78,17.01,19.77,24.55,23.3,63.19,28.4,28.18,36.53,30.3,54.81,41.37,15.83,23.06,14.31,50.29,16.15,41.5,19.81,23.98,25.93,14.94,23.67,20.72,22.91,21.54,52.61,29.78,31.6,21.87,19.36,22.75,28.91,18.4,16.83,25.29,16.22,20.96
2024-09-04,26.6,20.64,17.91,31.35,44.49,41.77,48.08,22.03,24.16,29.1,53.31,25.56,37.8,23.88,24.45,20.92,25.78,,16.78,26.86,27.14,19.04,26.23,27.65,25.13,27.32,28.29,18.79,29.44,21.34,22.37,21.12,24.4,15.16,21.31,37.69,15.98,29.93,44.38,22.24,29.08,26.12,27.12,25.53,21.88,19.66,18.57,49.36,27.89,22.72,15.5,21.41,14.79,15.68,27.73,17.12,23.34,44.36,17.45,18.82,18.79,18.66,30.63,24.24,15.94,22.1,24.52,23.67,62.05,25.7,28.64,41.22,31.04,58.66,41.83,16.71,23.64,14.19,51.68,20.28,42.49,17.75,25.01,28.84,14.25,25.35,20.7,22.8,22.31,53.29,28.3,32.79,21.01,20.29,22.85,26.58,18.08,15.69,25.59,16.37,22.6
2024-09-05,26.61,21.9,18.76,31.46,45.04,44.58,47.72,22.39,24.01,28.82,51.25,25.78,37.54,24.07,24.18,21.6,28.87,,16.81,27.2,27.62,16.78,25.08,29.5,27.59,27.94,27.76,19.49,29.28,20.99,21.26,21.64,24.16,14.88,30.85,39.4,16.0,31.45,43.83,22.0,28.55,26.27,25.75,26.1,21.52,19.62,20.04,49.82,29.52,24.72,15.81,22.47,14.43,16.14,28.62,15.95,23.35,44.88,17.99,18.68,17.33,18.95,30.05,23.89,16.07,20.98,24.88,23.47,63.14,26.88,28.34,45.29,30.69,53.54,43.32,16.48,23.52,13.62,53.53,17.62,41.37,18.49,25.25,28.29,18.13,22.05,20.04,22.88,23.03,56.94,29.16,34.1,22.2,20.46,23.41,31.38,17.94,16.97,25.6,16.08,21.92
2024-09-06,28.28,19.92,18.62,31.33,46.53,45.56,50.07,23.78,23.83,31.59,44.5,27.83,39.37,26.31,25.92,22.68,27.43,,17.7,27.76,28.03,16.55,27.17,30.27,26.09,28.58,29.29,19.94,30.09,22.62,23.38,21.74,25.6,15.94,28.59,39.96,18.03,32.04,46.98,22.28,30.52,29.21,29.08,27.94,22.93,20.5,19.87,52.66,29.01,25.98,15.31,24.14,15.85,17.08,30.25,17.48,24.15,45.84,18.34,18.83,18.61,19.51,32.73,25.43,17.88,21.26,26.68,25.14,65.18,27.65,30.22,41.92,31.94,56.08,42.18,18.58,22.55,14.29,55.0,18.24,43.92,19.22,26.24,28.81,15.69,22.55,20.17,24.2,23.34,58.91,30.52,35.94,23.09,19.7,25.96,28.42,18.81,18.25,29.17,16.45,23.55
2024-09-09,26.78,20.26,19.07,31.3,43.56,43.54,48.64,22.92,25.25,29.07,41.3,27.37,37.84,25.45,24.76,22.97,29.03,,16.97,29.53,27.66,16.68,24.48,29.11,25.69,28.66,28.53,19.16,31.12,21.81,22.44,21.57,24.54,16.77,24.45,38.96,18.28,30.53,45.32,22.07,29.95,28.5,28.86,26.76,21.79,20.27,20.64,50.91,27.89,25.89,15.76,25.3,15.43,16.79,29.72,17.46,23.86,44.83,18.33,18.83,17.01,19.4,31.33,25.16,17.6,21.52,25.66,23.89,63.28,27.2,28.92,38.87,31.09,54.57,40.5,19.16,23.35,14.16,49.25,18.91,41.0,19.72,26.87,29.23,15.67,23.05,21.53,21.91,23.4,60.32,29.03,36.08,23.81,20.81,24.24,27.06,17.8,19.53,29.83,16.71,22.09
2024-09-10,25.69,20.36,17.88,30.3,42.78,42.56,49.87,22.39,24.04,28.92,41.55,30.47,38.78,26.28,24.87,23.54,28.29,,16.53,29.07,26.94,17.67,26.56,34.52,28.24,28.12,28.08,19.83,30.68,22.9,23.06,20.63,24.42,16.2967,25.7,40.27,18.41,29.49,44.83,21.15,33.15,27.94,27.95,27.42,22.22,20.63,19.13,49.39,28.23,26.0,14.79,27.82,15.24,16.59,29.97,16.94,23.94,45.16,18.74,18.43,18.12,19.23,30.92,24.48,16.83,18.82,26.8,22.93,65.18,28.34,28.79,43.8,30.95,52.98,25.67,18.77,22.49,14.4,47.32,20.87,39.96,19.86,27.03,30.05,16.69,22.63,22.26,22.0,23.0,61.07,29.54,38.26,23.37,20.0,23.56,28.26,18.39,25.56,31.84,16.65,24.86
2024-09-11,24.17,20.52,15.68,31.33,42.84,41.44,49.08,22.17,22.51,27.45,42.23,28.12,37.54,25.8,24.01,23.46,31.1,,17.01,27.93,24.84,16.29,25.23,30.55,26.48,28.02,27.24,18.22,31.92,23.38,21.63,21.81,25.18,15.8233,25.13,38.13,17.36,29.03,44.84,22.31,32.05,26.58,26.3,25.54,21.94,18.38,19.17,48.6,27.25,24.79,14.83,27.21,13.76,16.08,28.36,17.2,22.68,43.32,18.43,18.73,18.34,18.62,29.52,22.91,15.96,19.98,25.84,22.46,61.6,27.3,28.0,42.44,29.99,53.5,24.44,19.0,22.11,14.27,43.65,17.09,38.54,19.52,25.84,26.63,16.34,21.96,21.8,21.24,23.78,62.09,27.86,35.4,23.85,20.55,22.73,29.74,17.61,19.34,31.36,16.35,25.48
2024-09-12,23.37,20.02,19.88,30.79,41.85,42.36,47.5,22.12,23.0,26.73,41.89,28.22,38.23,24.85,24.05,23.78,32.43,,16.57,27.83,25.57,15.14,31.6,29.01,25.43,28.28,26.42,17.42,30.85,20.62,21.74,20.49,23.35,15.35,22.2,39.62,18.32,29.2,41.6,21.07,33.31,25.61,25.78,25.5,20.94,18.69,19.43,50.1,26.64,25.15,15.04,26.29,13.69,15.72,28.15,16.78,22.17,43.56,17.3,18.04,19.48,17.83,29.51,23.33,16.15,18.81,25.75,21.51,61.09,26.11,28.78,43.06,29.14,53.01,24.11,19.0,22.9,15.99,42.9,18.01,38.22,17.97,25.24,31.62,15.85,21.54,21.75,21.03,23.13,61.72,28.24,37.08,23.25,18.28,23.12,26.43,16.92,20.42,32.68,15.47,24.61
2024-09-13,22.71,20.31,18.66,29.9,25.84,40.68,46.28,22.34,21.06,26.2,40.46,25.95,39.15,25.05,23.19,22.91,29.39,,15.9,27.0,25.26,16.0,24.03,27.95,24.94,27.6,25.75,17.17,30.65,21.46,21.08,20.3,23.49,15.38,27.44,40.56,16.83,28.52,43.85,20.53,33.14,24.88,25.76,25.14,21.01,19.32,20.81,48.07,26.91,24.21,14.92,26.02,14.66,15.47,28.34,17.04,23.34,42.15,17.26,17.58,15.77,17.34,29.0,22.16,16.89,18.6,25.68,20.7,61.78,25.12,30.14,42.9,28.46,49.38,23.67,17.98,22.42,14.48,42.66,17.63,36.19,18.16,24.44,32.28,14.49,20.58,20.19,21.7,22.35,61.52,27.12,36.39,23.42,18.57,22.65,26.45,16.32,18.34,31.29,16.04,21.77
2024-09-16,24.11,20.76,21.67,29.64,27.19,42.08,47.73,22.94,22.83,27.1,41.03,27.95,38.72,26.62,23.81,23.46,28.11,,15.58,29.99,26.3,17.1,23.55,28.44,24.96,28.35,26.73,18.92,32.88,21.79,21.67,21.08,24.77,15.41,23.74,40.17,17.88,29.13,44.85,22.45,33.2,25.24,25.71,26.59,22.55,18.53,20.97,51.66,27.17,29.43,18.45,26.06,15.08,15.57,28.95,16.25,22.51,43.48,17.01,17.95,16.99,17.7,30.13,23.26,17.63,19.33,28.25,21.47,62.78,25.66,37.1,43.38,28.37,49.71,26.33,18.83,22.52,16.81,43.87,17.91,37.69,19.2,24.6,33.76,15.11,21.36,21.11,22.14,24.0,62.56,27.47,37.83,25.24,19.37,24.21,27.56,16.8,19.34,30.63,16.725,21.95
2024-09-17,23.83,20.9,22.27,32.3,26.95,42.0,47.12,22.81,23.75,27.03,39.62,28.56,38.47,27.36,23.54,23.96,28.55,,16.5,29.42,25.97,16.97,25.02,30.12,25.05,28.48,26.66,18.42,33.38,21.65,21.83,21.9,24.57,13.66,23.13,39.76,17.95,28.36,47.06,21.39,33.58,23.8,24.76,27.89,22.06,19.18,20.62,51.57,26.54,31.42,17.56,26.1,15.93,15.66,28.97,16.58,23.04,43.99,16.48,17.83,16.69,18.61,30.24,23.08,19.51,18.64,29.12,21.3,60.8,25.75,39.8,43.85,29.24,49.24,25.6,18.85,22.13,17.34,43.67,19.33,37.42,19.0,24.02,34.67,15.4,21.87,19.83,22.9,24.16,62.86,27.86,37.0,27.68,19.02,23.82,28.3,16.44,19.23,30.56,17.41,22.06
2024-09-18,24.19,20.97,23.25,30.25,26.29,41.57,47.03,22.13,23.42,26.75,41.4,29.62,38.18,27.72,23.06,23.0,27.67,,16.63,29.77,26.22,17.41,23.42,29.37,24.68,28.74,25.75,18.19,33.14,21.25,22.84,21.25,24.28,15.07,22.74,38.69,17.86,29.05,44.23,20.93,32.59,25.83,25.98,28.05,21.67,19.17,20.18,52.05,26.67,32.39,18.97,26.28,15.2,15.85,28.46,16.12,22.46,44.5,15.95,17.46,16.1,17.74,30.43,22.11,16.71,18.08,29.69,21.15,60.5,25.19,42.28,42.89,28.44,48.7,23.84,19.52,21.96,18.86,43.75,18.82,37.36,17.67,23.31,36.12,16.3,21.7,19.42,20.91,22.14,62.31,27.82,36.47,26.89,19.73,23.28,28.79,16.35,18.05,29.95,17.52,21.3
2024-09-19,22.15,19.58,22.49,29.26,24.83,39.77,44.89,21.7,23.1,24.91,39.4,29.2,36.32,25.79,21.37,21.43,27.08,,14.96,28.75,25.26,16.32,23.6667,28.27,22.95,28.04,23.92,17.82,32.09,20.02,21.54,20.66,22.82,14.85,21.54,41.87,16.96,26.98,42.61,19.71,32.53,24.29,24.42,26.69,20.16,18.53,20.22,48.96,25.23,31.83,17.55,24.6,14.77,14.94,26.36,16.24,20.36,42.52,16.0,17.11,15.01,17.15,29.8,22.4,16.62,17.57,28.09,19.85,59.89,24.54,41.51,42.1,27.82,45.12,22.45,18.91,21.15,18.7,40.12,18.86,35.99,18.99,22.51,34.96,14.62,20.63,19.9,19.39,20.49,62.92,26.5,34.95,26.78,18.83,23.69,27.44,16.77,17.83,28.21,16.85,20.92
2024-09-20,21.72,19.7,22.73,29.14,24.56,40.4,43.95,21.19,22.85,23.9,38.98,28.36,37.4,25.72,20.99,20.83,28.24,,15.11,29.12,23.37,16.15,23.9133,27.77,24.33,27.71,23.83,16.45,33.77,20.08,20.21,21.85,21.62,14.95,21.56,22.84,17.35,27.43,44.1,19.46,32.69,24.15,24.63,26.34,19.38,17.6,21.82,59.51,24.94,31.52,17.54,24.35,14.6,14.13,26.04,17.23,20.07,43.74,16.01,16.89,15.32,15.93,29.25,22.61,15.29,17.29,27.52,19.53,58.39,24.35,40.87,39.17,28.69,45.39,21.58,20.09,20.09,17.8,40.35,17.29,39.63,19.61,21.67,34.76,15.93,20.26,20.11,20.36,19.37,62.2,26.93,35.3,25.31,18.22,25.17,25.87,16.77,18.89,28.04,16.9,20.38
2024-09-23,20.92,19.68,22.16,28.92,24.16,39.48,43.77,22.05,22.81,25.12,38.26,28.78,39.74,25.82,20.82,21.86,27.06,,15.34,30.85,24.33,17.5,24.16,29.02,22.65,26.6,23.98,17.04,36.71,19.61,20.67,24.12,21.91,15.14,20.36,21.03,18.49,30.33,46.91,20.57,35.26,27.57,26.46,26.13,18.93,18.84,27.66,56.97,25.24,30.89,17.54,24.21,15.09,15.46,25.95,18.54,19.76,44.6,17.46,16.96,14.94,15.67,30.63,25.26,15.85,17.82,27.12,20.21,59.06,24.69,41.3,37.94,34.29,44.54,20.95,18.8,20.27,17.35,40.08,18.77,34.81,21.83,24.59,33.73,14.81,20.1,21.47,21.59,20.07,67.5,28.85,32.73,26.35,20.9,30.0,26.89,18.73,22.46,28.17,17.09,19.5
2024-09-24,20.6,20.17,22.88,28.46,23.96,39.43,43.0,23.88,23.19,25.03,37.48,28.86,38.95,26.9,21.89,21.24,24.81,,14.76,30.5,24.57,18.11,22.16,30.38,22.65,27.01,24.55,15.57,36.96,19.85,20.26,25.7,21.8,15.6875,21.65,20.33,19.44,30.19,45.44,19.56,36.29,28.6,27.4,26.34,19.5,20.89,28.17,56.22,25.54,31.79,18.53,23.16,15.23,14.91,26.54,18.49,20.46,45.61,18.38,16.85,15.8,15.97,31.12,28.14,16.57,17.32,26.78,21.53,58.83,25.45,42.32,34.88,36.41,45.34,20.77,18.2,19.88,17.13,39.58,21.36,36.43,23.19,23.42,33.08,14.23,20.22,20.96,22.77,19.76,69.1,29.02,34.29,27.05,21.34,31.64,24.24,21.65,20.47,28.03,16.65,19.45
2024-09-25,20.99,20.58,23.33,29.66,23.95,41.66,43.32,23.81,23.19,26.14,37.04,29.14,43.55,26.66,21.55,21.74,31.16,,15.84,28.73,24.46,25.08,26.63,31.74,24.61,26.58,24.59,16.0,32.9,20.58,20.88,27.72,22.46,16.235,17.32,20.38,19.54,31.83,45.06,19.98,38.57,30.13,30.56,27.06,19.14,21.34,29.89,57.03,25.53,31.88,17.03,24.57,16.7,15.92,25.89,18.39,20.38,46.4,17.87,17.74,15.29,14.92,32.03,31.05,16.03,17.53,27.02,21.33,60.65,28.6,41.29,31.54,39.49,44.33,21.14,20.64,21.3,18.63,39.08,20.55,35.59,23.77,24.95,34.06,18.93,20.84,24.66,24.94,21.39,70.27,30.14,35.56,27.37,21.36,35.21,25.72,22.14,22.72,28.49,17.28,20.94
2024-09-26,21.54,20.07,22.93,17.14,24.26,39.88,44.11,23.76,22.94,28.29,37.65,29.11,41.87,26.76,22.68,21.69,28.52,,15.45,29.65,25.86,19.64,23.36,31.71,27.22,28.66,24.22,16.78,35.16,21.55,20.41,27.4,23.1,16.7825,20.3,20.88,19.4,33.15,50.1,20.28,38.94,29.34,31.27,26.59,19.13,19.96,31.91,55.43,24.32,31.38,18.7,24.62,16.32,16.1,27.93,19.46,19.95,48.84,18.51,16.56,19.24,16.56,33.01,26.28,16.64,18.94,27.68,22.02,45.5,27.92,41.04,33.64,39.74,45.58,21.6,19.38,21.74,18.17,39.53,21.53,35.95,24.7,24.86,35.75,20.37,21.51,24.69,23.98,21.44,72.2,31.2,33.98,28.19,23.04,34.2,25.66,21.48,22.19,29.66,17.95,22.69
2024-09-27,22.97,21.7,24.01,17.98,24.16,40.48,44.92,24.03,23.41,29.88,38.34,30.26,43.33,26.66,24.32,22.24,25.44,,15.09,29.87,26.55,22.46,24.35,32.74,26.94,21.56,24.73,17.26,36.2,21.61,21.45,28.23,23.54,17.33,23.25,22.52,20.88,33.74,49.6,20.51,38.78,29.99,29.32,26.7,19.43,20.87,31.76,56.76,25.23,32.15,18.13,24.74,17.0,16.52,31.84,20.73,19.87,49.13,18.91,17.56,17.14,17.63,34.32,30.49,15.69,19.48,27.8,23.77,43.51,28.31,41.96,34.29,39.47,46.37,22.73,19.6,22.51,18.51,41.85,21.06,38.33,26.8,25.21,35.84,14.44,21.77,21.26,24.45,21.75,75.86,31.37,35.29,28.2,23.4,34.43,27.29,21.31,21.44,30.57,18.05,23.13
2024-09-30,24.17,23.31,24.94,18.19,24.77,41.18,48.03,27.99,24.38,34.58,38.98,30.18,45.62,28.66,26.87,23.07,27.65,,15.28,29.98,28.31,20.96,36.1,32.65,28.42,21.21,25.48,17.05,33.95,22.87,21.82,28.4,23.53,17.67,22.03,22.93,19.91,32.64,50.1,20.58,41.85,32.0,31.32,27.75,19.91,21.32,32.28,61.51,25.2,32.69,17.72,26.0,16.81,17.44,35.29,20.67,20.82,48.6,20.68,18.88,17.73,17.77,40.45,30.07,17.62,23.18,28.37,25.69,43.62,28.95,42.5,37.24,39.77,45.81,21.72,19.95,22.92,18.57,42.79,20.36,37.04,25.41,27.66,37.02,19.64,22.23,25.28,25.08,23.07,72.6,32.94,37.53,28.73,23.87,35.05,26.12,21.91,21.6,30.17,18.59,22.95
2024-10-01,26.49,24.15,26.06,18.73,26.38,41.98,49.54,30.41,24.53,36.43,41.86,30.9,45.84,28.74,28.65,23.81,27.49,,15.77,31.4,30.52,26.18,29.87,32.83,28.81,21.34,26.68,19.22,33.66,24.1,21.94,27.59,24.39,17.015,22.1,23.45,23.9,34.32,50.8,20.83,41.5,31.91,32.59,28.46,21.28,21.92,31.42,60.17,26.66,32.41,19.5,26.34,17.59,17.5,37.1,23.91,20.82,49.77,21.9,19.59,15.69,17.92,42.68,32.57,18.78,22.34,29.2,27.65,46.76,29.39,42.97,40.18,42.12,49.03,23.49,20.91,24.83,18.41,46.06,24.49,39.79,26.74,33.62,37.56,15.9,23.35,24.04,25.71,25.68,72.29,34.68,37.7,30.17,23.69,36.25,28.77,22.03,22.04,31.24,19.52,24.39
2024-10-02,27.33,25.29,24.76,17.82,26.5,42.89,51.68,31.54,24.81,37.89,40.94,30.96,45.45,28.78,31.87,23.81,30.26,,15.73,30.56,31.37,23.92,29.65,34.74,30.78,21.75,26.14,15.34,32.9,24.65,21.85,27.83,24.48,16.36,21.08,24.09,22.27,34.48,51.44,20.73,43.3,33.84,34.08,27.71,21.51,22.72,31.65,62.48,25.61,33.92,19.85,26.14,18.13,17.71,37.93,22.44,20.29,49.2,22.49,20.25,23.07,18.905,44.99,34.14,18.92,25.85,29.94,27.71,46.825,28.67,43.35,22.55,41.33,48.78,22.56,20.65,26.25,18.32,43.39,23.76,38.78,26.51,34.115,37.16,17.56,23.71,26.24,25.75,25.28,70.39,34.93,38.52,31.55,23.55,35.29,28.15,22.58,21.45,31.34,19.42,24.96
2024-10-03,27.38,25.65,25.84,19.58,27.02,43.08,53.23,33.42,24.68,39.19,40.57,32.24,46.52,30.1,33.29,25.53,30.11,,17.68,32.54,31.44,21.66,29.48,36.27,32.63,22.08,26.3,17.22,33.5,25.73,22.74,30.72,24.93,19.0,23.97,23.48,22.9,35.12,51.94,22.52,44.22,34.3,32.8,29.81,21.85,23.19,33.32,64.57,26.25,35.83,20.59,28.8,18.74,18.8,39.29,24.76,20.98,53.83,23.09,20.64,21.11,19.89,45.92,37.67,19.06,27.56,31.79,29.21,46.89,28.91,43.51,23.46,42.06,49.53,22.27,20.82,27.67,21.13,49.5,23.03,39.56,26.66,34.61,37.89,21.79,24.13,25.29,27.51,25.69,67.78,35.43,41.13,31.08,24.94,36.24,30.73,22.62,23.85,32.45,19.72,25.68
2024-10-04,26.23,26.49,25.73,18.27,26.56,42.4,52.03,33.24,23.55,37.95,38.63,31.72,44.75,29.4,33.15,24.73,29.34,,15.55,32.29,30.21,22.99,29.09,34.73,32.35,20.92,25.75,18.7,32.28,26.25,22.45,29.25,23.79,21.025,21.17,22.45,21.96,33.4,52.17,22.04,43.57,33.04,33.47,29.37,20.79,21.79,32.26,64.89,24.88,34.8,19.29,26.08,17.97,18.19,38.57,23.52,21.31,44.96,22.13,20.59,20.65,19.5,45.38,34.57,19.57,25.72,29.06,28.18,44.51,30.5,42.78,22.69,40.62,46.49,23.23,20.73,26.51,20.26,50.21,21.07,41.02,27.66,35.7,37.16,19.16,22.99,32.14,26.44,25.56,66.95,34.24,40.67,32.71,23.96,35.06,30.2,22.12,22.74,31.45,16.69,26.17
2024-10-07,29.52,28.24,27.76,19.94,29.77,46.37,56.71,35.88,25.54,41.03,42.67,34.43,48.02,32.8,34.87,25.7,32.53,,19.79,35.55,33.18,22.08,31.52,39.61,31.98,23.88,28.21,17.87,38.02,26.72,25.58,31.29,27.54,23.05,24.76,25.81,23.45,36.17,55.46,28.59,46.67,35.02,36.85,32.93,23.38,24.22,32.72,67.96,27.63,38.52,21.9,28.99,20.75,20.73,40.41,25.97,23.34,46.62,24.27,21.79,19.53,18.22,47.48,39.56,20.36,28.78,31.46,30.51,48.6,38.24,45.58,25.54,43.63,50.22,25.84,21.58,30.64,20.46,59.61,24.43,46.59,27.94,40.36,41.11,19.88,25.75,27.17,28.02,26.44,70.77,36.54,46.9,36.36,25.6,35.56,31.83,24.64,23.12,35.92,21.83,27.14
2024-10-08,28.14,28.81,27.95,18.98,29.38,44.69,56.73,35.29,25.42,39.4,42.92,33.88,47.76,32.62,34.26,24.61,33.02,,19.47,35.6,33.38,23.49,34.5,42.74,32.23,22.86,27.59,17.71,42.03,26.92,25.24,31.76,27.63,21.98,30.21,24.94,24.1,36.33,53.44,27.12,44.66,35.07,34.88,32.64,23.73,24.35,33.57,66.47,27.43,38.41,21.2,29.07,19.44,20.06,39.34,25.52,23.94,50.5,24.08,21.91,21.19,17.14,46.39,37.59,16.55,28.27,31.36,29.55,47.31,35.71,44.9,26.11,42.33,48.34,26.33,17.62,30.53,19.83,63.22,26.48,48.37,27.79,37.15,37.78,19.11,25.39,27.24,28.76,26.62,68.47,35.67,52.13,36.88,25.67,36.47,32.8,23.82,23.93,32.64,21.13,26.41
2024-10-09,27.23,28.8,27.69,19.98,29.25,40.99,56.2,35.21,25.56,38.65,42.61,33.54,47.91,32.21,34.13,24.11,32.15,,20.49,35.44,32.75,23.7,34.05,42.14,31.56,22.63,27.68,17.91,40.88,26.72,24.56,31.13,27.33,22.03,28.06,24.42,23.19,34.91,54.89,28.89,41.56,34.31,34.37,31.91,24.0,23.62,33.58,67.7,27.91,37.85,21.43,28.56,22.6,19.76,39.12,25.76,23.22,51.18,24.01,21.55,27.76,20.9,46.39,37.71,21.13,28.06,30.43,29.47,46.32,36.92,44.3,25.73,42.83,47.28,24.72,17.19,30.66,19.83,66.7,23.96,48.45,28.37,37.69,33.89,23.98,24.68,26.75,28.49,27.22,68.15,35.76,50.51,36.56,25.92,36.18,39.25,24.08,24.71,35.1,20.72,26.02
2024-10-10,27.21,28.61,27.09,20.14,29.65,43.91,56.03,35.54,26.07,38.34,42.14,34.21,48.12,32.84,33.79,23.65,31.55,,20.23,34.57,32.27,24.15,31.77,43.19,31.4,22.98,26.95,18.27,39.69,26.24,24.63,31.71,27.42,20.73,27.88,24.87,23.51,34.38,53.64,28.72,40.8,34.35,34.51,31.8,24.32,23.37,33.29,68.08,29.06,38.94,21.52,28.04,19.2,19.61,40.51,23.84,23.41,47.92,24.17,21.18,21.8,19.16,47.0,36.53,21.0,28.59,30.39,29.32,46.23,35.77,43.91,25.69,42.13,48.75,25.97,16.85,32.55,19.83,67.84,24.49,49.22,26.88,37.68,36.38,20.54,25.35,25.83,28.6,26.23,68.52,34.52,51.02,35.95,25.51,35.87,25.3,24.28,24.34,34.88,20.71,26.35
2024-10-11,26.81,28.28,25.08,19.73,30.13,43.08,53.08,37.73,24.32,37.64,41.52,33.37,46.68,29.29,33.34,20.89,30.57,,19.85,32.75,31.41,22.88,31.43,42.0,31.1,22.41,26.82,18.85,37.34,25.18,23.93,30.92,29.75,19.37,27.08,23.15,23.05,33.65,52.24,27.76,38.89,33.54,33.75,29.92,22.77,22.94,33.82,67.03,28.17,36.67,20.08,24.12,18.57,18.99,39.59,24.51,22.37,45.36,23.44,20.86,22.74,19.06,46.09,36.85,21.33,28.5,28.91,29.07,44.34,34.95,43.44,25.42,41.67,46.55,25.08,16.27,31.46,19.04,65.78,24.11,47.76,26.37,36.49,36.5,19.72,24.28,26.91,29.48,25.58,60.25,34.88,46.81,34.38,24.01,35.11,33.28,24.06,23.28,29.12,20.02,24.71
2024-10-14,25.86,28.53,24.23,18.73,28.8,45.8,53.08,39.22,25.37,37.83,41.38,33.26,46.65,29.03,33.11,21.8,30.26,,20.12,31.82,30.94,21.85,31.39,42.6,31.43,21.94,26.1,24.03,38.12,24.48,24.31,31.88,34.2,19.96,27.99,23.08,22.33,32.31,52.38,27.69,38.52,34.54,33.18,28.52,23.48,23.3,32.83,66.33,26.98,34.97,19.72,22.74,18.92,19.49,38.8,23.26,22.84,47.94,23.44,20.89,19.87,20.08,45.68,38.18,21.44,28.37,28.7,29.14,44.44,34.92,43.15,25.37,40.2,46.35,24.54,16.44,30.48,19.85,66.16,24.13,48.59,27.23,37.16,35.79,19.51,25.79,27.27,27.78,25.46,56.87,35.1,43.32,32.56,24.37,34.08,32.95,23.57,24.34,27.54,20.38,25.11
2024-10-15,26.45,30.37,26.08,19.1,28.68,53.11,55.33,39.09,25.72,38.05,43.2,33.52,46.27,26.42,32.82,21.44,30.87,,19.35,29.65,30.38,24.3,31.49,43.21,31.48,22.01,27.32,26.44,37.88,24.97,24.9,32.3,36.51,20.265,29.92,24.05,23.11,33.27,53.61,28.58,40.43,33.88,34.14,27.12,24.63,23.32,33.52,68.1,27.86,36.53,17.06,23.21,20.9,19.73,39.72,23.43,23.29,55.08,23.91,20.8,20.62,18.29,46.03,37.58,20.49,28.65,28.79,28.96,46.45,35.22,43.56,25.96,41.04,50.93,25.52,16.16,30.43,20.39,67.34,25.04,49.06,27.65,38.14,27.91,18.77,26.56,28.78,29.29,25.89,56.99,37.96,42.66,27.63,24.4,35.46,32.54,24.18,24.69,28.72,20.13,25.49
2024-10-16,25.52,29.73,21.71,18.76,28.13,51.06,55.09,38.51,25.85,37.96,42.98,34.19,44.76,25.65,32.78,21.23,31.39,,19.12,28.86,31.16,23.51,31.32,41.93,31.44,22.17,26.37,24.85,37.24,25.0,24.24,32.07,38.15,20.57,30.89,23.41,22.75,33.51,54.24,28.24,39.54,33.86,35.1,26.27,25.15,23.49,32.59,69.05,27.91,35.43,15.38,22.65,18.5,20.06,39.72,23.65,23.54,53.75,23.61,19.96,19.49,18.9,45.99,39.07,21.32,28.78,25.07,29.12,46.58,35.32,43.31,25.28,40.93,49.49,25.7,15.87,30.76,19.79,67.93,24.41,47.75,27.36,37.87,21.99,19.27,26.24,28.84,28.97,25.68,55.57,37.15,43.38,24.75,24.89,34.49,26.85,23.49,24.69,28.99,20.72,25.4
2024-10-17,25.29,30.04,20.23,18.51,28.24,48.92,54.57,38.92,25.98,37.16,43.58,33.67,44.92,24.79,31.88,21.17,31.0,,18.94,27.66,31.34,22.8,31.96,41.64,30.81,21.61,26.41,26.64,37.03,24.74,25.43,29.94,38.56,20.26,30.99,23.7,22.46,33.34,54.63,28.31,38.53,34.3,34.51,24.95,25.3,24.52,32.21,67.46,28.36,38.39,15.01,22.16,19.05,19.21,40.39,23.05,23.8,52.36,23.2,20.29,21.28,18.0,45.65,41.15,21.08,28.58,23.36,28.83,46.15,35.89,43.03,24.8,41.12,51.18,25.42,15.9,30.35,19.71,67.72,24.75,48.33,27.14,37.94,23.89,18.98,26.15,28.52,27.83,26.92,54.27,37.1,45.63,25.4,24.85,34.62,24.9,23.42,23.86,27.57,21.31,25.17
2024-10-18,24.51,29.73,19.92,17.9,27.6,47.21,53.17,39.37,26.8,36.74,42.28,25.1,44.5,23.38,31.5,21.15,29.75,,18.23,27.91,30.19,20.61,31.5,40.48,30.59,21.07,26.21,25.79,40.43,24.84,25.03,29.55,37.94,19.78,29.82,23.23,23.0,32.77,54.03,28.81,36.95,33.51,33.82,23.92,24.92,23.66,32.12,65.73,28.01,23.09,14.72,21.41,18.3,19.15,40.02,23.46,23.5,51.64,22.4,20.12,20.84,18.95,44.35,39.52,19.87,28.33,22.69,27.87,44.07,35.56,26.03,24.4,38.82,50.18,24.8,15.36,29.35,14.46,69.46,24.41,45.05,26.89,37.45,23.01,18.99,25.87,27.69,27.11,25.43,53.57,35.31,44.78,24.01,24.15,33.7,24.31,22.35,23.44,26.86,21.78,24.7
2024-10-21,24.75,29.8,20.5,18.43,27.92,48.96,53.2,43.13,27.32,37.38,42.85,26.15,43.17,24.89,31.66,21.52,30.95,,18.43,28.5,32.48,21.78,30.96,41.86,31.09,21.69,27.36,25.54,39.37,25.33,28.11,30.46,38.26,20.57,31.63,23.78,22.44,33.49,51.53,28.26,39.06,35.86,33.74,24.94,25.81,24.26,32.46,66.86,30.43,21.84,15.22,22.01,18.28,19.39,40.03,26.37,25.95,49.83,23.19,20.89,23.46,22.17,44.46,40.27,22.88,29.6,24.68,28.76,45.11,35.82,26.12,24.63,40.53,57.48,25.53,16.44,31.04,15.3,69.36,25.16,46.48,26.78,37.28,23.67,21.65,26.59,27.87,28.51,25.15,54.34,36.81,43.63,24.95,24.91,36.12,27.06,22.89,20.26,27.96,24.86,26.8
2024-10-22,24.9,29.68,21.47,19.27,28.06,50.29,54.11,44.64,27.39,38.2,43.31,25.96,47.94,24.9,31.53,21.5,31.28,,19.0,30.01,31.9,22.36,32.41,42.64,30.08,21.66,27.53,26.14,37.6,26.41,29.27,22.73,37.94,20.66,32.75,24.28,23.98,31.0,51.34,31.79,33.08,34.13,34.27,25.0,25.89,24.29,34.21,66.59,30.68,22.47,14.82,23.28,22.47,20.6,40.03,20.09,26.83,56.03,23.81,20.45,21.62,23.04,45.49,24.78,17.12,27.57,24.25,28.85,46.47,32.85,25.95,26.24,41.13,59.56,25.37,15.7,29.24,16.39,69.79,20.23,48.34,21.64,37.74,23.81,21.49,27.04,29.24,28.74,25.9,55.93,38.51,44.26,24.91,25.01,35.5,26.1,23.19,20.14,28.5,26.5,24.99
2024-10-23,27.23,29.99,19.89,19.4,29.19,51.61,54.44,46.63,27.42,40.15,45.31,26.76,41.83,25.06,32.1,22.34,31.1,,19.21,30.1,33.81,21.85,30.86,46.42,31.53,22.64,27.81,25.43,38.3,26.12,30.88,23.73,37.59,20.75,28.21,24.38,18.8,28.93,43.91,29.09,31.26,36.78,35.66,25.74,26.55,24.47,32.59,65.13,31.8,23.38,15.83,23.67,15.13,20.97,40.97,19.61,28.48,59.85,23.24,26.18,21.51,22.51,46.74,28.28,21.44,28.16,23.81,29.94,47.45,32.34,25.93,25.74,40.73,62.23,25.85,15.02,29.68,15.91,70.53,20.44,49.85,20.41,35.13,24.74,25.06,27.62,21.5,22.45,27.85,60.42,28.83,44.91,27.19,25.21,41.42,25.54,23.78,18.66,28.83,28.18,24.87
2024-10-24,26.95,29.86,20.44,20.18,28.31,48.86,54.49,46.5,27.82,39.55,44.58,26.37,38.6,24.85,31.62,22.66,30.78,,19.76,29.76,33.59,26.16,32.29,49.68,31.22,22.17,28.96,22.52,38.27,27.43,31.19,22.93,37.88,20.19,30.52,24.18,17.88,28.91,45.12,28.91,30.68,36.42,37.85,26.03,26.66,20.68,20.89,65.78,30.61,23.04,16.08,23.36,16.36,21.79,41.63,19.08,29.01,42.32,23.68,23.02,21.94,23.16,46.08,26.64,21.48,30.08,24.05,31.22,46.77,31.87,25.32,23.46,27.99,61.42,26.84,15.77,30.09,15.45,70.28,19.73,47.77,19.0,34.87,24.29,25.15,28.08,21.46,22.09,21.49,55.13,28.13,45.75,26.3,22.39,24.46,27.27,23.71,17.91,28.99,28.16,25.21
2024-10-25,27.38,29.59,21.88,20.71,28.77,47.0,53.81,45.78,28.54,39.7,44.72,26.41,39.83,26.62,31.89,22.2,32.87,,19.83,30.54,34.33,19.6,31.39,39.23,31.52,22.28,29.87,26.81,38.06,27.42,31.04,22.28,38.03,21.53,34.59,23.5,18.61,27.77,44.08,29.11,29.75,38.22,38.88,26.53,28.36,19.86,19.98,67.78,30.56,23.22,17.16,24.19,15.92,22.09,41.84,18.37,28.16,40.43,23.33,24.37,21.52,21.97,46.39,25.94,20.25,29.62,25.04,29.83,45.61,31.61,25.51,26.74,26.62,60.51,25.3,16.68,29.68,16.23,71.79,17.34,47.48,18.64,34.5,24.28,24.26,28.73,20.64,22.51,20.97,57.65,28.09,45.88,26.17,20.99,22.85,25.94,23.27,18.56,29.73,27.84,25.92
2024-10-28,26.82,28.73,21.44,20.53,28.75,48.51,54.81,47.28,31.5,39.83,43.97,25.62,39.77,26.1,31.7,22.65,31.96,,19.96,30.12,33.13,18.17,31.88,40.74,29.97,21.76,32.14,26.31,40.53,26.89,31.18,22.73,38.66,22.24,29.24,23.12,18.5,28.73,43.56,31.91,29.71,39.78,39.98,26.9,27.96,20.36,19.92,66.05,32.2,22.64,17.67,23.89,17.11,22.82,42.12,18.71,28.91,42.86,23.17,23.47,21.96,23.56,46.89,25.01,21.05,30.44,25.35,30.27,45.77,31.52,25.47,24.16,26.38,59.53,27.3,17.17,28.47,15.81,72.24,18.54,47.14,19.07,33.63,24.33,20.79,30.24,20.19,22.55,21.2,53.87,27.46,43.92,25.86,21.5,23.72,25.9,23.52,19.57,30.04,27.9,26.36
2024-10-29,25.89,30.09,22.29,19.66,27.54,46.85,54.41,46.15,25.68,39.65,42.95,25.61,38.01,26.34,30.74,22.89,31.1,,19.53,31.26,33.83,15.38,34.46,40.44,30.42,22.02,33.06,26.45,39.02,27.21,31.47,21.9,38.04,22.83,33.76,22.4,17.12,27.09,44.31,28.73,29.32,40.63,39.12,26.66,28.55,20.28,19.57,67.33,31.75,21.93,18.18,24.06,17.15,24.34,42.04,18.66,28.5,43.65,23.53,19.15,26.06,21.17,46.38,24.63,21.64,29.93,25.52,29.92,45.77,31.1,24.92,27.51,26.82,61.25,25.29,17.28,24.61,15.93,73.81,18.33,46.47,17.28,33.47,27.83,21.17,30.07,19.51,21.96,20.6,51.23,27.3,46.56,27.21,21.08,22.22,22.9,23.4,17.29,29.6,28.05,24.64
2024-10-30,27.47,26.92,22.15,23.16,27.87,47.3,46.21,47.72,25.22,39.65,42.91,26.14,37.24,26.83,32.0,23.62,33.24,,19.6,30.9,28.98,18.66,32.1,43.32,31.13,22.4,34.86,27.5,41.15,27.89,32.92,22.53,44.21,23.4,26.0,21.83,17.49,27.79,44.05,26.83,30.57,26.85,27.98,27.12,30.46,19.81,21.27,71.42,30.57,23.13,18.69,24.01,17.37,23.44,34.19,18.67,28.97,45.24,23.03,19.16,18.11,22.37,49.61,24.08,35.24,26.84,25.69,31.05,46.31,32.92,24.6,27.18,26.16,59.17,26.5,17.86,25.14,17.2,72.62,17.83,51.28,18.67,30.08,33.16,20.93,30.59,19.54,21.72,21.35,51.01,27.66,46.64,27.26,20.89,22.97,24.52,19.36,19.58,29.97,28.57,24.06
2024-10-31,30.76,25.43,24.94,22.05,30.18,49.72,46.5,42.61,26.02,43.57,44.62,27.56,38.48,29.24,23.76,26.14,28.78,,21.5,33.29,30.42,20.19,26.62,44.61,30.5,23.79,37.15,31.05,41.31,27.56,33.57,25.18,43.28,25.3,30.67,23.62,19.16,29.32,47.17,31.22,31.95,28.07,28.55,29.04,30.97,20.4,22.05,92.79,34.57,24.23,18.7,26.23,17.81,21.12,32.1,19.42,29.73,45.38,21.57,19.69,21.06,25.12,34.57,26.07,18.89,26.32,28.65,26.29,47.83,32.48,25.97,31.37,27.81,61.97,28.97,18.91,25.24,17.89,74.65,20.81,53.46,17.98,28.18,26.39,23.59,32.53,21.22,22.9,21.72,50.85,30.09,36.23,30.06,23.18,23.57,28.34,21.2,19.94,32.77,30.42,26.84
2024-11-01,24.55,23.45,20.98,22.69,28.29,47.29,43.63,41.82,27.12,27.67,43.92,27.35,38.69,27.45,23.13,26.09,26.77,,20.69,32.1,29.28,20.1,24.13,45.94,28.25,23.07,35.45,29.33,43.3,23.92,33.88,23.8,41.85,26.19,32.09,23.79,17.76,29.24,43.16,29.1,31.57,25.99,25.21,28.98,31.11,19.71,20.5,51.75,34.31,23.21,18.5,25.72,17.55,18.11,29.05,19.98,30.31,42.54,20.75,18.84,19.52,22.51,32.13,25.37,26.27,23.76,26.96,23.42,46.03,34.03,25.07,30.75,27.1,59.99,27.56,18.63,24.58,17.03,73.07,20.97,51.53,20.04,25.98,26.71,23.79,27.89,22.12,23.36,21.44,50.59,28.77,34.0,29.13,22.23,22.92,28.34,20.52,19.67,31.81,30.56,24.2
2024-11-04,24.25,25.15,22.26,23.56,28.98,47.84,43.65,44.21,28.2,27.19,44.0,26.78,37.9,29.7,23.48,25.46,25.67,,19.86,32.68,30.84,21.18,29.89,42.16,28.43,24.13,38.23,31.46,43.57,23.19,34.81,24.32,41.01,25.17,33.1,25.11,21.89,31.17,45.22,27.54,32.92,25.61,25.96,30.47,31.49,21.51,20.94,52.04,36.17,24.3,19.3,26.68,17.16,18.83,30.36,20.35,31.34,47.73,20.68,19.78,21.04,24.5,32.25,26.37,16.7,24.36,28.19,23.16,46.24,36.55,25.56,31.23,27.6,59.61,28.86,19.51,24.6,14.99,73.76,20.89,51.7,20.7,25.3,25.3,21.84,27.21,24.07,22.49,22.16,53.71,29.27,33.85,31.32,22.7,23.61,29.46,20.41,21.14,31.85,31.47,24.26
2024-11-05,22.98,24.26,19.78,23.13,28.03,46.47,42.1,42.6,27.9,26.14,42.49,27.29,36.13,27.98,22.76,26.04,25.07,,18.34,33.48,29.46,20.94,27.96,40.76,27.23,23.24,39.64,32.14,49.2,22.51,34.83,23.28,41.99,24.03,27.705,23.4,19.57,28.465,44.055,26.505,32.13,23.93,23.62,29.115,30.205,19.815,19.73,50.385,34.82,22.135,17.83,24.885,17.66,17.325,29.735,19.265,30.055,44.37,19.16,18.605,21.67,21.35,30.205,23.98,15.435,23.345,27.215,20.445,45.56,29.845,24.06,28.865,25.97,54.73,26.045,19.51,23.19,15.97,59.045,20.315,52.76,21.59,27.5,27.13,22.08,27.07,22.92,23.66,21.83,55.09,29.41,33.19,32.58,22.18,22.58,27.51,19.49,19.46,32.95,31.13,22.87
2024-11-06,21.15,20.52,17.68,19.26,25.45,43.2,39.39,42.74,25.84,25.12,36.91,23.85,35.26,24.84,20.03,20.92,26.88,,16.14,28.24,25.01,20.42,20.91,29.26,24.61,20.92,36.59,27.68,27.12,19.17,31.37,20.96,38.08,22.89,22.31,21.69,17.25,25.76,42.89,25.47,31.34,22.25,21.28,27.76,28.92,18.12,18.52,48.73,33.47,19.97,16.36,23.09,18.16,15.82,29.11,18.18,28.77,41.01,17.64,17.43,22.3,18.2,28.16,21.59,14.17,22.33,26.24,17.73,44.88,23.14,22.56,26.5,24.34,49.85,23.23,19.51,21.78,16.95,44.33,19.74,49.81,17.65,23.73,23.91,18.19,24.56,20.39,20.95,18.22,52.93,26.05,30.49,23.24,19.64,24.3,20.68,16.08,17.93,27.91,28.47,20.03
2024-11-07,18.68,20.99,18.21,17.57,27.12,42.19,37.22,42.76,26.84,23.62,36.98,23.29,34.75,23.16,19.31,20.49,21.81,,15.3,25.32,24.03,20.22,20.55,29.37,23.46,20.87,36.11,28.17,27.51,19.36,31.08,19.23,37.46,22.06,19.62,21.31,15.85,26.05,43.33,18.54,28.4,20.11,20.6,22.76,28.21,18.75,16.8,48.07,32.7,17.86,15.92,20.94,16.59,15.42,28.25,17.22,27.71,36.09,15.75,17.39,19.04,22.65,26.46,21.48,14.55,20.12,25.01,18.47,41.0,23.99,22.03,26.42,21.91,50.41,26.34,17.96,20.68,15.71,43.71,19.93,36.24,17.67,22.82,23.56,18.92,23.23,23.56,19.36,18.69,50.91,24.24,30.47,21.74,18.98,18.78,22.08,15.18,19.62,23.46,27.97,19.47
2024-11-08,18.33,19.52,16.02,18.06,28.4,40.71,37.06,41.39,25.09,22.6,37.37,21.5,34.66,21.63,18.39,19.91,21.24,,14.52,23.22,22.91,16.33,22.12,26.34,22.95,22.63,36.89,27.94,25.77,17.71,32.02,20.42,36.72,18.62,17.72,20.9,15.83,25.96,42.95,18.95,26.14,20.35,20.57,22.33,26.19,16.2,17.69,41.6,31.31,19.48,14.54,19.69,15.32,15.11,28.69,17.01,27.26,36.28,15.33,16.69,15.8,21.08,26.19,22.24,13.88,20.05,22.0,17.56,39.45,23.88,21.23,23.05,22.79,50.14,27.25,16.2,21.06,13.62,46.48,17.39,34.16,17.27,22.48,22.9,16.66,21.73,20.2,19.04,18.45,59.78,22.74,29.36,20.79,17.5,18.26,19.92,14.6,16.68,23.34,27.81,18.94
2024-11-11,19.49,20.03,16.9,18.53,35.69,42.59,39.18,43.06,27.27,23.96,42.6,22.9,35.79,23.4,19.38,22.83,22.57,,15.14,25.14,23.28,17.94,23.66,26.28,24.45,23.82,40.51,30.19,27.01,18.36,31.64,21.98,38.64,20.26,18.76,22.2,16.88,26.79,47.36,21.72,29.25,21.33,21.53,24.34,25.12,17.87,18.14,44.75,33.21,20.05,15.41,20.38,15.55,16.96,29.97,17.93,27.71,39.52,16.99,17.37,20.57,19.89,27.75,20.83,13.85,19.88,23.89,19.1,41.16,24.82,22.45,24.4,24.63,52.29,35.73,16.76,21.46,14.92,54.26,22.17,34.91,18.35,23.71,26.87,19.33,23.04,22.94,19.81,18.1,68.4,25.33,29.38,23.03,19.16,19.46,25.51,15.68,18.21,26.03,29.04,19.63
2024-11-12,19.74,19.38,17.94,17.45,39.49,43.15,39.2,48.28,26.57,24.03,43.62,23.42,35.66,23.26,19.1,22.29,21.58,,15.02,24.77,24.05,19.68,21.9,29.3,24.75,24.7,40.25,27.59,28.3,18.42,32.31,20.97,38.88,20.66,21.1,21.97,17.01,25.65,49.57,22.41,28.68,21.61,20.77,24.45,21.42,19.53,18.64,44.8,33.42,19.91,16.37,20.97,13.88,16.77,32.23,18.11,28.02,44.23,17.43,17.26,16.96,21.78,28.28,20.62,14.43,18.86,23.8,19.15,42.9,27.62,22.71,24.58,25.58,54.81,37.92,17.01,22.23,15.03,50.48,18.45,35.04,19.72,24.14,26.01,18.58,23.77,24.16,20.1,18.6,61.03,25.12,30.39,21.87,19.12,19.6,23.89,15.93,16.63,26.17,29.75,20.12
2024-11-13,18.91,18.82,17.59,17.19,42.08,43.77,39.36,47.3,25.77,23.98,45.01,22.58,35.98,22.01,19.03,22.85,21.0,,14.98,24.45,24.34,16.86,20.29,28.88,23.44,25.3,40.29,25.6,27.22,18.27,31.91,21.06,37.61,19.95,15.98,21.16,16.71,26.96,48.82,25.97,29.59,20.58,21.73,23.2,20.41,18.57,19.79,44.0,32.83,20.03,14.19,20.58,16.25,16.42,30.92,17.96,28.16,41.43,16.3,16.51,20.2,21.12,27.22,21.98,15.32,17.55,22.96,18.82,42.96,25.07,22.94,24.46,25.52,54.88,40.26,17.6,23.58,15.06,53.97,18.17,34.47,19.15,27.22,27.7,18.4,23.14,19.4,19.22,18.46,61.14,25.67,29.3,22.1,19.32,19.03,24.38,15.38,19.09,25.44,29.53,20.25
2024-11-14,18.61,20.51,18.03,21.71,41.98,42.2,38.26,52.13,26.38,24.0,45.34,22.48,36.42,21.6,18.8,21.89,20.87,,14.54,23.68,23.15,17.92,20.09,27.3,22.47,24.75,39.8,15.89,28.24,16.94,32.76,22.62,22.65,20.94,17.91,23.33,19.54,27.02,49.61,22.31,31.79,20.54,21.86,22.67,20.98,17.88,19.37,42.77,32.37,19.53,15.68,20.22,17.55,16.07,32.75,19.99,27.52,36.86,15.68,17.42,22.32,21.85,26.47,21.61,15.155,21.17,22.32,18.7,43.55,25.2,23.19,25.82,24.91,54.84,40.7,17.43,23.77,15.04,51.96,18.7,33.33,21.76,24.09,25.01,15.15,23.13,23.03,20.23,18.76,56.29,25.61,29.84,22.65,20.09,19.39,23.35,16.08,18.52,24.78,29.15,19.41
2024-11-15,20.09,22.85,18.47,24.11,42.41,34.38,39.89,55.47,24.6,27.24,47.13,23.59,35.71,22.28,19.23,22.89,22.7,,15.2,25.05,23.53,16.17,25.05,25.77,23.48,25.63,40.64,18.7,29.8,18.43,31.09,23.38,23.73,16.59,16.94,26.68,19.25,27.27,49.42,25.72,30.43,23.22,23.08,23.77,20.22,18.15,20.81,43.59,31.85,20.23,16.35,20.96,18.16,15.17,37.24,20.98,26.84,36.79,15.84,18.08,17.6,20.92,29.33,24.39,14.99,23.17,22.93,20.57,45.86,24.93,23.29,28.52,26.57,58.55,42.25,20.24,27.4,15.24,64.2,20.36,33.94,19.33,24.46,24.68,16.01,22.06,22.5,23.33,19.32,58.4,26.8,30.55,22.11,18.18,20.24,24.5,15.96,18.02,25.64,29.72,19.95
2024-11-18,19.55,19.69,17.7,27.23,42.15,33.53,41.43,53.58,24.35,27.32,47.32,23.58,34.47,21.56,19.6,21.93,22.79,,14.36,24.43,22.78,19.65,21.22,29.16,23.0,26.23,39.86,15.74,29.31,17.05,30.17,24.39,21.86,15.45,20.44,33.58,18.87,26.96,50.34,24.72,28.18,19.64,22.99,23.74,20.03,17.16,19.68,45.39,32.52,20.54,15.47,20.54,17.25,15.19,38.55,18.78,26.99,39.38,15.57,17.54,18.64,22.99,28.28,23.34,14.825,22.55,23.12,20.08,49.83,25.66,24.66,33.02,27.41,57.58,42.8,19.62,26.92,14.28,58.64,20.07,34.26,19.48,23.77,24.35,16.67,20.42,21.71,23.68,19.56,62.99,26.49,33.23,22.32,17.98,20.69,23.71,15.41,17.47,25.15,30.3,19.03
2024-11-19,20.05,20.23,17.99,29.33,42.98,33.91,40.14,53.48,23.7,26.62,48.13,23.83,34.96,21.54,19.43,21.69,23.15,,14.85,24.28,23.59,17.95,20.64,30.01,23.1,26.37,40.88,15.49,29.21,18.06,30.4,23.13,21.31,16.29,19.32,35.75,19.17,27.67,50.32,24.71,30.64,22.57,22.91,23.68,20.6,17.32,19.88,45.19,34.22,20.15,15.82,20.4,17.03,15.54,37.23,19.83,23.78,38.22,15.98,17.54,19.99,18.56,28.39,23.89,14.66,22.87,23.41,19.81,52.1,24.57,25.72,35.23,27.4,54.19,42.93,19.66,25.57,15.11,58.54,20.92,34.01,19.78,24.23,24.77,16.82,20.97,21.84,22.8,19.87,63.87,27.29,32.79,23.02,18.47,21.44,23.47,15.62,18.07,25.43,19.46,20.37
2024-11-20,19.98,20.34,18.59,30.22,43.69,34.42,41.28,55.93,23.97,27.88,50.4,24.17,35.36,21.85,20.71,22.56,23.06,,14.76,25.68,23.58,17.96,20.76,30.59,23.1,26.98,42.06,16.33,29.88,17.51,32.7,23.17,21.59,16.07,19.43,38.89,19.9,27.98,51.28,24.78,30.4,24.19,24.24,24.1,20.99,17.77,20.4,49.26,33.64,20.82,15.89,20.82,16.95,15.65,38.6,20.4,23.01,37.41,16.65,17.5,19.03,16.64,29.12,24.66,13.89,23.82,23.64,20.77,55.6,24.72,27.37,37.29,28.71,57.39,43.94,18.82,27.09,14.99,58.94,20.25,35.64,20.52,24.91,25.42,16.87,21.19,22.0,23.18,20.5,62.04,28.19,31.71,24.12,18.53,21.5,23.98,16.46,18.15,25.42,18.69,20.14
2024-11-21,20.17,20.55,18.41,29.72,44.63,33.28,38.39,54.27,22.9,29.02,47.0,23.14,34.32,23.48,20.99,21.25,22.55,,15.04,24.33,24.32,23.03,20.03,29.85,23.36,27.3,43.53,17.11,27.12,17.71,23.96,23.26,20.14,15.5,21.51,39.23,17.9,27.73,51.75,24.46,30.59,26.79,26.58,24.4,21.07,17.58,20.3,48.0,35.79,19.58,14.9,20.95,16.71,15.76,37.52,19.25,22.4,37.45,16.38,17.38,18.61,16.63,28.97,23.99,14.67,24.33,23.69,20.39,52.2,24.56,27.65,37.81,27.58,43.06,44.55,18.13,25.85,15.75,56.0,19.28,32.24,19.74,24.2,25.56,17.78,20.91,21.61,21.9,20.29,59.69,27.26,32.41,23.53,17.58,21.11,23.73,16.52,17.93,26.2,18.58,20.56
2024-11-22,19.46,19.76,17.94,30.44,44.46,31.7,37.06,56.07,22.23,27.42,45.41,23.33,33.35,21.27,19.96,20.83,21.12,,13.93,23.53,22.78,17.66,19.8,27.07,22.84,26.13,42.42,15.5,27.67,16.42,19.63,21.72,19.57,14.84,18.09,38.74,17.8,26.21,49.21,23.6,29.18,25.69,25.91,22.72,20.03,17.51,20.31,43.99,25.34,18.77,15.23,19.84,15.65,15.52,37.28,19.3,21.3,35.45,15.45,16.14,18.65,14.34,27.63,23.55,15.45,23.03,22.77,18.79,56.42,24.88,26.38,39.83,27.07,41.36,42.5,18.05,25.37,14.16,56.23,18.1,31.54,18.3,25.48,23.98,16.92,20.03,20.64,20.69,19.1,61.5,26.58,30.91,22.58,16.16,19.6,21.43,15.85,17.68,24.84,20.65,19.38
2024-11-25,17.94,20.65,17.51,29.98,45.1,30.82,35.82,54.78,22.86,26.28,44.37,22.09,33.28,21.66,18.78,20.86,23.65,,14.0,23.44,22.77,16.14,18.91,27.89,24.21,24.59,40.14,16.04,27.13,16.18,20.61,22.22,18.17,15.44,22.91,38.44,17.65,24.79,50.25,23.0,30.64,23.26,22.72,22.52,19.24,16.69,18.59,44.81,24.69,19.36,15.28,19.12,14.89,15.01,37.3,19.52,22.84,34.98,15.65,16.42,17.81,16.63,26.73,23.07,16.23,20.84,21.57,17.75,55.3,25.41,25.02,39.96,26.26,40.87,42.2,16.17,24.27,14.81,55.59,21.32,29.37,18.42,22.56,22.97,19.32,20.85,20.39,20.86,20.84,56.06,24.66,31.62,21.6,17.22,20.42,24.87,15.7,17.13,25.06,18.14,16.16
2024-11-26,17.18,19.53,15.04,29.19,44.47,30.97,36.73,24.33,21.22,25.22,44.65,20.84,33.78,19.79,18.3,19.32,20.62,,13.42,22.64,22.26,17.94,19.29,23.8,23.92,24.27,40.09,15.22,26.54,15.54,18.82,20.82,17.53,15.25,12.25,39.66,16.84,25.37,49.67,21.39,32.93,22.48,23.18,21.56,19.19,15.65,18.67,42.52,23.39,18.85,13.92,18.7,14.68,14.4,33.62,17.63,22.17,34.85,14.98,14.5,18.55,16.71,25.81,20.27,17.01,20.64,21.68,17.19,54.99,21.9,23.84,40.53,24.68,37.45,42.61,16.83,24.23,13.31,50.78,19.85,29.69,19.17,22.24,22.74,17.39,18.79,19.07,20.53,18.17,51.54,24.34,30.14,21.2,17.22,19.81,19.04,14.56,16.01,24.27,18.51,19.69
2024-11-27,16.79,18.41,13.99,28.68,43.37,30.32,34.94,21.98,22.14,24.9,45.09,21.5,30.6,19.44,18.44,19.24,20.43,,13.81,22.44,21.25,18.89,21.24,23.79,22.57,23.36,38.92,15.1,25.51,17.55,18.79,21.39,18.62,15.06,16.56,39.26,15.93,23.86,49.14,21.11,30.09,21.69,21.97,20.87,18.2,16.52,18.26,42.56,23.82,19.14,14.31,18.13,16.09,13.88,33.56,17.91,21.39,34.15,14.62,14.99,13.77,18.44,25.28,20.25,17.79,22.53,23.08,17.83,54.52,23.33,24.14,40.98,25.97,36.76,41.9,16.61,22.21,12.99,50.94,18.75,29.12,18.8,21.66,22.37,13.47,18.71,17.96,19.34,16.7,47.58,23.77,31.58,20.75,16.79,18.78,22.16,13.22,16.23,23.97,18.2,18.93
2024-11-29,16.6,19.58,17.35,30.16,42.97,33.13,35.09,21.16,22.44,24.61,45.23,21.65,31.94,20.33,18.16,18.74,21.26,,13.24,20.88,23.21,15.97,22.42,23.46,20.52,23.17,39.0,15.18,25.96,16.66,19.07,20.59,18.09,15.39,16.11,39.9,16.77,25.04,49.58,24.07,30.42,21.29,21.75,21.33,16.63,16.05,18.79,40.5,23.47,19.8,14.41,18.98,15.06,14.56,32.95,19.39,22.87,43.14,15.18,14.81,28.3,17.84,25.26,21.38,17.87,21.5,22.29,16.91,56.53,23.58,24.67,41.41,26.08,36.42,42.3,16.43,24.05,13.96,49.34,19.79,29.66,18.6,22.59,23.0,19.14,19.71,19.1,20.93,18.71,49.35,24.5,30.24,21.32,17.56,20.18,31.62,13.73,16.82,26.14,17.61,19.1
2024-12-02,16.76,20.21,17.14,29.38,43.03,31.67,35.73,21.27,23.34,24.27,43.87,22.61,33.54,19.89,18.72,18.59,29.17,,14.1,20.88,22.53,16.38,17.01,28.04,21.69,25.28,38.25,16.6,25.54,15.88,18.5,21.57,18.44,17.12,17.5,39.47,17.29,25.23,49.93,20.95,29.62,21.34,21.94,21.17,17.94,17.25,17.3,46.06,24.01,18.72,14.32,18.33,14.92,14.84,32.79,18.87,20.81,38.87,14.64,15.79,16.83,18.86,26.38,20.26,16.28,20.86,24.74,17.37,54.77,23.5,24.24,42.8,25.14,36.2,42.65,15.76,23.51,13.61,49.25,20.66,28.37,17.8,21.37,22.8,16.34,19.49,21.21,19.88,19.21,54.09,23.17,31.04,21.68,17.73,20.33,22.67,14.57,16.77,26.54,18.68,18.21
2024-12-03,16.45,19.09,17.67,30.19,42.79,30.78,35.13,21.11,23.41,23.53,43.35,20.82,33.36,17.7,18.94,19.45,23.9,,13.75,18.86,22.39,29.11,22.48,24.22,20.67,25.25,39.26,17.26,25.67,16.26,18.31,21.17,18.75,17.09,18.99,42.32,16.89,24.17,50.53,21.6,30.07,20.98,21.69,21.18,18.04,17.66,17.8,47.37,23.58,18.28,14.65,15.67,14.71,15.12,32.37,18.75,20.11,32.64,14.83,16.75,17.43,16.28,27.22,20.31,17.1,20.37,20.89,17.51,55.03,23.34,23.75,42.68,24.82,35.1,40.42,16.16,24.06,15.09,53.87,19.54,28.32,20.14,21.83,21.62,15.67,18.46,18.08,20.5,18.75,51.01,23.54,31.21,21.6,18.08,20.91,21.36,14.79,16.31,28.7,18.83,17.54
2024-12-04,16.52,20.09,17.58,29.97,45.74,31.28,35.43,21.64,21.77,23.66,43.99,19.57,31.6,19.05,18.59,19.4,20.78,,13.95,20.98,21.93,20.85,22.85,25.59,22.4,25.37,26.18,16.0,28.99,17.65,18.18,22.45,18.07,15.81,17.52,43.08,16.88,25.18,49.38,22.6,30.32,19.78,20.75,20.14,17.15,16.68,18.63,49.22,23.74,19.75,15.05,21.06,15.82,14.43,31.71,18.2,20.49,37.43,14.58,15.04,29.53,17.57,26.01,24.55,16.16,20.83,20.98,17.32,54.81,24.64,23.88,39.46,26.98,33.56,43.42,15.92,21.91,12.91,55.73,20.39,28.68,18.64,22.18,22.05,26.68,19.4,25.6,20.53,17.59,52.57,23.62,30.45,20.93,17.0,20.93,21.83,14.75,18.36,26.84,18.65,19.88
2024-12-05,16.24,20.64,21.78,29.46,44.82,31.94,34.99,22.43,21.9,23.54,44.17,19.92,33.14,19.69,19.42,19.29,22.15,,14.28,21.23,21.94,26.33,28.11,24.57,22.28,23.62,25.49,16.34,26.39,16.22,18.57,20.98,19.77,14.53,17.64,44.26,16.41,25.55,48.85,22.41,29.83,21.46,22.42,21.41,17.96,15.83,17.97,48.44,23.39,20.38,14.46,17.79,15.23,15.86,31.52,17.2,20.29,42.68,15.51,15.56,27.73,18.35,26.2,23.47,17.54,19.76,18.93,17.22,56.23,22.65,23.75,40.67,25.02,33.63,42.43,17.03,22.39,13.72,54.89,19.01,28.75,18.78,22.29,22.39,22.71,19.76,16.84,19.99,17.21,56.23,25.08,38.58,24.94,18.36,21.41,22.61,14.7,18.37,25.45,17.76,19.68
2024-12-06,14.97,21.14,19.57,29.92,44.01,33.52,34.37,22.24,23.53,23.44,44.69,20.69,31.24,22.57,18.71,20.26,22.16,,13.64,21.42,22.17,17.11,26.55,25.62,25.14,23.99,24.9,14.89,31.25,18.13,18.41,20.98,16.78,16.9,20.66,44.92,16.83,23.91,48.57,23.09,28.82,21.29,21.51,20.87,17.55,17.51,18.17,45.76,23.11,20.56,17.85,18.49,16.34,14.35,32.39,17.68,19.02,36.5,15.15,15.64,20.67,20.29,26.47,23.02,20.85,21.22,17.65,17.12,56.76,26.0,24.34,42.07,25.19,35.82,44.16,16.42,23.67,13.6,59.26,20.68,29.37,21.36,21.89,21.86,22.57,18.7,17.7,18.52,16.59,58.88,23.87,34.66,29.43,15.2,23.69,21.88,16.18,15.63,25.21,17.66,20.09
2024-12-09,16.8,19.78,18.62,31.59,44.88,33.15,40.04,23.58,22.22,25.8,47.56,22.65,33.87,21.9,20.51,19.95,21.78,,15.13,22.32,23.73,20.36,25.36,26.94,23.68,24.35,26.31,16.84,30.09,18.4,19.32,22.14,19.81,18.0,18.4,45.23,17.9,26.79,51.29,23.5,30.87,22.74,22.97,21.96,18.53,16.79,21.68,47.82,24.87,23.2,16.45,19.21,16.93,15.14,33.37,20.55,20.99,35.22,16.27,16.36,20.4,17.27,27.29,23.91,17.16,25.22,22.73,18.48,57.74,24.68,25.67,39.92,26.46,38.91,46.49,17.25,27.3,15.02,65.6,21.4,31.17,21.45,24.73,24.77,16.85,18.98,19.88,21.49,21.37,61.94,25.64,32.99,28.18,18.78,22.71,21.77,16.22,19.92,27.25,18.87,20.02
2024-12-10,17.36,20.48,16.54,30.76,44.12,33.02,39.25,24.16,23.86,25.31,46.24,23.05,35.13,21.89,20.49,20.42,23.4,,14.81,21.25,24.08,21.96,25.66,27.52,24.4,24.49,26.74,15.76,32.02,19.0,20.28,22.32,18.96,18.01,20.86,45.88,18.15,25.88,46.71,20.82,31.48,24.2,24.29,22.41,19.4,20.04,21.87,49.03,24.82,25.01,15.64,20.54,16.4,16.24,33.1,18.82,20.98,37.89,15.94,16.68,17.79,12.56,28.01,26.3,19.16,26.77,25.25,18.21,60.96,24.75,25.77,44.62,26.53,41.79,24.18,18.37,28.42,14.95,64.76,20.65,32.63,20.67,22.48,24.27,25.8,22.12,18.8,21.81,20.92,61.57,24.96,33.06,25.68,17.26,24.24,22.47,16.12,21.74,25.72,18.87,20.96
2024-12-11,17.02,19.83,17.76,31.03,40.79,31.49,39.8,25.68,24.42,24.86,45.42,22.56,33.92,24.41,19.73,20.9,23.66,,14.9,22.34,24.51,16.95,22.82,26.97,24.45,24.19,26.92,17.23,33.18,19.24,20.11,22.79,18.65,18.02,23.24,46.91,20.18,26.61,42.5,22.86,31.6,29.0,29.62,21.78,18.9,20.31,21.25,46.77,24.3,25.27,16.47,20.53,16.61,15.11,35.39,21.15,20.54,45.13,16.01,16.78,20.21,20.04,27.63,24.3,14.51,22.4,22.5,17.56,59.91,25.47,26.11,43.69,26.51,39.96,24.02,17.72,26.82,18.45,62.25,17.9,31.35,25.2,23.77,24.04,19.01,22.15,19.36,20.48,20.34,63.08,24.75,37.58,30.13,18.71,22.96,22.45,16.63,27.9,24.81,18.99,20.24
2024-12-12,16.91,20.15,18.23,31.57,25.84,34.49,40.47,26.8,23.44,24.98,50.6,22.44,34.57,21.4,19.99,20.26,24.08,,15.37,22.9,24.04,18.82,23.0,27.15,24.25,25.63,26.95,17.79,40.92,18.39,20.07,23.12,19.05,18.03,23.97,48.6,18.96,28.1,40.07,23.25,31.0,25.7,24.96,22.77,19.01,20.16,22.25,49.4,23.92,27.31,16.19,19.69,13.84,16.26,35.43,21.15,19.85,38.25,16.62,16.95,20.18,15.92,26.63,24.2,19.86,24.56,23.39,18.67,61.11,25.02,26.34,43.74,25.57,40.11,23.9,17.66,26.19,15.11,63.84,21.9,31.89,18.51,22.96,24.14,15.46,21.32,21.23,20.02,20.4,60.98,25.06,37.56,30.68,17.94,22.25,24.3,16.5,21.67,25.72,18.69,20.49
2024-12-13,15.65,20.43,19.17,31.48,26.16,35.11,42.72,24.44,23.15,25.14,38.97,22.21,35.3,22.42,20.28,19.85,24.16,,15.05,22.63,23.4,18.74,22.33,26.53,24.43,19.86,26.82,16.92,37.19,19.12,20.06,22.35,19.31,18.04,24.69,48.42,18.72,26.48,41.69,20.33,30.07,24.7,24.85,22.98,18.95,19.55,21.19,50.2,24.25,26.9,15.91,20.93,16.54,16.02,35.86,19.92,19.45,37.05,16.52,16.88,19.6,16.92,27.51,24.22,17.84,25.46,24.12,17.64,63.65,24.73,25.89,42.92,26.2,42.55,24.06,17.29,26.34,15.09,65.34,20.48,30.66,20.6,23.32,22.95,20.4,18.32,21.36,20.2,20.19,63.27,25.78,40.22,30.14,18.59,22.27,22.65,16.41,21.7,25.98,17.95,20.75
2024-12-16,17.64,22.04,20.38,32.56,26.05,35.93,43.28,25.25,24.13,25.96,47.1,23.77,35.82,25.6,21.05,21.97,29.33,,15.79,25.08,24.96,18.89,22.17,27.83,25.87,19.1,28.59,17.95,41.25,20.24,21.39,23.46,20.38,18.21,19.71,50.03,20.16,28.21,42.31,22.66,31.3,26.43,27.03,25.79,20.13,22.51,22.62,51.78,25.8,27.97,18.17,23.57,17.74,17.12,35.87,19.88,20.72,43.62,17.42,18.66,20.4,20.51,29.33,25.21,17.27,25.25,27.04,18.06,68.81,25.61,26.83,45.01,27.1,45.84,24.42,18.74,27.82,15.39,65.25,20.77,34.61,21.19,24.75,25.55,18.98,20.62,24.17,21.92,21.36,69.18,28.06,40.54,35.03,20.72,23.08,25.26,17.32,22.6,29.7,18.84,22.99
2024-12-17,17.91,22.76,20.51,33.21,26.96,36.59,44.53,24.77,23.9,26.84,44.08,23.65,35.94,25.9,20.85,22.28,25.71,,15.74,26.21,25.49,18.37,22.16,28.9,28.06,19.52,27.77,18.33,47.14,20.85,21.57,24.41,20.81,18.38,21.34,52.95,21.03,27.61,43.42,24.1,31.76,26.43,26.6,27.93,20.82,23.4,22.96,52.01,25.75,25.54,17.97,24.63,17.33,16.61,36.04,20.54,20.77,40.97,17.6,18.12,20.46,19.49,30.32,25.34,18.2,24.04,27.62,19.8,71.13,25.69,27.28,49.44,27.03,47.13,24.65,18.62,23.99,18.03,62.97,20.93,35.67,22.93,26.12,28.09,17.95,20.55,22.59,21.64,23.36,72.69,28.07,38.94,39.8,20.75,24.05,27.87,17.09,21.83,31.0,19.59,23.01
2024-12-18,21.04,25.11,22.69,33.28,29.17,39.48,47.17,26.75,23.58,30.47,45.77,27.2,37.25,30.25,24.49,27.19,26.92,,18.21,32.7,28.21,17.91,25.16,30.35,28.13,21.61,29.96,18.98,47.91,21.47,24.19,24.41,23.63,18.55,23.68,52.02,24.21,28.83,46.12,25.17,33.33,28.69,29.41,33.61,23.59,23.42,24.34,52.29,29.32,30.13,20.8,28.56,18.9,19.67,37.32,23.36,23.01,46.47,19.81,19.36,26.91,19.81,35.1,26.88,18.15,25.02,31.48,23.25,69.34,24.65,29.64,38.35,31.74,48.29,26.86,19.74,25.63,18.47,67.5,19.84,36.92,23.37,27.17,31.8,18.7,21.32,22.39,24.71,22.78,71.71,30.11,39.13,39.44,21.5,24.99,29.92,19.26,24.2,34.46,21.47,24.78
2024-12-19,21.34,24.54,21.43,23.15,29.74,41.69,49.08,26.85,30.04,31.03,43.22,28.31,39.82,32.68,24.61,27.06,27.42,,18.59,31.22,28.54,20.85,26.5,33.11,29.8,22.56,31.38,19.54,53.29,23.39,25.33,27.52,24.98,21.71,22.24,63.5,24.9,34.64,51.16,25.34,34.4,31.87,29.99,31.62,26.09,23.72,25.41,57.9,31.8,31.88,21.26,28.85,20.02,21.5,39.06,23.68,24.99,45.0,20.73,20.73,20.03,23.08,35.02,28.82,20.91,25.58,33.29,23.51,44.82,26.87,32.33,48.11,31.82,52.63,29.73,23.31,25.79,18.18,71.21,21.57,37.07,24.9,27.24,29.08,26.49,24.14,23.22,26.21,24.97,71.94,31.09,41.82,39.78,24.16,27.7,31.9,21.12,24.03,36.64,22.42,24.52
2024-12-20,17.91,23.35,20.54,20.07,25.99,36.6,43.46,22.28,26.93,26.92,40.46,25.82,35.19,27.4,21.78,24.38,20.64,,15.76,29.27,25.18,20.3,23.28,32.79,29.87,18.74,26.97,17.83,44.1,20.45,22.76,23.53,22.78,22.0,22.45,23.48,22.77,30.43,45.27,23.38,31.68,27.68,26.66,28.87,21.64,22.07,22.9,48.82,27.71,30.21,18.58,25.77,18.71,16.05,32.64,21.15,21.16,42.58,18.09,18.61,17.99,16.47,32.75,26.99,22.77,23.14,31.67,20.73,40.12,32.19,31.93,27.45,28.24,45.73,26.17,19.07,23.4,17.59,62.45,20.14,34.23,23.33,26.97,26.53,22.83,21.39,20.09,23.73,22.88,67.93,28.62,36.41,33.5,23.31,22.8,27.98,18.31,22.12,31.22,18.25,22.46
2024-12-23,17.65,22.13,21.8,21.01,24.91,33.96,41.92,22.26,24.68,25.47,41.6,27.45,34.46,29.07,21.56,22.71,24.39,,15.3,26.21,24.35,17.8,30.65,32.21,26.98,17.84,25.95,15.15,44.92,19.96,21.28,24.14,21.3,17.87,25.13,22.97,19.49,32.7,45.53,22.6,30.93,25.41,25.7,26.99,20.45,20.59,22.74,53.52,27.47,32.62,19.52,25.36,16.49,18.01,29.28,20.54,20.32,39.62,17.26,18.01,18.05,20.02,30.31,26.49,24.63,27.21,28.43,19.67,38.58,32.21,39.1,24.74,27.94,43.07,25.42,17.83,23.48,16.98,61.12,18.71,33.3,21.7,25.26,28.71,14.97,20.83,21.03,23.19,22.18,63.8,28.86,36.29,32.93,22.86,21.28,27.94,17.36,22.03,33.21,18.96,22.72
2024-12-24,16.66,19.98,21.25,20.48,22.77,31.41,39.61,20.22,22.47,23.02,39.11,26.84,32.04,26.42,20.28,22.17,22.08,,14.15,25.92,22.78,16.54,20.34,32.56,25.0,16.57,24.21,15.86,45.21,15.97,20.57,22.21,20.04,17.1,18.31,20.19,19.61,32.59,44.23,22.47,28.42,23.34,23.13,25.53,18.95,21.0,19.55,47.29,24.84,33.22,19.42,23.27,15.55,16.01,26.93,19.48,19.25,38.17,16.37,17.07,19.16,23.82,28.33,25.84,21.34,21.18,26.16,18.21,36.55,26.2,42.07,25.04,26.09,39.02,21.67,17.51,22.975,18.0,57.64,20.78,30.04,21.45,23.75,28.35,14.81,18.66,18.05,22.8,20.19,65.47,29.95,34.35,31.8,21.18,19.56,27.73,16.68,22.71,30.29,17.38,19.38
2024-12-26,18.18,21.37,22.03,20.6,23.18,32.36,40.15,20.39,23.62,24.72,42.37,28.23,33.67,25.18,20.51,22.01,17.62,,14.44,25.94,24.16,21.62,22.16,33.61,25.39,17.64,24.3,15.07,37.77,20.77,21.43,23.02,20.05,17.24,21.56,21.69,19.91,35.48,45.07,22.09,31.67,24.2,24.42,26.18,18.81,21.7,23.38,51.71,25.75,34.82,19.12,23.68,15.25,16.94,27.89,20.74,19.91,37.11,17.0,14.92,19.42,22.31,31.02,25.18,18.05,22.02,27.8,20.01,37.55,25.28,45.05,20.53,27.96,40.98,22.56,18.03,22.47,19.63,60.24,19.68,30.32,19.64,25.05,29.95,13.11,18.68,21.11,24.07,20.23,69.14,30.55,33.7,32.88,22.13,21.88,25.99,17.27,19.31,29.85,16.95,22.03
2024-12-27,19.21,20.93,21.74,20.24,23.76,33.08,42.36,21.13,24.93,26.44,40.35,28.96,33.4,25.91,21.29,22.76,23.18,,15.15,25.98,24.44,22.28,24.49,34.22,24.9,18.88,25.38,14.81,40.45,18.72,22.51,25.03,20.34,16.21,22.36,20.77,20.88,34.17,47.45,22.48,32.1,26.5,26.54,26.48,20.08,21.37,23.84,53.9,26.16,33.98,18.82,23.87,15.76,17.47,28.6,20.05,19.96,39.63,18.16,16.93,20.66,20.42,32.8,29.55,21.91,20.85,28.66,21.3,37.89,28.08,45.73,23.25,31.01,42.36,23.59,16.22,22.01,19.38,62.09,16.57,32.92,25.81,30.56,29.36,20.21,20.8,23.24,24.43,20.93,68.29,29.97,35.88,32.89,22.79,24.71,26.55,18.84,23.3,31.76,18.29,22.77
2024-12-30,22.34,21.16,21.26,20.7,24.6,36.95,47.45,22.64,24.71,29.73,40.15,29.78,37.24,27.98,21.81,22.74,25.15,,16.22,27.21,26.84,19.45,27.97,34.19,26.11,19.85,26.52,16.65,41.42,20.78,21.3,25.88,21.75,18.19,21.69,23.04,21.98,37.25,47.03,23.31,37.21,29.97,29.88,27.86,20.78,25.82,29.04,58.65,27.05,35.93,19.26,25.0,16.57,19.13,28.11,21.51,20.98,42.85,20.65,18.57,19.3,20.28,38.17,30.38,21.18,22.97,29.98,24.43,40.47,27.85,45.79,23.16,35.13,44.31,24.08,18.26,24.99,19.49,60.44,18.21,33.34,25.95,32.23,30.53,27.71,21.75,25.17,25.88,24.65,70.9,31.74,37.2,32.98,22.49,28.51,26.95,20.3,23.56,32.71,19.39,23.18
2024-12-31,23.67,22.45,23.06,20.71,23.79,36.61,48.05,24.11,24.03,30.11,40.19,29.24,37.65,27.89,21.73,23.95,26.53,,16.03,27.12,27.91,19.38,31.26,35.86,24.19,19.57,26.39,15.8,41.15,19.72,21.8,26.43,20.89,18.9,23.07,22.47,22.65,36.94,49.32,22.67,35.9,30.4,29.7,27.43,21.16,26.68,30.09,57.82,26.61,36.2,19.88,25.42,16.83,18.45,27.75,23.96,21.33,47.61,21.13,18.41,16.54,16.0,39.48,33.97,17.46,22.97,30.38,26.21,39.15,28.82,46.31,23.48,35.93,44.87,24.11,17.81,23.18,19.5,59.94,19.41,34.24,26.44,29.59,29.82,21.81,20.94,25.32,25.97,24.49,71.1,32.79,36.91,32.23,24.54,29.39,23.16,21.19,20.96,32.42,18.85,23.67
2025-01-02,25.44,26.44,25.5,20.67,24.73,39.37,49.86,23.28,22.05,34.4,41.94,29.77,39.35,27.03,22.02,23.77,22.04,,16.39,27.07,29.89,23.5,32.05,36.11,26.53,19.91,27.6,17.7,41.17,20.29,22.75,28.17,23.4,17.71,22.59,23.66,23.52,36.96,50.04,23.27,41.5,31.89,31.52,28.26,21.06,27.3,33.31,62.25,27.32,36.24,19.74,25.13,16.84,19.34,29.58,24.61,21.01,42.82,22.81,19.02,18.07,19.62,42.24,34.97,21.63,25.73,31.74,26.6,39.48,32.16,46.41,25.21,38.23,42.77,25.61,18.43,23.06,20.96,60.24,18.74,34.68,28.2,36.37,30.46,21.83,21.27,24.76,24.65,25.39,68.75,32.26,38.98,32.5,22.14,33.08,31.12,22.62,23.46,32.62,19.41,23.96
2025-01-03,24.68,24.51,22.95,19.64,24.91,36.14,48.16,21.96,23.83,32.04,38.73,28.29,37.88,26.37,21.45,22.76,22.99,,14.95,26.32,28.27,27.31,29.57,32.51,23.23,20.0,25.98,16.79,39.84,20.17,21.21,26.18,22.62,17.76,24.59,21.93,21.77,35.87,50.07,22.54,40.47,29.25,30.28,27.61,19.93,27.07,33.86,60.97,26.13,35.39,19.17,23.02,16.08,19.08,29.84,23.35,20.52,46.4,21.68,18.81,19.03,16.79,41.79,33.37,19.25,23.12,29.58,25.93,37.1,26.84,45.58,23.7,37.17,43.27,23.55,18.71,22.77,19.5,63.68,20.27,32.92,27.36,33.53,29.5,17.71,21.74,26.31,24.38,25.67,68.62,31.97,39.36,31.99,23.28,32.64,27.14,20.4,23.21,31.81,18.33,21.81
2025-01-06,24.7,24.53,24.24,19.48,24.52,38.76,52.26,25.05,24.19,34.47,40.74,28.74,38.63,27.44,21.65,23.87,26.6,,15.87,28.81,28.82,24.53,30.15,35.33,26.74,19.23,26.31,17.0,42.39,21.36,21.6,27.69,30.78,18.86,26.05,23.45,23.66,37.31,50.98,23.29,39.84,33.87,33.91,28.82,20.41,27.82,34.88,62.68,26.7,35.74,18.84,24.49,18.03,20.15,36.73,23.62,21.41,45.77,22.79,16.97,22.09,18.13,43.41,34.14,20.35,25.46,30.46,25.87,42.68,28.44,45.62,23.36,38.67,46.88,25.14,20.71,25.55,19.77,70.61,22.15,39.27,27.18,32.88,31.51,23.99,22.37,27.06,26.44,26.78,70.88,32.58,40.5,33.37,24.54,30.85,26.25,22.24,23.21,33.11,19.02,23.73
2025-01-07,25.55,25.93,24.08,19.46,26.44,39.36,53.27,24.42,23.96,36.65,41.72,29.43,37.87,27.15,22.66,24.5,27.6,,15.1,28.95,29.37,21.44,29.28,35.79,25.93,19.86,27.51,16.61,41.77,20.64,22.29,29.81,31.61,19.96,27.6,22.82,25.3,38.59,51.47,23.79,41.13,34.25,34.57,29.75,21.36,30.87,36.02,63.74,27.55,35.46,20.37,25.25,18.03,20.2,38.94,26.09,21.5,46.88,23.02,17.49,24.78,17.99,44.91,40.14,22.9,25.75,30.12,26.64,46.68,26.23,45.88,23.59,38.97,45.26,25.69,20.09,27.98,19.87,74.21,22.92,41.99,29.76,34.3,32.79,19.81,20.04,25.44,27.94,26.79,70.01,33.24,43.82,33.39,21.73,33.6,27.31,21.92,23.82,33.3,19.4,24.13
2025-01-08,25.24,25.67,18.48,19.95,25.63,39.79,51.95,25.66,24.84,37.25,39.44,30.35,38.11,28.3,22.51,24.83,29.83,,16.15,28.08,30.28,26.4,29.43,36.17,28.91,20.0,27.66,17.8,40.0,20.32,22.0,28.7,34.31,20.27,28.34,22.99,25.09,38.2,51.28,20.46,43.76,34.59,34.61,28.84,20.94,28.41,36.02,64.83,27.45,36.25,20.89,24.67,17.09,20.89,41.45,25.52,21.26,47.15,22.3,17.99,23.24,13.55,46.07,34.35,21.48,28.26,30.19,26.87,43.7,28.16,45.29,23.77,39.23,43.62,25.92,23.13,27.77,19.68,73.21,23.77,43.59,27.6,34.36,30.55,20.94,22.71,26.93,28.5,26.46,66.78,34.04,42.28,31.08,22.04,33.6,28.39,22.31,23.2,33.04,19.03,24.15
2025-01-10,27.15,28.73,27.81,21.11,26.29,40.62,52.29,28.4,25.67,38.24,39.99,31.68,36.95,29.6,23.23,23.81,24.5,,16.98,29.03,31.47,22.53,26.4,36.06,27.13,20.89,28.13,20.1,42.79,21.13,24.71,30.68,34.42,20.58,29.08,23.93,24.9,40.17,51.67,23.41,41.83,36.84,35.97,30.78,22.27,28.12,37.8,66.85,28.59,37.29,23.11,25.35,19.27,20.34,41.38,26.42,22.79,50.92,23.9,19.85,27.48,18.81,46.61,35.49,21.29,29.08,31.44,27.38,44.5,31.63,46.06,23.75,39.83,43.03,28.7,22.88,28.47,20.74,75.18,28.12,43.46,28.76,35.38,30.5,26.48,23.36,27.71,29.71,26.82,66.27,33.9,42.71,36.76,25.98,33.93,29.89,23.33,23.21,34.3,17.19,23.32
2025-01-13,26.96,27.13,26.28,21.27,27.87,43.37,52.83,30.06,27.16,38.36,40.81,31.59,37.99,29.05,24.04,26.14,27.62,,17.15,30.11,31.8,19.08,33.08,39.48,28.05,21.27,27.37,24.56,47.86,22.65,28.36,30.7,34.35,20.64,31.5,23.52,26.12,37.73,53.74,27.32,42.5,36.5,35.49,30.74,22.81,31.85,38.27,67.28,28.82,37.86,21.42,25.66,20.98,22.21,42.35,27.03,22.04,46.2,24.06,21.93,26.25,15.5,47.13,35.22,22.37,26.62,31.61,26.5,44.79,25.31,46.7,22.73,40.4,47.37,28.37,22.27,25.99,23.38,74.65,26.71,43.81,30.76,36.71,32.12,27.31,25.43,28.81,29.44,26.69,69.17,37.71,46.35,31.11,25.03,32.53,29.08,23.66,25.06,33.28,20.4,24.04
2025-01-14,27.15,26.09,22.09,21.05,27.23,43.28,52.2,28.83,27.0,38.28,40.34,31.78,37.53,28.76,23.38,25.74,29.31,,16.22,30.67,31.24,24.17,32.75,37.76,26.81,21.02,28.25,26.16,48.27,22.72,29.57,29.7,36.79,20.76,32.61,23.52,24.44,39.89,53.28,27.27,41.39,35.33,34.75,29.05,22.5,29.28,38.6,66.86,27.92,36.52,20.69,25.92,18.22,20.52,40.8,26.5,22.62,50.4,24.1,23.26,26.16,15.65,46.74,35.77,21.04,28.31,31.68,27.75,43.22,26.97,46.75,24.01,40.55,44.85,29.05,21.8,28.28,21.09,78.21,25.88,43.44,28.3,37.34,33.68,24.64,24.37,26.68,27.92,26.87,68.62,36.85,45.58,32.19,25.23,35.46,30.46,23.27,24.51,33.19,20.5,23.73
2025-01-15,24.37,27.03,24.94,19.02,25.57,43.14,49.76,27.87,24.33,35.92,35.88,28.8,37.56,28.28,21.05,19.74,29.43,,15.09,23.4,29.2,18.89,31.59,34.93,24.86,19.2,25.77,26.03,46.88,21.6,29.55,28.84,33.12,20.43,27.91,22.33,24.83,36.03,50.63,25.03,40.43,33.78,33.48,22.89,19.26,28.21,37.06,63.33,27.46,31.96,16.59,19.3,19.41,20.37,37.57,24.35,20.2,48.17,22.06,22.01,23.8,13.41,44.49,35.39,20.1,27.89,23.6,25.12,45.11,27.93,45.45,23.17,39.25,39.86,27.58,20.6,22.86,20.22,76.45,23.8,40.66,28.38,32.96,31.14,26.76,23.01,22.52,28.01,26.72,69.77,33.91,45.72,30.16,21.91,30.51,28.11,21.69,24.23,24.72,18.36,21.25
2025-01-16,27.6,25.68,21.72,18.72,24.85,40.87,48.96,27.49,32.59,36.33,36.36,28.14,36.86,21.75,22.23,19.05,26.81,,14.09,21.79,29.0,23.59,29.02,33.35,24.66,19.39,26.23,27.04,44.63,21.31,29.39,27.71,33.6,18.26,24.32,21.34,22.72,37.71,49.42,27.67,40.4,33.09,33.24,20.67,18.69,27.1,36.67,62.96,28.15,30.34,17.98,18.23,19.16,19.23,34.15,24.02,20.5,45.8,21.87,22.48,18.39,12.71,44.72,34.2,19.53,27.04,22.37,25.77,40.97,26.88,45.67,23.65,38.65,41.14,26.42,21.84,25.36,18.87,76.2,26.54,39.82,26.86,34.4,30.27,21.11,22.45,26.31,26.42,26.4,67.56,34.27,45.6,24.08,21.31,31.57,21.93,21.57,25.0,23.41,19.91,21.6
2025-01-17,26.81,25.0,19.97,19.33,24.83,38.46,48.05,26.77,21.93,35.49,36.47,27.98,35.69,21.21,22.64,19.08,27.04,,13.77,22.14,28.46,23.07,28.43,34.64,23.79,18.45,25.85,26.16,44.62,20.39,30.7,27.55,32.61,18.05,25.34,20.51,22.78,35.31,48.88,24.39,43.53,34.9,35.83,22.35,18.43,27.34,36.07,67.0,27.51,29.33,17.23,18.75,17.85,17.65,35.62,24.25,19.39,44.92,21.19,21.92,18.57,22.25,43.76,33.76,20.6,27.98,22.64,24.57,40.96,26.94,44.8,22.32,37.87,38.06,26.64,20.18,24.54,19.16,77.3,23.36,38.51,27.65,35.74,32.23,21.35,22.47,25.62,25.35,25.4,71.04,34.04,45.11,22.33,22.21,30.14,19.94,20.76,26.14,22.73,20.0,20.95
2025-01-21,28.26,25.7,17.96,17.87,23.56,38.83,47.85,25.9,21.87,35.51,35.81,26.89,35.47,19.99,28.25,18.55,27.08,,13.66,21.32,29.32,22.99,27.755,34.95,22.72,18.75,24.95,26.27,43.18,21.64,29.53,27.07,32.32,17.95,34.85,21.49,22.99,35.38,51.7,24.49,39.7,34.38,34.74,20.68,17.75,28.09,36.77,64.24,28.73,29.25,19.31,17.54,17.67,17.89,34.86,23.18,19.02,43.93,20.66,21.94,22.81,18.72,42.63,21.99,20.34,28.93,21.7,24.66,41.53,27.99,44.08,23.01,38.64,37.78,30.63,21.11,24.46,20.67,75.17,26.74,37.54,25.8,35.52,23.68,21.91,21.99,24.66,25.09,24.96,68.52,32.72,44.93,21.6,21.55,30.67,20.16,20.56,23.43,22.55,25.8,22.01
2025-01-22,28.72,25.64,16.54,18.28,23.31,39.32,48.67,26.13,24.01,35.73,36.9,27.27,35.28,20.76,33.18,18.86,27.26,,14.27,21.06,27.88,22.31,27.08,25.72,23.44,18.39,26.25,26.86,44.06,21.4,29.03,29.08,33.49,22.36,32.24,22.1,20.24,37.08,45.96,24.84,40.55,33.76,33.51,20.36,18.02,27.56,37.58,67.58,29.93,28.24,16.51,17.68,18.56,18.3,34.55,23.1,19.68,45.19,21.16,22.14,27.06,19.02,43.21,19.9,20.32,28.61,20.67,25.05,40.4,25.34,25.44,22.31,37.47,38.2,31.05,21.0,26.48,12.59,76.27,24.22,38.9,27.15,36.33,23.22,21.32,22.44,47.9,24.37,25.69,66.27,34.33,43.79,22.47,21.55,34.5,19.41,20.81,22.83,21.29,26.98,22.19
2025-01-23,28.52,26.44,16.9,18.13,23.76,39.15,49.16,26.51,22.06,35.64,36.01,27.09,35.85,20.65,32.51,19.02,28.61,,14.44,20.98,28.1,23.84,28.02,26.37,23.66,18.4,26.73,27.92,45.64,21.09,29.73,25.99,34.82,14.26,32.4,21.16,21.18,23.29,45.24,24.43,40.03,35.27,34.76,20.52,18.61,30.1,36.68,62.88,31.69,34.01,15.77,17.61,18.19,19.38,34.47,24.24,19.73,45.24,20.85,21.86,24.0,19.53,43.33,20.7,20.52,29.74,20.23,24.48,39.54,27.47,25.78,22.88,37.34,38.0,26.44,21.69,27.38,13.62,75.85,22.73,38.31,26.69,34.78,23.02,21.85,21.14,27.75,26.09,24.46,64.18,31.88,43.78,22.15,16.87,31.42,21.45,21.14,22.65,20.85,27.24,21.79
2025-01-24,28.8,26.3,16.47,17.43,23.58,39.31,49.67,26.84,23.19,35.57,36.05,20.16,33.21,20.42,32.76,18.9,26.49,,14.28,20.08,27.83,21.28,27.22,25.15,24.1,18.04,27.3,26.17,45.66,21.12,29.64,27.4,33.97,21.93,28.21,21.0,21.14,22.92,42.68,26.38,40.35,34.68,34.87,20.5,19.41,27.99,36.22,64.55,30.2,20.88,15.98,17.15,18.97,19.16,34.2,24.43,20.42,45.35,20.95,21.44,23.62,19.64,41.63,19.37,20.17,28.88,20.06,23.83,39.12,27.28,24.45,23.03,36.6,40.86,26.77,21.02,25.36,14.01,76.45,24.18,38.62,27.18,36.13,22.59,21.09,23.94,23.53,25.48,24.12,61.48,25.46,44.28,21.54,17.59,27.84,19.1,20.93,16.25,20.13,27.42,21.26
2025-01-27,29.58,24.9,18.54,20.23,27.13,46.72,57.81,26.0,23.73,37.74,55.86,22.49,33.85,21.39,35.37,20.86,25.65,,15.27,21.9,30.64,21.68,29.96,28.15,25.4,19.56,36.15,30.78,42.01,22.89,30.59,27.37,34.07,20.23,32.92,22.36,23.39,25.85,64.84,25.77,42.04,37.84,38.0,22.91,22.71,30.01,39.43,64.81,32.87,23.87,16.19,18.21,18.5,22.48,33.93,26.32,24.21,49.68,21.92,20.72,23.06,19.92,43.54,23.09,25.76,30.11,21.81,26.14,51.77,31.24,26.0,24.14,42.0,68.9,40.32,21.77,24.91,14.27,80.58,23.85,43.22,26.46,36.06,23.41,19.33,24.57,16.95,26.04,26.19,62.92,26.31,46.96,21.56,18.74,30.69,20.24,21.82,16.41,21.66,26.8,21.72
2025-01-28,29.16,26.42,21.31,20.51,26.27,46.74,55.85,26.36,24.17,37.7,46.96,21.48,31.62,20.72,34.88,20.04,27.94,,15.75,21.78,30.29,23.84,28.37,27.69,25.46,19.6,37.5,28.55,40.39,21.35,29.94,29.03,33.47,23.05,31.1,22.1,25.0,23.41,57.74,24.99,33.3,37.2,37.39,22.06,23.41,29.0,37.98,67.0,33.82,23.69,15.71,17.89,18.02,23.9,33.38,21.88,24.32,58.01,21.55,22.5,20.48,19.61,43.23,22.8,20.71,29.78,21.45,26.97,49.85,29.5,25.34,24.09,41.66,56.54,32.51,20.65,27.27,14.73,83.22,22.64,42.89,19.49,40.13,22.79,18.54,24.08,18.74,25.84,27.41,65.4,28.44,45.4,20.47,17.91,32.8,23.25,22.39,16.4,21.36,27.58,23.08
2025-01-29,28.9,25.29,18.51,20.73,25.55,46.27,56.7,24.94,25.42,38.61,49.08,21.35,31.39,21.83,35.15,20.36,27.12,,15.91,22.39,30.22,22.34,28.55,27.99,25.48,19.74,38.48,28.75,42.71,22.04,30.18,22.42,37.4,21.71,29.41,21.89,19.95,26.57,56.95,24.7,34.34,37.19,37.76,22.55,25.14,29.51,39.07,70.13,35.06,23.51,17.16,18.87,19.92,24.99,33.25,19.18,26.11,51.15,21.63,20.98,26.49,19.35,45.41,24.17,16.27,32.49,21.9,27.02,52.81,28.97,26.11,32.29,43.92,73.57,35.51,20.85,24.36,15.13,81.28,25.57,43.06,20.12,23.94,23.84,20.27,24.53,18.77,25.6,20.74,65.1,30.34,51.82,21.92,18.04,34.97,23.06,21.51,17.07,21.74,28.57,23.0
2025-01-30,28.68,28.13,18.08,21.65,25.48,44.05,57.19,25.72,23.51,37.28,48.26,21.25,29.72,22.45,35.27,19.93,22.89,,16.0,21.95,25.06,22.44,21.98,29.21,25.37,20.2,39.0,28.92,42.27,21.86,29.99,19.9,35.83,20.44,34.15,22.83,18.31,23.75,52.72,22.7,35.53,33.45,35.63,21.83,25.1,30.43,26.95,73.78,34.15,21.68,13.12,18.0,19.82,22.06,33.9,19.68,25.0,41.02,17.57,22.71,26.59,21.62,30.57,23.7,18.86,31.35,21.35,22.55,49.88,25.48,25.24,26.07,32.29,74.41,32.51,22.39,26.28,15.56,81.53,24.93,42.23,19.74,19.0,23.66,16.72,23.99,18.39,20.02,19.24,53.39,27.69,49.02,20.64,18.28,27.03,23.24,21.56,15.63,20.99,28.56,22.25
2025-01-31,23.89,18.92,18.52,20.6,25.95,44.7,55.64,25.99,23.61,38.01,49.47,22.07,30.96,23.0,36.0,20.38,26.71,,16.37,23.55,24.38,17.88,22.12,29.65,26.12,21.27,38.98,28.42,41.84,19.74,31.77,19.43,37.21,22.45,36.24,22.37,19.75,23.66,51.54,24.49,33.64,34.36,36.14,22.06,24.98,30.22,24.31,48.99,34.84,23.06,15.18,18.88,19.75,23.34,33.17,19.32,25.54,41.2,16.8,23.08,24.75,19.73,29.86,25.9,18.62,28.7,22.49,22.46,49.28,27.91,24.64,27.71,32.02,75.21,32.33,22.31,26.82,14.24,80.39,24.59,41.46,18.42,21.82,22.86,21.41,25.81,16.77,19.08,18.27,53.39,27.84,49.29,21.61,19.18,25.61,22.62,17.04,16.53,20.85,28.84,20.85
2025-02-03,25.58,21.12,18.11,21.76,27.21,46.61,57.88,27.04,27.13,39.11,54.2,23.37,31.3,24.12,36.11,23.67,28.5,,17.88,25.16,26.22,19.52,24.52,27.3,27.23,25.4,42.73,28.27,42.35,20.41,32.44,21.0,36.86,22.24,34.11,28.12,20.22,26.32,55.12,25.59,40.38,37.34,37.34,23.23,26.9,30.63,25.47,50.75,36.71,24.45,16.35,19.81,20.63,23.9,35.13,21.63,27.32,44.48,17.12,24.96,30.54,20.14,30.7,26.55,18.52,30.76,23.69,22.95,50.64,28.51,26.26,28.63,32.32,72.54,32.83,22.97,22.82,15.5,85.04,24.24,42.3,19.46,21.31,23.67,28.46,26.57,17.17,19.75,20.43,55.96,30.74,51.27,23.02,20.77,24.03,25.04,18.18,16.41,22.55,28.81,22.04
2025-02-04,23.05,20.23,16.85,20.65,26.36,44.85,53.35,26.34,27.28,38.58,54.35,22.74,30.0,23.9,35.95,22.72,28.44,,17.55,24.98,26.12,17.62,22.41,28.42,26.31,25.58,43.43,26.82,35.51,20.13,32.7,21.56,33.07,20.59,32.81,24.74,21.75,25.28,53.55,31.61,35.49,37.08,37.37,22.48,26.4,30.05,23.15,48.01,36.41,23.09,15.36,19.4,20.0,23.05,34.59,21.06,26.92,40.19,16.45,23.3,29.63,12.46,29.66,25.06,18.39,23.59,22.99,21.61,47.29,26.92,25.95,28.21,32.59,71.5,32.78,21.13,24.24,14.34,61.38,25.69,42.58,17.72,22.14,24.03,16.36,26.81,17.67,19.44,19.88,53.25,29.08,50.36,22.75,18.41,23.85,22.84,17.39,16.75,22.52,29.07,21.54
2025-02-05,22.83,18.81,17.98,21.48,26.7,44.59,40.67,19.54,25.05,39.43,54.12,21.94,30.0,23.51,35.26,22.41,29.49,,17.19,24.49,25.19,16.68,27.22,27.44,25.4,27.23,44.43,28.38,42.61,19.5,31.88,20.69,22.4,22.3,21.05,24.16,21.82,25.82,50.68,25.67,36.12,26.88,26.19,22.23,25.38,28.77,20.46,49.55,36.08,23.1,15.2,18.82,18.77,22.94,33.97,20.98,26.11,39.33,15.98,23.91,28.43,16.41,29.38,25.27,18.08,23.35,25.22,20.65,46.54,22.48,26.38,29.51,30.61,67.29,32.07,19.17,22.61,14.52,56.93,26.73,43.43,18.12,21.78,23.44,17.62,19.21,19.52,20.17,19.44,52.66,27.07,35.84,22.99,20.71,22.46,21.4,16.5,16.4,23.32,29.76,20.71
2025-02-06,21.42,18.97,17.77,20.13,27.47,44.37,39.64,18.97,23.91,37.97,52.62,21.34,29.42,22.77,35.68,22.37,20.82,,16.47,24.31,23.96,20.06,21.81,27.81,23.48,26.54,44.86,28.29,43.33,19.72,32.77,22.99,20.98,23.81,22.42,23.72,19.65,24.05,50.13,27.79,32.5,23.74,24.66,22.19,25.59,20.71,21.19,49.67,36.25,22.57,14.55,19.22,18.67,14.38,25.4,21.36,26.3,38.69,15.32,22.35,22.32,20.6,28.63,24.0,17.82,21.52,22.05,19.73,45.85,26.43,25.45,28.94,29.46,60.97,32.64,19.15,21.33,14.05,62.53,17.48,29.71,18.17,20.98,24.12,20.21,19.34,18.94,20.76,18.76,49.4,25.75,35.29,25.1,19.07,20.78,21.31,15.92,16.43,24.39,29.44,21.1
2025-02-07,23.13,19.05,16.75,20.32,30.12,45.44,40.21,20.1,24.85,25.99,53.86,22.32,29.71,22.26,34.26,22.06,18.77,,17.22,24.85,24.63,17.27,21.62,27.04,23.95,27.05,44.2,29.91,43.43,17.66,32.52,22.78,20.57,18.36,19.53,24.11,20.77,24.38,49.1,29.77,33.29,26.14,26.33,22.47,27.86,19.92,21.9,46.16,36.43,23.82,14.55,19.24,19.21,15.79,25.07,23.75,28.04,40.91,15.98,22.52,23.34,17.78,28.19,25.68,16.56,21.9,22.59,21.07,45.9,26.3,25.82,30.76,30.24,62.78,34.99,19.47,20.93,15.33,62.8,17.04,30.5,19.76,21.56,24.52,19.77,20.2,17.31,20.91,18.72,50.06,26.84,35.91,25.57,18.86,21.57,22.23,16.26,15.99,24.02,29.9,20.3
2025-02-10,22.49,19.23,17.56,20.56,38.31,43.8,38.26,19.81,25.52,25.1,52.12,22.79,30.35,23.1,34.46,22.11,22.54,,17.13,25.12,24.36,18.1,22.4,28.88,23.84,26.4,43.75,28.18,46.49,19.04,30.84,23.68,20.56,21.25,19.63,23.55,21.63,24.91,48.4,29.66,32.68,25.14,25.03,22.79,27.4,19.82,21.17,49.75,36.24,22.72,14.66,19.55,19.75,16.55,26.47,21.79,28.77,39.68,15.77,17.31,22.75,17.99,28.04,24.15,17.26,22.98,23.19,20.25,44.61,24.76,25.89,28.21,30.25,59.43,41.27,19.41,23.16,14.95,64.45,17.64,29.23,20.26,21.37,24.21,21.38,20.33,18.24,22.56,19.46,52.25,26.75,37.81,24.39,19.52,20.86,24.66,15.49,13.77,23.8,29.82,20.42
2025-02-11,22.25,18.72,17.89,19.55,40.07,42.47,38.64,19.66,24.84,24.93,53.08,22.83,32.03,22.23,34.3,21.84,22.74,,16.84,25.02,23.65,15.9,32.39,27.88,23.57,26.21,43.95,26.44,44.95,18.5,32.91,22.11,20.18,22.59,20.49,22.52,20.39,24.1,49.5,27.34,32.52,25.1,25.36,22.71,27.51,19.84,21.57,54.31,36.3,24.07,13.88,19.53,14.39,15.91,25.75,22.14,28.23,38.16,16.29,15.91,22.41,21.69,27.89,23.82,17.17,24.8,23.22,20.54,45.68,25.49,25.5,28.15,30.04,59.22,43.38,18.45,21.66,14.32,63.37,16.33,28.67,19.51,20.83,24.31,21.21,21.63,18.77,22.32,19.45,56.17,26.95,35.12,24.92,18.61,19.78,22.55,16.22,15.78,23.58,29.54,19.77
2025-02-12,22.34,19.17,18.04,20.1,43.23,43.06,38.61,19.92,26.98,25.71,51.99,22.99,29.9,22.19,34.29,21.78,25.54,,16.91,23.89,24.7,20.84,22.5,29.32,23.99,26.4,44.43,26.41,28.7,20.15,31.49,23.41,20.18,21.0,21.24,22.37,24.29,25.19,49.36,22.39,33.44,24.41,24.69,22.08,28.96,20.13,22.0,54.16,35.84,23.65,12.5,19.54,15.63,16.87,25.83,22.99,28.68,38.51,16.73,16.87,23.26,21.59,27.35,24.5,18.39,23.55,23.25,19.44,44.33,26.62,25.46,28.04,30.89,59.87,47.08,18.42,22.38,14.64,61.69,20.27,28.65,21.14,21.58,24.52,17.6,20.5,16.77,22.77,19.78,54.02,26.62,35.45,26.41,19.26,21.12,21.14,15.6,16.45,23.39,30.87,22.5
2025-02-13,21.81,19.09,17.15,22.0,43.29,41.66,38.0,19.51,25.36,24.8,53.83,22.82,30.41,22.26,34.11,21.73,22.5,,16.45,23.79,24.26,16.0,22.02,28.24,24.34,25.68,44.03,16.89,29.41,19.27,21.64,23.95,20.04,16.49,25.4,23.79,22.5,26.07,49.41,24.29,32.47,25.27,24.92,21.85,28.63,21.66,20.75,63.48,36.79,21.97,14.33,19.01,13.87,15.93,25.87,24.25,27.91,37.27,15.91,15.75,21.94,19.53,26.15,24.6,17.0,24.86,26.16,19.53,44.74,26.2,24.95,28.41,30.31,59.47,45.95,15.75,22.12,14.4,57.87,18.47,27.84,21.38,21.33,23.95,20.1,20.67,18.05,21.66,21.32,52.84,26.52,33.67,24.64,19.56,18.78,25.11,15.85,15.6,22.67,29.05,21.23
2025-02-14,21.28,17.99,18.12,22.83,43.85,34.7,37.51,19.32,26.91,24.8,52.91,22.29,30.47,23.09,34.08,21.76,22.33,,16.32,24.16,23.74,16.27,21.56,28.52,23.89,25.71,44.46,16.43,26.73,18.73,22.2,23.71,19.53,17.02,21.03,25.49,23.72,24.9,46.35,22.38,32.02,25.98,25.49,21.28,28.43,19.56,20.7,56.79,37.58,22.46,13.9,18.19,14.92,17.02,26.69,25.82,28.03,38.41,15.09,15.69,22.05,24.42,26.7,25.19,17.87,24.6,22.36,19.82,45.22,24.59,25.82,29.01,30.38,57.06,46.08,17.69,21.32,16.82,57.7,17.22,26.75,23.46,20.58,24.54,19.28,19.91,17.35,20.09,22.02,51.27,25.72,32.64,25.38,18.81,18.28,22.59,15.73,15.09,22.54,30.08,20.89
2025-02-18,21.63,18.83,18.55,28.23,44.79,35.55,38.98,19.59,27.56,26.19,53.89,23.18,30.77,21.57,34.13,22.97,23.27,,16.44,24.16,24.9,16.92,22.6,27.71,24.91,26.02,45.11,17.84,29.05,18.635,22.75,24.31,20.06,17.55,22.2,34.5,24.51,25.21,47.76,22.3,31.52,25.91,26.02,22.26,28.87,19.99,21.05,68.66,38.21,22.59,16.13,18.9,15.2,16.23,26.53,24.36,29.09,39.84,15.96,15.52,22.33,18.46,28.4,25.38,17.33,26.76,23.19,20.2,52.35,25.42,27.32,39.65,31.01,58.3,47.78,18.53,23.79,16.81,61.84,21.53,28.0,22.86,21.52,24.44,17.89,20.34,18.51,21.63,21.01,51.19,26.29,34.64,29.19,18.29,18.59,23.4,15.75,15.98,23.58,30.03,21.28
2025-02-19,20.65,17.75,18.89,30.98,44.87,33.81,37.78,19.34,27.9,25.91,51.81,23.05,30.34,21.57,33.75,21.55,22.96,,16.16,23.87,24.57,15.21,21.73,31.66,24.26,25.25,45.37,15.88,28.02,18.54,23.77,23.63,20.45,18.08,21.89,37.29,23.63,25.01,47.24,21.87,31.08,25.06,25.31,22.19,28.56,21.02,21.15,62.88,38.51,22.57,14.84,19.12,14.33,16.24,26.77,26.37,29.44,36.34,16.19,16.15,21.33,17.02,28.06,24.83,16.97,27.08,23.51,20.88,48.49,25.74,26.66,40.83,30.82,57.38,47.54,18.06,23.78,15.85,65.88,19.4,27.44,23.22,21.62,24.68,18.84,20.27,17.92,21.02,21.22,51.08,26.0,33.44,28.81,18.25,18.9,24.0,16.53,15.38,23.36,30.19,20.2
2025-02-20,20.5,18.26,19.13,30.64,45.25,33.73,37.24,18.85,27.78,25.92,52.82,24.56,30.73,22.38,34.75,22.04,22.57,,16.11,26.16,24.42,17.33,22.22,30.22,24.41,25.17,45.21,18.34,28.51,18.57,22.93,23.39,20.74,17.01,21.73,37.67,22.61,24.5,49.03,21.92,30.81,25.27,24.75,24.33,28.55,20.12,21.05,63.46,38.61,21.61,14.76,20.7,14.57,16.11,25.81,25.04,30.07,36.9,16.73,16.43,21.32,19.25,28.0,25.65,18.52,27.47,24.86,21.1,50.21,24.74,25.97,40.81,31.19,56.52,47.76,17.87,22.23,14.9,66.43,19.89,27.5,23.08,21.86,25.18,16.895,19.95,18.69,21.37,20.92,49.7,25.9,34.25,28.61,17.91,20.2,23.89,16.2,17.83,24.48,20.99,20.4
2025-02-21,22.04,20.3,20.46,33.51,45.76,37.63,39.99,20.3,28.37,28.07,53.57,25.69,34.25,24.64,26.27,23.13,24.56,,17.15,27.5,26.76,17.31,22.83,31.8,26.73,25.43,47.02,18.04,31.23,19.72,23.78,24.03,23.67,17.66,26.27,44.53,25.65,27.12,62.05,24.75,33.41,26.29,27.49,27.21,29.8,21.29,22.74,58.61,41.29,25.78,15.82,22.38,16.67,17.07,27.48,24.24,32.28,39.91,17.56,17.24,24.63,15.11,29.05,29.05,19.12,27.62,27.3,21.68,61.8,22.4,27.69,44.05,31.93,59.1,50.0,18.38,26.01,14.97,67.51,21.53,30.44,24.84,23.75,26.24,14.95,20.38,20.82,22.34,22.38,51.17,27.2,35.45,34.7,19.27,21.5,25.24,16.95,17.35,27.09,21.3,21.58
2025-02-24,23.57,19.34,20.23,32.34,46.78,38.33,42.01,20.67,27.87,29.83,57.8,26.5,32.96,24.17,24.73,23.51,23.92,,16.36,27.97,26.91,16.98,24.33,33.13,26.85,26.3,48.41,18.54,31.36,18.96,25.17,24.5,23.1,18.75,24.58,43.84,22.92,27.17,59.15,22.68,33.93,27.2,27.7,27.04,28.73,21.07,23.18,54.88,39.58,25.41,16.03,22.7,16.44,17.3,27.89,24.88,31.38,40.9,18.22,17.57,22.36,18.47,30.49,29.45,20.54,26.89,27.47,23.55,62.55,26.16,29.66,46.44,33.54,66.74,50.32,19.27,23.94,16.38,71.56,22.39,31.54,24.04,24.58,26.84,19.13,20.84,19.83,22.78,22.72,54.79,27.62,38.59,32.18,18.87,21.78,25.13,17.73,17.54,26.96,21.61,22.1
2025-02-25,24.56,20.68,23.23,32.99,47.74,39.29,44.25,22.05,24.58,31.3,61.32,27.38,33.6,25.42,25.4,24.15,27.31,,17.03,29.03,27.07,20.26,23.74,37.48,27.57,27.22,49.45,19.24,36.14,20.64,25.21,22.88,23.81,19.07,28.3,42.23,24.61,28.1,60.22,21.58,34.52,28.75,28.58,28.87,23.37,21.89,23.64,55.05,40.99,28.34,16.49,24.06,18.52,17.49,30.06,25.31,30.13,44.2,19.05,17.85,24.77,19.76,32.93,30.74,22.0,24.2,28.93,23.92,63.99,30.27,30.32,42.39,34.21,69.36,50.69,20.3,26.92,16.36,71.29,20.44,31.89,23.52,24.33,27.86,21.1,21.47,21.25,23.71,24.22,61.23,29.66,40.31,32.95,20.48,21.67,26.8,18.21,21.06,28.69,23.14,22.79
2025-02-26,24.96,20.07,21.81,33.79,47.51,35.81,43.39,22.61,23.3,30.13,57.8,27.23,34.23,24.46,24.81,24.56,26.52,,17.35,28.95,27.73,21.93,25.28,36.23,27.61,27.92,47.62,18.99,32.3,20.36,24.51,25.31,24.5,18.28,29.35,42.73,23.57,27.51,59.3,21.04,33.15,31.21,30.64,28.07,23.37,22.06,23.73,56.32,28.11,26.93,17.17,23.79,18.5,17.96,29.03,24.64,24.61,43.67,19.19,18.41,25.56,17.57,32.87,25.04,21.73,26.86,29.05,25.13,64.28,27.55,30.28,42.97,35.09,64.48,51.46,20.87,25.06,16.01,71.9,21.9,32.84,22.55,26.89,27.6,20.92,21.82,22.35,23.06,22.98,60.7,28.92,37.12,30.23,19.66,22.22,25.54,17.97,22.1,28.58,22.24,22.33
2025-02-27,26.4,19.37,21.33,33.89,48.12,43.14,46.36,22.8,25.45,32.42,59.96,28.6,35.14,24.64,26.47,25.19,24.54,,17.64,29.83,28.8,19.25,22.01,37.07,29.26,29.65,32.25,20.73,32.2,22.78,25.62,25.83,24.58,19.94,25.22,44.4,24.57,27.9204,60.05,24.47,34.77,31.37,32.08,30.45,24.49,21.56,23.88,54.84,28.71,28.41,17.46,24.24,18.58,19.46,29.46,24.94,24.78,46.21,20.27,18.54,30.72,23.01,34.95,27.59,21.55,25.4,29.89,25.93,66.34,28.31,33.49,45.17,34.33,60.73,48.83,21.64,25.17,15.19,70.95,23.24,36.29,22.48,26.64,28.91,19.88,22.14,20.81,24.42,24.26,63.62,31.19,42.84,32.49,20.65,23.6,26.01,19.39,19.37,30.28,23.93,22.96
2025-02-28,24.9,20.46,21.6,35.56,47.28,40.04,44.28,21.37,22.63,30.06,58.58,26.29,32.52,24.84,24.61,24.08,26.0,,16.7,27.78,26.07,18.64,26.36,35.28,27.57,28.38,30.1,19.63,31.55,19.52,25.68,24.23,22.93,18.3,24.75,41.96,21.59,28.3308,57.94,23.69,35.83,28.86,28.49,28.95,22.52,22.52,24.01,57.42,27.99,27.08,16.06,23.22,16.85,16.79,28.01,22.99,24.25,44.0,18.82,17.88,22.17,27.03,33.17,25.74,19.99,25.39,28.66,23.75,66.01,27.62,31.78,43.96,32.36,55.06,51.67,20.25,24.58,16.7,66.12,21.15,33.41,21.82,24.59,27.15,17.38,20.65,21.87,23.43,22.88,62.35,28.75,39.76,30.4,19.94,21.29,25.16,18.82,17.7,28.26,21.83,21.79
2025-03-03,27.33,22.73,21.79,36.68,47.85,44.05,47.04,22.53,25.5,33.68,62.38,29.54,36.04,28.02,27.03,27.75,26.34,,18.47,32.06,29.47,19.2,28.89,38.26,32.68,29.75,32.56,21.89,34.42,23.79,29.79,26.49,25.53,18.72,30.23,44.1,25.13,28.7413,63.16,23.47,43.91,30.17,31.69,32.59,25.47,23.5,26.27,58.06,28.64,29.75,17.71,26.89,18.2,19.38,29.87,24.86,26.25,48.48,21.47,19.79,37.83,19.0,35.67,25.84,22.07,27.28,32.52,26.93,69.28,28.09,34.16,45.43,35.06,64.22,53.29,19.64,25.07,16.83,73.42,23.4,37.82,25.51,25.92,29.24,22.24,23.61,21.83,25.65,25.62,68.24,33.14,38.9,31.7,22.07,23.25,27.85,20.62,17.98,31.57,23.97,26.9
2025-03-04,29.02,22.27,21.43,37.38,48.1,44.63,46.68,23.97,26.33,34.95,64.88,33.29,41.83,34.51,27.91,28.85,29.8,,20.43,36.1,30.89,22.57,33.1,41.91,33.29,30.32,33.58,22.62,32.53,24.0,30.12,27.77,26.93,22.17,33.54,42.63,26.72,29.1517,63.64,28.29,39.91,31.71,32.04,35.55,26.28,22.99,25.84,61.14,28.8,31.47,19.1,30.32,20.64,20.59,30.44,26.39,27.37,48.07,23.67,20.12,22.96,20.64,38.34,28.28,23.86,25.47,35.9,27.54,67.73,29.8,35.16,47.33,35.06,62.69,54.97,22.05,23.95,17.67,75.16,23.2,36.71,27.59,27.69,32.75,23.24,24.71,26.78,27.99,28.04,71.79,33.13,42.03,32.39,23.04,23.57,28.67,23.19,20.31,36.04,24.45,28.55
2025-03-05,27.37,22.22,21.25,36.86,47.82,43.49,45.11,22.98,26.1,32.01,60.91,31.64,38.73,29.54,27.34,27.76,27.21,,19.3,33.5,29.67,20.28,27.36,38.54,34.82,29.44,32.43,21.16,31.47,25.82,29.49,27.69,26.6,18.48,28.55,41.51,25.83,29.5621,61.71,26.66,39.41,32.64,29.49,32.4,25.22,22.88,25.04,65.68,27.89,29.98,17.02,27.62,18.02,19.07,29.44,26.32,26.35,45.92,21.77,18.75,28.6,21.02,35.21,27.31,22.6,27.04,33.48,25.01,67.82,32.04,33.03,50.65,34.37,60.21,52.98,22.44,25.59,19.72,71.83,22.51,35.41,24.46,26.76,29.87,18.46,23.4,24.68,26.6,27.04,67.11,31.19,39.14,30.31,23.28,22.0,31.95,21.78,20.13,33.96,23.66,28.07
2025-03-06,30.1,23.7,22.83,37.75,49.83,46.4,48.56,23.62,27.67,36.17,63.39,33.17,41.41,32.06,30.3,28.94,26.81,,20.28,36.74,32.38,21.35,25.55,45.19,36.23,31.62,35.2,21.83,33.18,24.98,30.87,27.62,28.5,18.83,28.09,44.08,26.84,,66.77,26.36,39.05,33.42,33.03,36.48,27.43,25.46,28.26,61.73,30.3,33.73,17.59,30.79,19.05,19.47,31.13,25.48,28.9,48.67,24.05,19.06,24.42,20.32,39.21,28.8443,23.32,26.82,36.91,28.0,71.53,29.85,38.45,48.06,37.27,61.21,56.72,21.35,25.75,18.49,82.84,22.84,39.89,28.38,29.44,31.5,22.27,25.54,26.96,27.89,26.71,70.42,33.57,40.9,31.93,22.72,24.85,34.45,23.14,21.71,36.62,25.17,29.09
2025-03-07,27.79,22.82,22.56,37.75,47.04,42.33,44.99,23.41,25.36,35.22,51.66,32.21,41.32,31.31,29.55,29.48,27.8,,19.14,35.92,30.84,24.52,28.19,41.26,33.7,25.57,34.79,21.96,32.54,23.81,28.93,25.93,27.63,19.18,25.84,44.14,23.62,,64.97,25.61,41.43,31.24,31.27,34.98,25.95,24.59,26.26,58.86,29.49,35.12,18.26,30.76,18.2,18.73,32.59,24.56,26.94,45.8,22.49,20.03,24.96,20.44,38.33,30.3787,22.83,26.35,35.82,26.68,68.36,29.12,38.07,45.87,38.47,57.2,56.1,22.08,26.02,19.4,75.83,22.26,35.25,27.07,29.67,32.15,20.87,25.56,24.69,26.23,26.68,67.81,31.87,40.89,30.37,21.67,23.86,30.98,22.67,23.29,36.31,24.83,28.21
2025-03-10,34.13,25.09,26.82,40.03,50.99,48.89,51.62,27.54,28.85,40.66,54.37,39.14,46.48,34.21,34.4,34.48,29.43,,21.38,42.77,36.38,21.74,33.4,49.33,37.87,28.91,39.65,25.86,36.65,26.18,36.67,32.37,32.26,22.55,35.52,48.24,27.98,,70.86,29.7,43.01,37.69,38.43,41.34,30.4,29.06,32.14,65.06,33.8,42.97,19.01,37.9,21.03,22.35,36.56,27.12,30.43,55.77,26.45,23.07,29.2,26.94,45.92,31.913,25.59,31.9,44.4,32.24,76.19,30.83,42.15,51.01,46.06,62.27,61.05,23.2,27.22,20.26,86.19,26.11,42.16,28.41,35.77,37.44,25.16,29.6,29.91,28.81,28.85,89.72,36.92,46.51,33.89,23.99,26.69,32.69,26.04,27.1,45.1,32.67,29.45
2025-03-11,34.01,25.2,26.21,41.36,49.39,48.16,50.1,27.36,27.7,39.05,53.54,38.48,44.26,35.49,36.17,34.79,28.08,,21.28,40.17,35.38,21.33,36.69,46.55,37.17,27.55,38.43,26.86,35.65,28.23,36.82,29.91,32.38,20.78,35.86,49.16,28.71,,66.9,27.33,42.27,36.43,36.76,40.39,30.08,28.19,33.65,65.85,34.32,41.17,19.33,36.46,21.31,23.77,36.36,27.69,31.37,52.79,26.92,23.76,29.36,21.1,43.17,33.4474,25.64,34.97,43.18,30.93,73.32,29.81,41.57,52.96,44.44,60.85,44.12,23.32,28.14,20.03,85.15,25.88,42.51,26.99,33.8,33.77,24.28,31.16,32.44,29.08,30.73,85.14,38.61,45.77,34.12,25.87,27.72,37.02,27.33,23.24,43.61,30.29,28.57
2025-03-12,31.94,24.31,25.67,40.71,45.32,46.33,46.82,25.88,27.29,36.08,50.73,34.42,41.46,32.17,33.92,33.6,27.8,,19.76,37.08,33.49,28.06,34.38,43.57,35.25,25.98,34.16,24.29,35.01,26.53,33.81,26.96,30.64,19.93,23.18,49.09,26.51,,64.03,27.44,41.11,33.12,33.45,36.76,27.87,26.22,29.42,56.15,33.23,38.04,17.87,34.62,19.75,22.0,34.63,26.36,29.53,52.31,24.46,23.35,32.9,22.93,39.95,34.9817,22.98,31.4,43.52,27.22,70.69,31.0,38.0,49.74,41.75,57.46,40.73,23.47,27.83,20.28,77.12,23.8,37.93,26.82,32.65,32.53,25.36,26.57,33.74,28.93,28.23,74.51,35.08,44.83,35.12,22.51,26.32,31.94,24.46,27.08,40.9,31.05,29.47
2025-03-13,34.76,24.14,27.29,42.36,35.53,43.86,47.14,24.93,26.61,37.53,50.92,35.59,41.18,33.53,35.08,33.58,28.57,,19.41,38.29,33.18,24.44,30.195,43.52,32.81,27.72,37.82,25.75,34.83,26.21,33.54,29.97,29.7,19.49,31.12,47.91,27.55,,63.87,28.16,41.53,35.3,34.56,37.42,30.76,25.33,30.44,56.16,33.74,40.45,18.54,34.72,19.15,21.37,34.28,26.02,30.31,51.53,25.04,23.84,26.93,22.7,43.26,,20.91,30.19,42.64,28.66,69.21,29.98,41.53,51.15,41.47,55.8,43.47,24.52,29.22,20.26,77.58,24.67,38.96,25.29,32.77,35.22,23.01,28.64,28.08,28.12,29.35,75.17,36.5,44.82,36.51,24.32,26.74,33.6,25.93,26.33,41.69,31.42,28.26
2025-03-14,30.31,21.47,25.02,41.15,30.28,40.95,42.09,22.9,24.92,32.87,46.68,32.36,37.52,29.38,30.68,29.78,26.94,,18.09,33.57,30.02,22.38,26.01,37.6,30.61,25.06,33.33,23.57,32.48,23.27,31.23,27.05,27.36,18.24,26.28,46.73,23.88,,58.57,25.64,39.39,31.06,30.73,33.64,27.37,22.81,28.39,53.23,29.66,37.47,16.95,30.73,17.73,20.53,31.87,25.15,28.54,46.11,23.07,21.63,25.35,20.38,37.07,,20.55,27.15,36.79,24.5,65.58,27.7,37.52,49.52,38.27,49.52,38.46,21.28,27.9,19.15,71.94,21.58,35.09,25.14,29.77,30.99,21.59,25.41,27.55,25.46,27.62,68.36,32.82,42.04,34.95,21.94,23.46,29.78,22.93,24.22,37.29,27.5,24.52
2025-03-17,29.13,22.11,24.93,39.88,29.37,39.56,42.0,22.42,23.99,33.04,45.62,34.23,36.18,30.9,29.04,28.19,25.44,,18.0,33.93,28.51,21.55,23.63,43.56,28.61,24.18,32.66,21.73,33.71,21.82,29.73,25.99,26.3,18.36,26.89,46.26,22.47,,54.87,24.81,37.57,29.97,30.14,34.75,25.76,22.44,26.45,54.91,28.35,36.71,17.22,30.03,16.45,20.28,30.81,24.68,27.14,45.1,21.72,19.95,27.38,18.43,36.26,,20.8,26.12,36.31,24.29,65.15,27.36,42.7,46.57,37.83,50.1,38.08,20.48,24.03,17.34,69.47,20.9,33.39,22.45,28.61,33.63,19.89,22.8,25.05,23.99,25.15,68.7,31.82,39.6,36.15,21.16,22.84,31.38,21.73,21.31,36.43,26.24,23.93
2025-03-18,30.32,22.88,25.6,39.92,29.75,42.66,42.05,22.54,25.05,34.03,46.35,35.97,36.96,32.51,30.7,30.47,26.8,,19.13,35.86,29.82,20.92,23.49,39.52,30.42,25.97,32.95,22.76,33.62,22.18,31.42,26.52,26.94,18.48,28.3,46.08,23.56,,57.01,30.33,38.11,31.67,31.7,37.25,26.94,22.48,28.03,53.7,28.27,36.69,18.89,31.21,17.39,20.05,31.28,24.56,28.06,46.88,22.39,21.23,24.89,20.34,38.24,,20.4,26.29,37.16,25.51,64.93,28.91,45.27,47.38,38.83,50.38,38.72,21.36,25.86,18.49,70.77,22.16,34.27,23.09,29.73,35.85,23.8,24.48,25.13,25.15,26.9,72.28,32.18,40.89,35.79,23.0,23.46,32.22,22.38,21.77,37.14,27.99,24.73
2025-03-19,28.01,22.48,26.01,36.96,26.56,39.66,40.04,21.75,25.62,31.49,43.19,33.87,35.1,30.66,28.63,28.34,25.93,,17.43,33.74,28.22,20.8,25.94,38.2,28.26,23.88,30.51,20.87,32.6,20.67,28.36,25.9,25.36,18.15,25.92,46.08,21.06,,53.89,25.51,37.55,31.45,30.8,34.71,25.0,22.17,27.29,53.34,27.91,34.29,18.7,29.09,16.6,17.9,30.06,23.4,26.25,44.44,21.01,19.46,19.01,19.52,36.71,,19.16,25.19,35.06,23.35,61.55,27.73,43.89,45.91,37.16,46.77,37.28,20.37,23.94,17.9,67.45,21.27,32.02,21.71,27.57,33.26,20.12,24.6,24.35,24.49,26.17,70.2,30.36,38.33,36.4,20.81,23.4,30.27,20.6,21.73,34.82,25.0,21.84
2025-03-20,28.01,21.36,24.85,25.73,26.91,40.01,39.25,21.5,23.69,31.94,43.05,33.46,33.51,30.76,27.34,28.55,26.49,,17.02,33.73,27.85,21.31,26.44,38.09,27.33,23.66,30.45,20.86,31.01,20.07,27.38,25.58,25.34,17.12,26.1,44.02,22.68,,52.87,25.84,37.48,29.73,30.28,34.18,24.48,21.52,29.53,51.81,27.05,34.27,18.07,28.95,16.02,19.36,29.72,23.17,25.49,41.58,20.56,19.31,24.17,18.42,37.54,,18.58,25.8,33.97,23.9,57.08,27.42,44.61,45.56,37.94,44.88,35.72,20.59,23.13,18.62,66.46,21.28,31.67,21.3,26.92,33.61,18.71,23.68,25.07,23.76,26.59,70.12,30.27,38.04,36.9,21.85,23.91,30.34,20.77,21.77,34.89,24.75,21.96
2025-03-21,26.17,22.77,24.72,22.94,25.58,37.74,38.42,21.33,22.13,29.94,41.22,32.95,34.02,29.42,28.21,26.97,26.61,,16.6,32.77,27.26,22.37,27.33,39.18,25.96,22.2,29.34,18.76,31.6,19.17,27.2,26.66,24.25,17.44,23.55,25.89,22.44,,53.75,25.28,35.97,29.06,28.62,32.87,23.8,22.1,30.28,54.34,26.54,33.08,18.47,27.98,16.83,16.63,29.82,25.64,25.01,39.37,20.51,18.05,24.45,18.2,36.24,,18.07,27.2,33.36,22.32,44.47,26.2,43.64,28.03,36.13,42.38,34.48,20.98,21.04,18.8,63.71,21.41,31.13,22.39,26.54,32.83,18.9,23.53,25.25,23.38,26.27,68.61,30.51,37.04,34.99,22.98,21.11,29.22,21.0,21.67,34.17,23.83,20.59
2025-03-24,24.33,22.04,20.28,22.49,24.78,35.81,37.53,21.1,21.43,28.97,40.45,30.21,34.29,28.29,27.06,25.48,29.05,,15.47,31.2,25.19,22.7,30.18,38.3,24.23,21.14,27.63,18.87,30.77,18.85,24.89,28.36,22.91,16.43,23.49,23.76,21.39,,54.05,26.6,34.33,28.17,28.91,31.44,22.07,22.13,34.29,49.6,25.34,35.26,15.83,26.38,16.31,17.52,29.24,26.59,24.73,38.82,19.31,18.24,21.01,18.33,35.16,,16.99,28.49,31.56,22.31,42.0,26.91,44.72,25.56,38.72,39.87,32.15,19.22,23.12,18.88,62.61,24.56,28.28,23.51,23.1,30.63,23.05,21.96,25.96,24.41,28.08,70.73,30.51,35.46,34.63,22.44,21.87,29.49,20.06,23.05,31.94,22.35,19.43
2025-03-25,23.48,25.92,22.76,21.04,24.58,36.05,37.8,22.96,23.05,28.51,40.3,30.29,34.75,28.16,26.15,25.08,31.6,,15.13,30.91,24.78,21.89,30.61,39.74,23.94,20.9,27.99,19.48,29.86,18.15,25.17,27.77,23.13,17.08,25.18,23.91,21.64,,55.19,26.05,35.47,27.91,28.2,30.95,22.7,22.34,36.79,49.22,24.37,35.92,17.53,26.01,15.95,18.66,29.91,26.74,24.55,37.85,19.08,17.99,23.08,22.33,34.7,,17.02,36.15,32.45,21.69,41.64,26.83,45.39,26.17,39.29,39.65,32.76,21.02,24.96,18.88,60.72,25.45,28.55,21.05,24.41,30.37,18.93,22.36,26.4,27.29,29.03,70.45,30.74,34.94,34.23,21.75,23.29,30.88,19.71,24.14,31.36,24.07,19.64
2025-03-26,25.09,24.86,27.81,22.19,25.99,38.14,39.51,23.71,23.19,29.63,42.74,31.88,33.87,31.2,26.94,27.43,32.37,,15.41,32.83,25.49,23.54,31.24,42.17,28.95,21.94,27.89,19.88,31.61,18.85,25.54,30.86,23.88,17.72,25.56,24.3,22.61,,59.82,30.03,38.89,30.87,31.09,32.39,22.84,23.09,39.09,52.44,24.36,38.3,17.47,27.15,16.54,18.37,32.47,27.95,24.2,41.99,19.18,18.21,21.09,18.91,36.67,,17.84,28.4,32.72,24.54,43.96,28.78,47.09,28.23,42.05,44.27,35.52,19.9,24.78,18.8,63.07,26.42,29.83,25.41,20.32,31.39,21.62,22.59,29.63,28.79,30.23,72.22,33.27,36.34,33.46,23.75,26.35,31.79,20.76,25.07,32.45,23.8,18.12
2025-03-27,25.5,24.34,26.85,22.17,26.17,37.97,40.21,24.24,23.3,30.66,44.17,33.06,34.98,30.25,28.43,25.89,31.82,,15.53,33.26,27.18,23.34,31.26,41.4,23.02,21.33,29.44,20.83,32.81,18.02,26.98,31.25,24.13,19.77,26.05,24.2,22.64,,60.77,31.09,36.94,31.65,32.0,32.98,23.08,24.62,39.35,51.53,24.71,38.08,17.43,26.59,17.27,17.6,34.01,27.84,24.36,41.16,20.09,18.27,19.68,19.14,37.57,,17.35,32.21,33.57,24.56,44.12,28.35,47.11,27.59,42.51,44.78,34.53,21.77,25.78,20.62,64.34,27.08,31.88,25.45,27.53,33.95,21.51,22.97,28.02,28.45,29.76,73.85,33.95,36.67,34.41,25.7,24.22,30.6,19.71,24.51,35.28,23.07,19.21
2025-03-28,28.22,26.17,27.21,24.21,27.09,39.72,43.25,26.47,24.16,34.92,45.98,35.32,37.73,32.89,31.73,27.65,32.69,,17.18,36.28,30.0,23.82,33.3,44.88,25.44,22.97,32.11,20.54,34.5,19.85,28.78,32.64,26.96,19.42,29.68,25.65,24.06,,62.51,30.31,39.41,35.91,36.65,35.66,24.51,23.76,40.31,55.32,27.05,39.98,17.47,30.08,18.31,19.73,36.51,28.29,26.28,47.93,23.14,19.91,21.68,20.89,42.24,,20.04,33.7,36.58,27.47,46.9,29.89,49.93,30.62,46.17,46.88,35.46,22.49,24.14,19.82,68.4,28.35,36.62,25.79,30.96,35.08,23.44,24.87,29.46,30.62,30.86,75.99,36.15,39.4,36.33,26.04,27.0,30.58,23.38,25.11,36.08,25.38,21.11
2025-03-31,31.44,28.59,27.26,25.51,28.41,42.02,46.15,29.87,24.53,39.65,47.3,34.89,40.0,32.98,35.9,30.84,34.73,,17.46,36.86,33.04,22.76,36.89,44.3,26.45,23.36,33.51,20.58,41.29,20.7,29.3,33.07,27.33,19.05,29.16,26.21,24.08,,63.13,30.7,42.93,38.75,38.46,35.82,25.09,26.58,41.43,64.18,28.03,40.97,20.13,29.92,19.52,18.94,42.19,28.54,26.52,49.42,25.76,21.98,23.36,20.07,45.6,,23.36,32.91,37.99,30.04,49.14,30.62,50.57,29.88,49.88,48.53,38.87,22.47,27.24,21.98,71.41,28.45,39.75,26.45,37.51,35.8,19.52,25.73,28.91,32.05,31.71,76.57,37.1,42.46,35.45,25.99,32.74,36.78,25.28,24.63,36.8,25.17,21.11
2025-04-01,29.92,29.6,26.59,24.7,28.32,40.54,46.04,31.77,24.78,39.34,46.79,35.0,40.19,33.86,37.4,31.33,35.91,,17.53,37.38,32.59,24.69,40.39,43.42,25.74,23.46,32.42,20.92,42.82,22.07,28.58,35.35,25.69,19.32,27.75,25.3,23.97,37.36,62.69,30.61,46.02,38.09,38.12,36.46,24.47,25.4,40.82,61.32,27.82,40.93,20.47,30.2,19.01,19.43,46.05,28.18,26.6,46.23,26.83,21.76,23.72,21.6,46.46,,24.66,33.56,40.14,30.3,47.8,30.66,50.28,30.48,48.15,46.21,39.43,23.04,29.15,21.39,68.33,29.31,40.02,27.5,38.5,35.31,26.04,26.16,28.59,34.79,30.81,75.96,37.92,42.65,34.81,26.19,35.82,32.61,26.25,25.72,36.43,24.35,20.11
2025-04-02,30.4,28.85,27.23,25.24,27.72,41.4,46.5,33.15,24.93,40.86,45.47,33.87,40.12,32.96,39.21,29.33,38.01,,17.31,37.24,33.17,21.02,31.71,43.68,24.83,22.89,32.23,20.54,44.78,21.62,28.56,32.62,27.89,17.44,27.94,26.26,25.14,38.43,61.63,29.83,42.97,39.3,39.22,35.21,24.43,25.85,40.65,64.51,26.48,40.71,19.68,29.75,19.24,19.24,47.42,28.6,25.89,48.95,25.91,22.27,24.74,21.81,47.54,,25.71,35.22,37.96,31.12,47.19,30.09,48.92,29.76,49.18,46.31,39.73,23.14,29.45,21.6,68.88,30.08,41.02,29.63,39.8,35.17,23.17,24.65,30.23,32.43,30.18,75.25,36.77,40.82,35.94,27.23,38.93,31.91,26.4,24.59,36.33,23.88,21.96
2025-04-03,42.33,32.2,27.51,30.98,34.39,48.31,57.82,33.67,26.16,48.76,54.08,45.78,46.38,43.9,45.17,33.79,40.79,,22.1,46.23,39.99,26.24,35.58,52.44,37.19,27.49,40.93,28.14,46.18,30.15,33.82,40.0,34.83,23.33,37.61,39.82,28.4,43.92,72.89,32.29,46.8,44.34,44.4,44.58,30.72,31.6,44.18,74.81,33.11,43.1,19.85,37.56,22.67,22.23,50.3,30.52,32.38,63.09,32.64,26.35,27.63,24.09,54.88,,28.02,37.96,48.39,35.54,61.43,33.66,53.7,51.28,54.67,53.88,43.12,25.64,33.89,25.41,79.4,31.39,52.28,30.96,48.5,40.53,22.4,39.01,29.39,39.14,33.44,79.66,45.59,48.85,39.71,31.6,46.6,41.87,31.46,26.61,45.68,30.78,30.41
2025-04-04,54.56,41.37,39.04,44.08,41.43,59.12,73.86,46.57,34.1,60.26,70.24,64.46,70.31,67.64,55.29,51.22,48.49,,35.67,62.28,52.79,32.07,47.06,68.95,57.39,39.53,50.46,37.67,56.58,45.14,46.76,53.79,50.28,29.14,52.92,46.95,41.67,62.24,92.72,40.19,51.15,56.63,56.67,60.03,38.07,46.85,54.3,84.71,44.9,60.7,25.53,54.2,28.08,31.82,61.44,38.02,39.44,71.85,46.88,35.27,34.35,36.83,33.96,,32.46,43.61,57.71,40.77,73.75,40.03,60.365,55.835,63.025,63.64,59.02,31.2,52.75,29.12,100.13,38.95,63.7,48.81,63.46,53.71,29.8,51.85,41.93,52.8,43.16,92.4,61.0,64.5,47.58,42.37,54.13,57.43,45.74,31.9,58.16,43.14,44.88
2025-04-07,58.68,43.54,43.57,44.56,46.27,64.09,79.76,49.11,37.66,58.77,72.4,65.06,73.26,57.8,58.38,50.71,55.12,,37.43,64.17,56.62,39.14,42.03,71.04,60.86,41.0,51.93,37.49,58.11,47.39,48.84,55.25,56.0,32.08,62.25,49.97,44.19,62.61,94.94,45.96,59.75,52.59,55.68,62.21,40.61,46.17,54.26,89.24,48.21,60.18,31.48,55.16,31.26,45.85,64.53,40.24,44.87,75.76,48.73,36.75,31.8,41.03,66.27,62.6,39.26,49.26,67.03,46.0,86.07,50.28,67.03,60.39,71.38,73.4,56.52,39.7,52.15,33.09,102.19,43.24,65.73,53.47,58.41,57.9,34.92,52.45,39.81,53.14,45.28,98.2,64.14,63.76,47.9,44.47,59.04,59.82,48.42,37.08,61.82,42.88,45.7
2025-04-08,67.15,51.53,42.19,46.5,49.63,70.36,87.42,50.32,43.75,64.18,74.41,67.19,72.82,61.2,59.86,54.11,54.38,,39.93,67.68,61.89,36.05,45.93,75.6,67.98,43.38,56.56,39.08,56.57,58.33,56.04,60.93,57.69,36.35,60.49,58.65,47.82,65.39,99.2,49.97,68.12,57.29,57.6,66.53,49.35,50.82,60.1,95.75,50.68,65.61,35.18,58.0,32.16,50.19,64.34,42.05,51.41,80.35,49.8,38.6,36.75,41.95,69.06,60.99,39.75,53.23,72.16,49.85,87.85,51.47,70.33,62.21,75.78,75.19,65.08,36.74,47.96,36.97,105.87,43.75,71.36,54.9,66.86,59.26,32.11,54.33,42.65,59.65,46.33,105.28,73.37,68.51,42.29,45.13,67.74,62.32,48.65,35.72,53.21,49.54,50.96
2025-04-09,44.36,42.21,32.67,31.38,32.9,49.49,65.17,37.8,31.56,45.66,55.71,43.59,51.86,43.99,45.19,36.79,47.26,,26.21,48.51,44.46,23.23,42.23,54.38,50.32,27.48,42.29,27.82,38.92,34.31,39.0,43.97,44.15,24.9,46.39,38.18,33.45,47.59,72.71,37.23,53.77,40.31,41.56,45.89,29.65,32.76,45.08,75.54,33.46,44.23,28.82,40.15,28.05,28.99,56.24,34.21,33.6,57.86,33.81,26.12,26.19,26.9,52.12,46.94,25.55,36.59,47.66,34.45,62.54,38.84,53.87,46.21,54.47,50.59,42.62,26.67,48.52,25.8,87.32,33.02,48.83,34.44,44.93,46.85,28.65,39.39,37.48,42.36,35.58,80.9,47.68,48.23,31.22,34.5,47.24,42.15,33.49,30.16,44.77,29.46,37.73
2025-04-10,54.76,49.29,38.49,39.08,41.19,61.84,77.95,46.1,35.68,55.44,64.58,55.67,61.63,53.24,53.42,46.59,54.77,,32.23,58.91,49.58,29.21,40.1,68.14,68.23,36.28,49.03,36.35,45.45,49.55,44.58,56.54,55.95,30.29,53.7,47.66,36.28,53.12,81.39,45.58,55.67,50.83,50.1,56.97,37.67,44.66,50.56,83.47,43.56,58.29,33.2,48.67,27.4,36.55,63.67,36.0,40.67,72.08,41.67,32.22,32.12,34.87,60.48,55.06,33.64,54.41,59.82,41.16,76.32,42.89,60.17,62.29,64.16,62.5,51.96,32.16,49.5,28.02,93.55,34.57,62.37,40.52,56.92,52.25,27.12,48.12,31.84,57.77,39.54,89.27,61.44,62.35,36.67,40.37,53.85,56.59,41.83,31.51,67.04,39.0,49.3
2025-04-11,50.29,45.24,37.27,36.38,37.77,56.75,71.02,42.92,32.68,51.25,57.79,50.78,55.98,46.43,51.48,39.59,46.33,,30.18,52.62,46.2,27.56,38.51,62.71,57.83,30.81,45.96,36.6,43.02,42.59,39.62,46.56,50.6,27.88,49.23,43.81,32.07,50.58,77.2,42.4,57.28,45.4,45.73,50.43,35.97,37.71,47.65,82.53,41.24,55.16,26.04,41.37,25.05,33.29,60.65,33.2,37.01,65.66,38.4,27.52,27.98,33.04,58.16,49.9,27.93,46.38,51.19,37.39,71.07,43.22,57.52,58.78,60.78,57.75,48.76,26.51,43.71,27.1,92.57,35.99,57.19,38.21,55.95,48.53,28.4,47.27,37.44,50.23,37.88,83.72,59.77,58.95,35.68,37.14,49.93,50.0,37.54,27.68,49.36,33.84,42.05
2025-04-14,44.15,36.93,30.8,29.73,35.2,52.48,66.67,37.61,28.65,47.85,55.21,41.85,49.95,39.67,46.46,34.64,43.8,,26.01,42.83,41.32,21.62,38.32,56.28,48.98,28.03,39.52,33.92,38.91,35.29,37.57,43.33,48.19,24.71,44.33,37.33,29.18,44.28,70.29,35.67,52.62,41.9,42.53,42.05,31.3,34.81,44.85,75.71,35.81,48.65,23.35,34.42,22.73,26.51,53.66,32.91,32.25,60.55,33.18,27.27,27.97,26.07,55.07,45.55,27.11,44.0,41.69,34.25,69.27,37.17,53.46,50.88,54.76,54.86,42.23,25.26,37.04,24.98,92.95,33.1,52.6,33.69,50.26,40.84,23.03,37.46,31.44,46.64,34.49,76.94,52.9,53.29,32.12,34.2,45.17,40.7,32.52,26.18,40.5,34.48,36.51
2025-04-15,39.89,34.47,28.09,27.46,32.04,52.83,61.24,34.63,31.67,45.77,51.06,39.97,49.03,33.24,44.62,32.35,39.51,,24.16,39.63,39.82,24.31,35.49,53.26,42.39,26.3,36.07,32.17,38.08,32.77,37.19,40.6,45.71,24.045,39.2,36.57,27.64,40.12,66.92,35.55,48.59,41.2,41.81,37.07,28.66,32.51,41.35,70.31,33.84,44.37,20.13,31.62,22.97,25.21,52.19,31.09,29.03,56.32,31.23,25.54,28.73,23.69,52.66,42.26,26.23,40.12,36.8,33.41,61.54,36.9,52.24,47.28,52.99,50.25,41.11,25.2,35.13,22.87,91.03,31.23,48.78,32.85,47.86,38.08,30.19,33.46,28.55,45.53,29.71,73.65,47.34,51.11,30.88,34.96,45.34,35.77,30.75,25.39,37.7,32.89,34.38
2025-04-16,43.82,36.61,26.78,32.16,35.77,53.0,66.78,39.84,30.14,48.77,54.29,42.85,49.75,36.46,46.74,35.36,41.69,,26.78,40.69,40.61,24.3,36.21,53.26,45.33,29.33,39.64,34.87,39.92,34.26,41.21,40.75,46.6,23.38,44.11,39.96,28.89,44.73,69.5,35.58,50.18,43.41,43.68,40.7,33.55,35.9,42.64,72.39,35.29,46.65,21.99,34.25,23.33,27.98,55.17,32.59,33.59,64.96,34.0,27.32,28.59,26.62,55.02,45.71,28.12,43.01,41.32,35.57,64.08,35.93,53.03,48.68,54.48,55.02,42.35,27.27,35.77,27.94,93.01,32.68,51.84,31.53,50.66,39.29,24.35,34.26,32.54,46.3,33.06,75.63,50.8,53.69,31.16,31.86,46.75,37.02,33.62,27.34,39.73,38.72,35.79
2025-04-17,41.33,34.11,24.86,29.85,32.57,51.33,65.18,36.57,28.2,46.63,51.42,35.58,47.23,34.03,43.51,30.52,38.41,,24.59,38.05,39.54,24.77,38.31,48.62,41.77,27.68,37.29,33.46,42.79,32.4,39.92,40.69,44.13,21.88,42.97,36.78,27.73,42.17,67.35,35.94,47.47,42.47,43.05,37.22,29.17,32.81,42.91,68.42,35.4,46.78,19.26,30.96,22.43,23.07,42.21,31.43,31.04,57.65,31.67,25.66,27.42,24.94,53.56,46.03,26.17,39.74,37.7,34.92,60.63,37.01,50.91,44.22,54.48,54.89,41.4,25.05,32.88,24.85,89.57,31.94,48.1,33.69,50.17,32.88,25.71,34.0,33.0,45.0,31.25,72.45,47.21,51.68,38.19,31.34,44.67,34.48,31.55,26.86,36.95,36.53,33.48
2025-04-21,44.79,39.36,26.18,35.14,36.57,55.12,68.49,38.1,30.94,50.09,55.78,40.37,52.85,38.04,47.05,36.26,42.76,,28.77,43.78,42.61,29.77,39.03,52.03,48.96,32.51,42.55,37.05,47.36,36.12,43.02,45.68,49.82,21.82,46.43,38.72,31.48,46.5,72.88,36.33,50.65,45.8,46.1,42.71,35.97,35.72,45.23,70.75,40.83,51.93,21.13,36.2,25.24,29.35,43.65,34.94,38.39,63.79,34.92,27.17,30.57,27.58,57.17,51.04,29.68,40.69,41.93,38.0,62.24,37.06,42.32,49.29,57.86,61.67,47.05,28.05,35.56,28.78,94.53,39.72,53.41,37.34,51.92,31.7,26.69,37.39,39.12,47.11,37.75,84.33,48.07,55.2,41.59,33.54,47.8,38.9,35.55,35.6,44.26,39.22,35.16
2025-04-22,42.06,37.02,25.29,31.98,34.52,51.58,65.34,35.79,29.2,48.71,54.07,36.81,45.3,34.96,44.66,33.04,39.96,,25.94,38.94,39.55,24.65,38.12,50.21,41.43,29.23,40.55,35.34,43.64,34.78,40.24,35.01,39.85,21.76,42.06,37.86,29.81,35.85,66.2,34.55,47.38,44.25,45.02,38.41,33.6,32.98,43.94,67.95,38.6,49.81,19.42,31.85,23.36,25.06,41.16,27.85,35.48,58.9,32.15,26.29,28.24,27.67,54.46,33.55,26.18,41.42,39.22,35.86,61.9,35.1,38.63,47.0,56.19,54.77,41.79,24.9,35.32,26.78,88.15,33.64,51.29,28.57,49.42,32.01,23.81,35.28,36.06,43.63,36.3,80.96,47.1,52.02,34.74,31.21,46.73,33.74,33.42,24.25,37.4,36.62,33.17
2025-04-23,39.45,34.81,26.29,28.92,33.41,49.88,63.19,35.39,30.49,45.98,49.33,34.95,39.03,33.75,43.57,32.37,38.8,,24.22,37.0,36.9,25.19,42.43,41.05,42.71,28.76,39.12,35.1,42.56,34.52,39.05,33.17,44.47,21.96,43.33,35.18,26.32,32.57,56.61,32.99,45.26,42.97,43.13,37.31,34.27,31.15,41.48,64.4,38.32,34.66,21.39,30.99,23.96,27.28,41.08,27.85,35.89,52.87,31.86,26.12,24.79,26.93,52.91,34.93,27.41,40.06,37.55,34.82,59.54,27.78,37.67,46.28,53.56,50.56,38.96,27.1,31.57,28.55,87.25,23.56,47.82,28.0,50.03,32.34,25.42,35.6,28.88,35.97,35.28,67.72,44.14,50.89,33.25,29.28,45.98,30.77,32.38,21.54,36.01,35.5,33.25
2025-04-24,36.49,37.62,24.6,29.42,30.46,47.4,62.52,34.36,31.9,43.88,46.93,31.77,38.01,31.11,41.23,29.66,30.64,,22.69,34.22,35.56,25.56,26.24,39.24,36.58,27.54,37.08,32.26,41.36,31.8,37.14,30.66,42.27,21.5,45.23,34.68,24.06,30.03,54.35,34.24,44.03,43.46,43.6,34.06,31.38,30.46,27.85,52.56,37.19,32.81,20.4,28.5,23.31,24.51,39.47,26.64,34.06,45.35,29.91,24.99,28.1,25.98,51.59,31.66,25.57,30.67,34.05,32.75,56.35,31.57,36.61,43.59,39.92,51.38,38.23,23.04,31.36,22.82,88.47,21.83,45.81,29.06,46.92,29.62,25.21,34.43,26.55,33.39,33.67,64.52,34.86,50.15,32.78,26.41,42.01,31.31,30.87,21.82,33.56,33.99,29.75
2025-04-25,34.04,25.45,23.81,28.65,29.47,45.47,57.86,33.32,29.77,41.64,45.01,31.53,35.12,30.9,38.08,29.44,31.1,,22.21,33.15,35.83,21.34,25.99,36.02,34.13,27.66,37.91,31.39,38.32,30.14,36.51,29.96,39.68,21.66,40.31,32.89,23.97,28.35,50.65,27.45,39.69,31.03,32.05,33.0,31.04,30.11,26.8,50.2,36.4,31.07,19.82,26.51,17.18,24.05,38.06,25.14,33.95,41.96,28.79,24.36,24.94,27.36,48.39,29.27,24.05,40.63,33.54,30.28,54.1,28.46,34.54,41.63,37.47,46.56,37.4,20.62,31.09,19.41,87.94,21.04,42.62,23.85,45.22,27.42,18.51,34.05,26.54,34.61,28.97,64.61,34.51,48.19,32.21,26.57,44.14,30.75,30.17,20.07,32.15,36.63,27.37
2025-04-28,34.62,27.17,24.95,29.19,28.95,47.38,58.3,32.93,29.9,42.28,46.93,31.55,35.93,29.75,39.05,28.89,33.14,,22.24,33.16,36.66,21.53,25.74,36.28,36.86,29.19,42.88,33.14,45.07,29.91,36.9,30.37,40.93,21.0,41.29,33.26,23.13,29.02,52.41,25.68,41.9,31.33,31.47,33.09,30.77,34.24,25.89,52.03,37.39,32.53,19.66,26.82,23.58,24.86,38.63,24.8,33.13,44.94,28.68,24.83,23.89,29.24,49.44,30.9,23.57,30.39,32.45,31.81,55.33,29.04,34.49,41.78,38.17,53.07,37.78,22.3,31.85,19.91,89.87,22.24,44.36,24.36,45.47,28.01,25.65,34.8,25.56,33.05,27.77,65.11,35.77,47.59,32.96,26.35,42.61,27.8,28.51,28.02,31.48,34.95,29.0
2025-04-29,33.68,26.55,25.6,29.18,28.38,47.07,58.36,33.05,25.73,41.9,46.37,29.94,34.88,28.15,36.47,26.71,30.74,,21.38,31.1,35.12,22.24,24.42,35.68,37.71,28.95,42.97,32.0,39.67,28.33,36.47,29.44,39.35,21.88,36.43,30.74,22.71,28.66,51.72,27.93,39.68,30.64,30.9,31.99,30.77,23.67,26.03,47.83,37.35,32.13,18.68,25.94,18.71,24.3,37.27,23.86,32.78,42.8,28.21,24.79,28.67,26.3,48.09,28.29,19.79,30.97,30.8,30.83,54.69,26.16,33.79,39.97,36.61,53.25,36.93,22.01,25.83,19.9,87.56,20.42,45.04,23.31,43.94,25.62,22.38,36.14,23.96,32.73,26.48,64.1,35.07,47.17,33.49,25.16,30.04,27.76,26.58,19.69,30.38,33.01,27.02
2025-04-30,34.72,26.44,19.7,29.44,28.72,46.64,59.42,34.45,24.57,45.2,47.66,32.19,33.81,29.77,28.42,27.94,30.16,,21.54,31.74,29.66,19.38,32.28,36.38,40.64,30.78,46.62,31.4,36.5,33.46,36.09,30.4,40.1,22.22,42.25,31.04,22.68,27.77,52.71,27.02,38.31,31.29,30.96,32.71,30.25,24.71,25.92,48.76,37.44,31.44,19.3,26.79,18.62,24.89,37.31,23.64,31.1,42.72,25.38,23.62,21.29,25.27,47.64,29.01,19.31,31.92,32.2,31.12,55.11,28.48,33.47,41.35,36.96,55.18,37.65,21.47,25.87,18.95,86.44,20.88,42.8,21.28,32.07,27.19,23.56,33.93,24.79,33.04,27.27,64.02,35.95,50.14,32.86,27.31,30.59,25.89,22.72,20.73,31.29,34.04,34.42
2025-05-01,34.11,26.64,23.31,28.93,30.06,46.87,58.64,34.75,24.89,43.04,47.16,30.22,34.33,28.92,28.64,26.64,29.39,,20.69,20.1,29.25,21.39,26.8,35.85,37.75,30.26,45.4,31.81,26.59,32.89,35.81,29.31,41.3,23.39,39.42,32.0,22.45,27.81,51.08,28.09,34.6,29.45,29.66,31.93,30.36,23.71,25.27,48.42,37.76,30.92,21.3,26.26,18.91,21.31,36.58,24.14,33.28,41.25,23.98,20.74,18.63,28.1,36.21,27.95,19.45,31.19,31.58,23.45,53.89,29.47,33.18,40.14,35.32,54.52,35.6,22.52,24.5,21.53,86.82,21.02,38.35,21.07,35.58,26.51,19.99,32.45,24.57,29.96,25.99,63.37,34.08,46.22,33.38,24.95,30.19,27.95,22.66,19.61,30.58,34.55,30.12
2025-05-02,29.39,24.47,24.67,26.56,27.23,45.34,55.4,27.16,23.12,31.95,45.04,28.09,31.92,28.08,27.42,25.0,28.81,,20.79,28.72,27.68,18.57,23.61,32.83,36.81,27.94,44.51,28.44,28.52,29.56,34.47,28.36,40.29,22.11,36.45,31.42,22.0,26.97,48.41,27.63,33.03,27.38,28.29,29.39,28.62,21.65,23.0,46.68,35.58,29.21,18.45,24.61,17.26,19.79,31.68,24.1,30.36,39.11,21.44,18.87,20.9,24.95,34.67,27.68,19.5,31.22,28.88,22.24,51.78,28.26,31.69,37.02,34.02,53.03,33.88,20.45,22.02,17.81,83.68,20.14,34.39,22.35,30.7,25.01,20.07,33.39,23.31,31.33,26.27,60.22,32.3,45.6,33.58,23.87,30.06,26.38,20.78,20.12,28.52,30.96,28.07
2025-05-05,32.69,27.19,23.72,26.52,28.61,48.01,57.02,26.83,24.93,32.71,50.04,28.55,31.82,27.12,28.33,26.7,29.36,,22.06,30.3,28.81,19.68,24.36,34.51,36.98,28.02,45.72,29.14,28.71,27.54,35.81,30.46,41.61,22.26,37.35,32.26,22.46,27.08,49.39,26.79,33.91,28.41,29.11,30.86,30.0,22.09,25.0,46.86,36.08,30.09,18.73,25.07,16.35,20.96,31.99,25.13,31.92,37.67,21.66,20.81,25.38,26.31,34.69,26.91,18.84,32.49,30.23,22.48,52.97,30.15,34.67,39.87,34.63,54.24,36.13,22.17,24.25,19.69,87.51,21.68,35.55,23.45,30.83,27.11,19.46,35.05,23.45,31.84,26.22,61.63,33.77,49.19,33.4,24.59,29.69,27.91,21.55,20.55,29.51,31.64,26.65
2025-05-06,32.68,31.9,21.24,25.75,28.87,47.02,56.85,33.27,25.69,33.66,53.03,29.24,31.64,28.86,28.77,26.39,36.58,,21.44,32.37,28.86,18.04,34.34,35.07,37.14,29.22,45.74,30.66,29.31,28.45,35.95,32.98,44.01,21.07,39.29,31.55,24.22,28.47,50.3,33.75,34.22,28.95,29.29,31.89,30.58,22.04,25.88,47.38,35.92,30.46,22.67,26.48,18.21,20.87,37.27,25.86,32.32,44.78,22.15,19.56,20.4,28.4,34.2,28.41,19.24,40.07,31.21,23.4,53.96,28.07,33.81,40.56,33.16,55.05,36.7,21.88,30.25,18.66,63.46,21.12,36.84,22.48,30.5,26.39,17.68,34.64,25.06,34.72,26.16,61.25,33.35,47.67,35.07,25.14,29.89,26.96,22.19,20.93,30.3,34.14,27.23
2025-05-07,33.38,33.03,21.64,26.31,29.02,46.18,48.06,31.93,23.94,32.92,54.05,28.86,32.99,28.09,29.1,26.63,34.07,,19.82,29.38,28.83,20.39,33.22,34.14,36.91,28.76,45.26,31.17,28.27,27.89,36.94,32.29,27.51,20.78,26.43,33.06,23.2,27.47,49.24,28.78,33.03,35.69,35.31,30.57,30.52,21.98,24.06,45.17,35.74,30.53,18.9,29.11,17.85,20.59,37.44,25.58,33.53,38.74,20.52,19.22,19.31,27.4,34.14,27.67,18.32,33.1,30.09,22.33,53.05,29.34,33.22,36.75,32.46,55.41,37.54,21.72,29.64,18.78,60.36,21.61,34.51,23.08,28.72,25.06,19.46,34.66,23.15,32.88,26.27,58.56,34.15,37.05,34.84,25.34,29.39,20.66,21.32,19.91,29.15,30.8,26.85
2025-05-08,32.44,32.04,22.78,25.16,30.01,45.66,45.91,33.65,24.35,32.08,53.55,26.77,33.12,27.69,28.2,25.24,36.02,,20.09,29.14,28.18,18.74,24.17,31.76,32.09,28.01,44.58,29.24,28.07,26.83,37.28,32.24,26.3,19.27,30.93,30.41,22.9,27.41,50.21,34.44,33.64,30.6,30.82,30.09,30.32,21.17,24.43,44.22,35.53,29.34,22.49,25.58,18.34,19.94,38.15,24.53,32.88,40.39,20.03,19.22,21.63,29.12,33.74,25.32,18.23,37.52,29.75,21.44,48.39,29.85,32.03,38.83,32.93,53.61,37.55,23.17,29.74,19.14,61.38,21.93,34.68,21.99,34.42,25.13,17.87,33.85,25.28,34.06,25.88,60.14,31.81,37.09,33.91,24.64,27.3,26.67,21.08,23.36,28.65,31.13,25.96
2025-05-09,30.93,32.69,23.45,24.86,32.14,44.39,43.46,33.3,23.15,31.31,51.91,25.5,31.73,26.09,28.17,26.07,35.78,,19.2,27.31,27.41,19.31,24.5,32.4,32.67,27.56,44.38,28.52,27.72,25.76,35.71,32.48,24.72,20.52,29.03,30.46,22.31,27.97,47.81,36.78,31.8,29.72,29.94,29.26,30.63,21.61,24.43,43.33,35.83,29.06,21.03,24.59,18.02,19.75,38.47,24.55,32.28,38.39,19.6,18.45,21.98,26.76,32.52,27.85,18.5,38.3,28.89,20.44,50.03,30.72,31.26,39.58,32.01,52.97,37.1,22.94,29.84,18.56,57.89,21.96,33.81,22.18,31.21,24.62,16.28,34.26,23.87,33.33,25.31,61.15,31.07,35.99,34.86,22.96,28.75,25.8,20.17,20.46,28.51,32.59,25.3
2025-05-12,26.08,29.71,22.52,22.79,36.47,40.95,41.03,29.77,24.75,27.62,48.57,22.89,26.98,22.44,24.5,22.38,32.41,,16.72,24.82,23.31,16.74,27.3,29.22,30.43,26.0,42.55,28.51,29.78,22.88,32.19,29.5,23.11,21.77,20.68,27.84,21.61,23.63,45.12,35.04,28.93,26.7,26.91,25.75,28.08,18.92,22.87,45.67,32.92,24.39,20.11,21.24,17.37,18.3,35.53,23.86,30.39,35.6,17.13,17.97,19.47,24.52,29.54,23.75,18.18,32.72,24.81,19.04,46.12,29.35,29.87,32.88,28.58,50.07,39.54,20.72,26.89,18.28,55.42,19.92,30.74,20.89,29.64,23.28,16.0,36.51,24.47,33.27,24.43,59.29,29.38,35.88,34.65,22.45,25.55,22.71,18.04,19.64,24.85,31.37,21.8
2025-05-13,26.29,29.91,23.44,22.05,38.61,40.3,42.26,28.86,26.89,27.8,50.34,23.08,29.14,22.96,24.29,22.49,32.82,,16.59,24.79,25.15,18.85,20.88,29.82,30.22,28.15,41.1,27.52,34.42,23.1,32.01,32.63,25.41,21.53,22.9,28.47,21.19,25.06,47.53,38.63,30.04,27.68,27.78,25.22,28.28,18.09,22.3,42.05,33.53,25.02,20.34,20.35,18.21,18.2,34.64,23.99,29.14,34.26,17.12,17.74,21.95,23.16,29.15,23.9,18.11,36.16,25.13,19.13,48.7,29.11,29.07,32.06,27.41,50.67,46.5,21.64,25.72,16.95,59.21,21.98,32.09,21.83,29.2,23.5,18.62,26.57,25.03,32.56,25.42,59.94,29.35,36.52,58.32,20.21,26.71,21.92,17.86,17.27,24.56,30.98,21.47
2025-05-14,27.67,32.13,23.13,23.06,42.47,42.12,46.53,30.84,26.3,29.05,50.9,24.18,30.84,23.74,23.96,22.77,33.16,,17.74,25.06,26.13,18.88,23.35,29.71,30.06,28.56,43.03,28.72,34.73,22.29,33.42,33.26,24.67,23.05,22.0,29.16,21.73,25.48,47.26,35.37,30.32,29.78,29.93,26.14,28.25,19.95,24.84,44.38,34.03,25.12,23.01,21.37,17.975,19.19,39.0,25.02,29.25,33.93,17.93,18.26,21.79,25.52,29.71,26.37,20.92,38.85,25.61,20.01,47.7,26.93,30.67,32.68,29.86,52.8,47.33,22.73,29.72,17.57,60.22,22.03,32.18,22.02,30.26,23.01,19.46,25.36,24.51,35.31,25.3,61.58,30.03,33.67,52.69,21.36,27.45,23.16,18.41,20.87,25.19,26.37,22.46
2025-05-15,26.87,31.5,23.24,24.14,42.1,41.5,44.15,28.91,24.87,28.99,50.77,24.39,29.41,24.09,23.76,21.4,32.95,,17.0,25.39,24.15,17.59,23.69,31.01,30.74,26.91,43.37,19.96,31.81,23.17,25.44,32.36,24.37,20.585,24.77,28.42,20.36,26.03,47.4,36.99,29.95,29.3,29.66,25.23,28.32,19.95,24.57,43.46,33.46,25.73,18.33,21.63,17.74,18.32,37.19,23.11,29.01,36.18,17.46,17.08,23.01,24.81,30.34,23.93,19.62,39.65,25.39,19.12,48.82,27.92,29.63,33.05,28.73,51.58,47.57,21.69,28.49,15.74,58.53,20.82,31.2,19.56,26.93,23.87,20.24,25.37,26.69,32.92,24.28,60.0,30.03,34.55,74.96,19.44,26.61,25.09,17.71,20.26,24.86,22.87,23.01
2025-05-16,25.9,29.75,20.48,26.11,42.14,35.38,43.63,28.89,22.89,27.58,50.43,23.48,28.46,22.93,22.73,21.15,31.05,,16.32,24.45,23.2,18.32,22.4,31.34,30.13,26.62,42.58,17.47,31.22,22.36,24.75,30.45,22.09,18.12,23.15,27.7,19.93,26.03,45.77,35.45,28.89,28.91,29.18,24.15,26.48,19.24,23.15,40.65,32.57,24.96,19.32,21.63,17.52,17.89,35.68,22.61,28.07,35.78,17.02,16.53,21.98,25.13,29.57,24.23,18.32,36.21,24.76,18.73,44.64,25.17,29.04,32.28,27.36,50.69,46.37,20.9,28.37,16.31,56.7,21.96,31.19,19.15,29.32,22.8,21.95,23.11,23.03,31.95,24.04,59.42,29.07,34.8,70.22,19.21,26.51,21.93,17.41,19.24,25.24,21.39,22.49
2025-05-19,27.15,27.3,21.79,32.18,43.06,35.89,43.78,27.61,23.92,28.45,50.59,24.62,27.39,23.59,24.5,21.44,29.6,,16.0,25.51,24.42,18.7,22.93,30.73,31.1,26.79,43.65,18.51,30.99,23.01,24.75,30.23,22.16,18.33,24.61,28.32,19.34,27.6,46.78,35.13,30.79,29.49,29.67,25.55,26.66,19.59,22.98,40.03,33.93,26.39,18.83,20.13,17.02,18.88,36.51,22.38,30.73,37.05,17.53,17.44,20.64,25.09,30.53,24.65,19.28,36.03,26.44,18.81,47.91,28.01,29.17,33.59,28.64,50.4,47.3,21.76,26.04,17.56,56.82,21.65,32.08,19.87,29.72,23.04,20.94,23.46,23.29,32.4,24.36,59.85,29.09,35.51,58.54,19.63,26.47,22.31,17.78,19.41,26.61,23.42,23.02
2025-05-20,28.09,26.9,21.71,33.09,42.93,34.73,42.7,27.72,23.83,29.03,50.45,24.16,28.66,23.34,25.13,21.08,30.25,,16.77,25.17,24.72,18.21,23.62,31.08,30.46,27.9,43.47,19.41,30.17,23.65,24.74,30.01,21.96,18.08,25.47,28.91,19.77,27.95,45.19,36.63,30.02,29.44,29.47,25.88,23.06,20.11,22.92,41.26,33.18,26.42,19.18,21.11,17.28,17.67,35.98,23.38,30.03,37.23,17.8,17.74,20.92,26.45,30.21,24.81,20.24,36.54,26.14,18.56,46.96,27.61,28.83,33.22,28.82,49.24,47.78,21.45,27.49,16.6,57.29,21.55,31.15,22.58,29.88,23.22,17.93,23.02,24.04,33.09,24.95,59.94,28.55,35.49,51.85,19.03,26.72,23.17,18.07,19.36,25.89,23.21,23.8
2025-05-21,31.29,27.84,20.41,36.28,44.12,36.53,44.56,30.01,24.87,30.77,52.33,28.8,29.24,26.32,27.05,23.98,31.62,,17.77,28.18,25.93,18.75,21.58,34.79,33.07,28.18,44.72,18.5,30.43,25.77,25.8,32.38,24.11,19.39,26.73,30.16,20.98,29.67,47.7,36.61,31.31,30.07,30.22,29.19,23.03,21.59,25.19,43.73,33.01,28.97,19.06,22.47,17.93,18.62,38.13,23.74,25.44,38.04,20.32,17.96,22.43,20.35,31.63,25.95,22.06,37.39,29.03,20.82,50.62,30.41,30.17,35.08,30.63,51.37,47.71,22.65,27.96,18.3,59.06,22.72,33.19,22.27,31.63,24.45,20.12,25.76,25.11,34.4,25.94,60.41,31.48,35.8,53.07,20.92,28.34,21.92,21.11,19.13,28.39,23.5,25.74
2025-05-22,31.04,27.48,21.64,36.06,44.31,36.34,44.61,31.42,24.47,30.47,52.03,26.37,29.77,25.88,26.63,23.64,30.86,,17.72,28.45,25.11,19.76,23.59,32.5,32.12,27.53,44.61,18.6,31.16,25.35,24.99,31.56,22.7,18.9,27.68,31.08,20.15,29.49,47.72,43.89,32.11,31.45,31.72,28.64,23.14,21.05,24.17,43.53,34.04,28.78,20.17,22.43,18.21,18.51,37.45,23.7,25.44,38.83,20.19,18.26,20.53,22.01,31.46,25.9,20.97,37.3,28.53,19.91,49.89,31.25,29.58,36.1,30.5,50.21,47.22,22.0,27.77,16.93,59.73,22.14,34.01,21.69,29.99,24.39,21.22,25.88,24.4,34.1,25.02,59.94,30.9,35.59,52.13,20.7,26.62,24.6,21.14,19.69,27.69,22.93,25.34
2025-05-23,34.19,27.68,22.12,37.22,45.35,37.64,44.72,30.62,24.01,31.73,52.6,28.52,26.68,26.75,27.45,24.08,30.52,,18.82,28.88,26.73,19.69,26.04,33.38,32.5,27.67,46.96,18.29,32.54,25.74,25.91,32.6,23.48,19.97,27.35,35.23,21.22,30.48,48.95,42.92,32.33,31.22,31.42,29.15,23.99,21.16,24.15,45.18,25.46,29.14,19.68,23.85,18.06,18.6,38.98,23.86,26.21,37.35,20.89,18.03,20.18,20.97,32.15,26.46,20.33,35.38,29.88,20.95,52.34,30.63,28.81,39.06,30.98,50.35,48.88,22.27,26.92,16.98,58.59,22.98,34.58,22.12,31.14,25.28,19.4,25.87,23.73,33.9,24.93,60.02,32.26,35.9,49.12,22.12,27.55,19.41,21.78,20.1,29.21,23.86,25.74
2025-05-27,30.62,27.75,22.87,36.55,44.94,36.31,44.53,34.79,24.49,29.18,51.71,26.16,28.88,24.4,25.67,22.35,32.49,,16.7,29.57,25.34,20.39,23.47,32.43,35.15,25.55,43.58,17.94,31.35,25.31,25.11,32.08,22.55,18.62,26.88,41.7,21.01,29.65,46.36,41.43,36.29,28.97,29.2,27.46,22.86,20.3,21.94,42.85,24.39,28.54,18.81,22.49,17.54,17.25,38.96,24.22,24.26,34.65,18.93,17.47,23.04,28.18,30.15,27.27,20.76,36.7,28.58,19.38,58.7,25.99,28.51,43.77,30.22,48.59,48.84,21.82,25.87,16.08,60.93,23.36,32.7,22.69,28.38,23.41,17.63,24.1,29.07,33.82,25.61,63.55,30.76,36.41,46.29,21.15,27.39,25.99,19.06,19.21,27.34,21.48,24.38
2025-05-28,30.47,31.55,19.36,36.58,44.81,37.63,44.38,40.05,23.69,29.56,53.85,25.96,28.94,31.43,26.51,22.92,38.85,,17.19,28.69,25.21,19.27,23.37,31.44,31.45,26.27,42.79,18.39,40.54,26.24,25.66,33.98,22.63,18.53,23.13,43.18,21.4,32.42,47.11,42.44,33.16,29.03,29.22,27.7,23.13,21.01,24.26,44.17,24.38,27.9,19.51,23.41,17.18,17.72,40.96,24.33,25.91,32.95,18.99,17.66,21.03,20.08,30.37,26.9,20.1,36.98,28.11,20.13,60.98,29.88,27.98,45.08,30.76,48.79,47.5,21.75,30.18,17.5,58.07,23.03,34.08,23.64,30.08,23.45,21.34,23.97,23.4,34.46,25.3,62.92,31.13,34.63,43.24,20.92,26.31,27.09,19.76,19.91,26.18,22.44,24.2
2025-05-29,30.35,29.46,22.91,35.21,44.01,35.92,42.3,38.01,24.02,28.88,50.56,25.1,28.81,23.09,26.36,22.5,30.41,,17.13,28.82,24.64,20.22,23.34,31.84,31.62,26.72,28.54,18.24,28.83,25.41,25.32,31.68,22.24,18.48,25.25,42.21,21.61,31.0,46.21,41.32,33.18,27.98,28.02,26.61,22.63,19.11,23.64,44.83,23.9,27.73,19.43,21.96,17.35,17.5,40.74,22.14,24.76,39.11,19.02,17.85,21.01,20.85,29.66,26.4,22.29,38.92,27.54,18.93,61.0,28.76,27.56,44.01,29.53,39.43,45.97,20.72,27.06,17.08,56.22,22.88,31.96,21.36,30.95,23.78,19.85,23.48,24.35,32.46,26.61,62.24,30.71,38.65,40.18,21.01,26.83,26.45,19.29,20.0,28.37,22.46,24.97
2025-05-30,29.92,27.92,24.18,35.28,43.99,36.79,42.42,37.98,23.62,28.67,49.02,25.48,28.26,23.9,25.24,22.57,29.84,,16.84,26.72,25.4,16.87,32.4,32.99,32.44,21.46,28.48,18.23,30.03,24.71,25.02,31.83,20.43,18.57,24.93,42.04,20.52,30.43,44.24,43.02,32.45,27.36,27.51,26.91,21.88,18.6,22.73,44.18,23.5,28.16,16.51,22.01,16.79,16.16,42.33,22.77,24.39,38.22,17.79,17.22,24.41,20.41,28.92,26.85,17.94,38.37,27.13,18.65,61.42,28.65,27.24,47.42,29.58,38.7,45.29,21.17,24.84,16.63,59.03,23.53,32.94,19.84,35.74,24.55,19.42,24.72,21.97,33.52,24.33,61.08,29.16,35.97,39.98,21.27,27.52,29.03,19.14,18.35,26.65,22.97,24.08
2025-06-02,28.89,27.51,21.8,34.86,45.06,36.9,41.81,35.65,24.7,28.02,48.56,25.45,29.23,23.93,24.76,23.04,31.02,,16.14,26.53,25.34,20.89,23.6,30.61,31.9,20.6,27.93,19.35,29.81,23.39,25.21,31.4,21.08,18.7,25.24,41.72,21.05,32.37,43.59,43.11,32.53,27.69,27.65,26.81,21.59,19.32,23.23,43.14,23.35,27.73,19.53,21.2,16.75,17.41,42.02,23.66,23.91,36.87,18.76,18.15,20.46,18.7,29.19,26.3,19.0,35.93,27.4,18.16,60.27,29.07,26.82,46.9,29.2,35.61,47.49,20.94,27.34,16.38,56.97,22.88,31.35,21.69,30.05,24.76,18.48,23.66,21.94,32.73,24.93,60.88,29.75,38.0,39.96,21.85,25.86,29.69,18.82,18.27,26.28,21.68,23.18
2025-06-03,27.65,27.74,21.55,34.33,44.61,36.04,41.36,34.66,22.55,27.6,48.17,25.55,27.57,22.96,23.95,22.01,31.59,,16.5,25.27,25.06,19.46,29.02,29.23,33.58,20.15,25.57,20.1,29.81,23.03,23.76,29.83,20.68,18.9,24.41,42.73,21.54,31.58,42.78,43.77,31.28,27.61,27.9,25.77,20.72,18.95,22.07,46.31,23.56,27.56,18.51,20.85,17.03,16.62,41.31,23.04,23.17,34.76,18.38,18.17,15.59,20.77,29.1,25.98,17.38,37.37,28.75,17.33,60.3,31.02,25.67,46.46,28.53,35.84,44.66,21.88,26.25,17.57,56.72,21.99,30.35,19.12,29.31,23.56,19.58,23.45,23.75,32.0,23.69,61.65,28.05,36.36,37.94,20.3,24.2,21.96,17.75,18.02,26.95,21.59,22.07
2025-06-04,27.81,26.91,21.78,34.1,44.22,36.24,40.94,35.41,22.42,27.66,49.96,25.19,27.58,24.02,23.46,22.26,32.72,,16.74,25.8,25.37,18.47,27.47,30.83,35.13,20.2,25.63,18.42,28.97,23.46,24.7,29.99,20.49,18.99,25.91,42.6,20.34,33.1,42.8,40.53,31.76,27.31,27.11,26.97,20.31,18.07,21.92,43.92,22.56,26.8,17.62,21.35,16.66,17.2,40.96,22.25,23.67,35.77,18.27,18.17,21.75,21.4,29.37,26.47,19.61,36.45,26.35,17.15,57.92,31.8,26.26,46.73,28.41,35.21,46.03,20.58,25.11,17.64,55.62,23.49,30.77,20.72,29.09,23.17,17.97,23.11,22.56,33.25,24.0,62.2,27.96,37.61,37.49,22.18,25.81,32.55,18.25,19.59,26.55,21.65,23.04
2025-06-05,28.35,27.37,19.92,33.69,44.02,36.96,41.76,35.17,23.15,29.69,48.81,24.3,28.79,25.23,22.99,21.89,31.3,,16.92,27.13,25.33,18.24,25.39,31.2,31.84,21.46,26.17,18.1,29.37,24.04,23.85,31.01,21.0,18.96,25.83,43.31,20.72,33.47,44.39,39.94,32.24,27.92,28.43,26.98,21.5,17.54,21.53,42.16,22.91,26.12,18.3,22.24,17.47,17.95,40.67,22.24,23.17,37.03,18.22,18.14,19.5,19.84,29.46,23.9,18.15,35.86,26.37,17.34,60.37,32.6,26.65,47.09,28.29,36.91,45.63,21.95,25.56,18.03,62.86,22.61,31.9,18.13,29.0,23.31,18.62,24.09,22.92,32.62,24.16,76.85,28.93,39.3,36.28,21.5,25.43,24.61,18.27,20.18,27.03,21.61,23.85
2025-06-06,27.52,25.93,21.1,33.83,42.16,34.33,40.24,33.0,23.05,27.07,38.79,23.45,26.92,22.11,21.42,22.04,30.52,,15.97,24.33,24.54,18.5,26.45,30.58,27.72,20.26,24.67,18.53,28.99,22.09,24.19,29.4,19.27,19.055,25.41,42.8,20.18,34.03,42.55,36.92,33.38,26.09,26.56,25.24,21.33,16.82,20.72,41.71,21.69,26.03,17.18,19.17,15.71,16.28,40.4,22.33,22.53,33.36,17.04,17.02,24.05,19.48,27.63,24.95,16.59,34.67,24.92,16.68,57.11,30.05,25.1,46.96,27.28,35.71,43.36,21.93,25.09,18.08,55.23,21.81,29.59,20.12,28.16,21.78,18.59,22.92,22.5,31.74,23.08,66.42,27.43,36.85,33.2,21.07,25.9,24.3,16.77,19.46,24.1,21.34,22.26
2025-06-09,28.22,26.52,20.54,34.93,41.84,34.89,40.99,34.03,23.67,27.34,37.17,23.67,27.97,22.74,20.81,22.12,28.59,,15.92,24.37,24.06,18.55,28.97,30.22,30.53,20.16,25.65,18.07,28.22,23.08,23.86,28.9,19.28,19.15,24.96,43.7,20.76,34.31,40.6,39.25,30.5,26.09,26.36,25.57,20.99,18.2,21.18,41.99,21.69,29.78,19.35,20.42,16.27,16.61,39.92,22.9,23.42,35.26,18.04,16.84,20.96,19.25,28.08,25.27,17.37,33.57,25.42,17.03,57.03,32.34,25.64,48.39,28.42,35.83,42.17,22.61,25.84,17.34,54.75,22.33,31.86,20.18,26.64,22.51,18.91,23.18,23.58,29.66,24.65,63.73,27.4,37.03,35.8,20.88,25.75,24.64,18.25,21.09,25.15,21.06,22.22
2025-06-10,26.9,27.45,19.82,34.24,40.66,34.89,40.39,33.74,23.34,27.16,36.44,23.93,27.64,22.27,21.28,22.16,28.9,,15.73,24.04,24.04,18.98,31.3,30.3,29.38,19.89,25.28,17.37,26.04,21.75,23.25,28.05,20.18,18.88,28.75,43.41,20.09,33.33,42.46,38.02,30.88,26.03,26.54,25.05,21.17,17.49,21.94,48.27,21.75,28.92,17.49,19.77,19.0,16.19,39.92,22.89,22.63,31.68,17.97,17.12,17.55,17.46,27.82,24.82,20.54,33.99,24.99,16.84,56.68,31.52,26.22,49.49,27.68,34.8,41.15,22.66,27.75,16.95,54.49,22.07,30.19,19.7,26.75,21.64,18.81,22.62,23.1,31.11,23.97,62.9,27.31,37.53,34.83,19.94,25.9,22.19,17.63,20.75,24.43,21.18,21.59
2025-06-11,27.92,26.78,21.36,34.77,40.47,34.25,40.47,32.59,23.55,27.36,36.51,24.61,28.46,22.91,22.25,21.95,30.48,,16.16,24.4,23.62,17.88,22.03,30.3,31.77,20.72,26.66,19.68,27.25,25.13,23.0,28.54,21.41,18.62,25.91,42.81,20.86,33.89,42.98,40.07,30.25,26.16,26.67,25.52,21.99,17.51,23.72,45.03,21.67,27.72,17.44,20.14,16.48,16.88,38.99,24.78,23.1,32.31,17.71,17.95,20.32,18.78,27.47,25.28,17.77,31.74,25.48,17.24,59.83,31.72,26.5,48.41,28.67,34.67,42.68,21.85,24.65,16.83,55.59,22.13,29.39,20.66,29.3,22.06,18.61,23.54,21.83,29.64,24.55,62.83,27.53,34.19,36.02,20.51,24.79,23.96,17.65,21.1,24.77,21.03,24.14
2025-06-12,27.19,26.33,21.45,35.67,41.78,33.67,39.0,31.14,23.15,27.12,35.28,24.78,34.45,23.67,22.47,21.65,30.26,,16.06,24.98,23.52,17.93,21.82,28.93,29.91,20.01,25.74,17.4,26.96,24.95,22.52,26.67,20.77,18.83,25.92,43.05,21.44,33.94,42.31,32.17,30.02,26.08,26.22,25.97,21.05,17.53,22.1,44.28,21.47,28.89,17.71,21.13,16.34,17.42,37.81,24.36,23.22,32.35,17.37,17.04,19.9,17.79,27.78,26.36,16.57,31.05,26.09,16.92,57.26,31.7,27.84,49.32,28.17,34.77,28.51,22.66,24.27,17.21,53.23,22.52,29.4,21.26,28.44,23.52,22.01,22.98,22.87,30.56,24.38,61.34,27.98,35.21,34.54,20.92,25.18,24.24,18.12,21.45,25.38,21.86,23.35
2025-06-13,27.98,26.2,21.07,36.6,25.52,36.05,39.4,30.62,24.95,28.21,36.81,28.41,34.13,25.74,26.29,22.36,31.48,,17.28,27.52,25.34,20.92,21.61,32.51,34.36,20.88,27.42,21.07,27.43,27.16,24.07,28.17,22.66,19.52,27.35,43.5,23.56,35.31,44.84,37.86,31.61,26.55,26.84,28.78,24.02,18.16,22.74,44.49,21.58,29.02,18.12,23.14,16.82,18.62,37.33,28.77,25.32,36.92,21.79,17.97,20.79,18.16,28.39,27.09,17.11,30.85,28.39,17.91,57.32,30.98,31.53,49.87,29.94,36.6,33.82,22.3,24.65,17.16,55.45,24.1,31.89,24.58,29.16,26.4,19.48,24.41,23.57,32.27,24.07,63.82,29.57,35.54,34.84,21.77,26.36,25.98,22.71,21.31,28.33,23.28,26.64
2025-06-16,26.54,27.05,23.31,35.56,24.53,34.71,40.55,29.38,22.42,26.96,35.98,28.37,30.89,26.54,24.45,22.71,30.32,,16.44,27.24,23.74,21.61,21.4,29.95,30.92,21.17,25.85,18.05,32.48,23.91,23.44,27.54,20.36,18.94,24.37,43.75,21.77,33.43,42.19,33.59,30.22,26.07,26.39,28.54,22.36,18.67,22.55,43.35,21.39,30.07,18.58,24.04,17.47,16.33,36.87,25.22,24.33,35.92,19.22,18.05,19.34,21.53,27.99,25.19,17.65,29.32,28.7,17.13,58.43,30.56,37.95,50.14,29.46,34.31,29.1,24.88,22.8,17.73,54.29,23.02,30.18,22.84,28.11,27.9,20.23,23.49,22.18,32.37,23.51,62.28,27.57,34.64,35.93,20.74,26.29,26.95,19.99,20.6,29.13,22.24,23.53
2025-06-17,28.0,27.38,25.75,36.37,27.39,37.3,42.1,30.6,23.96,28.12,37.46,30.73,33.52,29.1,26.66,23.96,30.48,,17.52,29.7,26.16,21.29,22.67,30.85,33.57,21.83,27.59,18.05,27.99,27.07,24.84,30.1,22.36,19.21,26.99,44.08,22.52,34.3,43.63,36.5,31.6,26.83,27.16,31.02,23.67,19.32,24.25,44.18,21.44,30.72,20.42,26.25,19.53,19.47,36.97,27.92,25.54,37.54,20.7,18.42,20.12,20.51,29.16,27.4,19.35,29.41,31.19,18.04,58.82,29.31,41.05,51.93,29.84,35.9,29.99,27.15,23.58,18.68,55.5,24.09,32.04,25.32,28.62,29.93,20.25,25.01,24.72,33.39,25.43,62.7,29.54,35.54,34.56,21.96,26.36,28.17,21.47,21.8,33.63,23.15,26.54
2025-06-18,26.57,26.86,25.73,34.01,25.95,36.38,39.48,30.1,24.54,28.17,36.9,31.48,31.69,29.14,24.87,24.06,30.88,,16.94,30.4,24.96,22.61,18.3,30.38,32.53,20.91,26.89,18.38,27.57,25.72,24.1,29.34,21.27,18.71,24.96,43.58,22.46,33.96,42.8,31.88,30.44,27.03,26.92,30.74,23.25,19.05,25.88,45.03,21.31,32.12,20.97,26.64,18.82,17.47,36.35,27.38,25.52,37.01,27.1,18.45,19.33,24.07,28.15,26.57,18.47,30.7,31.11,17.34,55.61,29.64,42.89,51.53,28.82,34.48,29.56,27.34,23.88,18.92,51.74,23.49,30.84,23.36,28.3,30.96,20.6,25.24,23.33,32.08,24.47,61.44,28.52,35.91,32.58,23.71,26.32,27.65,26.01,21.67,31.74,22.56,24.56
2025-06-20,25.98,27.25,23.72,24.54,25.87,37.88,40.61,31.81,23.2,28.58,36.66,31.12,31.58,28.8,25.4,22.89,30.86,,16.58,30.06,25.54,21.79,25.85,30.83,31.84,21.3,26.64,18.16,28.09,24.62,25.54,31.57,20.95,19.29,26.63,44.57,21.26,35.12,45.39,29.84,32.82,29.63,29.82,30.45,23.0,18.89,27.46,45.93,21.38,34.14,18.8,26.2,19.99,18.68,37.77,26.75,25.16,37.24,25.48,18.47,19.14,21.41,28.8,28.38,18.77,29.65,30.26,18.12,55.07,29.37,43.16,47.23,32.06,34.73,28.1,26.67,23.4,17.26,51.98,24.86,31.77,23.54,27.83,30.74,17.23,23.39,26.04,32.5,25.96,62.09,30.36,37.52,32.94,22.07,26.7,26.92,24.78,22.62,30.87,24.36,23.73
2025-06-23,25.06,27.07,25.97,22.3,25.1,35.53,39.5,28.42,21.85,27.64,35.93,29.59,31.54,26.8,23.59,22.41,27.18,,15.73,29.36,24.51,21.35,29.4,31.96,29.74,20.5,27.06,19.17,25.88,23.39,25.04,32.2,20.96,17.98,25.72,42.86,21.8,38.5,46.84,33.53,35.06,31.1,31.34,30.28,21.6,20.23,32.87,47.13,22.11,35.89,19.91,25.96,20.54,16.6,33.98,28.96,24.02,35.86,22.6,17.48,19.16,18.21,28.12,29.48,18.6,29.49,29.32,17.78,54.43,28.44,43.34,47.21,35.77,32.51,27.45,26.18,18.58,17.79,50.59,28.44,29.41,24.75,28.07,34.15,18.45,23.72,26.82,35.09,28.33,65.36,30.9,34.0,32.32,23.21,26.44,25.71,22.64,22.46,29.95,20.25,23.07
2025-06-24,24.77,26.51,24.46,21.4,23.28,34.91,40.24,25.31,21.36,25.95,35.2,28.75,29.68,25.88,21.77,21.39,26.49,,15.58,28.46,21.77,20.79,19.31,31.22,31.96,19.62,25.74,17.28,25.96,24.22,23.44,32.0,19.8,18.1,23.37,40.25,20.48,36.69,46.31,29.67,36.94,31.33,31.06,30.02,20.57,18.85,33.18,44.35,20.42,36.86,17.09,24.19,19.04,19.02,34.18,25.76,23.93,34.03,19.79,17.34,21.78,17.91,27.61,27.91,17.04,28.29,28.21,17.04,54.19,30.54,41.99,45.66,37.71,31.78,28.41,25.59,20.625,16.73,47.74,28.59,28.5,24.17,27.26,29.68,15.78,22.69,27.72,34.32,28.47,63.61,31.17,36.07,31.46,22.34,24.71,24.08,20.38,21.72,28.88,20.35,22.26
2025-06-25,24.16,27.0,24.14,20.86,24.05,35.61,42.46,24.71,21.47,26.08,35.31,28.03,29.0,26.29,22.19,21.85,21.86,,15.93,27.81,21.83,16.96,19.54,33.21,29.09,19.96,26.56,15.04,27.46,23.54,23.85,33.03,19.52,17.33,22.86,25.4,21.5,37.7,48.3,31.42,38.01,31.92,32.36,29.6,20.96,21.22,36.01,55.0,19.65,38.81,18.07,24.45,21.16,17.47,35.14,26.75,22.14,36.14,20.63,17.59,16.2,18.08,27.85,29.64,20.99,25.94,28.99,17.1,51.15,30.98,42.11,49.76,39.38,34.9,29.68,29.23,22.67,16.4,48.68,30.43,27.6,25.16,25.91,29.36,16.23,23.32,28.34,34.74,30.26,63.97,32.64,34.01,32.03,23.58,24.05,24.22,22.61,22.24,28.98,20.82,21.72
2025-06-26,24.95,26.37,23.25,23.33,23.88,32.58,41.84,24.09,21.0,27.52,35.25,28.45,31.21,29.07,22.7,21.58,27.94,,15.0,29.32,21.33,19.57,27.49,33.26,29.79,19.86,26.07,17.12,27.56,22.6,23.01,33.41,18.25,18.16,22.15,24.84,20.25,36.61,47.88,30.69,37.49,32.1,32.39,30.37,20.73,23.63,34.96,54.33,20.09,38.31,19.8,25.27,20.47,18.53,35.92,26.81,22.61,33.21,21.18,17.58,21.07,17.25,28.98,29.8,18.01,29.69,29.69,18.09,39.65,30.5,42.96,46.21,40.61,34.16,27.59,27.61,23.62,16.85,48.98,27.1,29.68,22.35,27.59,28.65,19.73,22.4,28.25,35.2,30.88,62.26,32.05,33.69,33.27,22.55,24.78,26.42,22.43,24.8,31.78,21.21,24.44
2025-06-27,25.9,27.64,23.13,21.61,23.01,33.11,41.67,23.9,21.97,28.22,35.24,28.16,27.97,24.85,23.33,20.74,27.22,,15.65,29.58,20.8,20.17,22.83,32.49,30.03,19.43,25.91,18.01,25.47,21.66,22.32,33.29,18.58,17.37,21.32,23.47,20.29,38.01,49.92,28.46,33.77,31.8,31.61,29.34,19.43,21.98,34.43,48.21,19.64,38.86,17.62,24.34,20.26,16.84,35.24,25.45,21.14,34.17,21.39,16.91,20.94,20.7,29.48,31.09,16.72,30.2,28.8,18.59,38.59,28.93,43.64,31.79,39.84,36.5,26.76,26.87,22.9,18.06,60.84,31.21,30.2,23.17,29.08,28.64,18.17,22.08,28.31,36.65,30.24,60.87,31.8,36.16,36.57,22.41,25.33,25.57,22.88,22.97,29.42,21.03,21.98
2025-06-30,29.08,26.31,24.26,21.19,24.8,34.08,42.02,23.42,22.55,33.12,36.22,29.19,32.9,26.33,27.67,21.66,27.61,,15.94,28.51,21.27,24.42,25.31,34.28,29.47,19.55,27.33,17.03,33.51,24.22,24.42,34.71,19.33,17.7,22.57,25.07,20.61,39.03,49.33,25.44,38.19,34.92,35.95,29.23,20.36,22.78,35.19,49.78,20.47,38.24,18.15,24.41,21.4,18.47,34.45,27.34,21.92,36.22,22.93,18.31,21.75,19.53,35.52,32.33,20.83,34.55,29.02,22.38,38.75,28.45,43.46,28.51,41.17,35.69,33.01,27.93,21.08,18.68,54.51,29.64,35.25,26.99,33.99,30.29,18.18,24.43,26.48,38.39,29.57,61.03,32.87,37.35,45.94,22.16,32.32,26.55,23.69,22.695,29.99,19.83,22.99
2025-07-01,28.84,25.8,25.16,21.29,24.34,32.5,43.1,22.99,22.17,35.02,37.29,29.39,34.44,26.06,30.76,21.73,28.79,,15.64,29.05,21.95,21.75,28.92,34.0,34.62,19.67,27.54,17.03,35.6,25.11,23.31,34.27,18.93,17.28,22.28,25.26,21.2,40.93,52.41,24.52,40.58,35.12,35.4,30.25,20.59,23.85,36.67,53.44,20.47,37.85,19.07,24.57,19.76,17.14,32.98,27.83,20.62,38.24,23.38,18.69,18.48,18.97,37.71,33.24,21.95,34.53,29.25,23.98,38.93,28.71,43.84,28.83,41.39,36.54,31.37,26.01,19.02,19.39,55.15,30.67,36.78,23.18,32.22,30.0,18.73,22.9,26.4,36.81,29.82,63.31,33.03,36.13,48.76,22.16,35.88,24.25,24.08,22.42,30.26,20.94,20.63
2025-07-02,29.06,27.08,23.41,21.91,26.0,33.58,42.52,24.01,22.28,36.74,36.55,29.58,35.49,25.8,32.43,21.72,33.23,,16.5,28.73,22.28,23.8,31.31,33.56,28.81,19.69,27.66,16.72,39.36,24.86,23.07,34.22,19.17,18.84,24.73,25.16,20.94,38.34,51.23,25.0,37.98,35.7,36.21,29.79,20.18,23.44,34.9,55.12,21.56,38.05,17.51,23.96,20.52,17.44,32.95,27.94,22.77,34.55,23.31,17.99,22.29,21.74,39.49,32.36,21.42,34.12,29.51,25.28,38.86,28.99,43.72,29.59,41.68,35.9,33.03,25.18,21.72,19.26,54.2,31.89,37.39,25.54,37.1,29.0,18.39,23.37,27.58,37.25,30.27,60.73,34.34,38.12,54.67,21.59,38.29,32.69,24.46,21.44,28.71,20.55,20.62
2025-07-03,28.31,27.28,23.74,22.18,24.83,33.31,42.68,23.77,23.05,35.33,36.17,29.14,34.79,25.45,32.38,21.68,30.74,,16.04,28.88,22.75,22.99,30.94,33.19,28.49,19.33,27.36,17.1,38.88,23.81,24.03,33.4,20.36,18.14,24.88,25.39,21.31,37.54,50.91,27.63,38.91,35.39,35.73,28.92,20.22,23.04,35.75,55.76,21.25,38.7,18.26,24.46,19.31,17.0,34.49,27.35,22.43,38.09,23.5,20.15,22.26,19.16,38.77,33.83,22.22,33.99,28.9,24.92,38.4,30.36,42.16,29.07,42.03,35.03,35.41,25.18,22.61,20.25,54.86,31.1,38.04,25.65,36.06,29.27,21.59,23.38,27.33,37.34,30.04,58.38,33.2,38.07,50.07,21.28,36.99,27.32,24.31,22.84,28.85,20.23,23.13
2025-07-07,30.7,28.26,24.6,22.49,26.16,34.4,47.7,28.34,25.1,37.27,38.63,29.83,36.57,26.82,33.06,22.58,32.97,,18.75,30.41,27.22,24.5,33.38,34.07,33.5,20.71,29.23,18.26,38.55,26.17,23.95,35.26,27.98,21.07,26.33,26.08,20.96,39.6,52.41,24.96,40.63,36.8,36.87,29.7,21.41,23.47,37.04,52.67,22.25,38.21,18.44,25.05,20.28,18.98,41.43,28.15,23.53,41.18,24.08,20.78,27.91,21.03,39.72,33.05,21.68,35.49,29.72,25.93,40.43,29.87,43.29,30.02,43.65,36.61,35.91,26.25,24.98,19.57,65.65,31.52,38.61,28.45,39.64,29.0,20.88,25.99,26.0,37.1,31.07,61.61,34.33,44.52,52.6,22.54,38.13,28.4,25.15,22.95,30.7,21.64,23.99
2025-07-08,29.81,29.47,23.83,22.08,25.82,32.52,47.87,28.17,24.31,37.24,37.77,29.53,34.74,26.83,32.82,21.74,33.9,,18.36,31.82,27.42,25.03,29.83,32.92,29.88,20.39,28.69,18.77,39.63,26.28,24.59,35.1,28.33,19.19,26.26,25.86,20.86,37.78,52.18,27.4,39.53,36.32,36.53,29.46,21.29,23.24,36.55,56.56,21.77,37.25,17.82,24.89,20.61,18.66,42.98,28.57,23.87,36.25,24.92,20.78,21.94,19.13,39.1,32.06,22.7,35.18,29.26,24.83,39.6,30.48,42.26,30.12,43.2,36.18,35.69,27.0,23.41,20.81,66.45,30.91,39.0,25.17,36.23,30.53,20.25,25.33,26.13,36.89,30.41,59.71,33.95,43.45,50.62,21.04,38.31,28.12,25.47,21.77,29.71,21.35,22.69
2025-07-09,29.65,28.22,23.63,21.96,25.6,32.2,48.48,28.6,22.88,35.87,36.97,29.29,35.3,25.85,32.68,21.26,28.85,,18.56,28.88,27.66,21.14,30.98,32.98,31.05,20.61,27.49,17.9,35.94,25.08,24.39,35.48,30.67,19.78,24.99,24.35,20.48,37.28,51.24,28.83,40.63,36.87,36.85,27.07,20.07,22.83,36.11,54.39,21.89,37.6,15.3,23.49,19.15,17.7,44.98,29.67,22.66,38.23,24.85,21.44,20.67,18.41,38.96,33.87,24.65,36.03,28.4,24.81,39.85,28.98,41.45,27.7,42.84,35.48,34.08,26.32,25.88,20.87,68.27,32.39,37.94,27.58,36.17,29.52,21.64,25.46,36.9,36.82,30.04,56.31,32.68,43.74,50.84,21.09,33.37,25.06,24.46,21.9,28.84,22.26,22.28
2025-07-10,28.86,26.81,23.36,22.71,26.12,31.29,49.64,27.29,23.33,35.98,36.6,29.0,34.24,25.99,32.35,21.78,34.31,,17.74,28.93,28.45,20.77,29.01,32.2,29.2,20.96,28.58,18.79,37.69,24.83,26.34,35.4,30.67,18.92,25.48,24.63,20.28,37.17,51.12,28.55,38.23,35.93,36.56,27.88,20.23,22.59,36.18,53.45,21.98,37.42,18.07,24.13,19.65,16.8,45.43,28.43,22.89,35.72,24.67,21.39,20.59,20.16,38.41,32.43,22.57,34.27,31.04,24.92,38.79,27.74,42.12,27.52,43.73,35.82,32.97,26.73,25.14,20.595,67.95,31.59,38.09,26.87,37.03,29.56,19.25,24.53,27.07,38.48,30.29,56.36,32.82,44.33,49.33,21.6,36.04,26.41,25.53,21.72,29.12,21.86,21.91
2025-07-11,28.81,26.87,23.09,24.49,26.35,32.08,49.82,26.97,24.13,34.92,36.52,28.55,33.33,26.29,32.03,22.24,34.05,,18.14,29.12,27.96,23.7,31.18,30.72,30.08,20.28,27.54,20.42,38.1,27.02,26.85,35.41,31.57,19.95,26.74,24.18,19.9,37.83,50.5,30.52,38.02,35.67,36.17,28.32,20.33,22.62,37.1,55.02,21.91,38.29,18.58,24.14,19.68,17.82,45.18,28.12,23.08,36.4,25.91,22.21,24.81,22.05,38.67,32.47,22.91,32.0,27.62,24.83,39.1,27.62,43.14,27.68,43.91,35.71,33.5,26.97,26.23,20.32,67.48,31.72,38.6,24.93,36.55,30.26,19.77,25.76,27.36,36.8,29.92,55.74,31.9,43.13,48.15,22.95,36.24,26.09,26.27,22.74,28.56,20.82,22.86
2025-07-14,29.71,28.48,24.77,24.48,27.15,34.76,49.58,28.62,25.31,34.85,37.34,29.5,33.98,27.56,32.92,23.77,35.5,,18.6,29.39,28.92,21.46,31.2,32.49,30.49,20.03,28.42,25.21,38.53,27.77,30.47,35.41,32.31,18.5,28.29,25.65,21.25,39.28,52.48,30.98,38.77,36.9,37.47,28.3,21.02,23.94,38.06,54.73,22.51,38.4,18.56,24.46,20.22,19.6,44.95,28.82,24.24,38.63,25.72,21.93,22.94,16.91,39.07,33.7,22.83,34.47,28.48,25.19,41.25,28.74,41.83,28.95,44.45,35.74,33.3,27.89,25.71,21.8,69.42,31.61,39.99,27.5,38.99,29.51,18.7,24.96,27.55,37.95,30.68,55.65,32.74,43.37,48.09,23.44,37.44,26.92,26.47,22.97,28.05,21.08,23.43
2025-07-15,29.9,30.34,25.2,24.38,26.68,36.24,52.46,29.36,24.87,35.02,37.7,29.94,33.79,26.66,33.12,21.98,35.29,,18.97,26.0,29.06,24.47,30.69,33.48,30.46,20.37,27.48,25.81,39.05,27.44,31.72,36.64,31.93,19.84,29.75,25.17,21.13,37.91,51.25,31.16,38.43,36.87,36.51,27.93,21.95,24.35,38.82,53.75,22.35,38.4,18.27,21.62,20.76,19.67,46.08,29.03,24.68,38.8,26.09,22.17,22.32,18.78,39.56,32.61,22.39,35.14,27.71,25.32,40.12,28.57,41.36,28.92,44.97,35.61,33.81,27.6,26.25,22.06,68.31,31.29,39.69,27.22,39.44,28.98,19.06,25.36,27.63,39.28,30.54,55.84,33.08,43.61,49.94,23.78,37.75,26.65,26.71,22.98,24.11,20.92,23.78
2025-07-16,29.64,29.72,24.7,24.37,26.85,36.09,53.67,28.84,25.38,34.86,36.72,29.7,32.76,21.63,33.09,20.14,36.08,,18.42,24.73,28.77,24.18,32.11,33.08,30.47,20.11,27.0,27.32,39.68,27.31,32.2,36.28,32.18,21.18,29.86,26.42,21.21,38.66,51.08,31.62,37.42,36.74,37.16,24.42,21.4,24.38,37.43,54.1,22.31,38.08,15.33,20.35,20.74,21.07,44.54,28.71,24.03,40.05,24.76,21.74,22.71,18.19,39.46,33.27,21.66,35.18,23.57,25.09,41.39,29.37,40.45,29.0,43.61,35.31,34.08,27.11,26.23,21.3,67.31,30.46,39.24,27.25,38.96,28.43,21.11,25.36,27.19,38.88,29.99,54.96,34.58,43.24,48.0,23.39,38.24,26.6,25.87,22.77,22.99,20.84,24.74
2025-07-17,29.74,29.27,21.66,23.01,26.37,35.58,52.77,29.05,24.68,34.38,36.56,27.47,32.76,21.11,32.06,20.06,35.56,,17.54,24.31,27.38,23.89,33.27,33.14,29.87,19.39,27.13,28.11,38.38,28.1,32.39,35.97,32.1,18.7,28.37,26.85,20.97,26.64,49.58,29.99,37.56,36.34,36.73,23.73,21.55,23.97,36.66,53.74,21.63,37.8,14.18,19.72,19.68,20.5,48.12,28.47,24.76,39.26,24.71,21.84,23.09,17.86,39.4,31.31,22.54,34.76,22.78,24.62,41.79,28.75,40.3,27.59,42.71,34.64,34.22,19.37,26.25,21.29,67.68,31.94,39.05,26.8,38.76,26.25,19.76,24.59,28.02,39.17,29.77,54.2,33.54,43.95,48.16,23.92,39.17,22.01,25.27,23.53,22.34,21.29,25.0
2025-07-18,29.1,28.95,20.28,23.0,26.42,35.18,50.36,28.61,25.14,33.43,35.91,23.3,32.61,20.87,31.39,19.39,35.25,,17.65,23.94,27.61,24.37,32.44,32.27,29.74,19.26,28.03,26.87,38.86,23.7,31.85,37.48,31.41,19.66,27.97,25.99,20.6,28.07,50.11,31.44,36.87,35.75,36.05,23.24,21.9,24.04,36.85,52.15,23.74,37.52,13.61,19.29,18.78,18.7,46.24,28.11,24.87,37.2,23.84,21.36,21.26,17.41,38.64,23.03,22.36,34.97,22.5,24.3,40.16,28.09,27.31,26.69,43.34,33.64,33.86,19.81,25.44,22.18,66.31,32.01,38.54,26.15,38.66,20.27,19.13,22.52,29.84,38.38,30.15,54.42,34.04,43.22,48.42,24.18,39.72,21.19,24.52,22.57,21.7,22.13,24.87
2025-07-21,29.1,28.73,19.13,23.73,26.61,36.08,50.93,26.81,25.13,33.21,35.7,23.59,31.94,20.78,32.43,19.83,36.41,,16.85,23.44,27.6,23.19,31.89,30.96,30.63,19.36,28.52,27.27,38.37,24.77,32.27,36.29,30.89,19.47,26.26,26.51,20.8,27.55,49.17,31.91,36.28,35.67,36.03,23.45,24.34,24.04,34.84,51.62,26.99,37.99,13.07,19.22,19.32,19.06,45.95,29.62,27.41,38.51,24.41,21.73,22.54,18.79,37.54,22.37,22.89,34.09,22.78,24.13,42.05,29.4,25.5,28.84,43.87,33.79,33.26,20.17,24.6,21.31,66.94,33.16,38.05,25.77,38.7,20.72,20.04,24.74,26.29,39.42,28.65,56.1,34.41,42.83,46.41,24.15,40.19,21.86,24.52,17.19,21.56,24.6,24.24
2025-07-22,30.38,29.95,19.7,23.25,27.1,37.0,50.6,26.55,22.6,33.94,37.02,23.24,32.32,20.76,31.59,19.37,35.92,,17.9,23.77,27.82,22.87,30.44,31.42,30.54,19.26,29.38,26.97,39.98,22.8,32.06,28.68,31.69,19.51,28.73,26.44,22.63,29.53,49.39,32.0,30.11,38.11,38.25,23.96,25.25,24.68,35.82,53.52,27.39,38.8,13.55,19.34,16.8,19.69,45.9,25.55,29.24,38.38,23.68,22.31,22.81,19.35,38.06,22.71,22.14,35.38,23.41,24.48,42.06,27.93,26.92,28.46,44.02,34.9,33.68,18.91,24.94,21.48,65.77,24.05,39.8,21.39,38.97,20.48,20.84,24.96,28.57,36.06,28.33,55.87,31.6,43.05,48.33,24.42,39.13,23.63,24.58,16.26,22.08,25.47,24.39
2025-07-23,30.05,30.16,19.07,23.02,26.94,36.15,49.89,25.9,24.47,32.89,36.26,22.87,34.0,20.92,31.5,19.19,35.51,,17.2,23.4,28.78,26.26,29.64,25.76,30.73,19.04,29.12,26.46,39.61,23.5,31.38,27.07,32.32,20.5,26.61,25.91,17.12,27.93,44.66,33.13,28.44,36.93,36.73,23.59,26.65,24.68,33.92,54.09,27.4,25.8,13.33,18.89,17.38,21.1,45.72,23.63,29.64,38.88,23.55,23.09,22.14,21.5,37.27,23.42,22.38,33.9,21.71,24.69,40.92,25.71,26.88,27.93,43.91,33.37,33.32,17.6,25.36,20.55,64.77,23.29,38.02,20.74,38.55,20.1,19.8,25.78,21.27,30.06,30.58,55.82,29.58,44.32,48.82,21.17,40.03,21.78,25.4,16.22,22.12,26.72,23.83
2025-07-24,28.96,28.22,20.15,24.02,26.99,36.26,49.63,26.37,25.9,33.09,35.69,23.32,34.02,20.99,31.35,18.87,36.09,,17.08,23.76,27.51,23.35,33.87,26.85,28.5,19.45,28.91,25.64,45.92,23.66,32.13,27.17,32.9,19.48,27.62,25.41,16.71,28.15,44.04,31.11,28.1,29.17,29.35,22.72,25.88,18.39,22.06,54.13,29.32,27.18,12.59,19.51,16.25,20.22,47.46,21.67,29.01,39.17,23.94,22.27,22.13,19.98,36.25,22.68,21.66,32.81,22.55,23.94,39.35,25.36,25.62,28.32,28.79,32.86,32.21,16.56,24.56,22.75,63.78,22.14,37.27,19.94,39.84,19.75,21.61,25.46,20.34,27.29,20.3,46.65,25.52,45.65,51.7,21.77,38.56,16.58,25.7,15.69,22.52,26.82,23.82
2025-07-25,28.1,27.54,17.32,24.07,24.63,35.33,49.14,25.75,26.04,31.84,35.56,22.11,31.89,20.11,30.15,18.8,34.84,,16.38,23.72,26.99,22.23,30.06,24.37,30.82,18.94,29.15,26.41,38.48,22.13,30.47,26.51,31.61,19.81,27.37,25.19,15.92,27.32,41.99,29.49,27.87,27.71,27.61,22.5,25.48,17.53,20.03,38.9,29.05,25.84,13.32,18.4,14.8,20.46,45.56,20.77,28.33,39.29,22.61,22.16,21.42,18.3,35.54,22.83,21.89,31.88,21.22,24.27,38.75,24.76,25.38,27.64,28.73,33.24,31.04,17.46,24.25,21.03,64.81,23.05,37.61,18.63,40.46,19.28,15.54,24.18,19.18,27.09,19.61,46.12,23.31,44.48,48.61,21.23,37.43,20.74,23.99,15.73,21.55,26.04,24.21
2025-07-28,28.67,27.67,18.27,23.9,26.69,36.68,52.41,26.51,27.55,32.82,35.33,22.18,31.25,19.88,29.73,18.77,37.29,,17.47,24.03,26.6,25.85,31.52,24.17,33.13,19.1,34.05,27.46,38.3,21.34,30.94,26.67,31.65,21.14,28.22,26.01,16.18,26.88,41.24,31.85,27.27,27.52,27.62,22.84,26.49,16.5,20.86,39.04,29.91,25.26,15.5,18.86,15.63,21.45,45.32,21.45,29.05,41.21,23.26,22.14,22.32,18.81,37.08,22.8,21.37,33.5,21.64,24.41,39.38,25.51,25.84,26.78,29.09,37.93,32.21,18.27,25.86,21.85,65.15,22.1,37.93,19.08,38.67,20.05,18.73,26.01,20.19,27.07,21.1,46.32,24.21,43.35,48.71,22.71,42.13,23.86,23.09,16.68,21.15,26.74,22.97
2025-07-29,30.43,28.53,18.2,23.45,28.37,37.31,56.1,26.17,21.21,33.41,36.55,23.95,27.96,20.56,28.59,19.63,35.49,,17.46,24.72,27.44,22.8,33.1,25.86,29.94,19.9,35.95,27.42,38.82,21.14,31.61,26.89,31.55,21.37,27.83,27.52,16.3,27.7,42.22,30.79,27.91,28.0,28.21,24.77,25.64,17.07,21.02,39.4,30.59,25.23,15.51,20.3,15.06,20.94,46.98,21.97,29.06,40.58,22.13,22.42,30.92,21.61,38.33,23.04,21.99,26.76,22.31,24.7,42.43,26.14,25.92,27.24,29.33,41.14,33.48,19.84,25.49,17.93,66.5,22.5,37.39,18.69,37.31,20.77,17.86,26.47,21.53,27.39,21.75,46.54,24.15,43.71,35.69,21.18,27.23,19.27,23.2,15.24,21.92,26.88,22.83
2025-07-30,30.47,31.76,18.59,23.89,28.55,38.31,55.76,26.48,22.37,33.73,36.91,24.63,27.94,21.47,21.28,20.45,35.78,,17.96,25.24,27.86,23.14,36.42,26.37,29.37,19.88,37.76,27.71,39.87,23.42,31.64,26.98,32.26,21.37,28.72,28.05,16.7,27.28,41.39,29.91,29.0,27.08,27.44,24.82,26.96,16.97,21.57,38.72,30.43,24.75,15.38,19.48,15.9,21.4,47.78,20.98,29.71,38.87,22.33,22.46,20.47,22.07,37.48,24.36,18.13,27.11,22.5,22.68,42.57,26.27,25.36,28.5,28.61,45.02,34.02,18.42,26.06,19.15,64.56,22.37,37.53,18.87,28.57,21.49,20.89,27.11,19.48,27.69,21.76,45.5,25.61,39.36,30.21,22.03,28.41,23.06,20.11,15.77,22.66,26.61,24.62
2025-07-31,32.57,24.45,19.36,23.7,29.23,39.11,55.51,27.76,22.18,36.16,40.17,24.52,28.03,22.54,22.56,20.03,30.09,,18.62,25.59,28.0,24.96,23.87,27.17,30.73,20.2,40.1,28.51,29.32,22.82,31.23,28.32,33.42,19.84,28.78,28.8,16.58,27.76,43.86,31.35,29.14,28.97,29.21,25.26,27.54,17.19,22.24,38.32,31.24,26.96,16.76,21.12,16.49,21.93,45.31,22.01,29.61,33.82,20.22,23.39,20.89,22.48,27.76,24.32,17.7,28.74,24.22,19.47,44.73,26.76,26.22,29.43,30.63,46.98,35.36,20.46,28.69,19.46,66.3,23.79,30.28,20.41,28.68,21.82,17.73,27.12,22.71,28.28,23.29,47.58,27.85,44.48,37.05,21.86,27.45,21.66,20.82,18.18,23.17,27.11,22.51
2025-08-01,28.47,23.29,20.1,27.05,29.92,41.0,56.35,27.68,23.27,28.7,43.12,27.33,29.43,26.12,26.31,22.17,29.58,,19.72,28.12,31.79,23.35,24.93,29.37,29.07,20.36,41.47,30.59,30.71,22.93,33.26,28.85,34.23,20.47,30.65,30.55,18.3,29.22,45.24,32.61,30.45,28.73,29.43,28.21,27.7,18.48,23.62,42.11,33.54,26.77,16.58,23.3,16.93,22.49,45.54,24.16,29.86,34.7,21.57,22.97,20.16,22.63,28.76,25.85,19.26,28.86,26.37,20.44,46.77,27.33,26.95,31.13,31.39,46.72,36.66,22.79,27.2,18.9,69.27,26.03,27.93,20.71,29.84,23.8,16.96,28.08,23.69,29.87,25.21,50.62,28.07,44.83,37.89,22.44,30.08,24.95,22.02,18.29,25.82,27.79,22.19
2025-08-04,26.83,23.01,18.61,26.63,30.83,37.89,54.41,27.72,23.54,26.28,44.04,25.3,26.81,22.79,24.06,20.86,30.17,,15.09,26.0,28.7,20.62,26.63,27.25,27.52,19.77,42.09,28.69,28.92,21.52,31.95,29.42,34.01,18.05,29.2,29.36,17.06,27.52,42.75,30.5,28.8,29.31,29.06,25.79,26.5,17.22,22.15,38.33,32.64,26.09,15.53,20.61,15.9,18.01,45.48,21.78,28.99,31.86,19.84,22.53,22.5,24.15,27.79,24.55,17.72,27.56,24.73,18.08,44.27,26.2,25.13,29.69,30.35,45.32,36.35,22.88,29.02,17.77,68.39,23.67,27.56,19.4,28.35,22.15,17.45,28.5,24.13,29.12,23.77,46.39,26.57,45.77,37.43,22.18,26.35,29.36,19.8,17.1,23.54,26.84,21.93
2025-08-05,28.05,22.35,19.2,29.51,32.03,39.98,55.72,29.04,23.09,26.18,47.21,25.28,26.93,24.49,24.33,21.16,28.41,,15.47,26.87,23.42,20.42,23.39,28.94,28.73,20.3,43.42,29.67,28.88,20.67,31.22,30.0,33.45,19.91,30.38,27.15,16.83,26.63,44.42,29.02,28.89,30.21,29.2,26.25,26.77,16.34,20.96,43.03,33.5,26.45,14.99,20.77,16.27,18.66,43.11,22.49,29.76,34.19,20.29,23.22,21.23,22.57,27.87,25.8,17.25,29.44,25.23,18.74,42.94,26.26,26.18,29.0,30.89,45.87,36.92,22.75,23.12,18.74,49.33,23.79,28.41,19.42,28.36,22.55,17.91,21.7,21.56,28.17,23.62,45.85,25.28,43.24,37.75,20.88,27.27,22.1,20.52,16.81,24.56,26.79,22.14
2025-08-06,26.61,22.6,18.42,28.51,29.75,38.5,42.82,23.84,23.31,25.19,48.44,24.22,26.24,23.9,23.12,20.19,34.77,,14.47,26.07,23.71,19.69,23.56,27.73,29.38,20.06,41.91,29.69,28.48,21.71,30.65,29.38,21.01,18.54,19.27,27.38,16.08,26.42,42.36,34.64,28.35,28.46,30.54,24.52,26.53,16.99,21.99,41.2,32.32,25.64,16.29,21.17,15.29,18.24,45.16,20.94,28.83,33.88,19.17,18.41,20.19,22.71,26.63,23.73,16.28,26.98,24.93,18.53,42.51,26.15,25.41,28.74,30.3,44.5,35.73,22.56,22.05,17.85,47.58,23.04,27.98,17.11,26.99,21.91,17.35,21.77,21.62,28.69,23.05,44.3,25.5,31.77,36.79,19.97,26.27,23.24,19.51,14.88,24.36,26.55,23.28
2025-08-07,25.21,21.97,18.95,32.07,32.67,40.84,43.8,22.42,22.58,25.15,47.92,25.1,26.95,24.27,23.68,21.1,26.83,,14.86,26.68,23.1,20.15,24.62,29.26,28.15,19.58,43.93,29.18,27.22,21.12,30.62,28.68,21.8,17.83,20.56,27.18,16.0,26.26,43.63,36.87,29.19,30.2,30.71,25.94,26.9,16.92,22.74,43.69,35.25,26.64,14.99,22.13,16.07,18.03,36.67,20.39,28.89,33.56,20.96,17.73,20.17,22.34,27.14,23.45,16.23,26.47,25.48,19.3,42.89,26.52,26.2,29.3,33.72,44.33,39.3,22.63,21.65,17.28,48.04,23.28,27.43,18.67,27.5,22.74,15.93,21.61,22.17,28.15,22.1,44.22,25.71,32.11,34.91,20.33,25.28,29.33,21.32,17.31,26.53,26.27,22.71
2025-08-08,25.25,20.52,17.51,30.8,34.66,38.68,42.31,21.54,21.46,24.04,46.91,23.25,26.33,22.89,23.11,20.0,26.26,,14.04,25.93,21.87,19.02,22.22,27.98,27.39,19.03,44.07,28.31,26.11,19.7,30.56,27.75,21.2,17.12,20.31,25.95,15.16,26.23,41.26,22.79,27.98,30.26,30.63,24.32,25.17,16.09,22.29,42.02,35.45,25.94,14.2,20.81,14.99,17.16,32.41,21.54,27.77,32.01,18.96,17.12,19.41,22.35,25.51,23.42,15.73,26.24,23.22,17.71,43.26,26.44,25.61,29.32,32.49,42.67,39.09,20.2,20.15,16.16,46.32,22.25,26.27,18.62,26.35,21.91,15.65,21.36,19.75,27.86,20.76,44.22,24.25,32.8,33.97,19.32,24.73,20.1,19.31,15.68,23.38,25.92,20.9
2025-08-11,25.59,22.39,17.93,31.01,42.42,39.03,43.9,21.52,24.53,24.86,46.91,24.81,26.87,23.79,24.3,20.88,26.59,,14.1,26.78,23.05,19.51,23.08,28.49,28.61,19.78,45.2,29.74,26.53,20.66,31.22,27.72,21.93,17.16,21.45,28.83,15.52,26.55,42.97,22.12,30.4,30.64,31.04,25.12,26.35,16.87,23.08,48.46,38.55,26.03,14.35,21.22,15.8,17.1,32.16,21.78,28.13,33.97,19.53,16.39,19.32,24.99,26.93,24.48,17.23,26.4,24.19,19.0,43.84,27.88,26.31,29.44,34.31,43.29,46.14,19.64,19.86,17.68,46.73,23.3,26.45,19.42,27.99,22.24,15.33,22.6,20.42,28.8,21.2,45.99,25.38,32.84,34.12,18.97,25.58,22.75,20.0,16.085,24.96,26.97,20.99
2025-08-12,24.64,20.24,16.72,29.82,44.94,37.96,42.51,21.99,23.765,24.55,46.23,23.22,25.73,21.83,21.88,19.0,25.95,,13.56,25.38,22.3,18.28,29.11,27.37,28.53,18.44,45.57,28.7,25.53,19.41,30.61,26.52,20.58,16.14,21.14,28.26,15.02,25.22,40.42,24.95,27.59,30.54,31.44,23.7,24.99,16.25,23.42,45.57,36.52,25.34,14.48,20.28,15.39,16.83,31.56,21.06,27.4,30.17,18.75,16.16,18.01,24.87,26.65,23.11,17.5,25.82,21.91,18.38,41.75,28.11,24.99,27.61,32.1,41.91,47.07,20.48,20.06,14.06,45.35,22.61,25.44,18.28,27.04,21.04,14.97,21.72,20.06,27.29,20.75,44.22,25.45,31.38,35.21,17.16,24.31,20.83,18.94,16.49,23.43,25.38,20.59
2025-08-13,25.0,19.45,19.5,29.64,46.67,38.95,44.45,21.68,23.0,24.29,47.0,24.17,26.03,22.34,21.87,19.28,26.33,,14.3,26.57,21.86,17.85,30.19,26.68,26.47,19.12,45.31,32.95,25.36,19.78,33.73,27.44,21.1,17.73,18.27,27.15,15.01,27.29,43.46,21.72,26.87,30.06,30.11,24.86,25.32,15.43,23.5,45.26,36.93,25.15,13.45,20.56,15.13,17.68,30.54,21.73,28.87,30.43,18.82,16.18,17.0,22.81,26.0,21.67,17.09,26.43,23.36,18.61,42.21,28.39,25.54,28.71,31.97,43.47,52.0,19.02,19.55,16.52,46.13,24.09,26.11,17.63,26.93,22.65,15.73,20.82,20.06,27.74,20.53,44.84,26.45,32.79,36.03,20.19,25.6,20.95,19.67,14.57,24.72,25.92,20.13
2025-08-14,23.45,20.0,20.1,28.74,47.23,38.98,43.64,20.12,22.235,24.02,47.47,23.85,27.86,22.29,22.87,19.0,25.88,,14.0,25.94,23.2,20.84,23.46,26.45,27.36,19.04,45.22,18.99,25.28,19.79,23.76,26.3,21.68,18.43,19.57,35.63,14.41,27.29,43.28,22.19,26.74,29.4,29.97,24.58,25.06,18.71,23.8,57.65,36.83,24.94,14.68,20.96,15.86,17.74,31.1,22.86,27.85,33.77,17.82,16.38,17.9,25.66,25.43,22.8,17.76,28.79,23.06,18.2,43.37,27.6,25.65,28.37,32.32,42.94,51.34,23.19,19.94,17.78,46.05,23.62,26.97,17.97,27.2,21.7,16.51,22.43,20.08,25.77,20.09,43.94,26.16,32.59,38.27,19.52,29.44,21.15,19.55,15.77,24.05,26.8,21.22
2025-08-15,23.28,18.55,18.59,28.04,46.21,33.17,42.61,19.41,21.47,23.28,48.08,23.19,26.72,22.19,22.68,20.0,27.13,,14.06,26.4,22.34,18.88,23.23,26.55,26.62,19.35,44.49,19.7,26.05,20.18,22.3,26.42,21.13,16.32,19.33,31.49,14.67,25.85,42.45,22.46,26.99,30.07,28.95,24.1,24.72,16.96,22.67,54.89,36.0,25.32,14.18,21.29,15.63,13.65,31.25,21.03,27.32,33.94,17.98,15.89,20.2,20.61,25.64,24.45,17.29,27.45,22.99,18.52,42.64,26.7,25.54,28.06,31.72,43.42,51.37,19.6,19.56,16.4,45.83,23.02,26.04,18.4,27.36,22.05,14.72,19.97,19.82,26.57,20.21,43.56,26.33,32.07,39.64,18.64,26.36,21.67,18.79,16.02,24.51,26.92,21.43
2025-08-18,23.84,18.76,19.13,28.07,47.7,31.04,41.95,19.77,22.47,23.3,48.0,23.56,27.71,22.71,23.01,19.76,27.1,,14.1,26.29,23.43,18.28,22.74,26.94,27.01,18.83,44.99,19.16,26.64,20.11,22.06,26.41,21.72,16.51,20.96,37.9,14.83,26.46,42.58,23.71,26.64,29.75,30.67,24.45,24.66,16.73,22.34,51.97,35.62,26.03,14.15,20.84,16.05,15.79,30.28,20.68,27.5,33.6,17.49,15.76,20.17,29.15,26.99,24.52,19.27,28.45,22.77,19.21,41.99,23.63,25.24,28.34,32.36,41.23,51.44,19.08,18.29,17.39,46.4,23.26,26.4,18.36,27.85,22.44,14.62,20.45,19.34,27.18,19.7,43.06,25.41,33.09,37.93,18.88,27.22,22.0,19.17,15.59,24.02,26.8,21.35
2025-08-19,23.46,19.78,19.17,28.77,48.11,33.14,43.85,20.27,21.35,24.3,50.39,24.31,28.25,23.23,23.19,20.16,28.05,,15.0,27.03,23.76,18.66,23.77,27.62,27.37,19.98,45.47,19.19,26.64,19.96,22.74,27.28,21.85,16.29,21.82,39.04,15.43,26.55,44.32,24.73,27.16,29.87,30.33,25.19,19.39,16.7,22.53,55.69,36.67,26.07,14.59,21.44,16.51,16.92,30.38,19.61,25.7,34.76,18.31,16.18,20.58,18.21,27.66,24.27,18.9,28.65,23.07,19.42,43.89,23.19,26.42,29.11,32.49,44.22,54.31,19.26,19.26,17.44,54.91,23.45,27.48,18.92,27.96,22.34,17.3,20.52,19.87,27.6,19.62,44.39,27.07,33.47,36.68,19.41,26.91,22.2,19.77,15.87,24.56,27.74,20.97
2025-08-20,24.29,19.72,19.03,27.88,47.44,31.2,43.71,19.99,19.82,25.48,50.12,24.78,28.28,23.13,23.11,20.77,27.21,,15.08,27.13,23.5,16.8,23.91,28.5,27.07,19.9,45.13,19.17,24.91,19.99,22.15,26.85,22.49,16.7,20.11,41.61,14.57,28.05,44.58,24.34,26.72,29.76,30.16,25.93,19.02,17.15,22.26,52.47,37.12,26.05,14.49,21.68,16.49,16.06,28.99,20.44,21.93,33.31,18.91,16.5,19.9,19.32,28.12,24.84,19.07,27.91,24.31,19.45,45.65,22.6,26.16,29.31,33.62,44.55,53.19,20.15,18.92,17.24,54.74,22.96,27.18,18.9,28.44,23.21,15.2,19.92,19.46,26.92,19.9,44.7,26.65,32.89,37.12,19.66,26.59,22.47,19.55,15.4,25.32,28.21,20.6
2025-08-21,24.24,19.1,19.51,29.93,48.49,31.01,43.46,21.11,21.37,26.12,50.27,25.54,29.29,23.57,23.4,21.03,28.39,,15.16,27.88,25.04,19.56,23.49,29.27,27.87,21.1,45.39,20.1,25.62,20.32,22.73,28.05,22.68,17.63,22.64,42.77,15.66,27.97,45.49,25.43,27.65,29.8,30.03,26.05,20.19,17.57,22.88,52.12,37.18,26.98,15.25,21.89,16.84,16.76,29.11,20.38,22.72,35.71,17.95,16.26,20.77,18.54,28.79,25.45,19.31,28.44,24.6,20.16,46.41,22.5,26.45,29.8,34.07,45.11,53.29,20.74,20.02,17.74,53.76,23.15,27.88,18.98,28.53,23.5,15.5,21.04,19.88,27.7,20.01,45.39,27.93,33.53,36.47,19.23,27.95,23.07,19.81,16.42,25.6,20.3,21.17
2025-08-22,23.26,18.17,17.41,29.2,47.61,29.03,41.58,19.56,19.81,23.64,48.8,23.14,27.22,21.32,21.7,18.96,26.65,,13.75,25.54,23.68,20.26,18.12,27.45,25.88,21.12,44.62,18.22,23.21,18.84,20.71,25.84,20.5,16.44,20.32,41.18,13.3,26.79,42.74,23.12,26.38,29.55,29.96,23.66,18.19,16.09,20.65,54.33,25.2,25.63,14.38,20.18,15.65,14.55,27.04,18.67,19.85,33.7,16.65,14.86,19.43,16.94,26.38,23.36,18.88,25.73,22.09,18.22,44.95,21.2,25.46,28.99,30.5,43.78,52.8,18.95,18.19,16.63,50.67,23.26,25.97,17.51,27.29,21.76,14.5,18.92,20.74,26.15,19.4,45.3,25.68,32.68,33.65,18.57,25.08,20.95,18.12,16.09,23.67,19.14,18.91
2025-08-25,24.4,20.25,18.79,34.28,47.78,28.18,42.23,21.26,20.97,24.24,49.02,23.49,28.51,22.33,22.34,19.54,25.74,,14.16,26.4,23.42,19.64,23.07,28.02,26.01,23.88,44.42,18.97,23.69,19.26,22.37,26.79,21.15,17.02,21.72,42.18,14.83,27.39,43.79,24.53,26.87,31.91,31.37,24.42,19.11,17.01,21.69,50.35,24.34,26.46,15.16,21.53,17.2,16.17,28.95,19.73,21.34,35.2,17.29,16.07,20.63,18.65,26.52,23.83,17.65,27.88,22.52,18.76,51.36,22.19,25.72,30.13,30.38,44.16,52.76,21.73,19.94,17.62,52.68,24.9,27.11,18.53,28.37,22.71,14.6,20.19,20.22,27.19,20.02,46.85,25.74,33.18,33.58,19.66,25.59,21.33,18.82,15.38,24.27,19.42,19.19
2025-08-26,24.22,19.4,19.49,36.17,48.77,28.28,42.59,21.15,21.48,23.86,48.88,23.1,30.33,22.06,21.89,18.82,28.31,,13.86,26.2,23.76,19.84,23.18,27.77,26.32,24.32,45.43,18.56,19.13,19.57,22.17,26.46,22.36,16.94,20.67,42.08,14.66,26.57,42.7,24.23,30.79,30.55,31.28,24.94,18.03,15.53,21.64,48.36,24.13,27.73,15.93,20.92,17.19,15.67,29.29,21.22,20.81,34.69,17.85,16.07,22.47,17.08,26.16,25.71,18.59,27.43,21.6,18.76,53.66,22.2,25.58,33.34,31.47,44.25,53.21,21.32,20.54,17.24,52.26,24.41,26.85,19.27,28.21,22.1,15.78,19.61,20.57,27.18,19.81,46.92,26.21,34.45,35.15,19.33,25.42,21.19,18.72,16.46,24.12,18.98,18.73
2025-08-27,24.24,19.7,17.12,35.56,49.46,31.75,41.92,20.65,22.73,24.76,49.51,23.7,28.3,22.54,22.48,19.96,27.94,,14.29,26.94,23.73,19.76,26.92,29.05,25.55,25.3,44.6,18.95,23.4,19.29,22.0,26.82,21.26,16.46,20.7,41.98,14.73,25.45,45.06,20.62,26.77,30.31,31.39,24.69,18.25,17.25,22.29,48.33,22.92,25.76,14.38,21.19,17.17,16.21,28.58,20.64,20.51,34.41,17.62,15.57,19.43,17.9,26.36,25.25,18.65,23.77,22.55,18.52,53.02,22.29,25.33,30.68,31.12,43.88,53.05,19.92,20.3,17.52,52.92,24.25,25.84,19.25,27.65,22.06,14.69,20.48,20.44,28.43,20.15,45.63,26.06,32.44,32.87,19.81,24.9,21.63,18.96,16.12,24.68,18.3,19.6
2025-08-28,23.55,18.86,18.76,36.12,48.48,28.11,39.32,20.75,21.37,23.13,45.42,22.44,27.24,21.68,21.57,19.22,26.82,,13.87,25.74,23.0,19.27,22.8,26.47,25.23,25.0,43.9,17.87,23.06,19.4,21.28,26.45,20.17,17.05,21.62,41.81,14.28,26.31,40.4,25.44,26.0,29.92,29.99,23.99,18.5,16.45,21.14,44.8,22.65,25.73,14.9,20.16,17.07,16.24,28.71,20.0,20.62,33.05,17.37,15.49,20.59,17.93,25.2,23.72,18.23,27.8,22.14,17.78,53.61,22.56,24.36,29.59,30.11,32.92,52.62,21.25,19.98,17.33,49.02,24.04,25.34,19.12,26.94,21.83,15.14,18.69,19.97,26.73,19.4,43.65,24.28,31.99,32.3,19.81,25.38,20.37,18.49,16.59,23.81,18.81,18.96
2025-08-29,23.2,19.73,18.29,36.14,49.54,30.01,40.78,20.46,21.4,23.43,46.52,23.31,27.78,21.68,22.27,19.31,27.34,,14.49,27.06,23.47,19.1,23.16,26.34,25.09,24.56,44.05,18.38,23.69,19.46,23.67,26.36,20.28,16.96,18.1,41.98,13.99,26.55,41.28,23.27,25.37,31.19,32.01,24.28,17.95,16.46,21.25,40.87,24.01,25.99,14.52,20.65,16.25,16.95,26.79,19.43,20.28,35.24,16.79,15.31,20.54,15.59,26.27,23.88,17.29,27.87,22.82,19.32,52.87,23.31,25.08,32.59,31.57,34.45,53.05,21.12,19.99,16.68,48.51,24.22,25.97,19.89,27.46,22.19,16.26,18.67,19.7,26.75,19.77,43.39,25.7,32.74,32.08,19.63,26.08,21.14,18.48,17.71,23.83,18.49,18.82
2025-09-02,24.44,19.36,19.62,38.3,52.32,30.78,41.75,20.32,23.84,25.69,48.02,25.29,27.77,22.85,23.46,20.63,29.41,,15.03,26.63,26.77,19.58,28.32,27.96,26.5,25.42,45.29,20.63,22.45,19.11,23.78,28.0,22.03,17.43,21.61,43.41,15.2,28.15,47.82,26.3,26.84,30.74,31.81,25.85,18.94,18.33,23.2,41.94,24.41,26.78,14.8,21.13,17.14,17.93,27.52,20.45,21.28,36.61,18.32,16.8,22.06,16.83,27.9,26.17,18.0,28.64,24.39,19.5,55.43,24.26,26.0,42.31,32.91,36.26,52.46,21.87,19.94,18.1,50.84,26.36,28.25,20.36,29.92,23.42,16.61,20.34,21.9,28.59,23.03,46.8,26.89,34.26,33.97,21.21,27.93,22.57,19.55,22.7,24.58,19.41,19.45
2025-09-03,22.24,19.98,20.08,38.09,51.76,30.19,40.81,21.06,23.86,25.22,46.96,25.34,29.38,22.3,22.68,20.62,29.76,,14.91,27.09,24.51,19.3,27.44,28.25,26.76,24.75,47.0,21.85,21.94,20.19,23.64,28.79,22.0,17.51,21.1,43.9,16.17,28.92,46.33,25.37,27.33,26.93,28.11,25.8,18.94,17.01,21.86,42.62,24.19,30.87,14.64,21.38,16.84,17.39,26.88,21.32,20.59,29.82,18.23,16.04,23.79,19.44,27.14,26.59,18.61,28.84,24.78,18.92,55.44,23.53,25.56,44.79,33.06,35.03,52.98,20.9,21.58,16.97,50.3,26.89,26.29,19.35,29.82,23.37,19.32,19.41,21.46,28.31,21.87,47.33,27.42,34.26,33.25,21.09,27.63,23.72,19.13,18.56,24.91,18.49,20.56
2025-09-04,21.02,19.42,18.45,39.29,49.72,29.34,38.86,20.95,23.11,24.35,44.16,24.65,27.97,21.8,22.35,19.96,30.62,,14.65,27.06,23.81,19.58,25.31,27.7,27.07,24.54,27.52,21.18,25.8,20.17,22.57,28.5,21.49,17.84,19.69,44.85,15.52,27.65,44.68,22.46,27.11,27.14,27.0,25.46,18.41,17.55,22.73,42.59,23.03,29.37,15.38,21.33,17.47,17.08,27.1,20.07,20.33,34.77,17.78,15.58,21.49,17.95,26.74,24.84,17.2,28.34,23.91,18.27,56.65,24.03,24.98,44.81,31.97,33.29,51.14,21.31,20.55,17.08,49.14,26.76,27.41,19.69,29.69,23.96,16.18,18.92,21.02,28.23,21.03,46.01,27.89,34.96,33.77,20.28,27.6,22.62,19.0,18.01,24.86,18.99,20.23
2025-09-05,21.0,18.7,18.48,39.35,49.29,29.99,41.04,21.13,22.13,24.57,36.59,25.25,30.19,22.49,23.17,20.35,31.37,,14.32,26.89,23.87,19.25,26.78,28.99,27.11,24.66,27.43,20.57,25.61,20.4,23.03,27.96,22.27,17.52,21.59,45.33,14.47,27.28,46.11,22.85,26.41,25.64,26.25,25.44,18.06,17.95,22.14,41.21,23.7,27.98,15.39,21.52,17.94,16.75,28.04,19.67,19.74,32.89,18.65,15.98,23.09,17.24,26.36,25.34,16.98,27.37,23.86,19.57,55.05,24.0,24.73,45.15,30.75,34.41,53.02,21.52,20.97,17.11,48.91,25.24,26.71,20.61,29.0,26.72,14.65,19.12,20.8,28.56,21.13,47.37,28.14,32.66,31.77,20.97,27.14,22.8,19.24,19.25,25.61,18.99,20.84
2025-09-08,21.88,20.82,19.25,39.26,48.98,30.05,41.25,22.3,24.63,25.14,36.08,25.73,29.66,22.35,22.44,20.44,27.71,,15.75,27.15,24.16,19.8,25.78,30.05,26.86,24.69,27.76,20.17,32.09,20.23,22.35,28.85,22.09,18.26,20.66,45.34,15.56,28.51,44.91,26.12,27.6,27.17,26.3,25.71,18.01,17.48,23.53,41.64,23.74,28.7,15.82,22.56,17.23,18.06,29.78,21.58,20.08,34.3,18.67,16.89,21.21,17.69,27.18,25.64,17.88,27.8,23.84,19.38,54.08,25.15,25.35,45.24,31.24,34.16,54.23,25.37,21.42,17.56,48.19,26.68,27.05,20.63,29.96,25.91,16.77,18.89,23.06,29.12,24.32,47.08,28.41,34.2,34.31,20.68,28.48,23.5,19.67,20.49,25.55,19.17,20.51
2025-09-09,22.21,20.21,20.28,39.42,48.9,29.9,40.2,21.98,26.72,25.11,36.97,25.75,30.55,22.88,23.16,21.26,32.6,,15.2,27.43,24.31,20.06,25.08,29.48,27.67,25.06,27.74,20.02,32.15,21.8,22.48,29.69,21.51,18.06,19.34,46.21,16.74,28.5,44.71,25.8,26.4,26.29,27.07,26.16,18.9,17.72,23.65,41.75,23.64,29.07,15.47,22.18,16.98,18.56,28.95,21.43,20.91,31.57,19.64,16.53,20.28,20.26,26.9,26.12,17.89,27.86,24.23,20.25,53.54,25.11,25.37,45.25,31.4,33.6,53.88,25.28,21.92,18.28,48.34,25.51,26.52,21.01,29.8,28.37,16.67,19.96,22.39,28.54,22.83,45.7,28.55,32.17,38.95,21.62,27.71,23.32,19.63,20.79,26.02,18.99,21.0
2025-09-10,23.6,20.55,27.4,40.97,54.01,30.22,42.56,22.32,24.17,26.46,40.53,25.15,29.72,22.85,24.94,21.19,31.92,,15.55,27.26,25.1,21.09,26.43,28.88,28.65,25.54,29.15,20.77,32.14,20.82,22.88,30.58,23.07,18.52,20.08,46.68,16.66,28.45,44.52,26.71,28.04,27.48,27.68,26.17,19.75,20.53,24.52,48.22,24.58,30.44,14.5,22.32,17.72,18.08,29.33,21.61,21.48,32.63,20.2,17.77,21.21,17.59,28.03,27.72,21.37,28.13,25.01,20.11,55.67,24.73,25.99,45.27,32.75,34.3,50.84,25.99,20.87,18.59,48.04,25.18,27.76,20.48,29.93,25.65,16.75,20.24,20.95,28.48,22.59,46.5,28.58,34.82,38.1,23.45,28.44,22.84,20.68,20.3,25.41,19.69,21.14
2025-09-11,22.05,19.92,22.36,41.45,60.36,31.39,41.38,21.13,25.39,26.44,37.78,25.84,29.78,22.78,23.83,22.11,30.68,,15.48,28.7,24.73,20.58,25.0,28.44,27.62,25.02,28.92,20.87,29.83,19.49,22.68,28.86,23.45,16.79,22.95,46.53,16.5,27.92,45.2,23.23,26.49,26.91,27.34,26.88,18.8,20.01,24.08,42.42,25.19,28.66,15.48,22.94,17.15,17.75,28.8,20.67,20.98,36.22,19.32,17.05,22.08,18.55,27.38,26.3,17.46,29.63,24.61,19.34,61.11,24.69,30.38,44.97,33.09,32.75,44.04,25.74,20.86,18.56,47.14,25.22,26.82,20.18,31.38,26.22,15.57,19.41,21.67,27.39,22.04,49.83,28.28,32.94,35.87,20.68,28.4,23.37,19.92,19.83,25.91,19.98,20.53
2025-09-12,22.44,19.6,21.87,41.69,32.17,32.92,41.77,22.11,24.51,26.23,37.58,26.13,29.15,23.15,24.04,23.02,31.44,,15.31,27.62,24.59,21.26,26.57,27.91,27.73,25.09,28.67,20.33,28.65,20.53,22.16,29.54,24.15,17.35,23.01,45.29,16.8,28.17,45.84,26.39,27.23,26.63,27.25,26.47,18.66,20.15,24.68,40.22,26.2,27.53,16.04,22.68,16.89,17.82,28.04,21.23,20.76,37.08,19.99,17.35,22.33,18.7,26.95,26.37,19.14,30.49,25.06,20.07,63.55,25.06,31.44,46.12,32.46,31.89,43.6,25.48,22.23,18.19,48.37,24.8,27.75,21.46,29.65,27.18,15.29,19.56,21.61,28.35,21.93,54.93,27.73,32.91,35.47,20.81,29.33,23.59,20.22,19.53,26.67,19.65,20.27
2025-09-15,22.59,21.5,23.55,43.27,31.71,34.83,43.33,22.6,25.58,27.06,38.31,28.64,29.94,25.91,25.49,24.02,31.72,,16.3,29.95,25.73,22.45,27.1,29.97,28.64,26.21,30.11,20.99,29.51,20.97,23.14,31.31,24.23,17.83,23.66,45.17,16.82,28.4,45.43,25.97,28.5,31.46,31.82,29.03,19.95,20.95,25.51,44.34,26.57,31.65,17.73,24.63,17.5,19.06,29.67,21.45,21.73,38.8,19.94,17.65,22.53,19.18,28.47,27.52,19.32,31.32,27.42,20.18,62.62,26.52,29.95,46.16,33.75,33.68,48.86,26.84,23.25,18.44,49.62,25.76,28.75,21.49,30.66,28.74,18.03,19.93,21.95,29.92,22.7,57.14,28.99,34.32,38.21,21.5,28.71,25.12,21.33,19.96,29.28,20.48,21.1
2025-09-16,22.96,21.67,24.12,44.11,31.41,35.16,43.26,22.99,24.78,26.74,38.38,29.88,29.82,27.39,26.07,24.95,31.7,,16.49,31.0,25.88,22.13,26.795,30.25,28.37,26.32,30.66,21.83,29.63,20.94,23.66,30.84,24.33,18.015,24.78,44.31,17.79,29.02,46.3,27.03,28.67,30.49,30.43,29.85,20.62,20.73,25.65,45.13,26.75,31.4,17.92,26.16,17.84,19.81,30.2,21.3,21.89,39.64,20.51,17.98,22.64,19.55,29.7,29.32,18.9,31.41,28.36,20.7,59.29,26.72,28.63,46.1,32.96,34.97,52.8,27.13,23.01,18.63,49.33,25.89,29.88,22.29,30.46,30.82,17.52,20.75,22.16,30.3,22.95,56.1,30.37,35.81,35.51,21.19,28.62,26.8,21.51,19.72,30.15,20.74,21.2
2025-09-17,21.88,21.87,23.75,44.98,30.44,34.99,43.15,22.14,23.89,26.6,39.37,30.2,29.9,27.46,25.08,24.3,30.91,,16.43,31.49,25.67,21.23,26.49,28.82,28.57,25.9,30.22,21.84,30.49,20.65,23.74,30.47,23.49,18.2,23.15,44.09,15.09,29.16,45.53,26.38,28.06,29.62,29.84,30.49,20.02,20.54,25.5,43.23,26.67,30.79,18.2,25.99,17.18,18.25,29.34,20.33,20.99,41.59,19.75,17.88,22.66,19.35,28.9,27.76,18.6,31.27,28.65,19.91,59.41,24.87,27.39,45.42,33.03,35.5,52.95,27.41,23.15,18.14,49.26,24.7,29.9,21.97,30.46,30.24,16.36,19.97,21.57,29.37,22.68,55.69,30.01,35.73,34.44,20.72,29.11,26.78,20.88,18.42,30.65,21.05,20.71
2025-09-18,22.18,21.15,24.48,45.24,30.36,37.13,44.66,21.7,24.65,26.7,39.2,30.24,31.06,26.37,25.4,24.75,31.45,,16.43,30.81,26.86,21.23,27.35,28.57,29.23,25.91,30.59,21.7,29.41,20.86,25.89,30.1,23.83,17.72,24.15,46.46,16.49,29.29,45.99,25.96,28.48,29.27,29.48,29.42,19.8,20.03,27.59,58.62,25.7,32.05,18.65,25.65,17.53,18.97,29.07,21.35,21.47,42.55,21.43,18.75,21.96,19.41,27.94,28.23,19.14,30.67,28.56,20.38,60.84,26.03,29.65,45.51,34.06,34.65,51.92,26.88,23.81,19.23,48.76,26.7,29.06,22.21,30.16,30.46,18.28,19.92,22.34,29.63,22.93,55.78,30.44,35.35,35.63,20.93,30.33,26.95,21.53,20.22,30.12,21.65,21.09
2025-09-19,22.05,19.86,22.98,46.24,29.97,35.72,43.22,27.86,23.95,26.24,38.79,30.02,31.93,26.28,25.71,24.63,29.92,,16.03,30.95,25.59,19.69,25.87,28.87,28.59,26.0,29.82,21.08,29.05,20.55,24.08,30.48,24.13,17.04,23.62,28.87,16.66,30.58,47.09,26.86,29.0,28.96,29.2,29.6,19.4,20.66,28.74,52.96,24.19,32.28,18.47,24.88,17.45,18.43,29.3,21.77,21.41,41.74,19.69,17.69,20.98,18.86,27.43,28.41,18.56,29.76,28.85,19.58,60.21,24.88,30.5,44.76,35.62,33.84,52.48,26.28,22.86,19.41,49.55,26.37,28.64,22.04,29.95,29.55,16.29,18.01,22.84,30.96,23.8,55.48,31.28,33.69,35.51,21.17,29.48,25.62,20.88,20.96,30.33,22.04,21.14
2025-09-22,23.61,21.32,23.53,46.42,31.18,40.58,45.42,25.45,24.24,27.87,42.46,30.23,34.18,26.43,25.96,24.88,30.32,,16.51,30.35,26.45,21.94,24.95,32.22,28.93,25.64,30.81,22.73,32.26,21.08,24.07,31.99,25.2,17.52,22.68,28.88,18.76,33.58,50.17,26.98,32.95,30.52,30.84,29.8,19.49,22.0,35.63,54.24,25.43,37.65,19.47,25.8,18.07,18.44,30.06,23.7,22.86,46.57,21.11,17.76,20.52,17.65,29.22,30.74,19.1,29.3,29.69,21.18,62.7,26.01,36.38,46.51,40.38,38.27,56.01,25.32,23.12,21.78,50.24,31.27,29.74,23.8,30.17,29.85,18.56,20.09,25.44,31.76,26.5,60.36,34.42,35.65,37.04,24.91,27.84,26.91,21.29,21.8,29.94,21.89,21.73
2025-09-23,23.38,21.72,24.07,45.9,30.76,41.46,46.26,24.38,24.25,30.82,42.52,30.28,35.94,28.02,25.66,25.32,31.38,,17.07,31.65,26.92,21.28,26.17,33.28,29.77,26.03,32.32,21.48,31.14,22.02,24.36,34.05,25.1,17.03,25.84,28.26,19.57,34.24,51.13,29.53,34.99,31.21,31.68,31.21,19.32,22.76,35.62,56.53,25.29,39.36,19.15,26.88,18.5,19.19,29.87,26.08,22.14,49.27,21.5,18.04,20.22,16.85,30.45,30.9,18.23,29.27,31.14,21.2,64.02,25.08,38.52,46.09,41.87,37.96,55.18,25.0,22.34,19.47,53.12,31.39,30.22,24.86,30.36,30.77,18.81,20.77,23.93,32.72,26.47,60.7,35.39,36.29,37.43,24.92,27.05,26.97,22.36,21.05,32.03,21.66,21.46
2025-09-24,23.0,21.24,24.72,44.38,31.42,39.08,45.59,26.28,24.08,30.5,40.9,30.93,36.8,27.86,25.6,25.1,30.16,,16.65,32.78,25.53,21.18,26.92,32.6,29.45,26.07,31.7,21.16,31.01,21.53,24.89,35.77,26.37,16.72,25.17,27.49,18.73,36.31,51.39,27.31,39.1,31.22,31.44,31.29,19.96,22.59,37.34,62.77,26.01,41.15,18.92,26.98,19.69,19.29,30.07,26.26,22.88,46.53,21.6,18.08,20.67,18.66,29.81,31.77,19.53,28.44,30.24,20.86,47.5,27.0,41.91,45.11,43.5,36.67,55.88,27.33,22.61,21.3,51.81,32.15,30.11,25.94,30.32,31.69,17.05,20.78,27.55,34.08,28.44,61.65,37.29,36.04,37.2,24.24,27.08,26.51,21.44,22.58,31.21,21.37,21.27
2025-09-25,23.96,22.59,25.77,31.65,30.69,38.54,45.62,25.27,23.49,31.72,41.23,30.7,36.55,28.0,26.84,25.51,30.4,,15.84,32.29,27.61,22.88,26.25,34.49,29.37,27.05,32.08,23.05,34.22,21.88,24.86,38.25,24.15,16.84,24.2,27.45,18.34,36.4,55.07,31.69,39.21,33.21,32.47,32.55,19.88,26.45,40.94,73.85,25.14,42.54,19.13,27.0,18.81,19.94,33.84,26.75,22.42,47.34,22.46,19.0,21.7,18.2,31.37,33.44,20.09,28.12,30.91,21.69,46.94,28.04,42.07,45.55,44.55,36.77,56.14,27.8,23.23,23.18,52.62,32.47,29.76,27.35,32.07,32.1,18.18,21.01,27.47,33.73,28.41,61.06,38.28,36.15,37.38,24.06,29.44,27.35,22.93,22.45,31.52,21.93,21.67
2025-09-26,23.21,22.0,25.92,29.86,29.9,37.26,43.92,24.39,22.92,31.18,39.79,29.68,34.89,25.85,26.29,25.13,29.78,,14.34,30.9,27.3,21.64,26.54,33.13,27.53,20.01,31.0,21.13,32.84,21.06,23.98,35.39,23.08,16.97,24.55,26.75,19.82,36.02,51.12,30.73,37.77,31.81,32.04,30.59,18.81,25.5,39.51,74.83,25.5,41.22,19.12,25.78,17.94,18.66,33.48,25.62,21.84,44.64,23.25,17.51,21.99,18.73,31.41,34.32,19.63,28.85,29.44,21.64,45.52,26.73,40.72,45.57,44.53,34.49,52.48,26.51,22.52,21.99,49.21,31.53,28.11,26.99,32.44,31.08,16.14,19.95,27.02,33.24,28.02,61.46,37.41,34.11,37.09,23.53,30.09,26.06,21.7,20.19,29.86,20.51,20.45
2025-09-29,25.26,23.81,26.05,30.75,30.64,37.5,46.79,24.82,23.48,34.01,42.11,30.49,36.89,26.61,30.51,25.41,32.28,,14.97,31.63,29.95,23.86,29.74,35.33,28.22,20.06,31.81,22.1,36.54,22.47,24.21,35.58,23.66,16.53,27.38,27.81,22.01,36.58,53.85,29.88,38.36,36.61,37.4,31.73,19.73,26.07,38.95,72.09,25.0,41.77,18.84,27.14,19.57,19.15,37.37,26.6,21.84,46.42,23.59,18.66,24.22,18.71,36.8,33.61,22.03,32.13,31.47,24.82,47.2,26.29,41.93,46.27,46.05,35.76,52.06,26.96,22.75,21.76,50.06,32.49,29.71,26.72,36.79,31.65,17.34,20.79,24.98,34.15,27.48,62.9,38.68,36.57,41.41,24.56,36.25,25.91,23.9,23.17,30.03,20.91,21.41
2025-09-30,25.66,24.0,26.14,31.11,32.3,39.52,47.12,25.76,23.96,35.5,41.32,31.84,37.98,28.1,33.54,25.49,33.85,,14.91,32.84,30.7,24.59,31.79,37.34,28.7,20.36,33.07,23.12,40.72,22.74,25.63,38.79,24.18,16.66,28.78,28.36,21.19,36.51,53.69,32.61,39.33,37.48,37.69,31.85,20.15,25.07,40.23,66.96,25.69,41.78,19.23,27.23,19.44,19.05,39.7,26.19,22.52,45.35,24.61,18.48,24.77,18.65,39.01,32.46,23.16,30.88,32.07,26.0,47.8,27.27,41.83,50.09,46.18,37.97,51.29,27.01,24.92,21.97,51.31,32.6,29.81,26.55,37.91,30.2,17.51,21.6,27.1,35.47,28.08,62.99,38.13,40.99,43.68,24.16,38.63,27.17,24.35,21.22,31.21,20.71,22.48
2025-10-01,26.97,27.79,26.16,31.44,33.11,42.44,48.54,27.77,24.47,36.98,42.26,32.35,36.8,28.31,36.14,26.49,34.29,,15.25,33.13,33.03,30.43,32.7,36.95,28.87,20.19,33.78,22.93,38.0,23.16,24.64,40.76,25.3,17.68,29.76,29.56,21.87,36.2,53.31,34.59,38.6,38.86,38.94,32.27,20.87,25.91,39.33,72.87,25.69,42.53,18.86,27.24,19.39,20.86,42.79,25.42,23.29,49.27,24.01,19.03,24.21,20.49,43.16,34.33,20.09,31.36,31.29,27.86,53.23,27.3,43.96,30.11,48.56,37.75,52.2,28.48,25.74,21.9,50.46,32.68,30.71,28.18,39.07,32.67,18.46,21.44,28.01,39.54,28.87,62.82,42.15,38.28,45.3,23.91,41.35,27.9,24.8,21.5,31.59,21.42,23.01
2025-10-02,26.73,28.11,26.42,31.26,32.46,41.07,50.48,25.91,24.39,37.24,43.27,32.02,36.97,28.27,36.21,26.69,36.41,,15.47,33.02,33.8,29.76,34.09,36.37,29.93,20.07,34.16,22.49,38.21,23.53,25.11,38.34,25.4,17.76,29.62,28.0,21.9,36.57,53.09,34.57,39.0,39.28,39.52,31.33,20.98,26.98,37.94,72.04,26.71,42.89,20.28,27.07,20.16,20.8,39.9,26.28,22.8,50.89,24.82,19.59,24.68,20.81,43.45,34.65,23.38,31.1,31.52,28.02,54.56,27.64,44.95,30.21,49.31,37.46,51.48,27.34,25.65,22.32,52.37,32.92,31.77,28.37,41.02,32.35,17.75,21.52,28.04,35.98,28.98,62.3,41.68,39.98,45.27,23.81,41.39,27.2,24.59,21.75,31.7,21.68,23.99
2025-10-03,26.35,28.07,26.77,30.83,32.35,41.06,51.1,25.84,23.93,37.92,42.18,31.16,37.03,28.29,37.48,26.43,37.78,,15.4,32.73,34.58,26.78,33.33,36.46,30.05,19.51,33.95,21.97,38.74,23.32,25.2,38.87,25.05,17.67,29.48,27.77,21.88,36.82,53.3,36.97,40.26,38.69,39.35,32.43,20.02,26.18,37.02,68.24,27.03,42.82,20.29,26.92,19.98,21.06,44.06,26.45,22.57,51.01,25.41,18.94,25.69,22.16,45.03,35.3,23.52,32.37,30.97,27.2,55.44,27.81,44.35,30.39,48.82,36.34,49.62,26.94,27.36,21.84,58.49,34.33,32.12,28.11,40.66,31.64,17.93,21.11,27.6,36.64,28.85,61.5,41.42,39.49,45.38,23.21,41.21,27.8,24.33,21.42,31.41,21.51,22.75
2025-10-06,27.77,27.9,26.3,31.65,34.64,41.91,66.26,28.68,24.3,40.41,46.78,32.42,38.83,29.3,36.61,27.16,36.89,,16.17,34.39,36.28,28.95,32.46,38.12,30.63,19.97,37.6,24.21,40.36,23.98,26.46,38.61,26.2,18.09,31.62,28.57,22.1,37.76,55.0,36.79,41.03,40.81,41.16,32.96,22.01,25.65,38.78,69.65,28.56,44.72,21.15,28.2,20.4,21.34,43.3,27.88,23.47,54.26,25.2,21.22,25.3,22.83,47.94,35.29,24.83,32.11,31.26,28.8,60.16,30.66,44.68,31.7,50.26,40.02,52.28,29.13,31.16,22.73,63.47,35.11,38.02,29.88,43.7,33.98,19.14,24.48,30.12,37.24,30.96,64.73,43.85,43.4,44.86,24.81,41.59,28.99,25.6,25.97,32.34,22.15,23.28
2025-10-07,27.15,28.1,26.83,32.36,34.29,43.57,63.25,29.16,24.67,39.97,46.28,32.26,38.78,29.69,37.61,27.04,38.58,,16.14,33.79,36.32,31.86,35.72,38.9,30.92,19.97,37.84,23.75,40.03,24.29,26.47,37.25,25.64,18.59,34.41,29.06,22.5,37.32,55.08,37.04,40.8,40.1,40.3,32.11,22.08,26.84,39.4,73.34,28.62,44.67,20.61,28.42,20.54,21.35,40.6,28.05,23.05,53.99,25.3,21.54,26.08,20.27,47.27,36.03,23.99,32.17,31.82,28.83,58.64,31.77,43.39,32.49,49.49,38.91,53.84,26.48,30.83,22.68,65.72,34.32,38.84,28.21,41.18,31.08,18.73,23.67,28.76,36.08,30.08,63.53,43.99,44.28,45.41,24.45,41.46,28.23,25.17,24.55,32.28,22.74,23.8
2025-10-08,26.9,27.24,28.95,31.82,34.17,44.43,73.8,29.32,25.08,40.41,47.13,32.68,38.11,31.34,37.4,26.99,37.75,,16.44,34.14,38.1,26.88,35.11,36.68,31.55,19.99,37.79,24.87,38.69,24.34,27.38,38.24,26.41,19.09,32.6,29.42,22.75,36.5,55.21,37.45,40.74,39.21,39.5,33.27,22.1,27.22,39.27,74.31,28.73,43.66,21.39,28.49,20.44,21.18,40.3,27.57,23.67,51.55,24.78,21.33,26.01,20.2,46.04,36.19,23.98,32.19,31.95,28.97,62.25,29.77,41.72,30.97,49.07,39.09,52.88,27.34,31.27,22.37,65.55,35.77,41.01,27.61,41.86,32.81,16.69,24.4,28.63,36.69,29.74,61.2,43.41,46.12,45.39,25.09,42.75,33.36,25.23,23.92,32.34,22.22,23.71
2025-10-09,27.44,28.32,26.77,32.23,33.13,42.82,67.91,29.92,25.62,40.76,46.62,32.83,39.64,31.33,36.52,27.11,37.96,,16.93,34.58,37.38,33.0,34.65,37.16,32.63,20.2,37.25,25.39,38.83,23.9,26.92,38.32,27.15,19.59,36.02,29.87,22.53,37.86,54.73,38.93,42.0,39.66,39.88,33.5,23.26,26.53,39.53,70.48,29.17,43.65,20.5,29.09,20.56,23.01,40.84,28.09,23.55,50.99,25.2,22.79,30.89,20.27,44.88,36.5,24.42,33.15,31.88,28.62,60.08,30.6,41.93,30.49,50.04,39.51,53.77,22.81,32.85,22.6,67.15,34.64,41.45,29.11,41.27,32.06,18.65,24.09,28.71,35.34,30.25,59.29,43.11,48.33,43.77,25.47,43.08,28.73,25.61,23.98,32.53,22.88,24.47
2025-10-10,31.55,29.24,27.33,34.96,34.23,48.78,67.9,31.34,26.71,45.39,50.36,34.68,42.48,33.83,37.2,28.97,37.89,,17.96,37.85,40.69,33.38,35.25,42.42,34.6,20.98,39.37,28.51,39.3,26.36,30.3,40.26,31.21,19.69,38.38,35.55,25.57,41.75,59.89,36.77,44.05,40.36,41.47,37.62,24.46,27.84,40.28,72.67,31.77,44.21,21.18,32.03,21.57,22.96,43.57,30.27,25.23,56.45,28.51,22.93,34.21,21.45,48.62,39.49,25.39,33.38,35.82,31.32,62.35,31.53,42.64,34.46,52.36,45.84,57.87,22.54,34.07,24.13,72.68,35.37,47.99,31.09,44.72,36.01,22.94,27.1,29.32,38.27,31.48,62.22,44.86,50.2,44.08,26.6,45.54,30.06,28.44,25.18,35.39,24.33,27.57
2025-10-13,29.19,29.27,27.03,34.15,33.59,47.74,64.82,30.16,27.14,42.9,48.59,33.83,42.14,32.0,35.66,28.65,37.87,,16.96,37.5,39.2,27.22,35.17,40.97,33.01,21.37,39.63,31.37,37.95,24.94,30.74,39.15,33.52,19.72,36.22,34.98,24.21,40.59,60.67,39.32,42.28,40.77,40.87,35.06,23.48,27.69,39.94,70.92,30.44,44.53,21.78,29.79,20.82,23.09,41.16,29.37,25.32,54.44,26.96,22.92,32.2,20.31,46.02,38.22,25.08,33.31,32.8,29.34,61.03,30.72,42.44,33.76,50.86,41.64,56.18,22.42,32.67,24.95,72.32,34.52,44.8,30.24,43.26,33.5,20.54,26.06,30.45,38.33,30.65,60.32,44.82,47.7,44.62,26.47,45.53,29.9,27.35,24.37,31.96,23.24,25.38
2025-10-14,29.9,28.25,27.38,33.74,33.32,49.54,66.27,29.64,27.14,44.16,48.64,33.88,42.4,31.48,35.82,25.06,37.02,,16.81,31.93,40.18,29.71,33.23,40.5,33.81,20.88,38.72,33.1,39.77,25.22,29.71,39.32,36.51,19.85,37.38,34.33,23.53,36.15,60.78,37.06,40.62,41.77,41.47,30.54,24.1,27.58,39.95,73.36,30.57,44.89,18.25,25.73,20.06,23.02,40.95,28.76,25.1,53.82,26.5,22.26,30.5,19.69,46.76,38.4,25.24,32.16,32.88,29.43,61.13,31.11,42.39,33.82,49.55,44.75,56.29,21.32,31.63,23.48,71.29,34.82,43.39,30.95,43.6,36.14,22.23,27.05,28.7,38.44,30.67,59.47,44.03,48.61,44.06,26.6,46.86,29.68,27.57,23.93,27.53,24.2,27.3
2025-10-15,29.8,29.24,22.84,34.35,33.89,50.15,69.97,30.32,29.14,44.76,49.4,33.45,39.22,27.72,36.69,24.76,37.23,,16.54,32.04,42.17,26.37,34.85,40.08,33.12,20.89,39.58,34.58,37.63,25.83,30.87,38.88,36.31,19.62,38.27,35.58,25.5,40.52,61.25,37.8,41.71,43.07,42.62,31.02,24.27,28.53,39.58,74.1,29.98,45.64,19.43,25.16,21.22,24.36,41.38,32.37,25.47,54.82,27.23,22.43,30.25,20.93,46.19,38.78,24.81,32.34,27.87,29.43,63.67,31.22,42.39,33.04,49.77,44.61,54.52,22.76,31.88,23.19,71.7,33.24,44.01,31.59,44.49,34.45,22.6,28.2,28.66,37.71,31.86,60.0,47.13,49.29,44.3,27.36,46.8,30.5,27.92,24.38,29.65,24.25,25.01
2025-10-16,31.02,29.56,22.77,35.39,35.97,54.57,69.57,31.81,28.29,46.51,51.06,38.38,42.14,34.06,38.63,29.31,39.86,,19.56,38.83,45.14,30.65,38.82,47.21,34.78,24.29,40.48,36.29,40.67,27.01,32.04,40.06,40.13,19.39,36.79,35.7,25.76,40.45,62.33,40.23,44.25,44.43,44.98,37.58,26.25,32.29,41.84,76.04,32.83,48.58,18.48,30.62,22.47,25.7,42.02,31.81,27.3,56.53,31.93,24.5,36.0,20.16,47.59,41.22,25.82,34.89,34.11,30.26,68.08,32.0,44.81,36.39,52.71,45.63,54.2,21.66,31.31,24.42,74.83,35.58,46.76,32.09,47.74,34.08,21.67,27.04,29.8,39.66,31.93,61.53,47.83,52.35,44.98,29.54,46.92,33.02,32.33,24.22,34.95,26.35,28.26
2025-10-17,29.76,28.24,20.45,33.52,32.9,50.08,67.11,30.15,27.44,44.58,47.28,29.23,40.89,28.39,35.77,26.9,38.2,,17.24,34.15,42.67,27.43,37.3,41.57,32.93,21.6,36.09,34.01,37.12,25.44,29.95,37.86,37.72,19.16,36.74,33.42,24.65,38.63,61.92,37.92,40.81,43.14,43.29,32.18,24.65,28.47,40.65,76.81,31.35,46.94,16.63,25.81,20.46,23.41,41.23,29.8,26.73,55.86,28.04,23.08,30.34,20.57,44.88,38.5,23.65,34.05,30.04,29.22,65.79,29.73,43.63,34.38,50.97,44.48,50.48,20.15,30.83,22.73,72.63,35.32,44.28,30.03,46.14,29.08,20.6,26.95,28.41,36.14,31.1,60.17,46.38,48.66,44.09,27.86,46.52,29.5,28.41,23.24,29.9,24.93,26.54
2025-10-20,29.18,28.32,19.79,32.34,32.8,49.51,66.07,29.49,27.74,43.03,46.61,25.18,37.02,26.96,34.0,24.07,36.51,,15.12,30.75,40.29,26.59,35.99,39.19,32.28,20.85,33.95,33.15,35.4,24.52,28.52,38.99,35.37,18.62,34.6,31.66,23.26,36.2,59.66,34.4,40.39,42.54,42.26,29.75,24.99,27.14,39.11,76.05,33.83,45.52,17.66,22.78,19.79,22.38,38.96,28.86,27.77,53.81,26.39,21.44,29.48,22.11,43.53,35.87,23.92,33.93,27.61,28.73,64.99,28.36,41.28,32.32,49.44,46.4,49.63,22.01,28.94,22.07,69.55,37.23,40.88,31.09,44.55,26.94,17.71,24.38,27.6,36.44,29.85,60.02,41.47,48.32,42.28,27.43,42.14,25.33,26.1,21.8,27.6,26.6,23.29
2025-10-21,27.98,27.59,18.84,31.79,33.56,48.58,64.56,29.2,26.07,42.16,46.34,25.79,36.96,26.04,34.27,25.1,38.12,,15.42,30.26,40.44,28.55,36.34,39.8,32.83,20.82,33.71,32.98,35.29,24.66,28.77,30.51,36.33,19.46,35.03,29.74,21.81,31.2,59.26,33.5,31.11,42.69,43.21,28.94,25.99,27.23,39.14,74.52,34.47,46.27,15.86,23.27,16.5,21.88,38.59,22.57,28.24,52.85,25.81,21.69,26.09,22.79,42.99,27.25,24.99,33.1,27.19,29.16,61.56,28.3,41.12,32.4,50.64,46.28,46.71,19.07,28.06,21.82,67.66,26.84,41.58,23.79,45.14,25.78,19.68,25.02,31.68,34.04,30.35,59.6,40.61,47.34,42.07,27.58,46.38,24.22,26.0,23.78,27.34,27.39,24.02
2025-10-22,28.54,26.83,18.86,32.23,34.14,50.08,65.4,30.04,28.49,42.96,46.5,27.4,36.7,27.91,34.36,25.71,38.12,,15.73,31.49,41.37,26.55,35.57,35.28,32.88,20.94,34.09,33.46,34.03,25.48,28.86,28.8,36.33,19.41,33.63,32.75,22.35,32.01,52.53,33.81,30.36,43.62,43.26,30.33,27.33,29.19,40.76,72.85,36.83,30.41,15.89,25.12,14.85,21.98,39.26,21.93,29.84,52.69,26.89,22.68,22.59,22.55,44.07,25.36,23.49,33.62,27.93,29.39,63.24,28.18,30.89,33.43,50.29,47.17,47.0,18.2,28.75,22.88,70.2,26.89,43.44,21.49,43.78,26.58,20.47,24.56,25.63,26.77,31.58,59.37,31.24,47.8,42.61,29.05,45.31,24.81,26.61,23.35,29.11,29.33,24.78
2025-10-23,26.82,27.23,19.71,33.19,33.34,48.03,62.43,29.83,27.47,41.09,43.73,25.83,36.38,26.04,34.92,24.68,36.85,,15.31,30.67,41.47,24.63,39.98,32.38,32.99,20.62,33.63,32.21,34.4,26.24,30.12,26.35,35.66,19.54,32.03,31.83,22.98,29.76,50.39,32.12,28.93,40.98,41.12,28.93,27.26,21.66,28.75,68.44,35.48,27.01,15.86,24.25,14.66,23.29,37.72,21.18,30.29,47.33,26.64,22.39,20.11,24.67,41.65,22.81,23.73,31.78,27.22,28.74,61.44,28.74,29.22,32.7,49.43,46.15,44.93,18.36,29.28,23.05,66.01,26.01,41.31,20.24,43.84,26.18,18.82,25.08,24.43,24.48,25.97,54.55,30.06,46.8,42.1,22.76,45.98,23.98,25.52,24.35,27.91,28.42,24.87
2025-10-24,26.38,26.09,19.18,31.49,32.27,45.57,65.11,29.2,25.86,39.98,43.42,23.1,35.7,25.13,33.78,23.12,37.04,,14.49,29.1,39.83,24.89,37.07,29.5,32.09,19.64,32.47,31.42,34.05,25.61,29.6,24.89,36.42,17.39,32.82,31.36,17.92,29.17,49.74,35.3,27.86,39.56,39.85,27.02,26.59,19.74,33.37,57.96,35.44,26.32,16.48,22.65,14.01,22.23,37.67,19.66,28.63,45.59,25.02,21.78,26.64,24.8,40.87,21.91,23.53,30.78,25.17,28.4,63.58,28.43,29.05,31.29,47.77,45.73,44.42,18.42,28.51,18.76,64.04,24.41,40.01,19.74,42.6,24.79,16.51,21.68,23.33,23.19,24.94,50.95,29.92,46.3,40.14,22.13,43.15,22.39,24.85,23.94,26.12,28.56,23.69
2025-10-27,26.75,25.8,20.3,31.64,34.0,47.56,67.58,28.86,28.86,39.45,45.75,24.02,36.41,25.7,33.75,23.34,37.36,,14.13,29.15,39.41,25.91,36.82,29.31,31.23,20.48,33.31,31.72,34.96,25.0,32.86,25.15,36.11,19.96,33.85,31.12,17.91,29.58,49.67,33.14,28.01,40.24,40.29,27.18,27.29,20.96,33.11,60.28,36.19,26.78,16.37,23.38,14.4,23.3,38.3,20.74,28.83,48.38,25.95,22.79,25.98,24.28,40.43,23.23,23.69,30.96,25.59,28.45,64.01,30.69,29.04,31.96,48.61,48.18,44.7,18.84,28.31,18.28,64.53,25.34,47.84,19.08,43.91,24.25,18.56,25.06,23.62,23.84,26.3,52.75,31.36,45.99,39.31,22.09,45.13,23.16,25.29,23.79,26.13,28.63,23.12
2025-10-28,26.24,26.09,20.28,31.34,34.22,47.41,65.68,30.6,27.28,41.05,47.22,23.62,35.54,25.27,33.6,23.41,36.83,,14.54,29.48,39.34,28.57,47.36,30.61,31.25,20.63,34.94,32.26,34.96,24.6,33.83,24.49,35.98,19.54,34.79,28.04,18.2,29.62,48.67,34.35,28.09,40.57,40.75,27.54,27.05,21.37,32.11,64.77,36.65,25.89,17.72,23.32,14.79,22.4,38.83,20.46,29.14,47.39,26.13,21.99,29.41,25.11,41.13,23.08,23.14,31.42,25.91,29.51,64.15,27.9,28.9,32.84,48.31,49.37,45.11,19.88,29.78,17.56,65.33,24.27,42.13,21.43,42.85,25.19,20.65,25.33,23.92,24.74,26.18,54.7,32.09,45.64,34.28,22.03,29.88,24.72,26.38,25.37,26.79,29.58,23.39
2025-10-29,26.87,27.13,18.67,32.65,33.68,47.24,66.62,29.81,26.05,41.98,51.55,25.18,31.94,26.49,29.83,23.66,36.47,,14.79,30.04,34.48,25.52,40.92,33.84,31.56,21.23,34.4,33.32,25.07,24.66,35.22,26.38,38.21,21.03,33.91,28.7,17.44,29.87,49.3,37.24,29.34,42.83,43.73,29.66,28.76,21.9,30.85,63.23,36.94,27.44,17.64,23.42,16.85,24.63,37.37,21.26,30.52,51.27,26.39,22.98,27.12,21.99,42.03,23.34,24.98,29.98,26.51,31.44,66.19,26.72,28.86,34.0,50.87,50.65,48.0,23.05,28.58,18.72,67.17,26.63,42.87,21.67,45.82,25.85,23.69,25.15,23.85,23.85,26.28,54.3,34.26,42.58,33.52,22.77,27.81,25.19,22.83,19.24,26.87,29.82,24.05
2025-10-30,26.18,27.93,20.18,32.13,34.06,48.2,62.7,29.78,25.95,44.38,45.37,24.52,30.44,26.89,29.25,23.45,33.16,,15.36,30.62,32.61,28.37,31.79,32.02,31.31,20.29,35.19,32.86,28.35,25.83,36.84,24.04,38.46,21.0,33.34,28.3,18.82,29.78,49.92,40.08,30.14,32.81,33.07,29.2,27.51,22.625,30.64,56.26,37.28,26.68,18.52,23.7,15.99,24.43,33.47,21.53,30.12,50.06,22.54,22.9,24.69,24.08,35.92,23.76,20.66,26.36,26.27,22.69,61.26,26.74,28.44,33.59,35.45,46.55,46.42,21.71,29.37,18.49,65.25,26.19,43.52,22.24,32.2,25.62,17.76,25.51,23.71,26.22,26.59,52.13,32.97,46.92,32.88,22.37,26.87,24.18,22.74,19.14,27.96,29.2,23.73
2025-10-31,22.7,22.94,20.34,31.99,32.73,48.02,65.58,28.6,26.21,32.62,44.91,24.45,29.84,26.23,28.33,23.71,31.92,,15.24,30.05,31.19,23.72,32.0,31.53,31.3,21.5,37.31,32.18,27.45,22.57,35.93,24.71,39.83,21.14,33.44,27.36,18.99,29.37,49.65,30.15,27.94,32.33,32.41,28.77,27.83,23.35,29.13,56.7,38.28,27.02,18.23,23.28,16.69,22.39,31.57,21.7,30.06,49.85,22.7,22.9,22.29,24.68,36.87,23.24,20.2,26.39,26.11,22.65,62.69,26.39,30.16,33.48,34.81,46.9,45.85,21.63,29.41,17.75,66.14,25.81,42.68,21.86,31.13,25.16,20.24,25.4,23.04,25.32,26.43,54.35,33.98,44.9,33.26,21.95,25.88,24.98,22.46,18.42,26.24,29.94,22.6
2025-11-03,22.5,23.78,21.31,32.9,32.75,47.35,65.9,29.99,25.42,30.98,46.11,25.03,29.77,26.36,28.38,25.67,30.22,,14.06,29.93,31.34,25.47,33.63,31.57,31.76,21.76,43.17,31.83,30.18,22.67,36.98,25.18,40.31,20.29,34.58,27.5,18.7,29.08,49.7,29.12,28.35,31.64,31.48,28.84,28.38,23.31,28.98,56.52,38.47,25.58,19.03,23.45,17.02,22.96,35.29,21.7,30.9,50.3,22.05,23.32,25.07,29.5,35.71,24.44,19.46,26.94,26.56,21.56,64.69,26.39,31.63,34.9,36.26,47.97,46.63,23.55,29.97,18.07,67.45,26.48,42.27,22.03,30.88,25.76,19.66,27.9,23.42,25.51,27.07,56.13,33.07,45.72,35.11,23.96,26.26,21.67,21.9,18.56,27.55,31.05,22.11
2025-11-04,22.94,24.31,21.02,34.48,33.56,46.78,63.6,28.81,25.75,31.86,46.06,25.38,30.21,28.15,29.02,25.59,33.12,,15.0,31.14,32.12,22.03,38.39,31.59,31.74,21.41,44.57,32.38,28.99,23.41,35.63,26.31,40.14,20.75,35.58,28.96,18.51,29.6,51.88,29.47,28.75,31.41,31.61,29.87,28.38,23.66,30.03,54.1,38.79,27.44,18.46,24.49,17.88,21.17,38.53,23.34,30.84,49.86,22.1,24.2,24.63,25.89,35.98,26.0,19.91,26.64,27.47,21.85,64.22,27.57,31.34,35.03,36.76,47.93,47.81,22.26,25.29,18.81,57.85,25.98,43.71,22.18,32.26,25.97,20.49,22.79,23.7,24.66,26.31,56.8,33.49,37.83,35.21,23.25,27.49,24.26,21.67,19.36,27.28,31.15,22.32
2025-11-05,22.31,22.98,21.28,34.14,33.05,47.19,57.43,23.88,23.55,29.99,45.26,24.03,29.85,24.11,28.43,25.49,31.02,,14.37,30.94,30.0,19.09,33.36,29.39,32.2,21.34,47.19,31.66,27.51,22.5,35.19,26.41,39.16,21.2,28.18,28.74,19.2,28.63,47.8,26.88,29.76,31.3,31.53,28.67,28.29,22.11,28.55,55.02,39.22,26.99,17.21,23.12,16.8,21.05,37.18,23.94,31.88,51.31,21.96,19.84,28.44,26.18,33.66,24.33,19.6,27.31,26.59,22.8,64.86,26.67,30.28,36.01,35.79,47.68,46.03,24.57,25.12,19.73,53.8,27.29,41.43,21.58,31.84,25.58,20.24,21.47,23.91,25.2,26.63,57.69,31.33,33.91,33.86,21.85,26.58,23.89,20.71,18.22,26.76,29.14,20.9
2025-11-06,23.77,23.63,20.74,32.96,35.16,48.3,57.68,23.77,26.8,31.76,47.17,24.99,30.96,25.29,29.13,26.18,32.86,,14.72,31.41,31.48,23.36,33.31,30.29,29.76,23.03,48.04,32.77,28.49,22.88,38.15,26.06,40.7,21.27,28.58,28.57,19.45,30.55,51.46,27.59,30.12,32.81,33.02,29.26,29.53,22.84,29.73,55.03,39.52,28.64,18.67,24.16,17.38,22.65,36.87,24.2,30.96,51.58,22.08,19.18,24.57,26.66,35.14,24.25,19.62,26.28,26.67,23.72,67.16,25.68,30.88,36.12,37.02,50.55,48.73,23.2,24.82,19.21,56.63,25.23,37.82,22.45,30.72,26.7,17.36,23.82,23.92,25.46,26.17,60.99,34.1,35.64,33.83,23.21,27.95,24.83,21.21,18.6,27.46,31.36,21.75
2025-11-07,23.4,23.29,20.47,32.57,37.23,50.03,56.72,23.83,24.7,31.1,50.15,24.46,30.9,25.01,27.45,26.12,32.93,,14.11,31.22,31.36,22.83,32.26,30.23,29.21,22.82,47.83,32.85,28.18,22.5,37.76,26.34,40.71,18.14,28.28,27.24,19.4,30.18,51.15,27.83,27.83,32.37,32.57,29.72,29.45,22.29,29.08,56.2,39.86,28.81,18.89,23.84,17.32,21.49,34.94,24.37,31.02,50.56,20.8,18.68,23.59,27.28,34.38,24.69,18.74,25.56,26.63,22.97,66.26,25.9,30.24,34.98,35.92,51.85,50.09,23.03,23.5,18.64,54.28,24.99,35.52,21.74,30.45,26.05,18.14,23.06,23.35,24.7,26.44,55.01,34.27,34.37,34.07,22.79,25.86,25.33,21.01,18.36,27.47,30.62,21.77
2025-11-10,22.89,22.96,21.04,32.89,43.98,48.96,57.18,22.65,24.01,30.52,52.49,24.86,29.18,23.91,27.17,24.99,32.7,,13.9,29.83,30.3,25.37,32.46,29.63,28.97,25.01,47.25,32.78,30.07,22.08,36.6,26.55,40.43,18.02,26.52,27.59,18.06,29.42,53.5,27.46,27.61,32.93,32.82,28.69,29.29,21.41,29.85,58.67,38.96,28.02,18.71,22.6,15.39,22.55,33.61,23.64,31.66,50.08,20.82,18.83,27.64,27.15,33.22,23.99,19.3,26.55,26.36,22.05,66.15,25.48,29.7,35.24,36.76,49.39,56.48,23.69,24.09,20.05,53.73,25.01,33.07,20.33,32.09,25.4,17.6,23.32,23.83,24.81,26.58,53.15,32.97,34.05,34.99,23.51,26.24,27.1,20.88,19.46,27.29,30.17,21.1
2025-11-11,22.36,22.56,20.67,32.6,46.38,48.59,54.81,22.92,25.21,29.76,53.93,24.43,29.13,23.29,26.78,24.43,34.0,,13.77,29.32,29.69,22.05,32.12,29.56,28.64,25.93,46.17,34.26,30.13,22.21,35.89,26.48,41.56,17.28,26.05,27.46,17.36,29.32,53.31,28.94,27.74,31.29,31.76,27.87,29.49,20.98,29.35,54.14,39.66,27.82,18.34,22.19,15.66,21.3,35.03,23.44,31.09,49.93,19.61,18.47,31.98,25.81,31.76,23.19,18.69,25.06,25.12,21.18,65.43,25.13,29.46,33.88,35.3,50.25,58.45,24.31,24.05,19.96,52.46,26.23,33.52,20.57,30.72,24.18,20.15,22.66,22.21,23.71,25.63,50.92,33.65,32.88,34.79,22.97,27.81,24.72,19.77,17.82,26.06,31.03,20.46
2025-11-12,22.59,22.94,21.57,32.69,48.28,47.74,54.27,24.27,23.26,30.18,56.16,24.58,28.56,23.26,26.0,24.95,33.99,,13.72,29.68,30.12,25.22,33.55,30.36,27.85,26.34,46.51,32.76,31.41,21.38,33.87,26.84,40.32,15.32,27.83,27.39,17.64,29.33,54.42,26.15,28.57,31.19,31.91,28.16,29.91,19.62,29.94,52.25,38.65,27.1,16.7,22.31,14.6,21.07,36.2,23.44,30.65,49.98,20.21,17.77,31.02,25.64,33.74,23.22,19.14,25.91,25.83,22.21,64.3,24.48,29.56,33.03,34.72,49.23,62.23,23.79,25.83,20.06,53.48,24.28,33.18,21.29,29.77,24.77,18.84,23.07,20.06,21.54,26.46,49.74,34.08,32.95,35.33,23.86,25.26,23.82,20.0,17.86,26.34,30.34,20.5
2025-11-13,24.36,24.42,21.27,34.92,50.27,51.23,57.44,25.36,23.8,32.58,59.24,26.95,29.98,25.85,28.51,26.05,36.65,,15.82,31.37,34.16,22.57,32.99,30.97,29.41,26.81,47.92,25.54,33.09,22.1,36.57,27.1,27.34,18.49,26.74,28.98,19.31,30.79,55.22,29.66,29.2,33.1,33.97,29.27,30.3,21.96,29.47,52.94,40.63,28.14,18.44,24.46,16.38,21.45,37.25,23.81,31.85,53.39,22.18,17.91,25.88,24.67,34.08,24.61,19.6,28.48,27.45,23.89,68.06,26.85,30.1,36.86,35.68,51.45,64.7,23.31,27.62,19.83,58.33,25.69,35.01,22.22,30.3,26.21,16.92,23.82,22.93,26.26,26.9,54.42,35.44,34.02,36.37,23.91,25.78,25.03,22.14,18.85,28.2,30.46,20.99
2025-11-14,23.54,23.84,21.94,35.59,49.18,41.66,55.38,25.68,24.06,32.17,57.15,26.81,29.23,25.09,26.85,25.68,41.71,,15.1,31.24,32.45,21.02,33.23,30.83,29.06,26.63,46.18,23.02,32.71,21.4,37.47,26.57,24.71,17.935,26.62,30.64,19.43,30.09,54.77,28.79,27.78,31.93,32.21,29.24,29.54,21.59,27.76,46.6,38.25,26.17,17.92,23.89,15.6,21.07,35.75,23.58,31.58,50.16,21.7,17.42,21.23,24.46,32.48,24.68,18.7,27.59,28.05,22.79,69.38,26.46,30.47,36.85,35.68,50.42,63.15,22.51,26.97,19.55,55.82,25.48,32.67,22.16,30.85,25.67,16.05,23.57,22.71,25.66,26.29,51.03,33.51,33.61,36.55,23.25,25.69,25.47,22.09,18.36,28.4,30.37,20.52
2025-11-17,24.77,25.11,22.12,44.29,51.06,45.98,57.75,26.74,25.79,34.01,59.33,30.26,30.82,26.69,30.27,29.48,39.5,,16.66,33.73,33.27,23.69,34.57,34.28,31.03,27.98,48.5,25.51,33.62,22.06,37.85,28.29,24.8,17.38,29.01,36.97,19.56,31.36,57.12,29.95,31.01,34.78,34.65,32.59,30.6,22.34,30.63,54.34,41.14,28.82,19.5,26.26,16.99,23.42,36.5,25.06,32.87,53.68,22.37,19.2,28.51,27.25,34.84,26.36,19.7,29.07,30.23,24.21,74.8,27.88,30.92,42.9,37.23,52.03,66.0,24.27,27.8,19.97,57.3,26.26,35.87,23.4,31.98,27.63,19.98,24.91,24.3,27.59,26.83,53.0,35.85,35.46,35.5,24.03,27.53,26.0,24.84,19.45,30.0,30.73,21.72
2025-11-18,25.52,25.64,22.27,45.6,52.03,45.67,59.61,26.44,25.23,36.69,61.42,30.88,30.65,27.39,30.24,30.04,38.81,,17.47,34.77,34.32,22.86,34.81,35.29,31.02,29.62,49.31,25.66,33.85,22.49,38.01,28.73,26.27,18.47,29.06,39.49,21.07,31.56,57.65,29.99,32.47,35.9,36.07,33.31,27.03,23.59,31.08,54.69,41.5,29.48,19.41,26.8,17.53,22.41,36.47,25.67,30.42,54.11,23.8,19.45,26.14,20.82,36.83,26.92,19.55,30.13,30.26,26.84,75.85,27.66,32.43,44.51,38.41,55.13,66.97,23.45,28.99,20.85,59.72,26.74,36.6,23.86,32.27,27.76,18.96,24.72,23.97,27.34,27.75,54.51,36.7,36.22,36.45,23.63,28.22,27.43,24.55,19.64,30.5,31.76,22.63
2025-11-19,24.92,25.94,24.75,48.27,52.09,46.2,60.85,26.52,24.86,35.66,61.2,30.13,31.87,26.9,31.35,28.77,40.82,,17.05,34.06,34.79,25.48,35.01,34.36,30.72,29.64,50.68,26.61,33.68,22.69,36.71,28.76,26.65,17.97,33.03,42.32,20.36,31.48,56.52,29.8,31.67,36.41,36.68,32.56,26.61,23.86,31.7,55.47,42.51,30.37,19.6,26.22,17.62,22.86,36.52,26.55,26.96,55.4,23.12,19.28,31.33,19.09,36.21,27.2,19.91,28.31,30.67,25.98,77.47,28.02,33.33,47.22,38.4,54.02,67.55,23.98,29.56,20.63,59.54,26.88,36.94,24.06,32.36,27.51,19.73,24.74,24.57,27.8,27.7,54.49,35.92,36.29,36.09,22.86,29.39,27.29,24.2,19.83,30.3,31.51,22.49
2025-11-20,26.89,27.18,25.62,48.98,54.16,48.06,63.99,26.73,26.31,37.7,64.91,31.36,33.46,27.87,31.98,29.58,41.18,,18.65,35.63,36.75,25.66,36.39,36.01,31.59,29.7,52.21,27.38,34.86,23.02,39.41,29.07,28.29,18.37,30.72,43.1,21.27,34.32,61.49,30.08,32.31,38.61,38.67,34.63,26.66,23.23,33.08,55.77,42.41,30.22,20.47,27.76,17.8,22.11,37.58,25.22,27.56,56.82,26.46,19.29,25.39,19.6,36.52,27.79,20.03,28.44,32.8,27.76,83.36,28.34,36.67,48.61,38.88,51.66,70.05,24.03,27.86,21.08,64.38,27.75,40.13,25.16,32.77,29.53,19.13,25.74,24.54,28.47,27.41,58.47,37.64,41.35,37.06,22.93,29.79,28.79,25.95,20.39,30.92,24.71,23.53
2025-11-21,24.42,25.6,23.09,46.48,51.88,44.59,61.03,26.02,24.91,34.24,62.94,28.65,33.65,25.78,29.06,27.06,40.39,,16.36,33.52,33.17,22.77,38.4,32.97,29.93,28.41,49.24,26.51,32.5,21.68,36.23,27.37,26.37,17.53,29.26,41.68,20.87,32.79,59.7,28.12,31.52,36.93,37.18,31.87,26.2,23.09,30.85,53.8,31.51,28.88,18.69,25.89,16.48,19.85,32.86,23.48,26.59,54.87,23.61,17.8,25.41,17.82,34.0,26.19,20.3,27.87,30.27,26.29,80.09,27.49,34.01,47.84,37.55,50.45,70.82,23.35,27.95,20.46,61.92,26.79,36.59,23.47,31.4,27.65,18.17,22.51,22.98,26.43,26.89,55.0,35.65,37.09,34.97,21.69,28.28,25.18,23.34,18.82,28.86,22.59,21.62
2025-11-24,22.42,23.7,20.38,45.51,49.69,41.94,55.2,24.53,23.91,31.81,59.82,26.74,31.3,23.82,27.39,25.41,37.39,,15.36,31.72,31.29,23.96,40.41,32.33,28.545,27.17,46.96,21.23,31.68,21.25,32.91,25.68,21.9,16.07,26.36,38.99,19.5,29.8,54.0,28.15,30.81,36.06,35.76,29.95,25.21,21.39,28.88,49.54,28.19,27.75,19.07,24.61,15.45,20.33,30.11,22.3,26.39,50.63,21.88,17.35,21.69,21.01,31.88,22.6,20.54,28.01,28.13,23.77,74.66,26.6,30.67,47.8,35.95,42.89,65.88,21.4,25.03,18.98,55.49,26.5,33.18,22.2,30.98,26.52,17.61,20.34,22.05,25.0,25.5,52.15,34.66,35.16,32.35,20.71,28.34,22.69,20.34,18.26,27.94,21.53,20.98
2025-11-25,21.41,24.68,22.0,45.36,47.97,40.85,56.22,25.94,25.02,30.78,58.04,25.43,29.97,22.72,26.71,24.3,36.72,,15.16,30.07,31.29,21.43,31.97,30.87,27.16,27.07,47.28,22.89,31.84,19.89,33.13,25.49,23.96,15.64,25.85,39.08,19.02,29.65,53.01,26.58,27.87,35.15,35.46,29.31,24.35,20.16,29.57,47.76,28.09,27.2,18.99,24.03,14.81,20.91,30.81,22.08,24.93,49.92,20.96,16.7,22.68,20.92,30.31,22.95,19.92,27.86,26.51,23.24,73.1,26.29,31.37,46.2,35.04,44.47,66.84,21.43,25.48,19.34,53.02,26.33,32.46,22.28,29.86,26.27,17.13,21.14,21.51,26.46,25.28,49.25,32.07,33.43,34.41,21.4,25.98,23.95,19.91,18.34,26.79,21.03,19.72
2025-11-26,20.25,24.09,20.14,44.52,46.92,39.6,51.4,25.25,23.49,29.73,53.91,25.38,29.57,21.54,25.91,23.99,33.07,,14.38,28.59,29.46,19.76,36.65,28.98,27.22,26.52,45.17,21.17,32.04,19.76,25.61,25.2,22.89,14.2,24.73,37.65,17.93,28.67,50.61,22.69,25.23,33.59,34.12,26.96,23.2,19.68,27.07,46.77,27.83,27.46,18.65,22.35,13.5,21.3,29.31,19.62,23.17,47.65,20.72,15.8,19.03,21.65,28.87,22.25,19.81,24.7,26.03,21.81,71.11,25.68,29.54,46.69,34.72,40.43,64.76,20.12,23.83,18.59,49.32,25.67,31.85,20.84,27.91,25.57,17.69,20.17,20.93,25.15,24.12,46.08,32.41,32.56,31.83,20.63,25.35,22.95,19.02,15.44,24.99,19.5,20.96
2025-11-28,20.09,22.15,19.69,45.58,46.72,36.38,50.16,25.48,23.49,28.59,51.7,24.0,28.33,21.1,24.82,23.15,34.89,,14.24,27.25,28.69,19.46,30.66,27.67,26.48,25.85,44.77,19.62,28.98,19.36,24.08,24.33,21.44,14.47,24.39,37.54,17.47,27.98,50.22,24.22,25.6,32.53,32.56,26.39,23.12,18.83,26.91,55.41,26.87,25.84,16.39,21.71,13.91,20.06,29.87,20.71,23.34,46.46,19.47,15.8,25.55,17.33,28.0,21.46,19.01,24.35,24.66,20.72,68.82,24.45,28.93,45.48,34.7,39.75,64.11,19.48,22.67,18.14,48.44,24.98,29.82,20.62,27.48,24.96,15.6,20.16,20.1,24.73,23.77,45.65,31.0,31.43,30.22,20.56,24.65,22.33,18.65,15.92,24.73,18.97,19.08
2025-12-01,20.74,23.24,19.7,44.56,47.69,38.29,51.29,25.56,23.92,30.33,53.34,24.21,28.69,22.02,25.25,23.36,35.21,,13.8,28.11,28.93,25.58,30.14,28.43,27.16,26.13,44.72,21.01,28.8,18.87,24.18,24.87,22.8,15.19,24.55,37.54,17.77,28.3,49.37,26.16,27.66,31.86,32.53,27.28,23.16,20.03,27.53,51.77,27.23,25.21,18.68,22.46,14.78,20.44,29.9,21.63,23.48,47.14,20.29,16.26,25.64,19.35,28.61,22.54,18.39,24.87,24.54,21.94,70.73,25.03,29.24,45.42,34.4,39.56,63.88,21.6,21.36,18.17,49.31,26.45,30.48,21.37,28.86,24.88,16.86,20.75,20.69,24.82,24.91,46.02,31.42,32.07,31.44,20.67,24.13,23.24,19.36,14.52,25.59,19.67,19.64
2025-12-02,20.12,23.03,19.65,43.95,46.17,37.96,51.08,25.45,24.67,29.3,52.76,23.95,28.19,21.33,24.3,23.43,34.79,,13.02,27.95,28.69,19.04,30.89,27.54,26.44,25.92,45.35,21.08,28.52,19.88,23.73,24.4,22.82,15.91,23.83,36.69,17.92,27.88,47.66,25.43,27.45,30.59,30.3,26.4,22.69,18.85,27.4,55.89,27.11,25.71,16.91,21.71,14.81,19.99,29.72,21.02,22.8,47.44,19.47,16.68,22.3,18.16,27.89,21.98,18.71,23.18,24.01,21.44,69.97,25.19,28.8,46.04,34.29,38.6,63.62,19.74,23.7,18.07,48.54,24.55,29.72,20.92,24.81,24.18,14.4,20.65,20.62,25.71,24.05,44.83,31.05,32.13,29.13,20.13,23.43,22.15,19.11,17.03,24.95,19.06,19.86
2025-12-03,20.09,21.14,19.24,43.85,46.95,37.28,49.17,24.62,23.66,28.49,51.2,23.99,26.99,20.67,24.22,22.24,24.71,,13.81,25.94,28.81,23.91,29.24,26.58,26.37,26.38,44.18,20.47,29.15,18.86,22.82,24.09,22.08,16.13,24.29,36.47,16.36,25.67,45.81,25.82,25.98,29.85,30.18,26.09,22.44,19.04,27.74,58.57,26.16,24.31,17.4,21.36,14.66,19.41,28.9,20.59,22.26,44.84,19.06,16.41,25.3,17.47,27.69,21.91,17.76,22.72,23.49,22.29,69.85,25.18,33.13,48.27,33.26,39.26,62.62,19.83,25.58,18.33,47.75,25.97,28.42,20.96,27.0,22.93,18.43,19.78,18.54,23.6,25.63,46.67,31.57,32.44,30.24,19.14,25.68,21.31,18.82,14.76,23.53,19.22,19.37
2025-12-04,19.88,22.49,19.41,42.68,46.97,37.98,48.81,22.16,22.7,28.29,50.43,23.73,28.5,20.69,24.03,22.71,24.42,,13.18,26.02,29.31,22.96,31.46,26.28,26.2,26.37,31.09,20.41,31.13,18.85,23.45,23.56,22.62,16.4,21.19,37.71,15.77,27.62,48.36,24.77,25.49,29.04,30.48,24.99,23.28,18.87,26.47,49.33,26.19,25.06,16.54,21.52,14.99,20.02,28.59,21.06,22.15,46.29,19.2,16.42,19.01,17.13,27.85,21.52,18.02,21.93,23.65,22.09,68.52,25.24,34.43,47.75,32.72,38.29,62.64,20.89,22.63,17.96,47.4,24.6,28.64,21.31,27.84,23.93,20.83,19.93,20.72,25.33,24.68,46.26,31.11,31.03,30.25,19.96,23.89,22.12,18.56,16.49,23.23,19.86,19.47
2025-12-05,19.12,22.3,19.76,42.0,46.12,36.41,47.92,22.28,23.31,26.74,50.26,23.56,27.05,20.56,23.95,22.51,23.68,,12.7,25.02,28.58,18.45,29.96,25.87,25.39,25.34,28.88,19.88,29.91,18.69,22.23,23.75,21.8,16.67,20.45,37.48,17.2,25.78,46.53,24.71,27.0,28.18,28.73,25.23,22.55,18.44,26.22,48.76,25.58,23.87,16.56,20.85,14.78,19.73,27.54,20.17,21.88,47.02,18.61,15.46,22.43,16.59,26.69,21.36,18.55,21.83,22.84,20.96,67.55,26.74,32.36,48.7,31.93,37.28,61.28,20.39,23.44,17.95,44.98,24.16,28.21,20.84,27.47,24.51,17.76,19.79,21.62,24.71,24.23,44.65,29.9,30.17,29.78,18.89,23.29,21.68,18.53,16.22,22.74,20.47,19.93
2025-12-08,20.13,23.5,20.7,42.68,44.09,38.67,50.34,22.24,24.02,28.52,51.22,24.85,28.07,21.85,24.06,23.42,24.52,,14.1,26.5,30.09,20.07,31.97,25.68,26.67,26.2,29.09,20.07,31.16,19.43,24.68,24.38,23.34,17.29,23.68,37.1,17.98,26.71,48.43,25.21,27.53,29.5,31.26,26.45,24.92,19.31,26.95,49.55,26.27,25.84,17.06,21.67,15.58,21.8,29.46,22.08,22.97,46.11,19.75,16.2,25.5,17.94,28.52,23.39,18.52,21.38,24.0,21.64,70.25,24.82,36.37,49.78,33.03,38.45,63.62,22.74,23.77,19.32,47.56,25.04,26.82,22.35,32.2,24.04,17.15,20.01,22.29,23.99,25.55,46.25,30.81,31.84,29.91,19.42,25.85,21.69,19.62,16.77,24.09,20.08,20.29
2025-12-09,20.26,23.37,21.53,41.95,43.94,38.23,49.59,23.28,22.85,27.92,49.58,24.55,29.22,21.86,23.94,23.28,25.07,,13.82,27.19,29.7,20.79,29.35,25.18,26.13,25.41,28.93,19.85,28.02,19.31,21.76,24.77,22.69,16.03,24.4,37.67,18.07,27.43,49.2,23.81,27.15,29.48,29.23,25.52,22.96,19.72,27.09,48.71,26.76,25.26,17.4,23.09,15.38,21.53,29.79,21.96,22.85,47.63,19.87,16.75,22.04,14.21,27.65,23.01,18.28,23.13,23.57,21.32,70.07,23.88,34.1,46.92,33.21,38.15,62.63,22.76,24.78,18.97,46.38,25.12,29.24,21.09,27.88,24.04,18.47,20.18,19.41,24.59,25.46,45.47,30.99,31.2,30.5,19.82,25.34,21.83,19.13,17.32,24.1,20.19,19.79
2025-12-10,19.37,21.96,20.3,41.58,44.23,37.23,48.8,23.39,23.41,27.76,49.64,23.19,28.85,21.36,23.64,22.84,24.21,,13.08,25.72,30.26,22.4,32.1,25.25,24.95,26.0,28.56,19.77,28.32,18.04,22.0,24.25,22.39,18.1,25.39,38.39,17.99,27.55,44.95,21.43,28.02,28.63,29.0,25.91,22.57,19.77,26.38,53.23,26.27,25.63,19.01,22.09,15.49,21.93,29.28,22.24,23.03,46.43,19.5,17.62,26.78,17.26,27.63,23.96,17.56,23.21,22.91,22.99,68.04,24.34,35.89,45.51,33.15,37.53,62.1,20.02,22.35,18.72,45.28,23.11,29.67,21.53,26.76,22.54,20.6,20.94,19.82,25.32,25.98,45.99,30.75,37.44,29.74,19.95,25.32,20.71,19.08,17.87,22.87,20.78,19.04
2025-12-11,19.0,23.69,19.68,42.48,30.06,38.46,47.75,22.62,22.64,27.08,50.54,23.51,28.2,21.35,23.67,22.53,23.95,,13.47,24.98,29.41,19.37,30.05,23.17,24.91,25.12,27.48,20.22,25.93,18.8,19.78,22.57,21.78,16.7,21.57,36.78,17.95,26.87,42.42,25.4,26.33,29.15,29.19,25.78,22.2,19.08,24.67,48.37,25.62,25.59,18.85,22.3,15.07,20.93,30.09,20.72,22.14,46.53,19.07,16.23,21.77,17.01,26.22,22.34,17.8,23.33,22.75,21.7,67.4,23.01,36.19,48.07,32.2,37.05,44.74,18.85,23.26,17.96,44.83,23.61,29.26,21.41,28.02,22.73,17.63,20.95,22.225,23.74,25.61,44.77,29.46,32.56,30.49,19.26,23.18,18.86,18.28,17.495,22.97,19.84,19.43
2025-12-12,19.23,23.61,18.86,40.22,28.21,38.78,48.16,21.58,21.49,27.07,42.18,23.16,27.53,21.68,23.71,23.05,23.12,,12.79,24.51,29.56,21.71,30.37,24.61,25.0,20.19,26.66,20.39,25.32,18.38,20.97,23.42,20.76,16.67,22.19,38.44,17.56,27.7,42.87,25.64,25.56,28.06,28.26,26.4,20.76,18.46,24.38,47.67,25.99,25.39,19.01,22.28,14.55,20.24,30.79,20.71,21.17,47.17,18.03,15.17,26.16,16.71,26.39,22.79,17.19,22.26,23.75,21.62,69.86,22.18,35.89,45.22,31.2,37.98,43.39,17.87,23.13,17.9,45.68,23.55,28.58,20.53,26.91,22.88,20.23,18.66,24.63,24.77,25.95,46.43,29.71,31.3,31.26,19.12,22.85,19.27,17.61,17.12,23.69,19.86,18.94
2025-12-15,19.69,24.55,20.05,38.32,28.23,39.55,48.17,22.73,22.15,27.15,41.49,23.91,28.13,24.54,22.97,24.14,24.55,,12.61,27.76,29.96,18.9,33.11,25.41,24.56,19.97,27.72,20.83,25.34,19.13,21.16,23.92,21.46,17.2,23.32,35.99,19.05,27.5,44.14,26.14,25.41,27.85,27.97,28.61,21.26,18.55,25.92,47.26,25.09,27.75,19.93,23.99,14.63,20.15,32.97,20.21,21.63,47.66,18.96,15.64,22.54,17.4,26.7,23.95,17.21,24.44,26.34,21.49,68.35,22.57,34.67,46.33,33.21,37.14,44.57,18.61,24.2,16.85,46.66,23.59,29.32,20.12,28.01,23.96,17.26,19.73,23.8733,24.11,24.88,48.77,29.66,32.53,31.78,19.06,22.7,19.58,17.6,18.3033,26.51,20.55,19.42
2025-12-16,19.23,24.94,20.46,39.17,27.25,38.84,46.8,22.89,21.39,26.59,40.39,24.24,27.58,25.2,22.72,24.39,24.77,,13.14,28.0,29.56,18.51,32.97,25.5,25.86,19.73,27.17,20.85,25.81,19.02,21.6,25.04,21.37,16.73,24.75,36.68,17.98,26.97,42.67,26.92,26.09,27.74,28.12,28.14,20.95,18.96,24.87,46.72,25.73,30.19,18.9,24.21,15.08,19.68,33.17,20.85,22.35,47.79,19.13,15.44,21.15,17.46,26.48,24.39,17.3,24.39,26.84,20.89,67.06,22.74,32.71,45.99,31.26,35.73,43.27,18.89,22.38,17.25,45.96,23.33,28.4,21.56,27.41,21.72,16.85,20.0,23.1167,24.42,25.23,50.51,29.31,32.74,31.48,18.84,22.75,20.63,18.04,19.4867,27.31,20.62,19.91
2025-12-17,20.27,25.34,21.06,38.42,28.33,40.11,49.46,24.14,22.43,28.05,42.72,25.25,28.63,26.6,23.77,26.27,23.41,,13.8,29.16,31.72,20.09,32.95,26.67,26.88,20.28,28.26,21.73,25.13,20.04,22.33,24.83,21.82,16.26,22.75,37.26,19.59,28.69,47.9,28.35,27.24,29.15,29.43,30.19,21.84,20.14,25.77,46.98,26.31,32.66,20.14,25.49,15.0,20.17,32.78,22.59,21.83,49.44,19.63,15.9,20.91,18.36,27.88,25.19,17.04,25.76,28.53,21.98,69.22,22.96,32.59,44.81,34.07,38.06,46.72,18.53,22.14,17.95,50.72,23.24,29.79,23.1,27.96,23.32,16.2,18.11,22.36,25.26,25.67,49.04,30.85,32.09,31.82,19.63,23.34,20.66,18.72,20.67,28.65,21.49,19.98
2025-12-18,19.74,25.35,20.02,28.0,26.95,38.94,46.25,23.28,20.93,26.81,41.44,24.42,27.44,25.8,22.72,25.47,24.21,,13.27,29.11,31.07,19.4,30.84,25.9,26.28,18.97,26.63,20.66,25.79,19.11,22.09,24.94,21.2,16.46,23.76,35.24,19.1,28.76,45.13,27.83,27.09,27.57,27.99,29.6,21.8,19.48,25.12,47.06,25.38,34.93,19.19,24.87,14.64,19.57,32.48,22.07,21.9,47.78,18.45,15.24,23.05,16.73,26.27,24.92,16.66,24.07,27.85,21.08,56.74,22.86,32.65,45.39,35.65,35.87,44.38,18.28,21.84,18.17,46.38,23.23,28.6,22.21,27.89,22.84,16.37,18.81,21.66,24.99,24.36,48.13,31.17,31.16,30.62,19.81,23.37,20.89,17.88,19.98,28.06,20.74,19.39
2025-12-19,18.35,24.47,19.83,26.75,25.31,37.02,45.11,22.81,19.79,25.71,40.14,23.87,25.76,25.73,21.7,24.67,23.73,,13.06,27.93,30.1,17.77,30.87,25.14,24.72,18.12,25.84,20.19,24.94,18.51,20.91,24.37,20.25,15.53,22.42,22.73,17.81,28.41,43.32,26.76,25.77,24.88,26.45,28.16,21.47,18.31,24.11,46.49,24.23,35.06,18.72,23.82,14.08,18.66,31.32,21.07,22.55,44.23,17.27,14.8,20.12,16.54,25.58,24.77,15.97,23.11,26.91,20.0,54.89,22.4,34.0,26.98,31.69,33.54,43.5,17.49,21.9,17.58,43.43,22.68,27.16,20.77,25.87,22.4,16.84,18.51,21.01,24.19,23.97,46.11,30.93,29.79,31.37,19.64,21.87,20.22,16.47,19.48,26.83,19.44,19.14
2025-12-22,18.18,23.37,21.14,26.82,24.79,35.28,44.14,22.52,19.41,25.02,38.88,21.18,23.61,24.56,21.28,24.99,22.84,,12.46,27.31,28.91,16.39,30.17,28.57,24.0,18.33,25.48,19.23,26.01,18.69,20.92,23.17,20.71,15.3,21.76,19.71,18.17,30.37,44.91,26.77,24.57,25.37,26.07,27.28,21.16,19.15,23.15,46.41,24.4,38.66,19.83,23.47,13.39,19.16,31.43,20.16,21.65,42.53,16.53,14.68,19.63,17.63,25.17,24.14,15.44,25.92,26.47,19.59,51.9,24.0,38.11,25.19,30.79,33.09,42.94,16.79,21.01,19.35,41.99,21.87,27.29,21.09,28.35,24.9,16.49,17.21,18.42,25.12,24.34,45.34,34.34,29.81,28.6,21.23,22.24,20.64,16.17,17.34,26.71,19.39,18.44
2025-12-23,17.35,23.35,19.23,25.91,24.12,35.21,43.2,21.67,19.94,24.46,37.65,21.67,23.47,23.55,20.76,24.45,22.27,,11.6,27.66,28.71,16.61,29.11,27.61,24.35,17.46,24.77,18.86,26.38,17.93,19.63,22.97,19.45,15.79,21.51,21.37,18.26,32.06,44.53,23.26,25.67,25.05,26.4,26.97,20.43,18.25,23.47,47.39,24.25,41.12,19.85,22.95,13.41,18.76,29.7,21.53,21.13,42.76,16.76,15.47,23.22,16.69,23.98,24.55,14.87,22.89,26.0,18.99,50.97,24.11,28.07,24.91,34.12,32.66,40.98,15.91,22.34,21.24,40.76,21.05,26.17,22.27,25.82,26.03,15.23,17.97,19.83,23.97,23.49,42.75,35.98,28.46,28.98,20.01,22.07,22.14,16.65,18.64,26.08,19.95,18.36
2025-12-24,17.39,23.0,21.32,25.28,24.42,35.17,42.06,21.32,19.68,24.06,37.87,21.15,24.68,24.38,20.86,24.45,21.53,,11.2,28.87,28.57,16.79,29.2,29.96,24.14,17.81,24.38,19.0,27.22,18.06,20.62,22.12,20.2,15.8,21.02,21.23,17.5,32.75,44.73,25.15,25.09,25.24,25.54,28.12,20.48,18.36,22.89,47.44,24.11,42.22,21.44,23.01,14.0,19.01,29.13,19.25,21.1,42.89,16.88,14.95,19.22,16.9,23.56,24.96,14.47,22.68,26.2,18.55,51.5,22.96,42.13,25.45,29.69,32.26,41.22,17.16,21.66,21.18,40.82,21.52,26.11,20.9,25.95,27.74,15.8,18.01,20.01,23.54,23.33,41.49,37.49,28.58,28.78,19.82,21.76,21.78,15.72,18.07,25.96,19.57,18.34
2025-12-26,18.88,23.91,22.59,22.21,24.38,35.55,43.53,22.23,18.71,23.98,38.82,21.64,25.5,23.98,20.79,25.22,21.8,,11.89,28.52,30.73,18.02,31.36,29.62,25.34,18.15,24.13,18.97,26.27,18.26,20.19,23.55,21.46,15.55,17.91,20.78,18.87,33.25,43.5,25.39,27.61,25.27,25.92,27.97,20.36,18.43,25.48,49.05,24.76,43.0,21.28,23.33,13.78,19.06,29.36,21.17,20.7,44.19,17.09,15.02,17.84,17.71,27.0,27.71,15.65,23.91,26.72,20.87,50.81,22.84,42.58,25.89,31.37,33.43,40.73,17.08,22.39,21.38,41.04,20.7,26.9,21.98,29.78,27.63,15.82,17.39,20.4,24.67,23.99,43.41,38.7,28.3,31.5,19.58,25.04,22.01,15.99,19.86,26.4,19.95,18.26
2025-12-29,21.42,25.22,23.1,25.85,26.31,38.07,44.63,22.19,20.45,24.51,39.74,24.76,28.58,24.36,21.29,25.04,18.68,,12.01,28.92,34.03,20.52,35.64,30.16,25.97,18.21,25.98,19.25,26.43,20.17,21.12,27.3,20.38,14.38,20.76,22.27,20.63,33.33,46.18,23.01,32.58,26.22,26.73,28.61,20.44,18.4,30.88,51.42,25.43,42.66,20.54,24.15,13.69,19.7,29.67,23.56,22.03,49.6,19.72,15.37,23.15,17.45,32.52,29.35,17.83,23.72,27.13,24.52,56.23,25.16,41.38,26.64,38.31,34.65,42.03,17.39,21.81,21.8,41.8,20.58,28.44,27.43,35.01,27.73,15.54,17.5,22.01,26.89,23.77,47.73,39.68,28.91,34.16,21.37,32.5,22.87,19.58,20.86,27.25,20.13,19.08
2025-12-30,21.74,24.95,22.65,23.23,23.98,39.39,43.89,21.37,18.51,24.63,39.41,25.78,28.69,25.13,21.84,25.29,21.79,,11.55,29.65,35.26,21.38,34.48,29.85,25.12,17.81,24.91,21.6,26.5,19.32,20.94,28.52,19.12,13.99,21.81,22.79,20.85,34.23,45.47,24.39,33.15,25.83,26.34,29.52,20.6,18.23,33.44,53.02,24.7,42.27,20.09,23.12,13.39,18.29,28.8,25.27,21.48,51.08,20.53,16.19,22.42,17.35,34.4,29.87,19.59,23.38,27.82,25.7,55.46,25.51,41.93,26.44,38.38,35.01,41.96,15.08,21.45,20.68,42.07,20.29,26.39,24.73,34.69,29.25,16.32,18.42,23.67,28.04,23.3,48.61,38.78,28.15,35.85,21.35,34.96,22.25,19.62,19.96,27.04,20.15,19.37
2025-12-31,22.8,25.6,22.64,23.55,22.53,38.27,45.51,21.53,20.6,25.09,39.07,27.9,29.66,25.66,21.31,24.98,21.36,,11.83,29.15,36.22,22.85,45.3,31.16,24.4,18.8,25.04,19.76,25.27,20.52,21.99,29.78,21.06,16.56,21.21,23.22,21.84,33.53,45.09,21.17,34.63,26.84,27.19,28.47,20.53,18.37,36.06,57.55,25.12,42.39,20.99,24.17,14.24,20.35,28.77,25.23,21.02,52.76,21.22,16.47,18.92,16.73,35.97,30.67,20.32,22.86,26.72,26.54,54.16,26.3,41.31,29.55,39.34,36.0,40.56,15.66,21.07,20.7,42.01,20.95,27.02,26.34,39.49,27.47,16.59,19.19,25.44,29.43,22.41,49.04,40.18,28.97,37.69,21.26,37.3,24.01,21.6,24.49,27.86,19.98,19.56
2026-01-02,23.32,25.27,23.13,24.73,25.96,38.82,49.63,24.22,21.23,29.53,41.01,28.38,30.79,25.01,22.06,25.74,23.03,,13.65,30.38,36.36,21.4,37.54,31.8,24.7,19.29,26.7,19.87,26.36,19.79,22.28,29.71,22.99,16.16,23.68,23.16,20.94,34.6,45.41,25.42,37.04,29.18,29.46,29.89,21.44,24.47,35.47,56.24,26.93,42.65,21.33,24.22,13.76,19.68,31.29,25.6,21.75,53.22,21.71,16.18,20.57,16.65,37.59,30.56,19.19,24.38,29.47,28.63,57.88,24.3,42.09,28.95,40.7,36.47,42.47,17.81,22.32,21.49,48.66,22.99,29.9,26.49,39.9,29.1,15.94,19.07,26.02,28.86,22.95,47.96,39.97,31.5,37.42,22.79,36.64,24.72,21.16,23.01,28.68,19.3,19.75
2026-01-05,24.21,27.84,23.93,25.98,27.33,43.14,54.62,27.13,20.1,34.18,43.12,27.99,30.25,25.85,23.21,26.9,26.18,,12.95,31.31,38.63,21.5,38.0175,31.06,28.28,19.9,27.97,20.22,28.44,24.44,22.18,29.87,29.61,17.04,27.79,23.38,21.33,33.2,46.11,28.3,36.59,33.75,33.64,31.29,21.85,24.93,35.37,58.25,27.27,43.07,22.35,24.38,15.85,20.46,36.6,27.48,22.13,56.41,22.56,17.73,26.8,17.15,38.07,30.4,20.82,27.07,29.86,28.61,59.42,26.26,44.33,29.79,42.35,38.76,45.43,21.12,24.04,21.29,52.28,26.86,36.17,27.22,40.62,28.82,16.91,20.92,25.16,30.08,23.62,48.21,40.02,36.57,39.28,23.05,36.66,24.97,22.64,23.16,29.0,21.3,22.13
2026-01-06,25.58,27.36,23.92,25.27,26.77,45.2,54.67,28.93,22.84,36.03,42.78,28.98,29.77,25.85,23.47,26.52,28.33,,12.9,32.33,38.28,22.32,38.495,30.52,31.01,20.33,26.63,20.38,27.61,24.74,23.75,30.35,30.19,16.81,28.99,24.82,21.11,33.75,46.57,28.25,38.84,34.84,34.7,30.65,22.88,26.21,36.42,58.95,26.29,41.83,23.27,24.64,14.96,20.78,37.95,27.72,23.44,59.21,23.35,18.1,26.39,19.6,38.69,31.43,21.52,27.66,29.43,28.64,63.29,25.84,43.84,31.98,41.71,37.61,44.83,22.47,24.65,22.12,53.54,30.13,38.4,28.81,42.12,28.51,16.4,20.35,26.35,30.08,23.35,49.14,41.58,36.32,39.69,22.75,38.37,24.67,22.17,22.73,28.89,20.6,21.69
2026-01-07,26.43,31.5,24.37,25.41,27.73,45.18,55.19,30.88,23.49,37.22,42.74,29.85,30.83,26.2,23.12,27.74,28.94,,12.81,32.61,39.5,22.63,38.9725,31.94,30.48,21.05,27.63,21.16,29.74,22.58,24.44,30.98,32.98,17.16,31.42,25.78,25.33,34.01,47.41,30.55,37.47,37.31,37.46,31.46,22.72,28.0,37.49,61.81,26.12,41.87,23.33,25.45,15.49,21.21,39.89,28.26,23.11,58.63,23.34,18.96,29.04,18.42,40.55,32.84,21.04,28.64,30.21,29.0,61.96,26.81,44.67,32.09,44.99,36.49,45.14,24.67,25.82,23.11,55.53,31.85,37.99,31.72,42.25,30.79,16.78,21.62,27.06,29.25,24.22,48.02,40.48,36.6,40.5,24.45,36.85,26.29,23.15,22.3,29.77,21.73,23.6
2026-01-08,27.27,30.14,27.88,24.93,27.41,45.34,53.0,28.52,23.3,37.52,42.02,31.07,32.02,26.42,23.05,28.04,29.77,,12.75,31.8,39.23,23.73,39.45,33.96,29.95,21.52,28.55,21.51,29.93,24.11,25.45,30.36,32.79,18.62,31.81,25.16,24.81,35.64,48.73,28.69,39.51,37.17,37.56,31.0,23.22,26.01,35.99,66.09,26.63,43.2,22.77,26.26,15.14,21.27,40.56,30.33,24.08,57.81,23.72,19.64,29.16,18.68,40.04,33.6,21.18,28.56,29.59,29.39,60.45,25.57,45.28,32.5,44.05,36.71,44.61,22.93,25.93,21.17,57.73,32.74,38.58,30.86,42.73,30.97,15.46,21.34,25.43,30.26,23.03,47.59,41.22,39.13,40.01,24.0,37.52,27.17,23.61,22.51,30.81,23.32,23.59
2026-01-09,26.18,29.95,26.2,24.67,26.84,47.86,53.28,30.86,22.65,37.33,41.9,30.45,30.05,25.12,22.29,27.28,29.39,,12.2,31.11,38.26,23.54,36.29,32.35,30.09,20.68,27.74,21.82,30.79,22.64,25.94,30.61,33.41,17.76,32.46,26.43,23.91,34.93,47.79,29.92,40.79,35.77,36.22,30.16,23.05,25.9,36.28,66.74,26.47,40.32,21.77,24.98,15.57,19.77,40.08,30.31,23.1,61.22,23.3,17.96,23.31,19.08,39.3,32.24,21.18,27.39,27.79,29.36,59.43,25.73,45.67,32.56,43.24,35.91,44.79,24.27,25.44,22.74,57.89,31.49,38.82,31.83,42.09,29.12,21.2,20.2,26.04,31.21,24.78,46.16,39.45,39.98,40.62,24.05,36.39,25.9,22.0,20.63,29.34,21.87,22.62
2026-01-12,27.42,29.58,26.07,25.19,28.06,50.47,54.91,32.25,24.29,38.22,43.26,32.96,32.62,26.81,23.65,27.51,29.46,,12.61,32.08,39.03,20.4,38.4,36.94,32.25,21.26,28.55,26.33,34.86,24.36,27.78,32.01,34.94,20.32,32.07,28.88,25.16,35.16,49.39,29.33,38.82,37.27,37.65,29.69,23.34,26.68,38.41,64.92,26.6,41.73,23.22,25.9,17.14,22.45,41.73,31.63,23.2,60.27,23.9,19.04,27.09,20.41,40.76,31.52,20.83,29.2,28.27,29.88,60.32,26.76,46.39,32.83,43.33,36.14,47.56,23.33,26.27,22.66,59.91,32.6,39.98,30.28,42.26,27.63,17.82,21.56,24.28,31.99,30.6,47.48,40.48,42.41,40.04,24.6,36.79,26.39,23.84,22.54,30.04,23.1,23.87
2026-01-13,26.85,29.71,25.67,26.5,30.82,49.06,56.08,30.28,24.79,38.91,42.84,33.45,33.27,25.06,24.05,27.5,29.61,,13.21,31.57,38.65,22.59,41.27,37.31,29.38,21.06,31.67,26.32,36.17,24.36,26.89,30.72,34.92,19.71,32.68,29.08,25.3,34.74,47.74,30.22,39.51,38.2,38.61,30.45,22.61,25.07,37.4,70.38,29.8,42.39,20.08,23.07,17.87,22.93,40.81,31.78,23.25,58.73,26.77,19.91,17.51,20.39,41.05,32.16,20.33,29.51,28.1,31.58,59.28,24.99,46.87,32.91,44.95,35.79,47.25,23.91,25.14,23.52,59.92,33.01,40.81,30.55,45.24,30.78,19.27,21.73,24.46,29.45,32.77,47.87,39.96,41.98,40.31,24.64,38.94,26.69,26.94,24.58,30.37,23.4,25.54
2026-01-14,26.57,28.56,25.36,27.15,31.33,49.07,57.05,27.98,25.29,39.99,44.99,33.43,33.3,22.25,25.96,27.36,27.76,,13.35,27.15,38.95,25.61,44.71,36.67,32.37,21.78,32.6,30.42,37.7,26.48,26.39,30.02,35.58,19.1,32.42,28.82,25.73,34.53,48.71,28.46,38.91,37.12,38.19,30.4,22.76,26.5,39.08,68.25,33.54,38.77,21.34,23.13,18.09,22.77,39.86,32.14,24.07,61.0,26.16,20.76,25.36,18.87,40.99,31.76,21.03,28.96,28.71,33.38,58.37,27.63,48.09,31.65,46.56,36.09,48.39,25.03,23.53,22.67,60.92,32.15,38.12,30.32,43.45,30.43,18.94,21.15,26.82,29.09,33.23,47.59,41.06,41.61,39.53,25.66,40.83,26.8,26.16,23.47,25.9,24.57,26.59
2026-01-15,26.92,28.45,25.75,25.77,29.46,49.46,56.37,27.51,24.18,40.21,44.2,33.01,30.49,21.9,25.27,22.91,28.13,,12.66,28.59,36.92,22.6,40.03,34.85,29.8,19.66,31.04,29.89,40.48,25.11,26.6,30.21,34.26,18.265,31.86,28.84,25.08,34.2,49.07,31.23,40.67,36.11,36.42,28.08,23.06,26.47,40.52,64.12,35.65,35.61,22.82,23.02,18.22,23.67,39.89,30.62,23.77,62.25,25.36,20.63,23.95,19.11,39.28,33.22,21.45,27.69,25.46,32.88,56.75,26.49,46.97,31.07,47.74,36.0,48.16,24.06,24.3,23.05,60.86,31.45,39.99,30.02,44.52,31.98,20.95,22.59,26.59,29.29,33.61,47.21,41.24,43.29,40.83,24.4,40.01,27.42,24.81,23.95,24.82,24.95,25.88
2026-01-16,26.53,28.51,25.15,25.71,31.03,51.09,55.72,27.38,21.6,38.38,42.68,31.3,30.17,20.87,25.58,21.68,28.6,,12.36,27.4,37.19,19.73,38.05,33.51,31.15,20.08,31.76,29.54,36.85,22.83,27.51,29.45,35.36,17.43,28.82,28.3,24.4,35.03,48.99,28.35,39.42,35.84,36.15,26.12,22.38,25.21,39.09,61.49,33.21,34.29,21.75,22.03,18.01,22.2,41.07,29.44,22.89,61.35,24.77,20.89,24.79,18.56,39.03,35.1,21.74,28.11,23.83,31.2,56.32,23.7,45.29,30.41,48.75,35.85,46.88,25.05,23.88,22.5,62.17,31.43,37.88,29.08,42.37,31.62,17.72,21.8,26.54,28.75,33.04,44.95,39.2,43.04,40.58,24.65,36.17,25.96,23.76,23.06,24.43,28.78,21.86
2026-01-20,31.04,29.46,26.23,28.85,33.17,55.62,59.46,28.19,24.67,42.0,48.74,34.26,34.18,23.81,29.69,24.91,28.93,,14.63,31.23,39.84,23.9,39.47,37.64,32.86,21.31,35.14,31.78,36.55,24.37,33.12,33.11,37.11,16.46,31.58,29.73,27.02,37.81,51.46,33.09,41.41,38.15,37.58,29.39,25.71,28.76,41.44,68.36,36.13,35.96,22.82,24.76,19.51,25.79,41.03,32.1,25.44,64.51,27.48,22.3,20.62,22.29,41.06,25.51,23.57,29.86,26.7,32.64,63.7,27.14,49.69,32.31,50.49,41.36,50.37,25.31,24.57,21.17,63.29,35.27,40.4,32.95,44.88,29.87,19.95,22.13,26.49,30.1,34.12,48.67,40.54,43.94,39.62,27.39,38.06,24.58,26.94,23.6,26.65,29.96,25.71
2026-01-21,29.3,28.5,25.49,26.86,30.48,53.15,58.9,28.92,23.53,40.14,44.9,32.59,31.72,21.64,31.6,22.87,26.08,,14.55,28.46,38.34,22.7,35.68,35.09,32.14,20.32,32.72,31.23,36.95,25.0,31.14,29.74,35.47,17.24,29.67,29.24,25.63,36.3,49.6,31.09,38.29,36.79,37.1,26.41,22.64,27.26,39.33,74.38,36.71,35.27,17.6,22.3,18.51,23.84,39.34,30.29,24.78,62.23,26.62,20.42,24.89,22.42,40.0,24.93,22.55,26.77,25.29,32.74,64.77,25.74,32.09,31.73,50.67,38.23,49.06,26.8,23.16,21.78,61.45,33.29,39.62,32.15,44.06,24.04,21.86,20.93,26.35,28.99,34.62,45.87,37.95,41.92,37.97,24.65,38.65,22.57,24.84,22.95,24.5,30.84,24.16
2026-01-22,28.56,28.47,21.34,26.29,30.29,51.61,57.6,29.66,23.63,39.35,44.88,32.17,31.26,21.14,31.55,21.72,28.43,,13.63,27.28,36.65,19.99,35.18,33.65,30.72,19.85,34.4,29.4,35.05,24.61,32.74,31.27,35.08,17.59,30.0,27.65,24.41,29.13,49.15,29.57,39.16,36.1,36.69,25.51,23.05,25.26,37.45,68.47,35.28,34.48,18.21,21.6,17.63,23.5,38.56,30.75,24.84,59.3,24.32,21.14,26.45,22.4,40.18,22.69,22.05,27.53,23.96,31.21,64.21,25.46,30.15,30.63,49.16,37.78,47.9,25.71,22.98,17.69,59.56,32.96,40.14,31.25,45.9,22.31,20.15,23.4,27.34,30.43,35.84,46.83,37.78,43.78,37.98,25.27,38.1,21.64,23.86,23.23,23.39,28.87,23.77
2026-01-23,28.93,28.77,21.2,25.93,29.96,50.31,57.67,28.4,24.0,40.26,44.87,30.86,31.84,21.64,31.87,22.59,27.8,,14.43,27.28,37.09,21.8,35.88,30.09,30.65,19.38,34.96,30.33,35.0,23.35,32.77,30.29,34.91,18.38,30.43,27.33,25.57,28.36,49.6,30.51,38.23,36.64,36.98,25.85,23.85,26.72,37.85,53.78,35.2,26.94,18.18,22.4,18.46,24.27,38.75,29.53,25.32,59.47,25.4,20.78,23.83,22.83,40.7,22.6,20.69,27.38,24.0,32.45,64.17,26.18,29.94,30.74,48.37,38.57,47.33,25.3,21.98,17.48,58.48,33.26,37.49,30.88,42.26,22.85,19.97,21.41,27.02,30.0,35.0,46.37,38.75,42.27,36.93,23.62,38.26,21.39,23.72,23.9,23.21,28.15,23.92
2026-01-26,28.85,29.0,20.48,26.62,30.87,52.15,57.93,27.07,26.66,41.49,45.66,30.8,29.81,21.48,32.39,23.25,26.68,,14.01,27.6,37.67,21.92,38.22,29.88,30.64,19.74,40.18,29.3,33.66,24.5,33.25,30.5,34.61,18.01,29.85,27.34,25.34,28.16,50.08,31.15,39.57,37.57,37.97,25.23,26.17,26.22,38.54,51.58,39.6,28.4,16.98,22.14,19.19,24.3,38.34,30.37,28.26,61.52,25.25,20.18,24.87,23.92,42.32,23.75,23.5,28.61,24.39,32.39,64.28,23.97,29.92,32.21,48.86,41.84,48.44,24.52,22.02,17.55,59.65,31.53,38.84,32.65,41.11,22.37,20.62,22.36,26.48,29.0,36.11,47.41,40.36,44.09,38.48,24.96,37.85,22.76,23.97,22.04,23.3,28.3,24.24
2026-01-27,28.05,28.76,21.35,27.39,32.0,53.98,58.16,27.58,25.49,42.26,45.56,31.25,28.64,21.96,32.32,23.68,29.42,,14.81,28.08,37.09,22.62,37.5,30.11,31.03,19.93,41.69,31.86,39.8,24.16,33.33,31.91,34.79,18.06,31.0,27.89,25.63,28.45,50.27,30.96,31.68,37.96,38.29,26.68,28.29,26.49,38.26,52.22,41.13,28.63,19.26,22.3,19.05,24.54,39.09,30.96,30.14,62.42,25.87,20.45,24.17,22.63,42.36,23.63,22.65,27.97,25.25,32.71,65.45,25.95,29.88,32.66,49.54,42.98,50.28,25.58,25.05,18.09,59.67,32.18,40.1,26.53,43.49,22.95,20.05,23.65,23.48,30.17,37.99,47.03,45.16,44.57,35.5,21.83,29.93,21.83,24.09,24.58,23.81,28.64,24.85
2026-01-28,29.04,29.97,21.22,27.41,32.46,53.85,59.95,27.18,25.75,41.52,47.57,31.31,27.57,22.14,32.5,23.67,29.3,,15.18,28.98,38.27,22.51,41.92,30.75,30.6,20.41,44.02,31.93,37.16,24.54,33.06,26.0,35.53,17.04,31.29,27.19,21.27,28.67,45.66,28.78,31.01,37.45,37.56,25.57,28.99,27.8,40.98,57.88,41.81,26.51,19.41,22.85,19.0,25.34,40.33,29.94,30.9,61.55,25.95,21.49,25.1,25.58,42.95,23.66,22.53,28.7,24.67,33.3,70.06,24.72,30.03,32.23,49.71,45.42,54.26,25.21,24.19,18.69,61.14,30.83,40.27,26.97,35.14,22.52,19.7,23.25,21.42,29.89,36.58,46.85,31.96,44.34,32.01,22.01,27.76,22.65,24.96,24.3,24.14,28.72,25.54
2026-01-29,32.37,29.72,21.2,31.29,33.66,54.71,59.84,28.46,25.31,42.52,48.82,33.04,28.72,23.11,32.62,23.51,29.7,,15.78,29.47,32.56,21.5,27.84,30.53,31.98,21.15,46.58,33.85,34.5,25.83,32.67,23.96,37.58,18.43,33.23,27.63,21.27,28.17,46.73,30.8,32.77,38.42,38.63,27.36,29.26,21.73,30.4,60.51,46.28,29.27,20.94,22.54,18.87,24.84,39.82,26.68,31.13,57.88,21.43,22.55,23.71,23.55,30.89,23.45,18.15,30.32,25.35,27.48,70.04,24.78,30.34,32.63,44.21,44.72,55.15,24.9,23.13,17.88,62.64,32.52,44.73,26.78,30.89,23.12,19.51,23.7,20.16,25.54,36.61,42.94,32.92,45.99,30.45,19.97,26.41,21.72,25.43,25.07,24.5,29.88,26.24
2026-01-30,24.79,28.86,20.63,28.98,32.92,54.34,60.98,27.26,26.17,42.99,49.86,26.0,28.13,22.83,33.59,24.19,30.25,,15.92,29.36,31.99,18.59,28.36,31.11,32.29,22.18,45.8,33.93,34.34,23.66,33.6,24.84,35.57,19.45,32.72,28.43,21.63,27.89,46.19,30.51,31.89,37.47,38.68,27.71,28.51,21.98,28.26,55.91,46.93,28.31,19.03,22.72,19.04,25.06,41.08,27.5,31.6,57.39,21.2,22.42,24.44,23.7,29.4,24.32,17.11,29.53,25.57,25.03,70.02,24.85,30.16,31.96,42.08,44.9,53.85,24.02,24.5,17.91,62.31,33.41,41.9,26.69,29.66,23.36,20.18,24.02,21.12,25.64,37.59,42.71,31.07,44.0,28.34,20.79,26.13,22.08,20.86,20.12,24.95,29.67,24.16
2026-02-02,21.94,29.71,22.16,30.81,33.63,53.7,61.29,27.73,27.61,42.63,53.83,27.03,28.33,23.01,32.81,25.0,31.01,,15.93,28.76,32.06,17.86,27.8,31.8,31.7,24.98,47.01,34.65,35.26,23.09,33.41,25.01,25.5,18.84,30.5,29.08,21.22,29.24,46.14,31.99,31.78,37.63,38.0,27.91,28.61,22.2,27.82,58.85,47.97,28.65,19.18,23.08,19.38,25.05,41.66,26.83,31.92,57.58,20.55,22.05,26.43,24.63,28.2,25.57,17.35,31.49,25.82,24.27,71.17,24.11,30.75,32.85,41.55,46.29,55.86,26.28,25.51,17.57,67.86,33.27,42.49,27.46,29.46,23.47,21.02,25.12,19.13,26.44,35.78,42.36,32.7,44.74,30.03,21.95,26.22,21.48,20.41,18.2,24.88,29.97,23.11
2026-02-03,23.77,30.79,21.5,36.76,41.08,56.81,62.25,28.46,29.55,45.59,59.53,28.78,29.48,25.24,41.15,28.77,30.78,,17.64,31.54,33.81,18.74,28.86,33.48,32.96,26.81,52.15,36.31,36.12,26.21,33.82,25.38,25.68,20.18,32.36,33.3,23.75,31.59,48.96,33.38,32.89,40.36,40.68,30.15,29.37,23.58,31.72,62.32,59.72,29.01,20.29,25.08,19.82,26.1,45.07,28.43,31.43,61.48,23.88,22.24,28.7,24.92,29.96,26.31,17.86,26.05,28.4,26.92,73.06,25.78,33.51,34.01,48.59,48.61,59.65,23.11,23.11,19.13,51.42,33.94,44.4,29.31,30.0,25.26,20.77,22.57,22.31,26.39,36.14,42.97,34.13,44.61,30.2,23.06,28.5,25.08,23.32,20.5,27.14,31.27,27.6
2026-02-04,24.89,26.5,22.92,37.33,41.58,61.05,59.51,23.12,28.91,48.09,64.35,29.04,29.96,26.03,42.91,29.8,27.79,,18.56,32.36,36.01,18.76,27.64,33.41,34.48,28.15,52.82,33.85,36.09,25.67,34.98,25.94,26.73,18.89,23.76,34.43,24.07,32.25,51.45,34.92,34.95,42.73,42.76,32.87,29.61,24.69,31.78,63.06,59.72,29.69,21.4,25.35,20.2,26.48,34.7,30.07,32.96,65.88,24.16,22.38,21.52,24.6,32.89,26.65,18.17,26.26,29.64,27.29,76.19,26.01,35.61,34.62,50.25,50.45,62.59,23.71,23.24,18.86,58.71,34.37,46.85,31.05,29.65,25.45,21.35,22.61,22.88,27.27,37.19,45.92,35.49,37.18,32.2,24.45,26.99,25.69,23.75,20.63,27.12,31.2,28.05
2026-02-05,27.01,27.42,23.27,40.71,46.56,62.87,59.32,24.34,30.06,50.62,66.02,30.04,31.83,27.72,45.02,32.16,27.29,,19.48,34.55,37.04,19.33,29.2,35.64,32.27,28.34,57.27,35.42,38.09,24.78,35.28,26.23,28.2,19.76,27.21,35.97,24.88,33.87,53.21,34.41,35.35,35.42,35.7,34.68,31.2,25.14,33.93,66.07,62.63,30.21,21.95,27.92,21.05,22.96,38.23,31.33,33.7,65.59,25.45,22.7,24.42,25.21,34.82,28.16,19.09,26.95,33.38,31.96,75.4,25.17,35.84,37.52,57.05,52.97,67.61,24.07,25.08,19.09,61.21,34.44,38.58,32.17,30.74,27.3,21.65,22.98,21.23,27.67,38.43,47.13,37.28,39.11,34.19,24.08,30.57,26.82,25.78,21.71,28.2,33.19,27.36
2026-02-06,23.75,25.49,22.13,36.61,43.52,58.88,55.26,24.1,29.5,32.02,61.6,26.85,28.6,24.46,42.6,29.21,24.96,,17.52,31.19,35.29,18.54,29.44,32.35,31.3,26.64,54.9,33.02,36.27,24.59,33.98,24.85,22.36,19.32,26.22,33.89,22.6,30.85,48.36,34.25,32.36,31.87,32.25,30.33,29.8,23.61,29.99,59.92,56.36,28.57,19.43,24.62,20.09,21.63,33.56,28.97,31.94,60.55,22.28,21.37,22.48,24.56,32.52,26.05,17.95,25.21,30.25,28.05,68.72,24.19,34.03,34.59,54.04,48.73,63.25,21.56,22.46,17.73,53.54,25.81,37.24,27.01,27.46,25.3,21.0,20.55,21.99,26.98,40.57,42.46,33.41,36.77,31.36,22.33,27.52,24.24,22.11,21.15,26.38,32.92,25.87
2026-02-09,23.61,26.12,23.4,36.6,48.26,56.51,55.44,24.44,29.98,32.04,60.64,27.3,28.36,23.79,44.48,27.68,23.46,,18.24,31.11,35.12,18.16,27.0,32.42,31.53,26.44,54.53,33.35,37.69,25.21,33.9,26.11,24.7,21.11,25.11,33.06,22.5,30.86,48.52,33.63,34.04,30.86,30.94,29.85,30.54,23.05,29.81,61.01,57.1,29.03,20.17,24.17,20.56,21.04,34.46,28.58,31.14,60.8,22.5,21.43,22.23,25.37,31.71,26.22,18.44,25.97,29.72,27.06,68.19,24.42,35.26,35.1,53.26,48.09,69.4,22.39,22.67,17.71,51.83,25.85,36.12,28.0,28.33,24.74,21.05,21.39,22.45,26.88,40.09,41.84,33.88,37.43,31.94,21.6,27.3,24.87,22.48,23.58,26.34,32.81,26.27
2026-02-10,23.18,26.08,20.81,36.46,49.53,56.55,53.8,24.26,29.47,31.8,60.47,28.17,29.6,26.25,42.69,28.07,24.71,,18.21,32.62,34.98,18.49,26.05,33.22,28.74,26.78,53.72,34.92,29.03,23.37,34.46,25.76,23.93,17.79,24.95,33.48,22.44,31.15,48.77,35.56,33.42,29.77,30.4,30.88,30.51,22.7,30.42,60.53,58.38,28.3,20.3,26.44,18.1,21.18,34.56,28.55,30.83,60.59,22.76,21.13,23.1,25.85,30.75,26.5,18.97,26.08,32.28,27.1,68.78,24.92,36.07,30.19,51.86,46.29,68.51,22.03,22.95,17.72,52.84,25.44,33.52,28.08,27.5,29.16,21.13,21.22,23.3,26.16,37.92,41.46,32.1,36.03,32.35,22.9,27.63,23.46,22.29,20.89,29.48,32.47,25.96
2026-02-11,23.42,26.16,20.18,37.97,52.25,56.39,54.83,25.09,27.67,32.37,60.24,29.99,29.45,27.02,43.81,27.36,25.64,,17.7,33.24,37.7,18.79,29.11,33.15,29.3,26.41,56.67,35.21,29.45,23.97,34.91,25.56,24.83,16.45,26.96,35.41,23.48,30.93,49.88,28.87,34.04,29.96,30.84,31.96,30.54,23.63,35.07,58.59,65.6,27.89,21.18,27.85,18.84,21.39,35.05,28.34,31.36,59.59,23.76,22.13,22.61,27.79,32.13,25.5,19.82,25.78,32.52,28.34,68.49,23.95,36.77,34.04,54.35,46.22,71.33,22.06,23.96,18.11,53.68,23.72,30.99,27.99,28.08,30.6,20.71,21.75,23.67,27.18,31.35,41.31,32.25,36.42,31.6,22.67,26.71,26.21,23.5,21.67,28.91,32.91,26.28
2026-02-12,27.79,27.35,23.14,43.6,53.58,63.55,58.28,25.04,29.64,34.52,63.06,33.87,32.07,29.33,49.16,32.8,26.24,,19.28,38.2,39.26,20.04,28.86,36.58,29.62,27.85,57.91,27.74,30.28,24.2,38.57,28.74,33.78,16.87,29.1,36.97,24.7,32.35,51.1,30.04,34.95,32.27,32.6,36.34,31.06,24.3,38.89,59.39,67.98,30.59,20.3,31.8,19.78,22.52,35.35,29.08,31.61,63.56,27.3,19.07,23.25,27.39,34.1,27.33,21.12,27.61,36.37,30.12,74.3,23.58,41.07,37.38,54.62,49.62,73.55,23.39,23.64,19.21,56.66,24.82,36.35,29.03,29.41,32.52,21.22,23.52,23.59,31.38,29.81,43.95,35.23,39.0,32.89,25.73,26.67,28.28,27.26,23.01,32.71,37.41,27.93
2026-02-13,28.15,26.65,23.49,44.25,53.43,52.49,56.51,24.09,29.26,32.95,61.01,33.01,31.75,29.02,45.74,30.94,26.23,,19.13,37.16,38.2,19.48,28.75,34.98,28.87,27.46,56.01,25.89,29.71,24.17,39.19,28.84,28.43,17.29,27.34,34.73,24.17,30.8,49.22,29.51,31.98,30.75,31.44,34.3,31.07,24.12,34.9,57.72,66.8,30.04,22.62,30.07,19.39,21.76,35.12,28.59,31.03,62.35,27.26,18.06,22.47,30.95,33.3,27.27,20.66,27.06,33.97,29.15,72.54,24.33,39.46,36.96,52.31,49.97,71.11,23.07,23.47,19.09,54.32,24.31,33.12,27.75,29.83,30.96,22.22,22.45,22.76,31.73,29.07,42.66,33.53,38.19,32.85,24.42,28.13,26.21,27.08,21.54,31.27,36.6,27.23
2026-02-17,26.95,26.93,24.04,51.82,53.34,52.35,57.92,26.46,30.59,34.18,61.2,33.55,31.89,28.58,45.24,30.65,26.28,,18.69,36.04,39.12,21.06,28.545,36.18,30.29,27.99,56.75,25.63,29.64,24.86,39.2,29.72,28.92,17.145,28.99,40.8,24.86,32.1,49.38,29.04,34.32,31.65,31.71,34.01,32.66,24.425,35.52,60.46,67.81,31.01,21.68,28.59,20.44,21.92,36.06,29.86,32.46,64.28,27.9,18.97,23.25,23.38,33.35,28.59,21.91,27.54,34.6,29.0,75.33,25.43,41.13,44.75,53.57,50.61,73.47,24.02,24.05,20.52,55.02,27.03,34.01,28.19,31.11,30.73,20.99,23.25,24.16,32.6,29.2,44.34,34.83,38.02,33.76,24.66,28.88,26.86,24.74,21.77,31.84,36.39,27.75
2026-02-18,26.05,26.6,21.76,52.16,52.07,50.69,56.27,25.3,30.48,32.82,60.36,30.76,31.83,26.68,42.8,28.85,26.0,,18.86,34.01,38.42,20.62,28.34,32.97,31.89,27.23,56.3,23.69,28.18,25.81,36.95,28.22,27.54,17.0,27.61,40.49,25.09,31.31,49.54,27.96,32.08,30.43,30.6,32.25,31.04,24.73,34.0,58.32,66.22,29.6,20.31,27.14,18.85,21.82,34.46,28.65,30.83,60.84,24.23,16.64,23.41,18.88,32.77,29.25,21.04,27.52,32.1,28.24,75.16,24.5,38.61,45.13,51.99,49.79,72.99,23.14,23.42,20.69,53.94,25.95,33.12,28.53,29.94,28.79,20.55,21.17,23.27,31.03,28.14,42.68,34.24,36.3,31.48,22.52,28.85,24.65,23.73,21.0,29.85,35.77,30.05
2026-02-19,26.84,27.55,22.58,52.84,51.46,50.82,55.28,25.57,31.72,32.85,61.16,31.75,32.74,27.95,38.43,29.03,26.23,,19.08,35.33,38.99,21.22,27.75,34.41,34.21,27.14,56.26,24.58,28.38,27.53,31.11,27.65,27.14,16.86,28.68,41.33,26.37,31.72,48.96,28.34,32.97,31.73,31.7,33.61,31.61,24.99,34.44,57.31,64.69,29.86,20.69,28.04,19.7,22.29,34.06,30.71,31.17,61.87,23.96,17.55,23.49,20.83,32.39,30.11,21.7,27.76,33.83,28.47,74.74,25.19,39.83,46.25,52.25,49.07,73.14,22.5,24.01,20.19,53.46,25.9,32.82,30.63,30.4,29.26,19.62,22.12,23.37,30.53,28.42,41.92,34.76,36.56,31.76,23.63,29.08,26.56,24.62,20.95,30.44,27.72,30.41
2026-02-20,25.26,27.23,21.43,51.76,51.36,48.38,55.16,26.0,31.7,32.42,60.44,29.22,31.64,26.74,36.79,27.85,25.04,,17.77,32.5,36.97,18.77,29.07,32.36,32.57,26.38,55.49,22.06,28.4,26.44,31.06,27.97,26.38,16.8,26.82,39.7,25.41,30.7,48.08,27.64,31.05,31.96,31.79,31.71,30.82,23.57,32.47,57.23,60.8,29.57,20.84,26.66,17.31,21.14,33.58,31.33,30.41,60.53,22.54,16.55,22.66,20.5,30.95,28.14,20.69,26.87,31.14,27.89,72.19,23.84,39.96,45.46,51.34,48.13,74.44,20.2,23.42,18.35,52.3,25.23,32.03,30.04,28.9,28.19,19.43,19.79,22.86,29.35,27.02,40.48,33.26,33.97,30.25,24.03,28.13,24.95,22.48,19.43,28.52,26.1,30.63
2026-02-23,26.52,27.27,22.08,56.49,57.42,52.45,57.98,27.18,29.47,34.63,63.12,38.01,32.33,30.2,45.35,31.7,26.73,,19.71,37.31,38.61,19.77,28.19,40.95,34.57,27.25,60.04,25.4,30.23,28.07,31.49,29.79,28.77,18.08,29.29,39.55,26.73,33.13,49.23,28.88,34.31,32.98,33.69,36.42,30.8,24.54,55.98,59.9,65.05,31.05,21.76,30.5,19.29,22.58,35.88,32.47,32.54,63.12,30.31,17.84,24.63,21.77,32.97,28.97,22.83,27.05,37.58,30.1,78.88,26.61,41.45,43.92,55.08,50.93,78.03,23.97,24.16,20.52,57.32,25.53,33.91,31.01,30.83,30.87,20.64,22.03,23.51,30.79,28.49,43.3,35.4,38.83,31.76,24.86,30.16,30.82,28.45,22.24,32.71,27.4,31.52
2026-02-24,26.2,27.21,22.61,55.01,55.4,51.27,58.51,26.02,28.04,33.24,64.1,35.33,33.2,29.72,41.51,30.53,26.06,,19.28,36.94,38.76,19.85,27.99,38.45,34.7,26.77,59.05,25.31,32.14,26.99,30.58,29.47,27.63,17.54,28.45,39.87,25.92,32.43,50.14,28.03,33.42,31.93,32.79,34.65,26.34,23.81,41.16,64.03,63.74,30.32,21.62,28.73,18.86,22.39,35.78,32.3,30.5,61.8,28.28,17.54,23.31,22.82,32.59,28.02,22.82,27.32,36.47,28.09,81.5,26.29,41.46,45.61,53.0,50.25,76.59,22.5,24.94,20.13,56.57,25.12,33.98,30.85,30.49,32.51,20.35,21.3,23.37,30.48,27.67,41.65,34.83,38.59,34.68,25.32,29.29,29.59,25.89,21.28,31.06,27.34,31.08
2026-02-25,25.05,27.2,21.73,56.96,55.19,51.03,57.48,25.73,26.27,32.75,63.84,32.08,31.85,27.87,38.61,29.16,25.95,,18.7,34.52,37.98,19.68,29.02,37.2,34.52,26.38,56.1,23.86,30.53,27.3,30.02,29.15,26.41,17.7,28.13,39.46,27.13,32.43,48.78,28.46,32.83,31.07,31.13,33.57,24.45,23.54,38.54,61.31,59.57,29.32,21.78,27.0,18.63,22.05,35.43,32.02,25.95,63.05,26.4,17.19,23.39,22.82,31.03,28.25,22.33,26.5,34.48,27.52,80.43,26.47,40.88,46.39,53.67,49.29,76.99,22.24,24.12,19.57,55.81,23.61,32.82,30.92,30.23,30.05,20.25,21.26,23.06,30.1,27.2,40.6,34.7,37.56,34.7,25.12,28.55,26.18,25.17,21.36,29.75,25.67,31.68
2026-02-26,24.6,27.2,21.88,52.13,53.69,51.07,53.92,26.18,25.98,32.54,60.12,31.14,31.94,27.36,37.58,29.89,25.29,,18.23,34.39,37.07,19.37,25.66,36.43,34.94,26.23,43.22,24.52,29.42,27.64,28.95,27.43,26.6,17.7,27.97,39.29,28.47,32.25,47.45,28.18,32.0,31.35,31.8,33.44,23.85,22.94,37.63,60.4,56.61,29.79,21.11,25.9,18.43,21.64,34.69,33.13,25.72,63.15,25.27,16.73,23.59,22.05,30.66,28.71,22.79,27.71,32.91,27.76,77.58,25.98,38.59,48.08,50.88,44.93,74.05,22.26,24.14,19.13,53.37,24.7,32.47,31.36,30.38,28.46,20.18,20.72,22.53,28.44,27.08,40.22,32.65,37.0,31.95,24.41,28.08,28.33,23.91,20.98,29.92,25.76,30.96
2026-02-27,27.19,26.78,22.36,53.07,52.8,53.55,53.59,27.53,26.25,33.25,60.28,38.41,32.84,32.28,38.29,32.01,26.45,,18.13,37.87,37.63,19.95,30.76,40.06,36.67,26.9,44.08,25.08,29.42,29.38,27.91,27.14,27.37,18.36,28.89,39.89,28.75,32.0,48.35,28.55,30.71,31.73,32.08,38.72,24.13,23.02,37.41,59.69,49.62,29.62,22.27,29.75,18.24,22.38,36.44,32.85,25.21,64.4,26.12,17.07,24.16,22.0,31.23,28.07,23.57,26.58,37.42,28.43,76.21,25.94,39.27,41.51,50.69,46.95,74.94,22.18,24.21,18.9,53.19,25.09,34.06,32.04,30.3,30.63,20.04,21.3,23.63,27.99,27.69,41.04,33.13,37.07,31.37,24.3,28.22,30.9,25.83,21.43,34.5,25.85,32.85
2026-03-02,27.48,26.94,22.2,54.51,56.84,53.54,56.05,29.33,26.67,34.32,61.7,39.46,34.69,32.57,43.26,34.05,26.67,,18.09,39.93,39.05,20.82,31.38,43.67,39.56,27.82,46.27,28.35,30.74,30.5,29.64,29.95,27.41,19.06,30.37,41.29,30.12,32.53,50.35,29.59,35.4,33.32,33.69,38.73,26.41,24.8,39.27,60.15,51.65,31.38,23.53,31.22,17.94,23.62,37.53,37.78,27.4,65.92,26.83,18.08,25.98,23.67,33.55,29.33,23.26,27.73,39.22,29.6,76.13,24.31,37.97,45.69,51.9,46.17,75.75,24.0,24.95,19.41,56.09,26.55,34.71,34.97,31.75,30.34,21.21,22.92,23.47,30.31,28.8,43.31,34.07,39.32,32.76,24.87,29.25,33.11,27.2,22.18,37.06,26.94,34.28
2026-03-03,28.26,28.62,24.97,52.4,54.27,54.46,56.04,29.33,27.19,34.65,61.3,36.42,35.79,32.79,39.83,33.36,28.14,,18.68,39.16,39.99,22.31,30.78,41.24,38.04,28.31,44.56,27.94,32.49,30.23,28.5,29.47,28.81,19.03,32.34,41.62,28.15,34.98,52.77,29.19,33.87,32.28,33.96,38.13,26.94,26.34,38.02,61.77,50.48,31.31,22.65,30.7,19.74,23.51,38.96,35.53,26.86,68.63,27.2,19.41,27.79,23.46,33.57,30.1,23.01,29.24,35.87,30.23,80.72,25.99,36.73,49.3,51.06,44.99,72.66,24.38,25.5,21.38,55.56,27.64,36.56,33.71,31.23,29.34,18.37,22.12,25.14,30.73,29.08,44.78,35.55,37.41,35.06,27.45,29.58,35.13,26.57,23.5,35.12,27.59,33.05
2026-03-04,27.41,26.26,24.13,52.13,51.33,52.51,54.93,27.7,27.19,32.34,57.03,35.65,33.89,29.04,37.68,31.58,26.65,,17.64,37.1,39.56,21.5,30.45,39.0,34.31,27.14,42.86,26.97,31.59,27.98,29.05,28.8,27.29,18.79,31.79,40.06,27.03,33.23,51.79,26.77,33.39,32.76,32.67,35.24,24.83,23.91,36.3,63.22,48.16,30.6,22.23,28.03,19.26,23.43,36.86,34.76,25.89,65.9,26.46,18.51,27.04,22.99,31.83,28.83,23.19,28.0,33.68,29.88,79.05,25.09,35.9,49.15,49.28,43.81,71.68,23.27,24.4,19.99,53.46,27.25,34.74,31.43,30.24,28.49,18.49,21.71,24.48,29.72,28.41,42.84,33.94,37.29,34.33,26.05,30.81,29.48,25.36,22.69,32.19,27.37,31.53
2026-03-05,28.24,28.42,24.62,52.13,51.57,53.77,54.26,29.17,26.82,32.37,49.21,36.51,34.58,30.24,36.59,33.06,28.31,,18.47,38.42,41.51,23.79,36.88,39.87,36.13,26.65,41.98,28.11,33.02,29.4,30.33,29.77,28.36,18.98,32.14,40.75,28.3,34.82,52.68,27.38,36.38,32.25,32.66,36.99,26.96,26.89,37.2,62.07,49.35,32.14,24.78,30.71,20.01,25.31,37.63,34.93,26.16,67.12,27.39,19.12,26.8,22.88,32.13,30.14,24.43,31.02,37.47,29.38,77.66,27.0,35.39,49.99,51.02,42.97,72.68,25.08,25.39,21.43,52.44,29.49,35.99,32.24,30.89,32.35,20.53,22.54,24.41,29.49,29.22,42.51,34.13,37.75,35.58,26.19,33.35,30.74,27.03,22.65,33.94,28.12,31.93
2026-03-06,29.82,28.7,27.97,54.3,51.8,59.56,60.24,29.13,28.17,38.18,55.62,37.81,39.41,34.25,38.05,41.37,30.56,,18.96,41.48,45.81,24.6,38.32,42.15,36.43,24.6,42.72,28.84,34.97,30.19,31.5,32.35,30.21,19.34,35.34,45.06,28.58,36.67,56.25,29.41,37.78,34.48,35.08,40.41,28.57,28.46,38.74,65.15,46.87,34.24,24.91,32.78,20.07,26.27,39.52,36.21,27.63,74.37,27.72,19.37,29.17,24.9,35.56,32.92,24.67,29.85,38.72,30.98,85.64,27.17,36.36,50.03,50.22,48.85,74.8,23.92,26.91,23.22,55.07,29.33,38.87,34.08,32.91,32.63,20.58,23.82,25.98,31.45,30.16,45.8,37.7,38.65,37.24,27.4,36.37,33.42,28.76,24.18,36.98,28.73,32.5
2026-03-09,27.71,29.4,23.45,52.75,51.92,54.67,54.12,29.47,28.75,34.31,49.96,36.02,39.45,32.53,38.1,38.0,29.36,,18.42,39.39,40.57,24.89,32.28,41.53,35.83,24.25,43.61,29.56,36.12,29.02,30.56,29.07,29.19,20.33,33.7,45.59,27.55,35.85,52.98,28.91,37.01,32.0,32.46,38.89,26.65,27.13,38.72,62.26,47.0,34.66,24.63,30.08,19.36,26.26,37.87,35.54,28.29,66.96,28.79,19.96,27.64,25.51,33.08,30.82,23.32,28.91,38.72,29.17,79.12,27.19,35.04,51.12,51.14,40.63,72.95,24.89,24.95,22.27,53.06,28.62,38.62,32.11,33.07,31.97,21.85,24.28,29.91,30.24,29.35,43.98,34.72,39.16,39.96,24.87,36.34,32.85,27.43,24.83,36.51,28.55,31.82
2026-03-10,27.33,28.9,25.65,53.42,52.88,55.32,54.41,28.6,28.35,33.51,48.75,34.53,37.87,32.02,37.13,34.78,25.6,,18.23,38.32,41.19,22.87,30.09,39.64,34.72,22.64,43.86,28.17,36.04,28.04,29.62,30.04,28.04,20.5,34.72,45.86,27.53,34.1,51.54,27.26,36.61,31.82,31.89,38.54,25.89,26.3,37.14,62.71,47.75,33.65,23.16,30.88,18.89,25.52,35.77,33.33,25.91,66.04,27.1,19.49,26.31,23.67,32.28,31.79,22.92,29.39,36.71,28.8,78.1,27.57,34.56,49.66,51.08,40.18,68.4,23.25,25.68,22.79,53.39,28.59,36.76,31.4,31.09,30.88,21.11,24.65,27.11,30.13,29.73,43.89,35.39,39.51,42.21,26.31,33.69,32.64,26.91,25.2,35.69,27.0,31.73
2026-03-11,26.66,28.54,26.07,53.2,52.8,55.23,52.65,28.15,28.44,32.73,47.17,34.28,36.81,30.94,36.06,35.87,27.82,,18.98,38.81,41.66,23.06,28.07,40.46,34.14,22.57,43.23,28.38,35.84,28.32,29.94,29.31,28.6,19.57,33.65,45.32,27.06,34.17,51.55,27.13,37.11,30.72,31.02,37.81,28.22,26.73,37.93,60.34,48.09,32.7,23.84,30.82,19.89,25.24,36.06,33.05,27.63,63.34,27.88,20.27,25.64,23.84,31.87,31.76,22.61,29.52,36.38,26.98,75.98,27.44,33.6,49.56,50.62,39.39,56.06,24.84,25.18,22.45,51.63,28.82,38.15,30.29,31.45,31.22,20.81,24.46,27.15,29.86,29.73,43.29,34.66,38.02,41.59,26.07,33.09,31.81,27.11,25.81,36.1,27.08,30.4
2026-03-12,28.58,30.66,27.28,54.06,53.07,56.04,54.53,30.12,28.91,36.44,48.58,37.07,38.21,33.47,38.57,39.58,29.65,,20.29,42.12,44.62,24.1,31.98,43.76,36.47,22.7,41.8,29.2,37.19,29.79,31.33,32.51,29.33,20.9,37.73,45.56,27.58,38.38,52.97,29.99,38.58,32.41,32.86,42.24,30.42,28.26,38.11,63.31,48.81,35.42,26.78,33.8,20.81,27.3,38.29,33.5,28.29,66.65,29.25,21.52,29.6,24.17,34.5,32.98,23.21,31.08,40.89,28.71,75.74,28.08,35.05,52.15,51.77,42.0,56.18,26.13,25.85,23.85,52.64,30.3,37.91,31.75,31.83,33.93,20.87,26.5,27.01,33.52,30.09,45.93,36.81,39.65,45.54,27.58,34.08,33.97,29.33,25.49,39.2,28.5,32.22
2026-03-13,29.71,30.86,28.01,54.94,39.77,56.71,53.94,30.23,28.52,35.48,49.01,36.86,38.06,35.46,37.32,40.4,29.68,,20.23,41.72,44.76,25.22,30.38,42.7,36.8,22.94,42.37,29.37,37.26,29.2,32.12,31.98,29.83,20.64,37.3,46.96,27.82,37.96,53.11,30.85,39.7,31.62,32.6,42.13,28.94,28.72,38.24,64.56,48.38,36.88,27.27,34.42,21.01,26.73,37.67,32.22,28.94,65.93,28.65,20.56,28.78,24.09,35.35,33.15,23.5,30.82,40.77,28.55,74.08,28.59,36.05,51.78,50.98,41.66,55.28,26.36,27.13,25.09,51.32,30.3,38.64,31.35,31.09,34.28,20.88,26.02,26.66,35.44,28.98,45.89,36.0,39.43,43.23,27.69,34.62,34.21,28.1,25.7,39.33,28.17,32.35
2026-03-16,26.88,30.55,26.84,52.56,41.05,55.18,52.85,31.4,27.95,32.58,47.08,35.2,36.88,34.45,35.67,39.4,27.97,,19.5,40.2,41.52,24.61,29.9,40.99,35.41,22.51,40.22,27.65,38.04,27.79,31.43,31.49,28.45,20.42,35.85,44.72,26.75,36.75,51.7,30.14,37.99,29.79,30.26,40.68,27.99,27.61,36.32,63.89,46.87,34.8,26.44,32.8,20.28,25.59,37.47,30.6,28.49,63.81,27.4,20.0,28.08,23.14,32.74,32.06,22.83,31.17,39.78,26.49,75.11,26.89,39.5,49.26,49.04,39.54,53.5,25.26,25.15,23.74,49.74,28.91,36.97,31.48,31.39,32.4,19.12,25.58,26.02,34.5,29.09,43.27,35.15,37.68,41.49,28.1,34.23,33.94,25.9,24.91,38.3,26.82,30.22
2026-03-17,25.01,29.8,25.93,50.26,36.64,51.91,49.15,28.5,25.98,30.38,44.39,32.69,35.63,33.64,33.77,36.64,28.73,,18.7,38.73,38.25,23.5,26.55,38.68,34.17,21.02,37.74,26.49,36.46,26.79,29.96,30.0,26.08,20.665,33.89,44.07,26.02,34.27,48.58,28.72,35.59,27.78,28.07,39.11,26.49,25.54,32.86,59.27,44.45,33.5,26.48,31.54,18.97,24.86,38.15,30.85,27.71,60.42,26.47,18.7,27.33,21.68,30.74,29.23,22.24,29.65,37.63,25.04,71.53,26.67,38.38,48.56,46.87,36.18,49.53,26.94,25.53,22.2,48.12,28.38,33.08,29.62,30.15,31.04,19.21,24.69,24.84,31.9,28.43,39.38,33.17,36.25,39.96,26.08,31.52,31.92,24.92,23.7,37.13,25.6,29.06
2026-03-18,27.23,32.14,29.58,51.73,37.38,53.9,51.0,30.06,27.98,32.79,45.56,34.73,36.25,35.43,35.93,35.87,29.4,,19.17,41.26,40.5,24.81,29.44,39.6,34.79,21.77,38.51,27.45,37.42,27.37,30.39,31.5,27.72,20.91,34.49,44.07,27.09,34.77,49.69,31.05,37.09,29.19,30.38,40.43,28.62,25.44,33.27,60.09,44.4,34.15,28.17,32.48,20.28,25.14,37.39,30.63,29.73,63.07,28.24,20.38,27.34,22.86,32.47,31.19,23.54,31.34,39.6,26.96,70.92,26.75,41.4,50.0,48.07,36.32,50.87,28.96,26.74,23.64,48.53,28.82,34.15,30.79,32.27,32.11,20.59,23.8,25.9,33.38,29.71,40.45,34.08,37.95,41.34,26.92,32.61,32.41,27.65,24.53,38.32,26.98,29.45
2026-03-19,26.32,32.53,34.13,40.86,36.98,52.84,50.27,30.04,28.41,32.72,43.99,34.99,37.57,34.19,36.43,35.72,29.63,,19.45,40.54,39.94,26.11,30.18,40.8,35.82,22.38,37.77,27.49,38.93,28.97,29.87,31.73,27.95,20.23,34.61,42.3,26.81,36.39,50.1,30.44,36.53,29.52,29.96,40.68,29.08,26.65,35.81,61.54,44.38,35.67,28.46,32.58,20.88,24.53,37.61,32.76,29.58,62.13,26.72,22.29,27.62,22.65,32.65,31.32,22.94,31.22,40.04,26.39,65.16,27.27,42.29,50.73,49.09,35.98,50.54,29.43,26.74,24.41,48.36,30.44,34.23,31.58,32.51,34.23,20.01,24.1,26.63,33.59,30.32,42.01,35.83,37.4,42.58,27.07,32.87,33.06,26.41,24.74,38.5,27.44,31.68
2026-03-20,27.56,33.62,30.71,42.15,37.22,56.41,52.12,31.02,30.61,34.12,46.22,36.12,40.39,35.54,37.87,37.25,31.21,,19.74,42.87,43.31,26.05,32.4,42.05,36.52,23.02,44.83,29.53,41.77,29.95,29.72,33.32,28.31,22.19,35.47,34.97,26.79,38.52,53.29,32.84,38.15,31.1,31.57,43.22,30.48,28.82,40.04,63.72,45.19,38.6,28.93,34.59,21.34,23.32,38.17,33.83,31.19,66.25,27.2,22.18,28.18,23.95,34.13,32.59,23.47,31.43,41.54,28.0,66.73,30.48,43.77,51.84,51.45,38.59,53.08,29.96,26.93,26.08,50.84,32.25,37.06,32.71,34.06,35.02,22.45,25.72,27.93,34.61,31.23,44.65,36.6,38.23,44.33,28.22,33.69,33.09,27.48,24.54,39.94,28.59,31.6
2026-03-23,26.54,33.31,31.48,42.63,38.14,54.71,50.92,30.92,31.48,32.27,44.15,36.82,39.77,34.6,36.01,36.9,29.83,,19.28,41.24,40.33,27.3,35.67,42.55,35.54,23.34,40.53,27.6,40.79,29.21,30.74,35.11,28.96,21.47,34.28,33.85,27.92,40.71,53.7,33.33,36.21,30.94,31.45,41.56,29.55,29.0,41.21,63.41,45.87,42.35,27.53,33.2,20.05,24.38,37.38,36.24,30.74,66.24,27.05,22.18,28.2,23.56,33.33,33.47,23.58,31.28,40.3,26.44,63.36,30.37,42.43,50.37,52.95,36.08,50.35,28.67,25.94,27.52,48.19,34.62,36.27,34.19,36.66,34.84,21.47,26.61,29.48,35.91,32.8,43.6,39.31,37.92,46.95,29.95,32.46,33.17,26.86,23.73,38.82,26.83,31.37
2026-03-24,27.2,33.53,31.33,42.75,39.77,56.2,51.58,30.37,31.89,33.48,45.64,39.87,41.06,34.47,37.81,37.88,29.43,,20.1,41.83,41.37,27.15,36.22,43.43,35.56,23.14,42.85,28.05,40.74,29.54,30.92,35.93,28.69,21.86,37.61,34.49,28.45,41.23,54.51,32.98,36.34,32.78,33.57,42.1,30.54,28.86,44.09,63.79,47.22,43.38,27.19,33.43,21.26,25.59,37.42,35.66,32.28,68.55,28.04,21.46,29.47,23.79,34.99,36.8,22.21,31.02,42.41,28.61,62.92,31.21,45.28,49.94,54.56,35.86,51.68,28.72,26.96,27.36,50.73,34.61,36.49,34.55,35.2,34.67,21.4,26.7,30.59,36.73,33.14,44.47,40.6,38.63,47.24,30.14,32.53,34.95,28.62,24.24,40.1,27.4,31.81
2026-03-25,27.03,32.06,30.66,42.72,39.48,55.14,51.78,29.36,32.18,32.53,45.63,39.32,40.64,33.91,37.45,37.6,28.98,,19.12,41.1,40.52,25.9,40.65,43.17,34.9,22.57,41.42,27.85,40.65,27.62,30.93,38.17,27.15,21.53,35.79,32.79,28.06,42.6,53.37,33.51,36.57,32.24,32.8,40.95,29.93,28.44,43.94,65.28,46.13,43.7,26.95,32.89,20.11,24.39,36.14,36.82,32.78,69.2,27.02,20.77,28.58,23.34,34.14,34.54,22.59,30.0,40.61,28.08,62.06,30.6,43.27,50.66,57.63,34.73,51.19,28.54,26.32,29.15,49.91,35.07,35.25,34.86,35.13,34.69,21.46,25.92,30.65,37.14,33.95,44.52,41.77,37.97,48.69,29.37,32.53,34.26,27.18,23.35,39.13,27.57,30.34
2026-03-26,28.74,32.07,33.42,41.19,39.05,59.73,54.04,30.81,33.68,36.53,47.62,40.69,42.33,35.67,39.86,38.93,29.84,,19.81,42.94,44.25,26.86,36.94,46.13,36.3,23.24,41.32,29.39,40.37,29.63,32.92,38.45,27.92,21.91,41.43,35.23,29.18,44.86,58.13,33.86,38.41,35.27,35.61,43.49,30.22,32.65,44.6,66.67,47.37,45.19,29.49,33.85,21.25,26.1,39.34,37.27,33.49,73.59,28.91,21.88,30.31,23.85,41.7,38.9,23.67,31.19,42.82,30.74,64.71,31.82,44.69,52.07,58.86,39.29,52.5,30.24,25.52,28.67,53.04,36.22,37.69,37.65,36.58,35.82,21.23,26.02,31.7,37.95,30.92,46.95,43.56,39.13,50.34,32.6,34.66,36.15,28.28,25.42,41.36,28.59,32.23
2026-03-27,31.19,33.92,34.37,42.37,43.14,59.91,55.07,32.92,33.67,40.33,49.32,43.6,43.87,38.93,43.18,40.78,31.64,,21.54,46.77,47.88,29.88,48.55,48.5,37.35,23.67,43.33,32.83,44.57,31.11,33.97,40.99,30.56,20.91,39.48,35.95,31.33,46.0,60.29,36.32,42.53,37.25,37.55,45.64,32.47,33.08,48.43,68.14,48.89,46.62,28.92,36.33,22.31,26.57,43.41,39.91,32.42,74.52,31.39,23.47,30.41,24.19,44.73,40.55,25.9,33.92,44.28,34.35,66.92,30.7,44.98,52.14,61.36,40.88,54.84,30.82,26.58,29.1,54.32,37.31,43.95,37.54,41.68,37.66,21.91,27.88,32.28,40.59,32.86,48.78,45.38,42.14,54.35,33.14,36.43,37.0,31.55,26.84,42.73,28.47,33.99
2026-03-30,32.9,34.63,32.86,42.04,43.04,61.67,57.82,35.6,35.19,43.84,49.73,44.41,45.64,38.13,45.49,42.85,33.31,,21.53,46.17,50.42,30.96,39.27,51.47,38.96,24.22,44.71,33.05,42.02,32.8,34.77,41.39,33.27,22.09,39.8,37.52,32.4,47.42,62.92,34.86,47.0,38.25,39.52,46.1,33.02,33.2,48.68,70.48,49.37,46.5,29.11,36.41,24.27,27.93,47.85,41.2,34.65,76.02,32.05,24.5,31.81,24.96,47.22,39.98,27.81,35.57,45.41,37.57,71.98,33.01,46.04,53.35,64.24,41.53,56.31,32.14,27.4,29.59,56.21,39.65,45.22,38.56,43.87,37.96,23.09,28.18,30.95,38.84,36.15,50.35,47.42,42.15,52.93,33.62,42.08,38.12,32.35,28.58,43.44,30.2,36.27
2026-03-31,30.28,33.74,32.15,40.92,41.02,58.35,53.82,34.77,33.02,43.12,45.83,41.02,42.82,35.28,42.9,38.09,32.67,,20.16,42.36,45.25,29.12,38.2,46.73,38.34,23.01,41.75,31.21,43.82,31.32,31.95,39.22,28.99,22.39,37.09,35.08,31.0,45.33,57.79,35.5,44.72,37.2,37.66,41.32,30.54,30.84,46.28,67.41,46.26,44.64,28.28,33.23,23.59,26.11,45.72,38.65,33.14,72.68,31.05,23.41,31.92,24.27,45.81,37.05,27.5,34.34,42.23,35.45,70.13,30.94,43.55,52.03,61.85,37.33,52.32,30.13,25.99,27.68,50.06,37.06,43.21,38.04,41.53,36.0,22.84,27.29,29.9,36.26,35.37,46.72,44.95,40.65,50.17,31.34,40.79,35.48,30.82,28.85,40.12,28.43,34.84
2026-04-01,29.88,33.14,33.52,39.63,39.29,57.34,53.47,33.5,32.28,43.65,45.66,39.64,41.25,33.89,43.65,38.3,32.31,,19.38,38.77,44.8,29.56,38.81,45.69,37.29,22.82,41.68,29.52,38.41,31.19,32.92,38.23,27.34,20.38,35.33,33.62,29.39,43.34,55.91,35.28,44.78,36.9,37.67,40.58,28.93,29.11,44.56,70.35,46.48,43.09,26.16,31.53,23.06,24.44,46.8,37.67,32.38,72.12,30.45,24.03,30.69,24.43,44.74,36.88,27.28,33.63,39.23,36.09,70.06,29.33,42.46,37.53,60.0,36.67,51.22,29.41,24.67,27.69,49.32,37.11,42.88,36.07,41.03,37.26,22.14,26.45,29.68,36.53,38.11,45.6,43.1,39.43,48.37,30.38,42.14,32.67,30.09,28.08,38.2,25.43,33.67
2026-04-02,28.87,34.71,32.72,38.62,38.14,57.88,53.4,33.73,32.09,42.93,44.45,39.08,43.0,32.66,43.88,37.27,32.43,,19.02,40.73,45.59,34.87,42.22,44.84,38.33,22.75,39.66,28.14,37.97,31.82,32.14,38.22,27.83,20.58,34.99,33.63,29.28,43.13,55.86,34.39,45.08,35.82,37.27,40.3,29.95,28.62,44.08,71.02,47.53,42.01,27.05,32.78,22.73,25.4,46.84,37.67,31.44,71.87,30.5,22.07,33.45,23.62,44.4,35.1,26.21,32.14,39.02,36.23,69.99,30.24,41.64,35.22,60.91,34.37,50.53,29.14,24.85,26.53,48.74,35.46,43.23,36.59,41.19,35.58,22.08,26.26,29.63,37.87,37.41,46.66,42.96,39.07,47.57,30.63,42.87,31.47,30.16,28.15,37.78,25.93,36.19
2026-04-06,30.3,35.49,33.9,40.0,39.26,58.01,57.45,34.8,32.55,42.81,44.37,38.59,40.65,32.32,58.73,37.33,33.26,,19.53,39.27,46.18,29.75,37.36,44.32,38.32,22.5,41.59,28.52,43.13,32.16,32.44,38.96,33.47,21.12,37.1,33.69,29.82,43.57,55.78,35.03,44.84,36.68,37.1,39.26,30.03,29.65,44.87,72.74,49.3,43.56,27.26,31.71,22.51,26.25,46.94,35.89,31.09,72.08,30.15,23.37,30.66,24.23,45.19,36.54,26.23,34.27,38.89,36.1,71.69,29.83,43.12,35.62,63.43,34.93,51.05,29.49,27.27,26.41,56.12,36.13,44.89,37.36,43.67,36.01,21.55,26.67,30.29,38.59,36.84,47.28,44.09,44.27,47.37,29.83,41.5,32.65,29.34,28.74,37.26,26.0,35.11
2026-04-07,31.75,35.82,32.16,41.05,40.56,58.85,59.67,36.4,33.6,44.52,47.07,39.75,41.73,33.46,61.65,36.93,34.06,,20.71,40.49,47.29,30.2,40.65,47.16,38.05,22.55,43.28,29.21,38.23,32.67,32.19,37.55,36.04,22.1,37.23,34.26,30.13,44.58,56.76,33.49,45.74,37.86,38.42,39.05,31.31,29.95,46.13,74.63,49.81,42.79,27.29,32.89,24.16,26.24,47.9,35.8,30.89,74.01,31.08,24.74,33.53,24.04,46.99,36.51,29.05,35.24,39.15,37.32,71.88,29.54,42.72,37.55,62.22,36.0,53.49,30.69,28.15,27.69,58.93,37.04,45.57,36.71,45.02,36.15,21.95,27.68,31.07,38.56,36.44,48.52,45.1,47.24,39.05,30.44,42.56,33.1,30.2,29.45,37.26,27.92,35.59
2026-04-08,29.69,32.38,29.76,39.47,39.74,54.93,58.98,31.97,31.4,41.95,44.8,36.47,39.5,31.25,43.61,33.71,31.31,,19.05,37.83,42.28,27.89,37.1,42.21,35.47,21.87,43.17,27.73,36.29,31.81,28.49,36.19,33.13,20.18,37.43,28.59,28.65,40.03,53.15,30.98,43.55,36.65,36.09,35.1,27.83,28.23,46.84,75.36,50.57,39.86,24.09,28.51,21.99,24.86,44.98,34.12,29.24,68.26,28.56,24.35,29.65,22.31,45.56,34.06,26.79,31.42,33.93,36.13,69.75,27.47,41.16,34.34,63.93,33.34,50.99,31.22,28.26,24.89,62.45,34.37,44.8,32.46,39.76,33.16,19.87,26.22,29.38,36.76,35.38,49.23,43.63,45.01,36.37,27.88,38.53,29.13,28.6,28.34,37.22,25.48,33.37
2026-04-09,28.18,32.51,29.67,41.33,42.38,55.54,58.17,32.16,31.4,41.93,43.45,35.87,39.33,30.08,43.03,32.77,31.2,,18.21,35.27,42.69,26.07,35.02,42.02,34.77,20.61,44.43,28.98,34.47,28.94,28.4,36.61,32.76,19.31,37.4,28.55,27.71,40.86,53.0,31.57,42.54,36.11,36.16,33.37,26.51,27.46,45.61,75.31,55.68,40.69,25.54,27.26,21.79,24.81,45.45,33.77,27.75,67.88,29.95,22.65,29.02,22.47,43.58,34.43,25.85,30.32,33.63,36.79,69.98,26.71,40.32,32.68,69.26,32.63,50.84,27.46,29.01,24.8,65.53,33.88,43.37,32.6,41.93,33.5,20.19,24.93,29.1,37.8,35.07,48.12,43.75,44.87,36.76,26.77,42.24,28.3,28.08,28.31,34.03,24.81,31.86
2026-04-10,28.01,33.34,32.15,41.21,42.95,54.86,59.07,31.92,30.7,41.72,45.58,35.41,36.86,28.77,44.38,33.55,31.55,,18.27,36.3,41.85,27.04,36.23,41.61,33.55,20.81,46.19,29.37,34.19,27.73,28.49,35.86,34.49,20.07,37.49,29.26,28.19,40.13,52.34,31.74,42.7,35.68,35.77,33.22,27.3,28.23,47.08,76.28,57.21,40.27,24.78,27.35,21.45,24.63,43.87,33.77,28.64,68.74,29.84,22.98,28.6,22.08,41.76,34.42,26.29,31.26,33.01,37.06,70.67,26.99,39.92,33.27,75.8,32.89,51.7,28.6,28.06,25.26,67.53,34.59,43.42,33.63,40.31,34.58,20.75,25.18,29.46,35.32,34.75,46.74,43.55,45.72,35.33,26.93,38.52,29.26,27.6,28.3,35.62,25.42,30.43
2026-04-13,29.23,33.17,31.25,39.99,41.32,57.52,57.4,32.54,32.22,41.54,43.93,35.29,38.85,28.56,43.02,32.42,31.53,,17.75,34.73,40.71,26.54,36.79,40.67,34.01,21.44,43.79,32.42,34.78,29.38,28.92,35.58,37.12,20.305,38.31,29.79,27.98,40.81,51.41,32.81,42.78,37.15,37.29,30.4,27.4,27.75,46.26,76.2,55.14,40.95,24.08,26.06,21.84,24.09,44.69,33.48,28.52,69.5,28.71,23.29,28.94,20.47,42.08,33.63,25.87,31.56,33.22,38.41,70.72,26.46,40.3,33.09,69.83,33.59,55.52,27.81,28.66,25.36,63.59,34.41,43.49,33.45,40.47,34.95,21.41,26.11,29.94,37.15,35.49,46.45,43.99,45.92,35.95,27.47,39.89,26.26,27.94,27.74,33.29,26.65,31.71
2026-04-14,28.97,32.26,30.65,41.45,41.0,58.49,56.91,31.45,31.29,42.32,43.1,33.86,37.62,26.2,41.74,27.82,31.34,,17.59,31.91,39.71,26.23,34.98,40.38,33.57,20.84,43.45,33.72,33.0,28.57,28.86,33.78,38.21,20.54,37.77,28.76,27.19,39.38,53.47,30.55,42.32,36.19,36.89,29.75,26.92,27.87,45.1,74.62,55.13,39.58,21.72,22.99,21.24,23.98,44.5,32.95,28.03,68.32,28.11,23.37,28.56,21.03,42.42,32.78,25.99,30.42,30.96,38.36,74.06,26.82,40.83,33.14,69.9,33.95,54.45,27.57,27.78,24.79,62.69,33.68,42.89,32.41,39.3,33.57,20.38,25.64,29.06,34.44,35.67,46.6,42.84,45.65,36.06,25.56,39.76,27.7,26.94,27.74,29.99,24.92,31.78
2026-04-15,29.57,33.67,33.04,40.98,40.66,59.78,57.5,33.11,31.75,41.12,44.5,34.28,38.04,25.14,41.44,27.71,31.31,,17.87,33.62,41.54,26.06,35.67,38.91,34.71,20.56,43.43,35.04,35.73,28.65,30.02,35.35,37.58,21.59,38.89,29.75,28.36,40.33,53.81,32.78,40.7,36.15,37.07,30.9,27.96,29.05,44.35,75.45,52.61,41.04,22.76,24.22,21.82,25.23,46.25,33.36,28.38,69.57,29.0,23.44,34.26,22.6,43.0,33.65,27.39,31.98,29.47,38.72,73.5,27.4,41.13,33.54,70.05,34.97,54.44,28.38,27.69,25.19,61.97,34.03,43.96,33.39,40.19,30.65,21.77,25.55,29.19,36.08,36.12,50.16,42.97,45.9,35.64,27.36,38.86,27.96,27.1,27.54,30.0,25.51,32.07
2026-04-16,28.79,34.11,26.28,40.34,40.63,58.73,60.49,32.13,30.5,40.32,43.03,33.89,37.59,24.45,40.99,28.87,32.51,,18.88,33.49,42.27,26.54,36.15,39.01,34.45,20.21,43.07,34.85,36.08,28.95,30.96,36.14,37.9,21.07,39.16,29.08,27.77,42.33,53.29,31.82,42.29,36.51,36.47,32.01,27.95,29.23,44.12,74.01,53.06,40.15,22.26,23.39,21.49,25.0,45.73,32.65,28.68,67.95,27.41,23.31,28.46,22.4,41.79,33.43,26.11,33.16,29.82,37.87,72.2,26.76,42.5,33.46,67.97,34.76,53.23,23.27,27.65,25.36,61.02,33.39,42.86,33.97,39.99,30.54,21.76,25.31,30.01,36.5,35.82,47.79,43.11,44.58,36.26,26.09,38.91,25.47,27.31,28.13,28.88,26.17,32.25
2026-04-17,27.89,32.6,24.38,39.37,40.89,57.65,57.91,30.9,30.0,39.81,41.68,31.85,36.76,23.73,40.31,27.76,31.86,,18.18,31.64,41.8,24.98,36.49,37.74,34.59,19.47,42.78,33.34,35.33,29.32,31.35,35.41,35.01,20.37,36.83,28.36,26.19,38.24,51.78,31.03,41.48,34.29,35.16,29.44,27.17,27.91,41.94,73.54,52.74,40.61,21.56,23.13,20.39,23.97,45.01,31.82,27.66,65.98,26.75,22.26,28.15,21.35,41.26,31.28,25.54,32.51,27.6,36.16,69.2,25.68,29.58,32.74,67.39,34.6,52.03,21.49,27.24,24.96,59.94,32.51,41.93,33.36,38.55,27.99,20.38,26.34,29.49,34.25,35.22,46.5,41.44,43.46,35.23,25.71,37.52,26.04,26.19,27.91,26.89,25.88,32.69
2026-04-20,28.41,34.34,25.4,40.41,42.1,58.83,59.41,33.35,31.54,40.37,43.19,32.56,36.61,24.59,39.86,28.8,32.33,,19.05,33.18,43.86,25.83,36.11,37.49,35.14,20.46,44.64,36.25,36.3,30.96,34.85,36.26,36.3,21.41,37.67,30.12,27.75,39.62,53.88,32.58,42.53,34.83,36.02,30.82,30.13,30.34,43.11,72.69,55.93,41.98,22.8,23.0,21.05,26.22,45.84,33.19,30.66,67.83,28.03,22.85,27.57,22.94,41.71,36.09,26.37,33.37,28.87,36.79,70.11,27.55,30.69,33.04,68.4,38.88,53.74,22.68,28.18,24.35,60.64,33.82,43.49,34.37,39.56,28.2,21.68,25.86,29.7,35.63,35.4,46.75,42.9,45.52,37.99,27.12,40.19,25.39,27.07,28.53,28.33,29.38,32.78
2026-04-21,29.44,35.32,26.29,41.61,44.49,62.12,64.26,33.8,34.06,40.87,44.6,33.38,38.39,25.35,41.47,30.26,33.77,,19.41,35.0,45.45,27.53,35.91,40.48,37.05,20.71,46.31,36.94,37.64,33.08,36.66,32.15,38.12,22.61,39.16,31.38,29.13,36.86,55.6,34.36,44.19,36.86,37.58,31.85,32.94,31.06,44.0,75.0,58.87,43.95,22.84,25.02,21.95,26.88,46.54,33.93,33.11,70.39,29.33,23.62,28.92,23.87,42.56,30.54,27.38,34.1,30.62,37.22,71.85,28.9,30.79,34.8,69.08,40.31,55.44,23.26,28.13,25.81,62.07,35.39,44.12,31.03,39.75,31.02,22.64,27.03,29.77,35.82,37.17,47.15,44.88,46.67,30.28,27.54,40.24,26.06,28.36,28.91,29.2,31.41,34.3
2026-04-22,27.66,34.05,26.96,42.5,43.15,63.26,66.21,33.46,33.23,41.11,46.37,33.59,36.36,24.78,43.12,30.26,33.67,,19.32,33.59,45.53,27.43,35.83,33.61,36.33,21.04,46.48,38.74,37.46,30.75,38.13,31.41,38.51,22.57,39.49,31.91,28.63,36.59,52.41,33.8,42.83,36.97,37.2,30.69,33.85,31.24,46.66,77.3,58.4,31.37,22.23,24.5,21.96,26.97,44.97,35.0,34.8,67.86,29.14,23.15,28.08,23.43,42.28,30.54,27.69,34.58,30.27,37.13,76.33,23.82,29.92,33.72,74.38,41.33,56.91,22.91,27.32,26.2,61.37,29.39,42.54,29.55,39.51,29.98,22.81,26.97,26.45,35.21,38.18,46.9,52.01,45.37,30.21,28.18,40.57,26.24,27.88,29.7,28.75,32.81,32.52
2026-04-23,27.02,34.42,23.29,44.67,45.05,63.08,64.59,33.93,33.49,41.49,46.99,30.81,34.0,25.45,44.45,30.75,32.23,,19.69,33.63,45.75,27.36,29.25,34.58,36.37,21.0,50.0,38.4,36.64,30.72,38.47,31.69,38.36,22.64,40.72,32.1,29.4,37.78,51.69,34.99,44.01,36.41,37.14,31.16,33.51,27.09,35.02,76.04,59.25,30.83,23.16,24.81,21.78,26.97,46.77,30.34,34.35,65.05,29.24,23.42,29.13,23.07,43.5,30.1,27.42,33.49,30.25,38.74,74.58,25.67,29.24,34.91,61.44,41.59,55.09,23.27,26.7,25.77,63.75,28.37,44.72,30.01,40.28,33.75,22.39,26.77,24.93,32.31,36.39,41.66,39.61,44.63,29.59,23.81,39.91,26.54,28.09,29.46,29.05,33.01,33.0
2026-04-24,27.26,34.78,26.08,45.11,43.91,62.94,69.24,32.62,34.08,41.08,46.64,29.84,33.49,24.75,44.52,29.67,33.0,,19.25,32.38,44.16,27.15,31.18,33.85,34.77,21.89,48.0,36.14,38.47,30.32,38.57,31.07,39.23,22.79,40.19,31.44,29.6,38.54,51.5,34.86,44.01,35.89,35.72,30.63,33.25,27.64,34.41,72.33,59.76,31.08,22.85,23.99,21.19,27.44,45.82,30.94,34.35,63.9,29.0,23.46,30.6,23.15,43.0,30.31,27.66,33.68,29.44,38.74,75.85,25.61,29.3,34.32,57.09,43.14,54.61,22.81,27.06,21.97,61.91,28.44,55.41,30.39,40.66,29.13,22.38,27.22,23.83,30.86,36.66,40.69,37.67,45.47,28.35,24.26,41.12,25.27,26.43,28.2,28.68,32.41,33.2
2026-04-27,28.05,35.14,25.36,46.73,45.94,64.3,67.23,32.88,35.06,41.2,47.16,30.49,33.34,24.7,43.97,30.01,32.83,,19.61,33.53,44.67,28.88,29.37,33.53,35.05,24.3,52.54,37.84,37.84,31.7,38.59,31.68,40.07,22.97,39.75,31.89,29.72,37.88,52.31,36.26,46.34,36.65,37.2,30.39,34.19,26.53,34.62,72.58,63.37,31.04,24.0,23.89,22.36,27.28,45.58,30.92,35.76,64.25,29.3,24.58,29.05,23.14,44.28,31.12,26.85,35.06,29.41,40.23,78.4,25.98,29.5,34.95,58.6,45.55,55.73,22.68,27.66,21.88,61.71,28.49,54.02,30.23,40.14,29.47,22.81,27.67,25.39,31.32,37.93,41.47,37.75,46.58,29.32,24.1,41.13,26.24,27.34,24.04,29.11,32.55,32.81
2026-04-28,27.11,33.34,24.74,44.56,44.16,66.17,65.22,31.53,29.51,41.06,46.31,31.07,33.41,24.1,46.15,29.4,31.99,,19.05,32.76,43.91,26.74,27.91,33.95,36.27,24.71,51.1,36.54,36.23,31.18,38.27,30.78,40.38,22.25,41.44,30.19,29.47,37.72,51.06,35.47,37.61,36.04,36.1,30.15,33.77,25.38,32.82,68.05,60.95,30.63,23.2,23.49,19.75,26.47,43.68,31.37,35.45,64.5,28.62,23.76,28.68,22.87,43.27,27.15,25.97,33.96,29.08,40.68,75.96,25.29,29.04,34.21,56.93,43.76,54.23,21.69,25.54,21.45,60.67,27.46,51.59,28.25,38.97,28.5,22.38,28.29,23.41,30.5,37.56,40.32,36.47,44.47,29.02,23.9,29.46,25.85,26.85,22.98,28.07,32.15,32.15
2026-04-29,27.69,30.77,24.61,44.78,43.18,67.36,69.04,30.47,28.36,43.81,47.8,30.16,33.23,24.56,41.03,29.94,32.62,,19.03,31.01,42.56,26.34,28.38,33.34,37.72,26.11,53.65,38.14,36.83,33.53,38.11,29.93,39.89,23.05,43.13,29.78,23.34,39.31,51.41,33.82,37.62,36.28,37.04,29.8,35.32,25.77,32.46,81.62,59.42,29.44,23.99,23.96,19.05,27.77,44.09,30.8,36.82,65.93,26.84,25.08,29.53,24.21,44.16,29.23,29.43,33.62,29.02,39.66,75.61,26.09,29.58,34.85,57.31,44.22,54.67,22.02,25.75,21.48,59.96,27.52,52.04,29.59,29.37,28.18,19.1,27.59,23.27,29.77,31.84,39.08,36.79,46.17,28.73,23.88,30.71,24.74,21.21,22.35,28.38,34.15,33.03
2026-04-30,29.12,26.22,25.75,42.19,40.3,62.96,68.03,32.85,27.3,29.74,44.38,28.64,31.23,23.57,36.7,27.58,28.16,,18.89,31.17,37.39,29.89,27.27,32.28,33.56,25.64,53.97,37.06,36.04,32.86,38.55,29.13,38.1,22.08,38.74,29.39,21.73,36.69,48.14,35.25,34.97,30.58,31.2,28.43,33.58,24.21,31.4,75.72,60.56,28.69,22.68,22.96,17.47,27.61,36.77,30.41,35.24,60.41,23.03,22.36,23.02,23.04,32.55,27.46,23.06,30.66,27.5,27.65,71.56,25.98,28.48,34.28,54.86,44.9,52.04,21.23,24.2,19.4,59.76,25.97,44.58,28.61,27.35,32.46,19.68,26.98,22.43,29.53,29.6,39.73,35.08,45.66,26.4,23.13,27.03,23.09,19.83,21.51,26.88,32.03,31.7
2026-05-01,22.7,27.74,25.38,43.28,40.49,60.83,67.3,24.78,26.78,28.04,44.49,27.49,31.0,23.96,36.27,28.07,27.58,,19.12,31.86,36.21,22.23,26.94,31.09,33.8,25.38,53.44,36.27,36.31,28.65,37.62,27.38,37.11,21.54,36.98,28.33,21.05,35.6,47.11,35.3,34.82,29.0,29.55,28.9,32.71,24.85,30.83,78.68,60.23,28.71,22.42,22.97,17.05,23.3,34.57,29.38,34.84,59.88,24.52,22.83,21.86,23.1,30.58,26.63,20.98,29.21,27.94,26.39,71.61,24.04,28.95,33.69,53.59,43.55,52.41,20.92,25.11,19.65,60.63,25.69,42.46,28.13,26.97,27.64,19.3,26.87,20.96,28.64,27.14,40.0,35.35,45.79,26.52,22.14,26.09,23.48,20.75,20.78,27.36,31.51,30.48
2026-05-04,23.18,28.29,26.77,44.23,42.56,62.83,64.93,25.29,27.74,29.3,48.36,29.2,34.49,25.31,37.7,29.07,28.45,,16.56,33.4,36.8,23.14,27.91,32.4,35.5,26.15,54.73,38.39,36.42,29.99,39.49,28.08,38.36,21.86,39.42,34.93,23.1,38.56,48.85,34.02,33.03,29.35,29.9,29.73,35.21,27.24,32.24,74.46,61.19,29.13,22.49,24.25,19.22,24.12,34.49,30.19,36.47,62.34,25.53,24.47,23.77,27.05,30.03,29.05,21.56,29.87,28.61,27.67,75.21,25.33,30.08,35.72,57.82,43.42,56.52,23.0,25.53,20.39,61.6,26.75,43.51,29.59,27.35,28.26,19.21,28.65,21.99,30.29,28.78,41.23,37.51,45.73,26.44,24.07,34.34,25.42,21.87,21.37,28.67,32.03,31.18
2026-05-05,23.27,28.22,26.7,43.46,42.78,63.02,68.11,24.79,27.63,28.88,52.55,28.67,33.87,24.61,42.19,28.63,28.31,,16.26,32.52,36.14,23.5,28.53,32.34,34.32,26.4,54.74,39.25,36.7,29.1,39.24,28.19,38.88,21.62,38.04,32.28,22.73,37.9,48.46,34.82,34.18,29.74,30.92,29.24,35.19,27.33,32.4,84.8,61.32,29.51,23.68,23.88,19.26,22.95,33.95,30.37,35.88,61.37,25.72,24.26,23.29,27.96,30.56,26.93,22.02,29.39,28.47,26.98,81.11,25.16,31.02,35.68,56.62,43.91,57.68,22.79,24.5,20.63,50.25,26.33,53.68,29.66,26.8,28.41,19.44,28.68,23.24,31.33,28.73,41.07,38.03,45.36,27.41,23.7,31.06,24.62,22.4,21.85,27.19,31.93,30.5
2026-05-06,23.18,26.94,27.08,43.33,43.62,61.61,63.43,23.63,27.78,28.69,52.71,27.33,32.94,24.19,38.46,27.82,26.16,,16.18,32.43,37.02,23.26,28.02,31.44,33.12,26.39,54.88,38.04,26.92,27.3,39.21,28.02,25.98,20.405,26.7,31.79,20.72,39.94,48.73,32.47,33.24,30.1,30.78,28.64,34.85,27.28,32.78,83.88,62.88,29.19,21.46,23.58,17.5,23.46,31.38,30.2,34.82,64.7,25.71,23.48,23.3,28.58,31.35,25.81,21.89,28.31,27.44,26.71,80.85,25.66,31.07,35.05,54.86,46.07,59.19,23.34,21.58,20.51,48.81,26.83,53.27,28.33,25.65,27.58,19.87,28.22,21.92,31.07,27.77,41.25,40.48,36.49,25.21,23.1,28.63,24.16,22.87,21.33,26.86,31.96,29.18
2026-05-07,22.96,25.94,26.57,46.14,45.39,60.82,61.43,24.06,26.11,27.95,54.45,26.89,32.67,24.77,36.95,27.71,26.01,,15.11,30.06,36.86,23.1,28.33,30.5,31.84,25.83,55.17,41.7,26.94,28.12,37.81,27.89,25.64,19.19,29.89,30.55,20.56,36.63,49.58,34.33,33.39,30.27,31.53,28.25,34.42,26.58,32.28,82.63,62.81,29.33,21.42,23.78,17.81,21.67,31.64,29.38,34.71,63.76,24.9,19.8,22.71,29.82,30.68,26.67,21.64,28.08,27.89,27.43,79.3,25.47,29.88,34.67,55.02,45.47,59.73,22.43,21.43,18.81,48.37,26.39,63.07,27.55,26.92,28.57,19.79,28.27,21.68,26.34,28.01,42.2,37.92,36.56,24.48,22.17,29.05,24.4,22.05,21.57,26.01,31.35,29.25
2026-05-08,23.07,27.07,27.62,41.67,44.11,63.34,67.66,23.71,27.52,28.13,55.44,27.3,32.03,26.77,38.48,27.27,25.96,,15.38,30.7,34.58,22.83,28.12,32.12,31.5,25.46,54.41,44.41,28.97,26.89,38.24,28.18,24.59,18.95,28.86,30.03,21.46,35.95,48.59,30.24,33.85,29.9,30.78,28.69,34.07,26.06,31.23,94.49,61.08,29.62,21.1,24.53,17.57,22.42,33.3,28.85,34.85,64.67,25.01,19.69,23.15,29.86,29.93,27.41,22.14,28.21,27.7,27.33,86.31,25.67,28.81,35.73,54.07,44.82,59.77,23.21,22.5,20.67,48.19,27.02,73.52,27.43,26.44,30.46,18.64,29.17,22.56,30.35,26.86,42.54,39.11,35.34,28.28,21.55,28.0,25.5,22.26,21.29,28.33,31.32,28.79
2026-05-11,24.35,28.24,29.47,44.47,49.08,62.93,70.13,24.5,28.81,28.93,55.42,28.81,34.4,27.89,39.87,28.08,26.92,,15.75,32.88,36.36,24.45,29.73,32.95,33.86,26.35,54.88,47.96,29.5,28.21,39.03,29.45,25.67,21.42,30.8,32.09,21.46,38.29,51.47,28.36,35.0,30.92,31.39,30.25,35.08,27.96,33.74,95.59,60.86,34.11,23.69,26.06,18.95,23.19,33.76,29.72,35.6,66.15,26.03,20.68,23.7,33.53,30.79,28.03,22.95,30.95,28.98,28.27,99.57,25.86,30.22,36.7,59.24,46.14,67.49,23.7,23.13,21.37,48.94,28.78,82.31,29.55,28.04,30.21,19.67,31.29,24.59,32.18,29.22,47.07,43.25,35.26,27.86,22.71,27.79,26.85,23.25,21.96,31.59,33.15,30.52
2026-05-12,24.07,27.91,30.07,44.75,50.24,64.03,69.18,23.99,28.69,28.75,55.37,27.92,35.32,26.77,40.25,27.8,27.07,,15.11,32.38,37.67,24.0,29.47,32.09,33.02,26.95,54.82,46.98,28.89,27.09,39.11,29.72,25.32,21.11,30.75,30.73,21.36,37.7,51.03,27.88,33.71,30.99,31.52,30.61,35.16,27.79,33.06,89.86,60.4,32.58,22.93,24.97,18.66,23.23,34.68,29.15,36.2,65.54,25.82,20.16,22.2,31.92,31.11,27.76,23.22,30.95,29.13,27.92,97.89,25.24,30.81,36.06,55.81,46.13,68.88,22.76,23.57,21.31,48.06,27.45,74.38,29.17,27.75,28.65,19.34,25.47,23.04,31.36,29.27,47.34,42.18,34.69,30.75,22.46,27.54,27.36,22.59,21.82,30.47,32.73,29.49
2026-05-13,24.88,27.83,29.02,44.95,51.66,66.58,69.18,25.06,30.71,30.17,55.48,28.89,36.0,28.03,40.17,27.93,26.51,,15.65,32.19,37.54,25.3,31.67,31.77,33.23,27.73,56.49,50.87,31.68,26.9,39.5,31.79,24.56,20.8,31.04,30.08,20.92,38.58,51.78,28.69,35.51,32.94,33.17,30.71,35.16,29.69,33.82,88.24,60.48,32.27,22.53,26.67,19.13,24.06,34.2,28.37,36.24,66.04,24.09,20.26,23.65,33.22,31.95,26.63,23.62,30.1,31.19,28.92,97.11,26.28,31.3,36.26,56.89,48.45,72.36,24.78,23.57,22.13,50.19,28.22,75.12,28.56,27.16,30.0,19.7,26.045,24.75,33.0,29.63,47.66,45.7,34.78,30.55,22.24,27.32,27.85,24.03,24.77,31.03,34.12,29.47
2026-05-14,24.45,27.15,28.94,45.91,53.19,65.8,68.78,24.24,29.26,29.21,56.74,28.9,35.91,27.75,40.42,26.39,28.14,,15.72,31.35,36.85,22.88,30.21,32.19,33.37,26.18,55.04,38.4,27.79,26.57,42.51,30.29,24.44,22.42,29.1,30.43,20.84,37.11,50.82,28.74,36.81,32.08,32.19,29.7,34.58,28.26,33.51,85.4,59.88,31.22,22.41,26.11,18.56,24.8,33.21,28.87,35.49,65.84,25.88,20.16,22.42,33.27,31.81,27.44,23.06,30.08,30.07,29.19,92.94,25.11,30.62,36.51,59.24,48.62,71.2,24.34,23.5,21.78,48.1,26.48,69.64,28.79,28.34,27.72,18.78,26.62,24.13,33.29,28.33,46.09,44.15,35.16,28.5,23.29,28.18,28.8,23.62,22.18,30.7,31.78,28.76
2026-05-15,23.75,24.23,28.06,47.26,52.43,54.97,64.98,24.1,27.81,28.71,55.33,27.89,33.35,26.77,39.63,26.82,25.86,,15.21,31.61,36.46,23.22,29.88,32.53,32.97,26.39,55.59,37.12,26.85,28.03,40.01,30.28,24.3,19.15,32.42,31.26,20.69,36.7,50.91,27.83,35.57,32.04,32.29,29.33,34.74,27.96,33.48,79.34,61.89,31.77,21.86,25.15,18.34,22.39,32.67,28.32,35.77,64.32,25.14,19.96,23.59,32.97,32.71,28.21,22.48,29.37,30.18,29.7,88.3,24.81,30.82,37.12,58.72,48.41,70.31,23.18,22.49,21.25,47.82,26.49,68.31,27.96,28.04,26.78,18.78,23.04,23.55,31.55,28.36,44.94,43.28,35.12,29.36,25.57,28.72,27.35,22.52,22.57,29.37,30.43,31.68
2026-05-18,23.55,26.54,29.37,52.74,53.35,56.42,66.62,24.43,32.65,29.11,55.0,28.0,34.05,26.76,41.52,27.86,26.49,,15.35,31.36,38.66,23.16,32.24,32.29,34.43,26.75,56.61,37.02,27.37,28.73,37.47,32.22,24.89,18.94,31.78,32.06,21.65,37.48,52.61,28.58,36.98,32.54,32.95,29.31,35.46,28.91,33.74,81.22,63.23,32.04,22.03,25.24,18.45,24.08,33.95,28.94,36.76,64.97,24.76,20.39,23.06,31.51,31.63,26.94,23.47,29.67,30.23,29.96,88.75,26.87,32.01,38.39,61.49,46.15,71.0,23.95,22.82,22.15,47.25,26.52,65.46,28.62,28.09,26.83,18.74,22.94,24.69,32.33,29.2,44.48,43.55,36.66,28.83,23.73,27.96,27.52,22.87,22.67,29.15,31.55,31.34
2026-05-19,23.24,26.15,29.27,53.56,55.59,55.26,67.13,23.81,29.19,29.55,55.06,28.69,33.14,26.83,41.38,29.43,27.52,,16.24,31.01,38.78,23.44,31.65,33.27,33.47,26.13,56.77,33.67,27.09,28.9,37.62,32.82,24.68,19.57,32.99,31.84,21.14,37.45,51.09,27.84,35.67,31.64,32.04,30.01,28.7,29.49,33.25,83.4,62.3,32.53,22.41,25.32,18.67,23.69,33.76,29.24,35.93,64.85,25.24,20.57,23.67,31.88,31.65,28.01,23.8,31.69,30.28,29.16,87.81,25.85,31.19,39.45,62.94,45.17,70.79,23.44,22.97,22.3,47.37,26.84,66.05,28.1,28.82,27.33,19.4,23.18,23.69,32.87,29.72,44.42,43.71,35.68,28.5,25.21,27.56,26.82,22.56,22.31,28.76,30.98,30.83
2026-05-20,23.21,27.14,29.93,52.06,54.89,56.25,69.17,25.14,29.05,29.5,55.68,28.09,33.58,26.35,40.29,28.73,27.97,,16.15,30.72,37.98,23.63,31.18,31.99,33.99,25.68,55.32,33.73,27.8,29.15,38.09,32.36,24.88,19.19,33.95,32.9,21.96,37.15,52.15,28.02,35.77,30.81,31.2,30.38,29.62,29.43,33.19,86.77,62.74,33.0,22.2,25.26,18.5,24.22,33.44,28.6,31.34,65.67,24.48,20.25,23.1,32.1,31.03,27.5,23.92,30.68,29.71,28.91,88.24,26.11,30.95,39.57,62.98,44.89,71.97,23.2,22.26,22.38,46.92,28.12,70.82,28.01,28.72,27.71,19.8,22.66,24.14,33.58,29.13,44.37,44.06,36.3,28.76,24.77,28.0,26.87,22.42,22.1,28.76,32.32,31.86
2026-05-21,22.72,26.1,29.6,49.97,53.77,54.89,65.58,23.51,28.68,28.89,54.29,27.7,33.21,25.66,41.02,26.78,27.18,,15.46,30.25,36.22,22.66,30.16,31.67,33.6,25.29,55.6,33.71,27.19,28.14,28.73,32.15,24.96,19.12,31.96,33.71,21.65,37.06,49.67,26.93,35.39,29.62,29.99,29.33,29.09,28.89,38.42,81.46,51.81,32.67,21.21,24.53,17.78,22.14,33.01,28.49,31.02,63.27,24.49,19.87,22.2,31.54,29.97,26.75,23.01,28.88,28.65,28.1,84.82,24.67,30.21,38.6,58.5,38.56,70.07,22.13,21.95,21.8,45.29,26.29,73.52,27.31,27.6,26.8,19.42,22.7,23.34,31.48,27.39,43.54,41.54,35.32,27.59,24.2,28.1,25.9,21.24,21.43,27.99,25.14,31.29
2026-05-22,21.8,26.19,30.28,50.64,54.14,55.15,66.96,24.88,27.22,28.64,53.45,27.34,33.1,25.78,40.66,27.31,26.42,,14.81,29.53,37.57,23.35,29.77,31.28,33.25,25.86,54.89,34.64,26.6,29.39,29.53,31.41,24.62,18.16,31.15,34.17,21.3,36.55,49.14,26.69,36.36,28.44,29.15,28.64,28.65,28.44,39.54,78.91,50.68,31.61,21.09,24.34,17.79,22.52,31.33,28.3,30.14,62.0,23.92,19.75,22.06,31.71,29.26,26.82,22.83,30.38,27.85,26.98,85.21,24.61,29.57,37.77,56.22,37.05,67.23,21.53,21.91,21.31,44.3,26.58,79.07,26.38,28.24,26.7,18.62,22.47,22.47,31.44,27.32,43.86,43.09,34.88,26.16,24.42,26.74,25.74,21.27,21.04,27.94,24.43,31.82
2026-05-26,22.36,27.32,31.31,54.72,56.66,57.79,72.96,26.43,29.94,29.86,56.02,28.78,35.0,25.87,42.98,28.69,28.13,,15.44,30.62,40.84,24.51,31.07,33.89,33.92,26.48,56.83,36.67,27.9,28.94,30.62,33.28,26.35,19.82,31.38,41.34,22.49,38.38,51.95,29.42,37.74,30.01,30.77,30.49,31.18,32.12,39.04,85.89,54.38,34.82,22.04,24.68,18.93,23.74,33.53,29.75,31.83,65.74,25.57,21.16,23.08,31.7,30.86,27.94,23.94,31.41,29.04,28.13,100.78,26.49,31.46,43.26,58.0,38.18,68.83,24.14,21.7,22.78,45.82,29.95,92.47,28.12,30.6,27.91,19.08,23.65,23.52,33.56,28.57,44.61,48.23,36.27,27.13,26.49,30.12,26.96,22.21,22.43,28.61,25.67,31.3
2026-05-27,22.48,27.34,30.93,54.57,56.74,57.28,70.17,26.83,28.79,30.81,55.95,28.82,34.97,26.43,40.34,28.09,27.78,,16.32,31.75,39.34,23.85,31.67,33.79,32.7,26.52,58.14,36.56,26.81,27.81,26.91,33.58,26.1,18.29,31.85,44.62,21.53,37.77,50.53,27.05,36.64,29.73,29.87,30.56,31.52,31.02,38.39,82.57,55.07,35.88,21.83,24.5,18.38,23.52,33.14,29.66,31.08,65.07,26.25,20.51,21.87,35.18,35.28,27.24,22.68,30.0,28.98,28.21,102.13,25.87,30.99,44.39,58.6,37.6,66.38,22.59,21.75,21.83,45.15,29.07,88.23,28.01,32.95,28.55,18.97,22.77,23.43,32.28,26.98,45.33,48.44,35.38,27.02,26.2,29.39,27.19,22.33,22.62,29.9,24.37,30.28
2026-05-28,21.89,26.67,30.78,52.56,56.19,56.08,70.12,25.08,28.44,30.43,54.99,28.14,33.68,25.35,39.67,28.62,28.18,,15.85,30.59,38.93,22.94,31.33,32.76,31.53,25.51,43.26,34.96,27.73,26.8,26.77,32.98,25.71,19.36,31.18,43.7,21.05,36.01,49.68,26.05,36.05,28.95,28.99,29.16,31.3,30.78,40.5,79.52,50.74,34.55,20.52,24.2,17.69,23.53,34.19,28.83,30.62,64.87,24.45,20.3,20.88,32.6,30.9,27.49,22.49,29.43,28.72,29.3,98.98,25.5,30.75,44.14,58.79,37.83,69.71,22.26,21.84,22.27,47.07,29.97,87.05,27.76,32.17,27.51,19.44,22.77,22.98,32.43,28.92,43.77,46.48,34.48,26.36,25.86,29.34,27.17,21.6,22.52,28.71,23.45,29.39
2026-05-29,21.48,25.99,30.81,56.05,57.92,56.42,69.23,24.39,28.57,29.63,59.16,27.87,33.08,25.25,38.44,28.43,27.76,,15.54,29.9,37.3,23.33,32.12,32.45,32.38,22.79,45.92,36.67,27.9,26.25,27.49,32.92,23.79,19.95,30.4,43.36,21.09,34.28,49.67,25.92,36.45,28.41,29.27,28.06,30.12,33.58,52.06,80.01,50.59,35.41,20.36,23.1,18.09,24.02,31.81,28.02,31.12,65.06,24.48,20.39,21.85,35.58,31.44,27.23,22.78,28.37,28.35,29.78,103.83,25.92,31.21,42.74,64.78,40.48,78.68,22.78,21.75,22.51,51.98,29.2,85.84,26.77,29.4,27.58,19.24,22.97,22.68,32.51,27.6,41.86,46.58,35.76,28.08,27.43,29.14,26.05,22.81,22.54,27.91,25.03,28.61
2026-06-01,23.32,28.07,31.25,57.56,63.18,60.11,69.98,26.05,29.45,31.91,62.31,29.72,35.37,26.56,42.34,29.14,28.88,,16.58,32.66,40.73,24.03,35.81,33.86,33.88,23.27,50.7,40.11,29.81,28.27,30.66,34.59,27.29,20.92,31.45,,24.1,36.46,50.85,28.08,36.18,29.29,30.08,31.29,32.01,36.2,61.97,82.92,56.36,36.55,22.63,25.42,19.3,25.18,34.38,29.73,32.46,64.98,25.25,21.55,24.92,34.04,36.58,29.02,23.02,30.48,30.35,33.35,102.77,26.14,33.36,52.16,74.59,41.64,85.06,24.55,20.91,22.6,54.66,30.86,84.07,29.47,31.49,29.12,21.31,23.59,23.99,33.57,28.48,44.66,49.38,38.3,30.69,27.42,31.33,28.8,23.52,21.39,29.69,26.12,30.84
2026-06-02,23.77,28.36,32.06,55.43,61.04,60.62,70.6,25.36,29.01,31.04,63.3,29.72,34.09,26.71,41.47,30.5,28.85,,16.82,32.14,39.57,25.87,35.42,32.89,35.34,23.75,47.61,42.08,30.78,29.62,29.61,33.74,28.3,21.22,32.2,,23.21,38.75,52.05,31.64,34.79,30.64,31.19,31.85,31.57,38.82,58.53,77.9,56.58,38.69,22.42,25.49,18.68,25.82,34.51,30.42,30.85,65.49,25.61,21.78,23.83,33.41,34.15,29.59,22.39,29.54,30.49,31.22,100.48,27.05,34.04,57.36,72.82,41.13,80.07,25.57,22.14,23.69,52.42,30.46,89.21,28.39,29.94,31.92,21.05,23.73,23.14,33.35,29.22,45.59,48.33,36.12,29.32,28.66,31.8,29.71,23.22,24.0,29.59,26.22,31.71
2026-06-03,24.5,28.22,31.5,57.28,58.62,60.04,70.78,26.64,29.7,32.43,61.92,28.46,33.47,26.99,40.98,30.33,28.24,,17.03,31.45,40.97,26.57,37.96,32.9,36.97,23.08,44.92,38.35,30.81,29.96,30.49,34.28,26.59,20.61,31.69,,23.76,37.46,52.21,30.16,37.47,31.01,31.9,31.64,31.19,39.47,54.23,80.91,56.34,36.88,22.43,25.42,18.77,25.41,35.86,30.38,31.34,64.81,26.07,23.6,24.4,29.07,34.83,28.65,22.65,28.39,31.9,30.88,101.8,26.19,32.62,56.19,67.86,40.01,77.56,25.29,23.22,23.11,51.05,29.05,88.72,28.22,31.72,31.53,20.47,22.9,26.87,33.75,32.67,46.04,48.68,38.25,31.68,27.31,29.98,28.61,23.77,24.69,30.46,25.89,32.09
2026-06-04,23.49,27.92,30.16,55.54,57.4,58.83,68.81,26.64,31.05,31.14,48.49,28.53,33.99,25.66,40.26,30.03,28.12,,15.88,31.8,39.52,26.68,40.57,33.78,34.56,22.02,44.31,36.86,31.98,28.93,28.95,34.17,27.46,19.43,30.78,,22.37,35.6,50.5,29.57,37.6,30.47,30.99,32.58,30.1,36.8,50.8,76.21,58.13,35.96,21.86,25.24,18.83,24.98,33.82,29.42,30.63,64.93,26.07,21.42,23.4,27.56,32.96,28.74,23.93,29.12,31.4,28.8,99.94,25.5,31.95,55.16,66.78,38.65,76.33,25.47,20.96,24.3,49.67,29.38,82.29,28.11,30.38,31.8,20.03,23.56,27.82,34.01,35.11,45.6,47.64,35.21,29.08,25.05,29.27,27.25,23.16,26.2,29.22,24.84,30.79
2026-06-05,24.93,26.31,30.47,57.23,58.6,62.23,70.07,27.37,29.0,33.61,49.76,28.63,34.24,25.92,40.25,31.23,29.64,,16.66,33.82,41.84,27.27,41.17,33.75,35.57,23.79,45.14,38.52,30.17,28.12,29.31,32.6,26.8,18.75,32.25,,22.04,36.0,51.14,29.51,37.29,32.46,31.96,34.25,30.26,33.87,46.43,81.63,55.1,35.27,22.18,26.85,20.39,25.87,34.68,29.43,31.42,68.59,26.0,20.99,24.91,27.9,35.67,28.28,25.66,28.74,32.26,30.11,104.35,26.35,30.58,54.39,70.25,41.98,76.19,26.34,21.75,23.4,49.56,29.74,86.69,27.9,30.63,30.93,20.18,21.79,27.14,34.72,35.46,49.0,52.0,35.31,29.37,27.08,31.49,28.9,23.33,26.61,29.0,25.59,31.81
2026-06-08,24.24,27.77,30.59,57.82,57.19,63.39,71.05,26.96,30.65,32.03,47.0,29.02,33.46,26.68,41.91,30.52,30.23,,16.15,33.4,41.33,26.17,38.61,33.43,33.66,23.58,44.77,39.21,30.5,28.85,30.61,33.85,26.99,20.99,31.42,,22.4,36.66,50.95,28.45,39.64,30.54,31.34,33.64,30.99,33.27,44.61,82.69,55.47,37.23,21.73,26.75,19.6,25.31,36.76,28.6,32.62,68.49,25.67,21.31,24.29,26.76,34.51,30.47,22.99,28.38,32.33,30.22,103.53,27.32,31.51,55.01,65.22,39.45,76.6,27.27,21.89,23.75,49.19,29.47,83.08,28.59,30.63,29.93,20.98,22.28,28.54,34.93,33.74,47.17,51.02,35.59,29.95,27.08,29.51,28.41,23.61,26.42,30.22,26.48,32.02
2026-06-09,25.14,27.24,31.05,58.74,57.92,65.89,70.55,27.25,30.71,32.41,48.32,28.98,34.53,26.36,41.73,30.19,30.65,,16.35,33.33,40.62,25.62,36.59,33.66,34.61,23.18,44.93,38.31,30.09,28.86,30.03,32.75,26.66,20.4,32.91,,22.28,36.38,50.6,27.06,38.36,30.93,31.78,34.72,30.34,32.48,45.17,83.89,59.78,37.01,22.14,27.12,19.38,25.27,36.18,29.29,29.95,71.99,25.29,21.19,23.48,27.2,34.13,28.95,22.89,29.15,33.37,30.29,103.14,26.42,31.27,55.43,66.67,39.6,77.3,27.41,21.45,22.73,50.75,29.27,84.3,28.35,29.4,27.66,20.41,22.77,27.81,33.4,31.92,48.26,51.08,35.52,28.5,26.94,31.29,30.58,23.63,26.35,29.04,26.15,32.43
