Date,AAPL,ABBV,ABT,ACN,ADBE,AMAT,AMD,AMGN,AMT,AMZN,AVGO,AXP,BA,BAC,BKNG,BLK,BMY,BNY,BRK.B,C,CAT,CL,CMCSA,COF,COP,COST,CRM,CSCO,CVS,CVX,DE,DHR,DIS,DUK,EMR,FDX,GD,GE,GEV,GILD,GM,GOOG,GOOGL,GS,HD,HON,IBM,INTC,INTU,ISRG,JNJ,JPM,KO,LIN,LLY,LMT,LOW,LRCX,MA,MCD,MDLZ,MDT,META,MMM,MO,MRK,MS,MSFT,MU,NEE,NFLX,NKE,NOW,NVDA,ORCL,PEP,PFE,PG,PLTR,PM,QCOM,RTX,SBUX,SCHW,SO,SPG,T,TMO,TMUS,TSLA,TXN,UBER,UNH,UNP,UPS,USB,V,VZ,WFC,WMT,XOM
2021-06-09,20.17,14.96,38.19,17.72,22.83,44.43,24.14,16.2,15.02,17.98,28.28,18.25,30.47,15.78,26.23,18.99,15.92,6.46,13.39,15.15,17.9,12.22,26.21,22.07,31.39,17.19,29.81,15.27,21.68,25.62,24.42,22.73,17.84,16.34,16.45,23.05,16.54,31.4,,17.3,33.56,21.49,21.33,22.32,21.45,23.16,14.46,20.9,21.81,20.78,11.74,17.06,9.19,15.07,35.78,15.07,24.94,40.73,18.86,13.31,8.59,15.77,22.1,15.58,14.61,19.4,19.66,20.56,34.77,18.68,18.74,17.2,24.7,36.02,17.96,10.95,13.93,15.22,59.47,13.72,20.76,18.15,16.18,28.69,14.98,30.16,26.61,24.75,22.4,45.02,24.6,39.86,12.45,14.3,20.85,19.01,13.91,10.12,19.08,15.19,28.33
2021-06-10,20.2,16.01,38.5,17.74,25.95,44.45,24.72,18.11,15.12,18.96,28.31,15.78,29.56,16.15,26.1,18.11,18.65,6.34,11.54,16.3,21.73,12.4,26.33,21.61,30.05,17.12,30.11,16.22,20.9,23.82,24.61,24.48,17.35,16.39,16.5,22.81,15.61,30.64,,17.45,32.78,20.77,21.09,22.22,19.31,23.13,13.45,19.96,21.81,22.12,11.92,16.92,8.54,14.89,36.73,14.31,23.49,40.73,18.84,13.31,8.64,15.92,22.11,14.34,14.65,21.92,18.79,20.94,34.91,19.17,17.72,17.1,28.6,36.0,16.92,11.13,15.01,15.42,52.53,13.78,20.82,18.04,16.3,28.59,14.91,27.5,26.81,28.07,22.15,45.16,24.66,39.85,10.19,14.34,21.29,18.51,13.98,8.89,18.98,15.01,25.66
2021-06-11,18.22,16.23,38.16,14.14,23.23,34.5,22.01,18.18,12.8,16.81,23.35,15.1,25.99,15.8,23.01,15.97,18.67,5.18,11.23,16.09,22.72,12.24,25.84,21.37,30.12,16.1,28.32,13.59,20.41,23.83,23.6,22.33,15.87,14.09,14.78,20.43,12.79,29.5,,17.71,29.31,16.74,17.1,21.48,13.43,18.06,10.69,17.22,21.87,18.94,12.64,16.72,8.26,13.98,40.3,12.53,17.42,33.42,15.4,9.78,8.19,15.0,21.43,11.34,12.75,21.76,17.57,17.42,30.14,14.46,16.21,14.64,25.94,31.62,16.08,10.42,15.61,15.16,44.79,13.83,17.27,15.14,12.38,27.83,12.76,21.99,26.96,27.09,22.02,42.14,20.45,34.12,9.25,12.83,20.61,18.56,11.05,8.89,19.55,11.68,25.94
2021-06-14,18.42,15.81,38.82,11.88,24.13,30.76,19.78,18.46,12.97,16.43,22.2,14.11,25.91,15.11,19.9,13.92,18.99,3.28,9.94,15.89,22.11,11.44,24.81,20.72,26.52,14.43,28.83,13.5,20.99,22.49,22.54,22.55,13.05,10.95,13.1,17.39,10.18,29.9,,16.36,29.56,15.65,16.05,20.46,9.4,16.27,9.74,15.81,20.33,18.82,12.32,14.4,8.2,12.67,41.29,10.82,15.11,29.34,15.06,9.48,7.16,14.76,19.42,8.71,13.05,21.98,16.25,15.99,29.16,13.81,17.79,13.5,25.69,29.86,15.56,9.65,16.27,14.29,33.36,14.54,16.11,12.24,12.4,25.89,10.48,20.32,27.26,27.97,20.88,40.31,19.23,27.6,8.93,11.4,19.05,16.27,9.59,8.66,18.84,10.13,24.77
2021-06-15,18.15,15.47,37.85,11.6,24.74,30.12,20.24,18.04,12.84,16.04,22.21,14.45,25.26,14.74,19.41,13.62,18.51,3.2,9.73,16.57,21.69,11.16,24.19,21.47,26.12,14.07,29.05,13.47,20.69,23.14,22.52,22.16,13.66,10.94,13.4,18.88,10.37,29.18,,15.95,28.84,15.44,16.19,20.02,9.51,15.88,9.74,15.55,20.98,18.37,12.1,14.77,8.09,12.36,40.75,10.56,14.93,28.91,14.74,9.34,7.07,14.69,18.96,8.56,12.75,21.49,15.85,15.85,29.28,13.47,18.28,13.35,25.43,30.33,15.95,9.42,15.85,13.93,34.68,14.19,16.61,12.09,12.23,25.4,10.71,20.91,26.87,27.27,20.36,40.87,19.1,29.2,8.82,11.14,18.87,16.17,9.6,8.51,18.61,9.99,26.97
2021-06-16,17.79,15.42,37.67,11.83,24.85,30.25,20.42,17.9,14.21,15.64,22.6,15.0,26.24,14.5,16.83,14.14,18.58,3.33,9.65,19.01,21.05,12.43,13.5,21.16,24.19,14.64,28.47,13.67,20.88,22.88,22.46,21.92,11.54,11.79,13.42,19.48,11.24,29.14,,16.16,29.09,15.6,16.43,20.02,9.6,16.68,10.54,16.45,21.2,16.6,12.08,14.97,9.48,12.41,41.14,11.96,12.94,28.13,15.34,9.46,8.87,14.68,20.15,10.46,13.18,20.65,15.7,15.17,30.13,11.96,18.0,13.25,24.67,29.97,25.94,10.08,15.99,14.62,34.6,14.35,16.7,12.71,12.34,26.04,12.44,21.06,25.6,26.81,20.14,40.09,18.48,29.41,9.08,10.17,18.98,15.95,11.02,8.27,17.0,12.23,26.0
2021-06-17,17.56,15.46,38.1,10.8,24.76,29.44,26.77,18.03,14.78,16.16,21.92,15.48,26.75,20.6,16.7,13.43,18.61,4.2,10.82,22.16,22.92,12.54,13.06,27.92,26.68,15.44,28.28,13.87,12.22,21.94,20.69,27.97,11.48,11.98,20.1,20.78,11.32,31.11,,16.14,31.09,15.03,15.69,21.57,9.23,16.02,11.52,16.03,20.96,16.98,12.25,17.2,9.36,12.29,40.96,11.47,12.93,27.54,15.68,9.89,9.0,14.66,19.33,10.35,13.5,20.84,19.8,15.08,29.33,13.15,18.3,13.57,27.27,31.29,26.03,10.36,16.1,14.73,33.63,14.35,16.38,12.86,12.33,25.11,12.61,22.08,15.85,29.48,14.37,40.51,17.92,27.47,8.88,10.62,19.04,21.35,11.45,7.02,26.32,9.43,26.73
2021-06-18,18.06,15.86,38.23,11.4,25.46,33.53,26.02,18.02,15.92,16.18,22.36,18.04,26.37,22.14,16.28,18.0,18.7,4.08,12.02,22.59,22.89,13.81,13.24,28.94,25.99,15.59,26.97,15.29,13.49,23.79,18.66,27.95,12.44,14.77,20.88,20.57,12.14,31.47,,16.34,32.18,15.48,16.75,24.2,9.02,16.97,12.94,18.61,21.16,17.39,13.85,18.84,12.16,13.51,41.7,11.86,12.51,30.58,15.51,11.57,10.82,15.63,20.87,11.87,13.58,20.99,24.98,15.41,33.3,14.67,18.34,12.1,27.27,31.51,26.65,12.95,17.02,15.45,31.35,13.43,17.27,13.87,12.7,27.59,16.31,24.17,14.32,29.7,15.12,39.24,19.49,27.4,10.29,12.52,18.96,21.66,11.7,8.08,27.02,11.14,26.94
2021-06-21,16.64,16.39,39.11,12.32,24.97,30.8,27.2,17.9,15.14,16.05,20.49,23.37,26.98,24.22,15.9,19.09,17.59,4.68,13.0,22.34,24.73,13.64,13.1,31.86,31.53,16.25,27.35,16.99,15.58,26.43,21.2,28.34,12.26,15.73,23.77,23.62,16.51,33.99,,16.38,32.35,14.42,16.78,25.56,11.06,18.36,15.69,18.72,18.99,16.99,14.74,19.98,12.69,16.02,42.89,12.27,12.28,27.06,15.48,12.42,10.47,17.1,20.63,14.17,15.44,21.41,25.58,15.38,33.61,13.74,15.89,13.32,27.03,31.64,28.64,12.83,18.19,15.63,31.94,13.42,16.72,16.26,12.33,31.07,17.86,29.83,11.34,29.76,15.05,37.77,19.63,30.2,13.29,13.75,22.39,23.45,13.02,9.11,31.12,11.92,30.18
2021-06-22,16.58,15.98,38.13,12.0,24.47,30.02,26.68,17.44,15.01,16.11,19.98,22.84,26.45,23.79,15.59,18.65,17.75,4.6,12.67,22.28,24.17,13.3,12.85,31.06,30.73,16.47,26.9,16.56,15.19,25.78,21.35,28.1,12.0,15.6,23.18,23.85,16.25,33.39,,16.02,31.55,14.06,16.36,24.92,12.37,17.9,15.32,18.25,18.61,16.64,14.37,19.49,12.43,15.9,41.97,11.96,13.17,26.43,15.69,12.17,10.29,17.03,21.01,13.82,15.05,20.98,24.93,15.21,32.94,13.44,17.51,14.58,26.81,31.23,28.1,12.51,17.83,15.25,31.36,13.12,16.48,16.1,12.32,30.31,17.51,29.43,11.11,29.5,14.69,36.82,19.2,30.23,12.99,13.65,22.23,22.88,12.81,8.88,30.49,11.84,29.93
2021-06-23,16.25,16.09,38.1,11.88,24.32,26.16,26.68,17.03,15.29,15.86,19.19,22.75,26.24,23.8,12.75,18.05,17.97,4.67,12.44,22.65,23.92,13.77,18.59,31.01,30.74,16.35,26.48,15.64,15.19,25.34,22.32,28.11,11.94,15.97,23.18,23.63,17.02,33.43,,14.67,31.81,11.78,13.48,25.1,12.38,17.56,15.93,17.67,18.15,16.41,14.3,19.53,12.71,16.64,42.83,12.79,12.78,23.75,15.4,12.2,10.48,17.17,19.3,14.35,14.77,21.1,24.23,13.64,32.07,13.78,17.38,14.19,26.68,29.33,28.16,13.21,18.44,15.24,32.17,12.91,16.14,16.24,11.26,30.3,17.7,29.23,10.88,29.48,14.6,38.03,17.96,30.76,13.19,13.21,22.06,22.97,12.58,9.01,30.57,12.01,29.82
2021-06-24,16.27,15.76,38.04,13.74,24.16,26.03,27.85,15.48,15.32,17.22,19.31,22.94,27.57,24.17,12.75,18.06,18.16,4.76,12.37,24.72,26.18,13.85,18.95,30.69,29.33,16.29,26.53,15.64,14.95,24.71,22.51,28.19,12.46,15.67,23.23,24.74,17.19,33.86,,13.37,31.84,11.85,13.49,25.95,12.17,18.41,15.87,18.52,18.02,16.12,14.49,19.87,12.84,16.67,48.37,12.73,12.06,24.33,14.51,12.2,10.68,17.16,19.22,14.54,14.59,20.45,24.7,13.67,32.22,13.61,17.61,14.24,26.7,29.22,28.1,13.33,18.04,15.16,32.16,12.63,17.04,16.24,11.35,29.95,17.79,29.64,10.89,29.48,14.19,39.41,18.61,30.69,13.44,13.03,22.3,23.39,12.69,8.75,32.26,12.24,28.23
2021-06-25,16.32,16.64,38.02,13.8,24.19,26.56,28.08,14.78,15.49,18.16,20.32,22.99,27.82,25.18,14.04,18.23,18.49,4.66,13.08,24.72,26.31,14.61,17.65,30.96,29.37,16.39,26.72,15.55,14.33,24.71,22.38,27.7,12.47,15.89,23.31,27.52,17.48,33.0,,13.75,30.99,11.64,13.34,25.81,12.34,18.52,16.12,18.52,17.98,15.61,14.6,20.35,12.74,16.67,48.83,13.3,12.13,24.42,14.2,12.3,11.14,16.18,19.37,14.92,14.67,20.77,25.23,13.97,32.55,14.38,18.43,51.91,27.48,29.88,28.24,13.47,17.75,16.14,31.39,12.57,16.92,16.23,11.81,29.97,18.17,29.07,10.99,29.29,12.68,39.28,18.61,30.98,14.62,13.47,21.86,24.3,12.18,8.72,33.52,13.12,28.13
2021-06-28,15.83,15.05,39.99,12.89,23.3,29.87,28.51,13.71,16.91,18.24,21.41,25.97,27.42,25.4,17.81,18.8,18.92,4.66,13.11,24.28,26.02,14.82,17.88,32.6,32.37,13.95,19.26,15.96,14.36,27.49,22.4,28.76,12.19,15.86,22.83,27.66,17.68,21.87,,13.84,31.7,10.67,13.21,26.12,12.56,14.95,17.03,20.57,14.54,15.48,14.91,19.86,12.63,18.19,50.07,13.19,12.32,26.32,18.86,12.13,11.22,16.06,23.15,15.37,15.29,20.38,25.47,14.22,33.08,15.65,19.09,53.58,26.62,29.66,28.93,12.71,18.05,14.44,31.96,12.62,17.89,15.34,12.09,28.67,18.52,29.68,10.64,29.54,12.53,40.35,20.04,31.95,15.26,13.94,22.08,23.97,13.68,8.92,34.55,13.38,30.5
2021-06-29,15.64,14.83,39.25,12.77,22.76,29.18,28.95,13.39,16.48,17.8,21.08,25.36,27.31,25.33,17.79,18.45,18.46,4.7,12.78,24.77,25.36,14.53,17.7,31.98,31.84,13.65,18.82,15.56,14.15,26.81,21.84,28.1,12.9,16.8,22.28,27.56,17.67,22.38,,13.51,30.93,10.84,12.95,25.75,13.05,14.58,16.6,20.56,14.23,15.19,14.54,19.36,12.54,17.78,48.8,14.2,12.16,25.79,18.38,11.86,11.3,15.86,23.12,14.99,15.11,19.9,27.59,14.03,32.29,16.22,18.62,52.59,25.98,29.05,28.25,12.39,17.6,14.29,33.63,12.7,18.57,15.08,11.79,27.95,18.78,28.99,10.42,28.8,12.22,39.74,19.67,31.24,15.08,13.59,22.05,23.43,13.52,8.92,34.46,13.13,29.93
2021-06-30,15.27,14.51,38.5,12.74,22.88,28.49,31.74,13.15,16.69,17.47,20.58,24.8,27.36,24.94,17.78,18.02,18.21,4.61,12.8,25.2,25.42,14.21,17.54,31.26,32.5,13.77,18.55,15.2,13.82,26.35,21.71,27.73,13.2,16.57,22.47,26.93,17.52,24.27,,13.77,30.26,10.89,12.69,25.88,12.75,15.58,16.35,20.38,14.14,14.94,14.33,19.33,12.38,17.38,47.67,14.67,11.87,25.17,18.19,11.63,11.06,15.51,23.14,15.46,16.32,19.53,27.22,13.83,32.63,16.31,18.68,51.6,26.64,28.61,27.59,12.41,17.18,14.01,33.34,12.9,18.12,15.33,11.56,27.33,18.36,28.34,10.34,28.37,11.95,38.83,19.24,30.79,14.93,13.48,21.54,23.05,13.69,8.81,33.92,16.01,29.24
2021-07-01,15.09,14.97,17.11,13.55,21.46,30.62,32.08,11.75,16.36,17.49,21.06,24.03,24.9,24.67,17.91,18.09,17.86,4.87,13.19,24.57,25.09,13.4,17.91,29.39,30.88,13.86,18.27,15.32,14.43,25.09,21.48,22.73,13.56,16.85,22.03,26.72,17.61,24.12,,12.8,30.19,10.95,12.32,24.4,12.66,15.36,16.33,20.35,14.03,14.45,12.51,19.24,12.4,17.41,47.45,14.78,11.0,26.86,18.82,11.78,11.02,15.7,23.79,15.49,16.32,19.14,26.9,13.07,38.34,16.39,18.53,51.39,26.5,28.46,28.37,12.38,17.32,13.01,41.01,13.05,18.97,15.81,12.53,27.32,19.27,24.89,11.1,21.49,11.98,38.84,19.37,30.95,14.88,14.69,21.86,23.4,13.68,8.95,33.65,16.49,27.0
2021-07-02,15.91,14.87,17.02,14.25,21.39,30.55,32.09,11.78,15.76,18.7,20.72,24.19,25.02,24.81,18.63,18.48,17.71,5.13,13.19,24.48,25.17,13.27,18.17,29.42,30.77,14.14,18.41,15.44,14.47,24.63,20.25,21.83,13.09,16.7,22.07,26.37,17.24,24.22,,12.5,30.19,12.13,14.11,24.37,12.53,15.26,22.76,20.57,13.87,12.27,13.86,19.23,12.4,17.45,47.46,14.53,10.77,26.86,18.09,11.93,10.92,15.46,23.78,15.58,16.38,19.09,26.78,14.26,38.35,16.21,18.52,51.28,26.23,27.49,29.82,12.41,17.21,13.03,36.24,13.06,19.27,15.96,13.3,27.46,19.04,25.17,10.63,21.49,11.9,36.91,19.27,31.82,15.31,14.78,21.87,23.39,13.83,8.84,33.6,16.62,26.94
2021-07-06,14.64,15.15,16.33,13.68,20.76,29.4,31.39,14.43,16.31,22.96,18.99,24.84,24.84,26.31,18.63,18.78,18.28,5.25,13.16,26.56,26.04,12.77,18.49,30.26,34.72,14.03,15.21,15.33,14.51,25.83,20.71,22.39,14.82,16.76,23.27,27.17,17.01,26.96,,13.04,22.38,10.55,12.53,24.39,13.26,15.85,22.81,18.71,11.99,11.15,14.38,20.2,12.01,18.01,48.35,13.33,11.11,24.63,17.38,12.04,11.07,15.53,23.89,15.98,17.61,17.0,27.99,13.04,37.56,16.84,17.27,52.35,25.31,26.5,29.86,12.68,18.01,11.85,34.7,14.71,18.27,16.59,11.97,29.03,19.19,25.8,10.22,21.36,10.75,30.41,15.95,27.72,15.45,15.05,22.3,25.44,13.64,8.51,36.02,16.99,29.5
2021-07-07,15.06,15.29,16.39,13.85,20.89,29.7,35.67,14.47,16.06,22.73,17.16,24.92,24.91,26.36,20.25,19.01,18.31,5.48,13.21,26.52,26.01,13.19,18.68,29.88,35.52,12.73,15.58,15.44,14.6,25.95,20.86,21.88,14.89,16.82,23.85,27.12,17.68,27.12,,13.05,22.66,10.49,12.53,24.33,13.76,16.26,22.97,18.66,11.0,10.89,14.37,20.26,12.45,16.08,35.79,14.12,11.22,24.83,17.41,12.07,11.72,15.61,23.41,16.66,16.66,15.24,27.9,12.85,39.33,16.84,17.97,52.37,24.98,27.7,32.05,12.74,17.95,12.07,43.09,14.56,18.35,16.61,12.17,28.91,19.05,25.66,10.03,20.54,10.72,31.77,15.91,31.16,14.6,15.77,22.52,25.47,13.59,8.56,35.94,16.86,29.93
2021-07-08,16.02,15.16,14.47,13.79,20.84,29.29,35.81,14.47,15.53,22.21,17.15,26.05,26.4,27.33,20.17,21.4,17.33,5.85,14.44,26.71,25.98,12.65,18.33,30.28,35.31,12.65,15.88,15.37,15.06,25.62,22.33,22.19,14.86,16.58,23.98,27.12,17.85,27.16,,13.59,21.91,10.87,13.36,25.37,15.02,16.03,22.94,18.94,10.1,11.32,13.95,20.84,12.3,17.36,35.58,14.23,12.56,24.41,17.74,12.32,11.55,14.06,23.78,16.84,16.41,15.25,29.24,13.3,36.92,16.76,18.36,52.2,25.22,29.13,32.04,12.21,17.92,11.28,43.27,12.14,18.93,16.43,12.9,30.28,18.03,25.07,10.33,20.55,10.33,31.87,15.88,31.6,14.7,22.37,22.17,25.91,14.66,8.64,36.63,16.65,29.22
2021-07-09,16.17,14.41,14.32,13.95,21.14,29.85,35.39,14.06,15.53,22.46,18.41,26.9,26.24,29.93,20.9,22.79,15.14,5.96,16.95,29.06,27.24,12.57,18.35,35.46,35.46,13.02,15.93,15.69,15.91,26.18,22.18,22.2,17.23,16.52,24.64,25.02,18.31,28.38,,12.57,28.19,10.86,13.35,28.62,14.65,17.98,22.63,19.4,10.35,11.6,13.32,23.91,12.51,18.6,35.03,14.53,13.18,24.82,17.74,12.85,11.56,13.79,23.7,17.57,18.27,13.81,31.39,13.33,36.88,16.79,17.38,51.75,25.22,28.82,33.13,12.24,16.04,11.28,43.4,12.51,19.8,16.95,13.37,32.12,17.95,28.57,10.89,20.6,9.51,31.59,16.24,33.3,14.73,23.04,15.9,28.61,14.85,9.03,39.1,16.63,29.82
2021-07-12,16.16,13.16,14.99,14.57,18.6,30.3,35.88,12.06,14.8,22.36,18.95,26.93,26.92,30.87,21.3,23.36,11.49,6.02,16.62,30.45,23.54,12.24,18.73,37.07,36.29,14.07,15.69,14.82,16.29,26.73,21.44,22.0,22.75,17.18,25.41,25.66,18.85,28.97,,12.17,27.98,10.56,13.65,29.17,14.91,18.27,23.02,20.1,10.55,10.29,12.4,24.6,12.31,19.06,30.28,15.29,12.47,26.28,18.3,11.79,11.67,13.11,24.23,18.08,18.51,10.94,33.41,13.34,37.91,16.53,17.83,52.77,20.92,29.55,32.49,12.08,13.69,10.97,43.84,12.32,20.21,17.05,13.77,32.84,18.48,29.29,10.8,18.29,9.37,34.79,16.65,34.12,14.83,23.27,16.15,29.23,15.08,9.07,39.4,16.8,30.42
2021-07-13,15.76,12.84,14.73,14.21,18.15,29.56,35.21,11.77,14.66,22.52,18.57,26.41,29.9,30.7,20.83,23.06,11.21,5.89,16.22,29.91,23.54,11.98,18.52,36.44,35.43,13.84,15.36,14.48,15.88,26.06,21.3,21.75,22.27,16.75,24.97,25.03,18.4,28.7,,11.87,27.28,10.31,13.3,28.75,15.6,17.87,22.44,19.62,10.29,10.42,12.12,24.5,12.59,18.89,29.57,14.92,12.45,25.61,19.14,11.53,11.4,13.09,23.71,17.63,18.54,10.67,32.6,13.41,37.28,16.18,17.39,51.6,20.72,29.61,31.68,14.07,13.36,10.71,43.21,12.41,20.13,16.9,13.62,32.02,18.13,30.1,10.79,17.94,9.32,35.59,16.31,33.31,14.51,22.9,16.29,28.72,15.97,8.85,38.99,16.44,29.69
2021-07-14,15.69,12.96,15.32,14.23,16.08,28.99,35.78,11.51,14.7,22.42,18.4,26.33,30.19,31.57,20.83,25.62,11.4,6.38,15.8,29.59,24.05,12.24,18.4,37.26,36.84,13.89,12.88,14.91,16.08,26.71,21.0,21.88,22.27,17.11,24.95,25.05,18.42,28.32,,11.86,27.33,10.48,13.27,28.38,15.59,18.45,22.37,19.55,10.16,10.45,12.27,23.82,14.82,18.96,29.49,14.82,12.6,25.31,19.92,11.62,11.68,13.09,23.76,18.38,18.67,10.6,32.3,13.35,36.89,16.51,16.48,51.47,19.79,30.93,32.02,14.31,12.84,10.95,44.41,12.78,19.95,16.93,13.55,31.71,18.51,30.19,10.49,18.23,9.6,36.66,16.06,33.24,15.06,22.85,15.67,28.19,16.5,8.95,41.39,16.6,30.6
2021-07-15,15.5,12.96,15.48,14.23,14.79,29.59,36.63,11.53,14.66,23.22,18.26,25.94,29.99,31.56,20.83,25.56,11.67,6.64,15.92,29.32,24.01,12.34,18.42,36.64,36.45,13.86,13.7,14.99,15.65,25.25,20.88,21.58,21.64,17.46,24.61,23.89,18.16,28.19,,12.02,27.86,10.76,13.4,28.35,15.39,19.74,22.53,19.93,8.81,10.51,12.94,23.22,14.8,19.0,30.2,14.89,13.01,25.43,19.98,11.58,12.1,14.62,24.05,18.33,18.64,10.61,32.3,13.3,36.54,17.13,15.54,51.17,19.84,34.97,32.94,14.32,12.87,11.19,44.0,12.81,20.29,16.59,13.71,31.65,18.85,29.88,10.45,18.2,9.72,34.8,16.75,32.22,15.51,22.84,15.67,30.27,16.51,9.04,41.32,16.53,27.42
2021-07-16,17.07,12.9,15.4,14.44,14.0,32.03,36.93,11.57,13.34,24.04,19.22,26.44,30.32,32.18,21.03,25.2,11.36,7.4,16.03,28.3,24.37,11.2,18.56,37.12,37.42,13.0,13.79,14.82,15.54,26.46,21.19,21.51,23.67,16.86,24.99,23.65,17.64,28.55,,11.37,28.12,10.66,13.16,29.49,14.65,19.22,22.56,20.07,8.84,10.72,12.97,24.44,13.88,19.08,29.77,13.94,12.39,28.1,19.68,11.96,10.78,14.65,23.48,18.01,18.28,9.89,32.74,13.12,36.84,17.56,18.35,51.63,19.96,38.5,24.77,13.63,12.69,9.98,43.27,12.75,20.79,17.14,13.55,31.86,17.59,30.31,10.18,18.08,9.69,35.06,17.14,32.17,15.13,22.93,15.8,31.9,15.33,8.08,41.65,14.65,28.64
2021-07-19,20.17,13.41,14.51,14.29,12.13,28.87,32.92,11.45,11.82,23.76,18.41,29.53,35.02,29.44,23.7,26.18,12.63,7.12,15.82,27.12,22.44,9.39,19.1,32.64,37.35,11.91,13.6,13.69,14.59,24.52,21.38,15.75,27.3,13.95,22.95,22.4,19.6,30.7,,11.3,27.71,13.09,14.3,27.6,15.47,24.03,22.1,18.48,8.82,12.45,11.23,24.0,12.38,19.4,29.72,14.68,14.4,24.9,29.34,13.16,8.8,16.51,22.63,17.09,18.25,10.41,27.06,13.99,34.15,16.44,18.55,52.78,15.81,37.75,24.31,10.67,11.31,7.75,43.03,13.43,20.36,19.3,16.86,31.93,14.1,36.28,11.91,13.59,14.57,35.31,15.06,32.38,17.25,22.95,15.22,32.1,19.54,7.92,36.39,13.1,28.56
2021-07-20,20.99,13.14,14.23,14.01,12.13,29.62,32.14,11.17,11.64,23.24,18.05,31.23,39.05,29.77,25.93,28.85,12.44,6.94,16.34,27.35,23.51,10.01,18.81,33.15,36.92,11.61,13.88,13.66,15.13,24.12,24.52,15.47,27.64,13.65,25.27,22.05,22.02,36.39,,11.82,30.32,13.5,14.47,28.49,16.25,26.89,22.29,18.48,10.37,14.2,11.28,24.26,12.07,20.06,28.96,16.23,14.36,26.1,29.82,14.87,8.71,17.84,22.49,17.43,18.02,10.93,28.31,13.74,33.56,16.02,18.18,51.45,16.4,36.94,24.08,10.46,13.11,8.1,43.9,16.92,19.88,25.14,17.29,31.97,13.75,43.34,11.73,13.27,14.21,35.11,14.9,32.38,16.99,22.45,14.85,32.8,19.22,7.93,37.98,12.8,28.34
2021-07-21,21.05,12.57,14.05,13.52,12.16,33.12,31.76,11.52,12.34,22.92,19.24,28.77,38.15,29.31,27.95,27.74,12.5,6.64,16.31,28.33,22.82,10.22,19.0,33.22,36.27,11.11,13.97,11.82,14.5,24.93,23.33,15.42,27.49,12.73,23.72,20.11,19.66,36.17,,12.09,30.72,13.79,14.16,28.39,15.56,26.58,20.69,19.48,10.54,14.22,10.86,24.63,12.27,19.11,28.53,15.96,14.07,31.0,29.8,14.26,8.8,17.17,22.76,16.38,16.51,10.97,29.76,13.45,34.62,16.75,21.85,51.44,16.4,39.42,23.48,10.6,12.27,8.14,44.46,17.89,20.61,24.77,17.6,29.57,12.52,40.35,11.14,14.95,14.0,35.23,18.04,32.07,15.49,22.18,11.97,32.59,18.51,7.46,36.71,12.79,27.68
2021-07-22,20.93,12.6,14.19,13.48,12.65,33.22,32.14,11.5,12.14,22.91,19.39,29.01,38.16,29.45,27.92,28.5,11.99,6.94,16.56,28.57,22.96,10.32,18.9,33.54,36.15,10.5,16.4,12.44,14.49,24.95,23.14,17.88,27.73,12.28,23.95,19.53,19.63,37.36,,11.98,31.75,13.81,14.23,28.42,14.75,26.5,20.71,19.56,10.93,17.03,10.82,25.07,12.3,19.01,28.36,15.98,13.46,30.99,29.52,14.71,8.88,16.89,22.25,16.73,16.7,10.67,29.71,14.01,35.3,16.7,20.39,51.41,15.88,38.69,23.52,10.64,12.63,8.39,44.69,18.12,20.52,24.84,19.48,31.54,12.28,40.94,11.14,15.21,14.01,35.46,26.6,31.27,15.5,22.38,11.62,33.81,18.42,7.46,37.3,12.74,26.5
2021-07-23,20.95,12.34,15.4,13.73,12.44,32.96,32.21,11.91,11.87,22.92,19.88,29.17,38.23,29.33,27.97,28.51,11.2,6.95,16.3,28.27,22.94,10.68,13.01,33.61,36.4,11.08,16.25,12.35,14.75,24.97,22.7,17.92,27.56,12.23,24.11,19.53,18.92,37.32,,11.77,31.24,17.22,18.12,28.29,15.68,27.16,20.47,27.0,11.37,17.04,10.82,25.0,12.05,17.88,27.83,15.25,14.87,31.04,30.89,15.75,9.65,16.85,28.2,15.89,17.02,11.12,30.21,14.22,34.74,16.71,20.37,51.41,16.5,38.61,27.03,9.5,11.15,9.31,42.22,18.64,21.12,24.66,20.78,31.73,12.46,40.55,11.19,15.74,14.0,30.7,27.62,29.2,15.09,22.4,11.69,33.79,19.26,7.21,37.39,12.48,26.15
2021-07-26,21.16,10.96,16.47,12.79,13.42,32.57,31.91,12.42,12.12,21.85,19.17,29.62,38.32,28.58,28.48,29.13,11.16,6.96,16.29,28.12,21.13,10.79,13.01,34.33,38.67,11.36,16.22,12.62,15.16,26.71,23.12,18.19,28.26,12.38,24.54,12.67,19.09,38.34,,11.49,32.64,17.77,18.56,28.14,16.29,27.57,20.89,28.69,11.59,18.14,11.06,25.28,12.27,18.37,14.34,19.29,16.51,31.15,31.45,16.01,9.58,17.36,28.72,16.19,17.16,10.32,31.13,14.26,34.0,16.5,19.52,17.54,16.05,39.72,27.48,9.84,10.99,8.54,43.1,19.26,21.38,25.28,21.34,32.23,12.07,42.36,11.26,16.21,14.49,29.61,28.04,28.88,15.14,22.48,12.03,33.87,19.72,7.19,35.88,12.14,28.67
2021-07-27,21.83,10.69,16.05,12.48,13.33,33.09,31.38,12.12,11.92,22.89,19.54,28.87,37.55,27.86,27.9,28.64,10.97,6.99,16.06,27.48,20.66,10.59,12.78,33.46,37.75,11.08,16.97,12.48,15.15,26.04,22.65,17.76,27.58,13.07,23.92,21.9,18.94,37.65,,11.22,32.0,19.42,19.44,27.46,16.67,26.89,20.36,28.77,12.65,17.81,10.81,24.64,11.97,17.9,13.99,20.02,17.98,31.98,30.78,15.8,9.47,17.74,28.6,16.01,16.78,10.42,30.39,14.62,34.16,16.47,19.13,17.24,15.82,38.76,26.87,9.62,10.78,8.34,42.18,18.98,21.97,26.3,20.9,31.48,12.35,41.38,10.99,15.8,14.13,29.57,27.96,28.71,14.79,22.16,28.03,33.01,19.22,7.47,35.01,11.84,28.03
2021-07-28,22.39,10.68,13.77,13.38,12.54,31.25,39.51,12.15,10.9,22.65,18.0,27.71,39.22,27.99,25.3,28.56,12.26,7.31,16.27,27.51,20.86,11.22,13.18,32.25,36.8,11.44,16.53,13.04,15.22,24.05,22.64,16.97,27.34,13.5,23.57,21.69,18.91,36.92,,12.35,31.11,19.48,21.63,27.47,16.86,26.58,20.19,26.62,12.69,17.92,10.89,24.64,12.58,17.43,13.69,20.02,18.08,31.41,29.19,17.26,14.12,17.24,25.56,16.31,16.48,10.44,30.23,14.22,34.28,15.58,18.64,16.24,15.41,35.03,27.18,10.59,14.48,10.26,44.27,19.21,21.68,25.74,23.73,31.71,12.88,41.36,11.15,14.0,14.13,28.02,27.42,28.94,15.39,22.04,28.43,32.98,19.48,7.99,34.89,11.89,27.28
2021-07-29,22.21,10.17,13.23,13.31,12.54,31.15,41.78,12.42,11.34,22.96,18.32,27.84,38.79,28.32,24.79,28.74,12.72,7.31,16.38,26.44,20.89,10.97,13.0,32.2,36.81,11.6,16.42,13.05,15.02,24.6,23.38,17.32,26.81,11.02,24.04,21.0,18.63,36.78,,12.45,33.28,19.18,21.64,27.4,16.47,26.57,20.18,26.93,12.54,17.93,10.89,24.83,12.13,17.62,13.99,19.08,18.13,32.28,29.47,17.31,13.76,17.18,29.36,16.28,17.51,12.23,28.47,14.01,35.33,14.46,18.85,14.79,15.1,35.16,26.92,10.51,14.88,9.87,43.86,19.55,28.77,25.56,23.74,32.08,11.03,41.35,11.62,14.22,14.18,32.51,27.9,30.43,15.14,22.07,27.94,32.98,19.39,7.8,34.73,11.6,27.81
2021-07-30,22.21,13.38,12.45,13.06,11.92,31.8,40.02,12.33,10.59,36.2,18.32,28.05,38.97,28.1,25.38,28.75,12.64,7.66,16.37,25.98,22.44,20.77,13.32,32.7,35.3,11.13,16.55,13.09,15.31,24.43,23.18,16.7,27.02,11.39,23.64,21.0,19.13,36.49,,14.09,33.25,19.48,21.98,26.73,16.48,26.21,20.03,26.78,12.48,18.02,10.89,24.75,12.16,19.43,14.45,18.47,18.2,33.99,29.45,17.54,13.77,17.08,29.09,15.62,16.92,11.93,28.39,14.22,34.07,13.8,18.81,14.06,13.49,35.25,27.03,10.36,14.92,11.57,44.08,19.17,29.01,25.58,23.94,32.13,11.8,41.39,11.9,14.1,14.25,32.9,27.93,31.29,15.07,22.1,27.87,33.36,19.21,7.87,34.88,7.21,28.41
2021-08-02,22.0,13.06,12.23,11.67,11.67,30.93,41.11,11.4,10.53,36.07,17.77,28.44,39.8,28.57,25.26,28.9,12.82,7.5,16.48,26.49,22.95,21.22,12.67,33.4,33.76,11.03,16.18,13.02,14.74,24.41,24.4,16.88,27.56,11.75,24.63,21.68,19.62,38.61,,14.33,34.17,19.13,21.55,27.25,16.74,27.05,11.51,26.88,12.61,18.16,9.19,25.09,12.45,21.99,14.79,18.95,18.57,33.5,31.45,18.47,14.15,16.77,29.43,15.93,17.34,12.08,29.11,12.62,28.35,14.08,18.87,12.4,13.2,35.87,25.62,10.83,17.07,11.99,41.15,19.42,29.01,25.96,24.31,32.48,11.04,41.56,11.3,15.05,14.53,35.54,28.41,29.75,14.81,21.74,27.92,33.99,21.69,7.85,35.68,5.56,29.06
2021-08-03,21.76,12.91,12.27,11.55,11.39,30.14,41.28,13.01,10.26,35.44,17.34,27.73,39.35,28.65,25.03,28.34,13.96,7.54,16.7,26.59,23.3,20.68,12.44,32.66,34.34,11.35,15.8,13.42,15.77,24.13,25.55,17.12,27.31,11.45,24.44,22.32,19.23,38.79,,15.93,33.78,18.65,21.02,26.62,16.98,26.37,12.85,26.42,12.31,17.76,9.77,24.86,12.15,21.59,18.78,18.55,18.99,32.69,31.48,18.7,13.81,16.35,28.69,16.76,16.9,11.88,28.37,12.52,31.28,13.82,18.53,12.76,12.9,35.01,25.96,10.56,20.16,12.41,40.3,18.98,28.42,25.88,24.09,31.66,10.77,41.53,11.1,14.74,14.18,34.65,27.8,29.11,15.27,21.68,27.79,33.58,21.52,7.66,35.58,6.52,28.81
2021-08-04,21.31,13.15,12.17,11.57,11.24,29.43,43.13,25.66,10.02,34.59,16.93,27.14,38.53,27.99,25.66,27.68,14.38,7.81,16.74,26.0,23.49,20.71,12.24,31.89,34.66,11.17,16.12,13.75,18.59,24.61,25.52,16.83,26.66,11.2,24.15,22.56,19.04,37.85,,15.83,45.46,18.26,20.67,26.1,16.71,26.28,13.03,25.79,12.31,17.79,9.86,24.49,13.16,21.21,19.62,19.31,19.83,31.96,30.73,18.54,16.31,18.12,28.98,17.43,17.39,12.16,27.76,12.28,30.87,13.51,18.77,12.46,13.25,35.15,25.34,12.2,20.59,12.96,39.4,18.81,27.74,26.68,23.71,31.0,10.58,40.59,11.48,14.4,14.78,33.81,27.69,28.81,14.92,21.43,27.5,33.09,21.0,7.78,35.16,6.92,28.9
2021-08-05,20.85,13.06,12.11,11.98,11.47,29.21,48.43,26.68,10.03,30.35,16.63,27.24,38.93,27.73,32.67,27.83,14.27,7.87,16.66,24.23,23.25,20.92,12.03,31.74,33.31,12.09,18.26,13.04,18.94,24.12,25.45,16.29,27.1,11.52,23.26,22.23,18.69,36.14,,15.16,46.51,18.22,20.69,26.31,16.34,25.79,12.57,25.71,12.26,19.64,9.53,24.28,13.03,20.75,19.62,19.23,19.86,31.55,30.95,18.61,16.29,18.16,29.12,16.65,16.36,12.11,26.93,12.64,30.8,13.31,18.79,12.73,12.89,35.52,25.32,12.2,19.93,12.96,39.41,17.91,27.72,26.74,23.71,30.98,11.09,42.47,11.39,14.36,14.7,31.98,27.64,31.56,17.35,21.6,27.49,32.21,21.59,7.79,33.32,9.06,27.82
2021-08-06,20.14,12.85,11.83,11.33,10.68,28.66,46.18,27.14,9.71,30.2,16.45,27.31,38.5,29.36,31.71,27.78,14.21,7.84,17.71,24.91,23.25,20.63,11.83,32.52,32.93,12.34,18.07,13.12,19.62,24.05,25.46,16.25,27.02,12.26,22.9,22.28,18.45,36.45,,15.4,46.5,18.23,20.83,28.4,16.3,25.67,12.68,25.72,12.47,19.76,9.33,26.07,12.86,20.36,19.78,18.62,19.73,31.09,30.99,18.43,15.75,18.12,28.99,15.82,16.35,11.83,27.32,12.46,28.05,13.32,18.67,13.11,13.37,35.38,22.63,12.16,19.97,13.26,32.02,17.96,27.55,26.86,23.4,33.36,11.15,42.1,11.37,14.39,14.31,31.89,27.5,31.14,17.61,20.46,27.29,33.0,21.64,7.74,35.1,9.07,27.87
2021-08-09,19.85,13.14,12.12,11.47,10.99,28.09,48.23,27.69,10.3,30.56,15.41,25.4,38.44,26.83,32.34,24.94,14.71,7.8,14.92,23.13,21.66,21.11,12.33,27.57,33.56,12.2,18.15,13.25,18.95,24.67,23.86,16.23,26.4,13.06,22.51,22.53,18.58,36.47,,15.24,44.63,18.42,20.74,25.02,15.32,25.18,13.16,25.84,12.58,20.05,9.48,23.53,12.97,18.8,19.83,18.52,19.21,31.66,31.7,18.34,16.22,19.04,28.97,15.21,14.87,12.05,24.04,12.36,28.59,13.43,18.48,13.83,13.48,35.21,21.51,12.39,20.68,13.62,37.14,17.97,26.83,27.31,23.56,30.28,11.23,41.92,10.82,14.32,14.59,33.07,28.2,29.14,18.26,12.82,27.5,30.97,21.51,7.37,32.53,9.17,27.78
2021-08-10,19.42,13.05,11.96,11.19,11.7,29.3,47.47,27.05,11.65,29.83,15.15,24.91,37.92,26.86,32.31,24.66,14.35,7.62,14.65,23.36,22.92,20.74,12.07,28.15,33.58,11.94,19.61,12.94,19.56,24.99,23.98,15.85,25.77,12.84,22.71,21.99,18.3,36.45,,15.34,43.68,18.0,20.31,25.05,15.15,25.1,12.84,25.22,12.98,23.75,9.26,23.31,12.66,18.48,19.36,18.2,19.11,33.62,31.03,17.98,15.83,19.04,28.29,15.23,15.17,11.76,23.59,12.38,33.72,13.17,18.17,13.49,15.23,34.93,21.04,12.09,24.19,13.3,36.25,17.73,26.36,26.73,23.43,29.88,11.0,40.97,11.05,14.03,14.26,32.43,27.56,28.72,17.84,12.83,26.86,30.44,21.19,7.61,32.14,11.08,27.96
2021-08-11,19.36,13.0,12.2,11.11,11.45,30.08,47.4,27.09,11.75,29.8,14.64,24.79,38.28,26.74,32.27,24.1,14.47,7.62,14.79,23.59,25.81,20.69,12.53,27.79,33.94,10.82,19.44,12.35,20.54,25.14,24.84,15.82,21.53,12.67,22.78,22.72,18.26,36.42,,15.53,43.63,18.02,20.29,24.42,15.97,25.25,12.82,24.77,12.99,23.64,9.21,23.16,12.69,19.01,21.31,18.05,21.04,33.18,31.06,18.26,16.04,19.19,28.24,15.65,15.17,11.69,22.86,12.32,33.61,14.68,18.18,13.8,15.37,34.15,20.8,12.11,29.34,13.29,36.9,17.47,26.32,26.94,23.3,29.49,11.04,41.09,11.08,14.08,14.52,29.32,27.4,28.62,17.8,14.61,27.3,30.92,21.61,7.62,32.53,11.16,28.01
2021-08-12,20.39,14.3,12.6,11.21,11.91,33.24,47.6,27.05,12.15,29.88,14.6,25.07,35.13,25.74,32.2,23.91,14.48,7.69,14.8,22.73,25.28,20.69,12.21,27.47,33.91,10.63,21.17,12.59,20.5,25.13,24.42,15.54,21.69,12.86,22.45,22.74,18.49,35.91,,16.18,43.77,18.04,20.32,23.78,15.34,25.3,12.81,24.91,13.17,23.6,9.46,22.48,12.37,18.56,21.17,18.25,21.39,35.93,30.01,18.32,16.02,19.53,28.29,15.64,14.3,12.4,22.87,12.0,39.72,14.49,17.94,13.9,16.54,34.15,20.8,9.51,29.4,13.24,51.38,17.18,26.06,26.8,23.12,29.63,10.45,39.72,10.93,14.23,14.35,28.36,27.52,28.63,17.67,14.21,27.49,30.6,20.85,7.63,31.02,11.33,28.0
2021-08-13,18.73,14.35,12.05,11.03,11.86,33.33,48.01,27.25,12.15,29.81,14.54,25.48,35.08,24.39,32.17,21.17,14.6,7.16,15.09,23.42,24.69,20.75,12.26,25.48,32.93,10.59,21.37,11.88,20.68,24.37,23.67,15.28,22.01,12.44,22.56,22.73,18.61,36.27,,16.15,43.94,17.94,20.28,24.13,15.65,24.77,12.7,24.88,13.14,23.57,9.41,22.85,10.16,18.67,21.19,18.27,21.39,35.83,29.14,18.52,16.73,19.63,27.84,14.68,13.78,12.84,22.79,12.32,39.99,14.31,17.62,13.92,16.74,33.77,20.11,9.39,29.99,13.15,48.87,16.83,25.6,26.92,23.34,29.25,10.35,39.72,11.15,13.86,14.05,27.07,27.57,28.3,17.78,14.19,27.51,30.89,20.09,7.64,29.9,11.24,27.22
2021-08-16,18.89,15.78,12.54,11.48,11.93,31.12,48.94,28.12,12.37,30.16,12.48,25.53,35.83,23.36,34.8,21.61,15.9,6.95,15.19,22.93,24.49,20.87,12.24,24.86,32.92,10.75,20.83,11.77,21.28,23.19,23.73,14.97,20.82,13.18,22.46,23.91,19.23,37.03,,16.6,44.05,18.12,20.19,22.8,15.95,24.07,12.15,24.73,12.93,24.39,8.47,21.89,10.44,18.84,20.19,18.84,21.9,34.73,29.87,18.87,16.88,19.11,27.97,14.23,14.12,14.24,22.27,12.4,39.85,13.71,16.28,13.26,17.48,25.89,18.1,10.0,30.64,13.1,50.42,17.24,24.97,26.78,23.95,28.81,10.55,40.82,11.16,14.86,17.06,32.04,27.4,29.07,18.82,14.23,28.68,28.14,20.69,7.7,30.89,11.57,26.45
2021-08-17,18.62,15.78,12.37,11.21,11.79,31.39,47.88,27.47,12.69,29.79,14.19,24.98,36.68,23.0,34.07,22.07,15.55,7.01,14.86,22.66,25.06,20.45,11.97,26.18,32.18,10.68,20.66,11.73,21.06,22.65,24.43,14.62,21.24,12.89,22.31,23.67,18.98,36.66,,17.1,45.7,18.33,20.44,22.73,21.91,23.77,12.36,24.58,13.85,24.21,8.55,21.9,10.29,18.41,19.73,18.5,29.31,34.38,29.16,18.47,16.6,18.82,28.66,14.73,13.8,14.43,22.29,12.36,38.89,13.43,15.92,13.72,17.07,27.16,17.66,9.77,30.72,12.79,50.13,16.83,26.17,26.28,23.53,28.49,10.31,40.69,10.89,14.5,16.67,33.23,27.59,28.47,18.75,14.23,28.08,27.9,20.19,7.63,30.88,11.35,25.91
2021-08-18,18.36,16.09,13.33,12.04,12.53,31.6,50.71,28.01,13.14,29.92,15.85,20.82,32.37,20.8,31.94,18.34,15.67,6.89,13.55,20.22,24.96,21.7,10.73,24.38,30.75,12.17,21.2,12.27,22.07,22.61,23.37,16.52,17.35,12.71,18.29,23.99,16.65,32.98,,17.89,45.34,16.86,19.37,20.87,21.73,18.9,14.27,24.68,13.85,22.8,9.49,18.62,10.57,16.98,21.2,18.52,43.0,34.71,21.86,16.71,17.55,17.02,28.45,15.33,13.43,14.52,21.59,11.49,38.87,12.28,16.0,13.52,17.03,26.16,19.32,10.45,32.29,13.47,52.71,17.36,26.68,24.37,21.44,25.9,10.47,34.33,9.62,16.66,12.96,35.05,27.98,28.33,16.85,12.49,28.27,22.82,17.78,7.93,29.52,12.15,24.09
2021-08-19,16.22,16.09,13.94,12.2,13.23,30.69,50.74,28.07,14.58,29.65,16.05,17.27,30.13,20.99,30.2,13.13,15.8,6.95,12.88,20.95,25.3,22.0,10.56,24.83,31.1,13.11,21.08,17.14,21.79,24.2,23.82,16.77,15.86,12.71,14.79,23.99,13.5,27.63,,17.56,44.44,16.35,19.1,20.15,20.63,13.21,13.91,24.39,13.85,22.1,9.37,18.08,10.74,16.01,21.18,16.67,43.11,33.75,20.23,15.22,17.87,15.57,28.17,14.25,13.16,14.12,20.55,12.92,38.59,12.29,21.36,15.1,16.23,28.95,18.24,11.86,32.67,13.71,54.97,12.99,26.94,20.18,20.85,25.92,10.51,25.29,10.17,17.08,13.32,35.41,27.93,28.06,18.53,12.65,28.1,21.11,17.35,7.8,27.41,12.21,25.89
2021-08-20,16.43,16.07,13.96,12.72,13.9,26.41,50.33,28.03,14.15,29.66,14.18,15.28,28.77,20.09,28.19,13.87,15.99,7.0,12.44,19.61,24.84,21.95,10.04,22.53,26.44,13.03,21.24,17.72,21.35,21.0,24.54,15.37,16.33,12.44,14.43,23.9,13.55,25.6,,17.23,43.75,16.33,19.22,18.87,21.68,12.76,13.79,23.42,13.52,22.15,9.33,16.74,9.96,15.74,21.2,17.07,43.96,28.98,19.33,15.14,17.79,15.25,28.11,14.28,13.22,14.12,17.32,14.93,37.43,11.04,17.56,15.45,17.75,30.37,17.81,11.85,32.7,13.59,54.92,12.06,26.42,19.01,20.05,25.09,11.01,24.56,10.19,15.79,13.55,35.4,25.16,25.85,18.54,12.47,28.12,20.03,17.23,7.5,26.61,12.06,23.01
2021-08-23,16.4,16.36,12.44,12.39,13.74,29.64,52.55,28.52,14.19,30.72,14.53,14.6,31.54,19.79,30.93,12.64,15.91,6.94,12.34,19.22,26.39,21.38,9.99,22.33,30.04,13.66,20.85,17.58,21.79,23.28,27.26,13.5,17.02,12.85,14.19,24.48,13.55,24.5,,17.63,44.36,13.82,16.94,19.64,21.23,12.14,14.02,17.24,13.26,20.7,9.37,16.89,9.67,15.91,21.6,17.44,44.73,32.16,17.42,13.66,17.27,15.7,22.13,14.16,12.79,13.91,17.44,14.16,38.68,14.48,18.04,14.45,19.59,35.55,13.2,11.41,33.94,13.27,56.21,11.95,26.86,19.68,14.13,22.14,11.54,23.59,10.1,14.58,13.93,37.79,16.48,28.8,19.38,12.29,28.68,18.92,16.51,7.69,26.01,12.68,27.82
2021-08-24,16.01,15.99,12.24,12.4,13.42,28.93,51.66,27.84,14.66,30.56,14.2,14.52,30.95,19.61,33.85,12.34,15.69,6.78,12.04,19.25,26.35,20.97,9.93,21.79,29.58,13.79,20.43,17.52,21.54,23.07,26.97,13.2,16.67,12.79,13.99,24.06,13.27,25.13,,17.35,44.85,13.76,16.67,19.76,20.89,12.0,13.7,17.18,12.94,20.22,10.37,16.54,9.74,15.56,22.54,17.21,43.92,31.46,17.13,13.41,17.35,18.64,21.72,13.82,12.67,13.91,17.1,14.17,37.81,14.34,17.64,14.1,19.12,34.97,13.11,11.94,35.86,13.36,54.88,11.72,26.23,19.31,13.84,22.87,12.6,24.16,9.87,14.36,13.59,36.88,16.09,28.48,19.0,12.68,28.05,18.84,16.15,7.87,25.72,13.15,27.33
2021-08-25,16.26,16.02,11.78,12.56,12.96,29.34,51.52,27.9,14.78,30.03,14.25,18.46,30.18,19.87,33.89,12.64,16.03,6.8,12.09,19.24,26.46,20.51,9.79,22.49,28.26,13.81,20.38,17.54,21.5,22.02,27.88,13.19,15.91,12.8,14.02,24.46,13.26,24.95,,17.86,44.39,13.16,16.61,19.9,20.86,12.0,13.23,15.04,12.94,19.74,10.71,17.62,9.75,15.53,22.39,13.15,43.75,31.59,17.15,13.33,17.4,19.08,21.75,13.61,12.98,14.15,16.2,14.16,39.15,14.08,18.25,13.78,19.05,34.65,13.1,12.02,36.86,13.42,56.17,11.69,26.06,19.33,14.03,22.86,12.53,23.11,9.84,14.27,14.66,36.35,15.89,31.61,18.92,12.68,28.01,19.24,15.98,7.87,26.18,13.16,25.81
2021-08-26,15.51,16.03,11.85,12.59,13.16,28.05,51.56,27.91,14.5,29.74,13.37,18.43,30.5,19.81,33.87,11.86,16.3,6.84,12.24,19.82,27.04,20.5,10.19,23.19,28.59,14.03,20.74,17.5,21.38,22.42,27.81,13.43,16.16,11.58,14.04,18.17,12.87,24.97,,17.86,44.67,11.01,15.47,19.86,20.63,11.9,13.46,13.87,12.22,19.7,10.82,17.58,10.05,15.71,22.85,11.77,42.99,30.41,17.73,12.96,17.23,18.72,21.65,13.67,12.95,14.01,16.26,14.26,38.47,14.05,18.25,15.1,18.94,34.73,13.1,11.86,36.98,13.4,55.72,11.42,25.54,17.37,14.17,23.08,11.98,23.25,10.87,14.46,15.49,35.98,14.74,31.69,19.06,12.19,13.74,19.44,15.94,7.5,26.36,13.87,25.93
2021-08-27,15.01,16.17,12.16,11.81,13.35,29.37,47.38,28.11,14.62,30.08,14.92,18.91,28.13,19.91,33.92,12.93,14.99,6.45,11.74,19.87,27.04,20.48,9.72,23.97,30.23,13.77,20.96,17.09,21.52,22.92,27.82,13.38,17.61,11.37,14.04,18.22,12.69,26.5,,17.12,45.54,12.01,13.03,20.22,20.69,11.9,13.39,14.62,14.15,19.83,10.8,17.65,9.72,15.65,22.85,11.73,42.88,32.97,17.59,11.54,14.92,18.73,22.43,13.19,13.79,13.82,16.47,14.21,38.41,14.28,18.77,15.11,19.24,35.21,13.0,11.53,36.54,12.24,55.29,11.17,25.94,17.24,11.59,24.59,11.52,23.9,10.91,14.71,15.67,36.18,15.1,31.49,18.38,11.91,12.63,20.28,15.92,7.18,26.61,13.95,26.76
2021-08-30,18.32,14.65,12.79,11.91,13.94,29.4,44.76,28.97,16.45,15.84,14.77,20.74,28.5,21.38,34.41,13.52,15.5,5.79,11.8,21.07,25.89,12.59,9.21,32.9,30.41,14.08,21.24,17.49,22.05,22.81,28.03,14.81,17.29,11.49,13.36,18.72,11.59,25.35,,15.55,44.77,11.48,12.67,21.39,21.47,11.61,13.55,14.46,14.44,21.07,11.14,18.82,10.37,13.33,23.06,12.02,43.92,31.02,16.9,11.19,15.4,19.15,18.56,13.68,11.57,12.82,17.66,14.71,38.62,14.47,18.87,15.16,20.06,35.71,13.02,12.05,37.25,10.58,55.12,10.91,16.59,17.49,11.94,27.86,11.14,24.51,10.27,15.47,16.04,34.64,14.52,30.78,18.72,12.19,12.92,21.3,16.14,7.03,28.3,14.47,26.07
2021-08-31,18.25,14.29,12.49,11.71,13.79,28.75,43.76,28.45,16.05,16.07,14.5,20.65,28.03,20.87,33.68,13.56,15.22,5.7,11.52,20.56,25.3,12.4,10.39,32.13,29.96,13.8,20.76,17.15,22.52,22.88,27.57,15.13,17.01,11.22,13.04,18.3,11.42,24.75,,15.42,43.71,11.26,12.39,20.87,20.97,11.33,13.64,14.12,14.11,20.75,10.94,18.46,10.17,13.09,23.42,11.76,42.95,30.29,17.28,11.46,15.03,18.72,18.24,13.57,11.69,12.54,17.24,14.66,37.85,14.16,18.42,16.27,19.58,35.53,12.81,11.79,36.92,10.41,54.0,10.67,16.34,17.07,13.19,27.49,10.89,23.99,10.42,15.34,15.72,33.83,14.2,30.14,18.37,12.43,12.86,20.83,15.89,7.07,34.34,14.12,25.68
2021-09-01,18.21,29.02,12.62,11.39,13.53,28.38,43.2,28.51,17.18,16.06,14.81,20.72,28.05,21.14,33.73,13.56,16.01,5.61,11.55,20.91,25.63,12.55,10.23,33.27,30.16,13.71,20.66,17.16,22.78,23.1,26.93,15.16,17.31,11.67,13.34,17.88,11.47,23.22,,16.28,43.67,11.23,12.37,20.87,20.97,11.58,13.85,14.36,14.16,20.83,10.99,18.38,10.43,9.86,23.24,11.73,42.79,30.17,15.88,10.94,15.07,18.78,17.48,13.73,11.44,12.16,17.32,14.65,37.84,14.53,19.1,16.02,19.41,35.47,13.03,12.16,36.01,10.91,54.11,10.74,16.27,17.21,12.92,27.4,11.36,24.06,10.64,15.03,15.66,32.25,14.92,33.28,18.18,12.27,12.87,22.06,13.62,7.07,38.36,14.12,25.99
2021-09-02,17.94,28.87,12.54,11.47,13.64,28.56,41.44,28.05,17.37,15.92,14.8,21.21,27.76,20.75,33.2,13.53,14.51,5.87,10.75,20.27,25.79,12.59,10.32,33.36,31.59,13.34,21.78,16.8,22.41,24.06,26.35,14.66,16.74,11.71,13.5,16.97,11.92,23.29,,14.9,43.02,12.24,13.56,20.87,20.83,11.72,12.33,14.17,14.45,20.87,10.45,18.13,10.44,9.84,19.77,11.77,42.72,30.11,16.36,10.17,15.19,18.81,18.87,12.49,12.77,12.82,17.32,14.62,34.74,14.82,18.52,15.07,19.59,35.56,10.2,12.15,34.11,9.74,54.12,12.39,16.43,16.34,12.49,27.36,11.41,22.79,12.19,15.05,15.99,32.27,14.87,33.75,18.18,11.63,12.67,21.64,15.64,7.46,38.6,13.79,27.17
2021-09-03,17.87,28.73,12.3,11.12,13.56,28.8,36.72,16.69,17.38,15.86,15.27,21.8,27.82,20.44,31.62,14.26,14.24,5.51,10.8,20.24,24.96,11.83,10.08,33.88,29.78,13.31,21.72,16.28,19.51,22.88,25.84,14.47,16.84,12.15,12.99,15.7,11.54,23.88,,14.68,30.44,12.15,13.38,20.95,20.95,11.48,12.0,14.2,14.2,20.47,10.2,17.78,9.12,9.96,17.81,9.51,41.9,30.51,16.28,9.75,12.27,16.65,17.68,11.06,10.99,12.01,17.45,14.56,34.18,15.47,18.41,14.93,20.72,35.4,10.16,10.49,33.85,8.98,54.1,11.67,16.43,14.53,12.25,27.83,11.94,22.72,11.55,15.06,15.29,32.27,13.8,34.02,18.2,11.74,11.03,21.05,15.8,7.2,38.43,13.49,26.06
2021-09-07,18.64,30.38,12.76,11.45,14.06,29.56,31.87,15.48,17.86,15.88,15.56,21.51,28.22,17.88,26.11,15.39,14.64,5.53,9.2,18.89,25.43,12.47,13.54,33.13,29.69,12.21,21.07,17.08,18.59,23.0,31.37,15.28,16.49,13.99,14.6,16.18,11.13,24.46,,15.33,27.79,12.38,13.37,17.66,21.02,14.39,12.27,14.4,14.4,18.8,11.82,15.14,11.14,10.27,19.09,11.61,42.96,32.44,16.54,10.59,15.76,16.97,18.45,19.48,11.39,13.74,16.32,14.72,34.81,16.22,19.29,14.45,23.54,35.71,11.3,12.36,34.67,8.86,53.6,11.75,16.62,13.81,12.93,24.32,11.73,18.72,11.85,14.94,15.91,32.97,14.04,31.76,16.09,11.78,11.29,19.74,14.97,8.31,35.62,13.48,26.2
2021-09-08,19.19,30.78,12.64,11.1,13.91,30.33,32.31,15.18,17.91,15.85,15.65,21.51,28.26,18.08,25.98,15.3,14.31,5.32,8.93,19.1,25.52,13.14,13.29,33.36,29.29,12.8,21.35,17.13,18.74,22.43,31.33,15.29,16.44,15.66,14.72,15.95,10.92,24.42,,15.39,27.52,12.52,13.41,18.33,21.15,14.51,12.16,14.38,14.83,18.81,11.78,15.23,12.18,10.91,18.26,11.91,42.74,32.63,18.04,10.81,16.5,16.0,18.96,20.16,11.4,14.04,16.27,14.59,34.62,16.84,19.29,14.76,23.99,36.23,11.6,13.24,34.09,9.03,54.47,14.76,16.74,13.75,14.35,23.28,12.86,17.84,12.07,14.95,15.67,32.38,13.37,31.62,16.46,12.47,10.99,19.92,15.84,8.32,35.68,13.46,26.11
2021-09-09,19.36,31.97,13.01,11.1,13.02,29.21,32.11,17.14,18.8,16.34,15.54,21.56,28.03,16.9,25.31,14.88,15.74,5.35,8.54,17.69,23.91,13.14,13.83,31.83,28.59,12.77,19.42,17.19,18.15,21.31,30.89,15.67,16.45,15.62,16.85,16.01,10.7,23.12,,16.51,27.35,12.53,13.42,16.95,20.97,13.33,12.31,14.4,14.17,13.83,14.09,14.7,12.58,10.68,26.71,12.0,42.81,31.16,17.98,10.57,16.53,16.02,18.92,19.99,11.21,15.76,15.73,14.88,29.66,17.18,20.01,16.1,22.44,35.58,11.57,13.48,29.77,9.2,54.7,15.25,16.72,14.02,13.62,22.95,12.88,18.19,11.78,15.24,16.26,32.26,13.31,31.67,16.47,14.49,15.15,19.75,15.8,8.43,35.1,11.51,25.22
2021-09-10,23.1,31.9,12.3,10.99,13.16,28.39,31.98,17.23,19.32,16.04,15.8,21.27,27.33,17.08,25.46,14.97,15.72,5.46,7.77,16.57,19.82,13.01,13.44,30.33,28.22,12.84,20.13,17.9,18.06,21.04,29.38,15.66,16.91,16.21,16.2,14.24,11.13,23.45,,16.36,28.89,14.81,15.16,16.11,20.13,12.65,12.14,14.65,14.24,21.61,14.19,14.55,12.65,10.01,26.18,12.14,42.1,30.99,18.08,10.21,16.35,17.44,18.82,19.3,11.23,15.82,14.48,15.08,29.66,16.31,19.48,16.11,21.98,35.14,11.58,13.46,26.64,9.18,53.5,15.47,16.85,13.34,13.62,23.18,13.95,19.17,11.98,14.97,15.47,33.63,13.92,31.72,17.96,12.06,16.74,18.3,15.69,8.44,33.87,11.02,25.13
2021-09-13,22.59,31.9,14.06,11.77,15.21,24.9,29.36,18.33,19.42,16.48,16.18,22.2,29.24,18.09,26.1,15.33,15.51,5.75,8.47,17.49,20.51,13.02,14.24,31.67,30.52,14.01,19.08,18.16,18.5,22.91,30.14,18.79,16.99,16.56,16.72,16.04,11.67,25.11,,15.9,30.96,15.5,15.74,16.97,20.5,13.2,12.58,16.24,16.05,22.16,13.87,15.51,13.06,10.37,26.64,12.09,42.65,28.31,18.46,10.32,16.03,17.75,19.42,19.95,11.96,15.09,14.63,14.8,18.56,16.62,21.3,18.13,22.89,36.61,12.0,13.42,25.04,9.97,40.89,15.45,16.86,13.88,13.45,22.71,14.13,21.76,12.95,17.64,15.54,33.8,15.05,32.45,20.34,11.71,17.15,20.08,15.49,8.93,36.73,11.29,27.52
2021-09-14,22.27,31.15,13.72,11.48,14.83,24.27,28.89,17.87,18.98,16.14,15.85,21.97,28.68,19.9,25.44,15.93,15.37,5.62,8.75,18.84,20.75,12.69,29.88,31.92,30.07,13.73,18.6,17.79,18.22,23.08,29.69,18.48,17.37,16.47,16.92,17.56,12.39,28.06,,15.5,30.17,15.12,15.34,17.21,20.17,13.7,12.98,16.2,16.81,21.85,13.57,16.3,12.74,10.31,26.51,11.88,41.82,27.86,18.04,10.07,15.72,17.34,18.94,19.86,13.19,14.75,16.57,14.73,18.73,16.2,22.69,17.67,22.4,35.68,15.12,13.16,24.53,9.75,40.18,15.23,17.17,13.88,13.17,24.31,13.93,21.59,12.77,17.28,15.18,32.94,14.75,32.72,19.92,12.11,17.83,19.86,15.21,8.75,36.01,11.08,27.2
2021-09-15,21.84,30.81,13.11,11.02,16.99,24.05,27.3,17.46,18.97,16.24,16.57,22.46,28.46,20.01,22.45,15.92,13.35,7.63,8.57,20.55,21.91,12.53,31.43,34.2,32.01,13.32,18.36,17.87,19.01,24.21,30.09,18.16,17.22,15.16,18.27,16.39,12.26,28.43,,16.58,30.99,15.57,15.83,17.16,19.79,13.54,13.28,16.55,16.87,21.38,13.1,16.37,12.69,10.47,24.81,11.62,41.61,27.79,17.97,9.62,15.59,17.25,18.96,19.95,14.29,13.95,17.07,15.6,18.75,16.1,22.71,17.47,21.55,35.17,16.15,12.84,24.18,9.51,40.71,16.5,18.33,16.87,18.18,25.4,13.16,20.83,13.25,16.23,12.93,28.64,15.13,32.56,19.33,12.47,17.45,22.97,14.54,8.8,36.04,10.58,29.32
2021-09-16,21.75,30.46,12.85,11.42,16.96,22.81,27.39,17.42,18.68,14.53,14.83,22.59,26.71,20.19,22.87,16.58,13.19,7.81,8.57,20.54,21.22,12.71,31.46,33.85,31.9,13.4,18.67,17.84,18.47,24.39,29.83,18.1,15.91,15.19,18.14,16.47,13.64,27.96,,15.4,25.98,15.03,15.27,17.52,12.07,13.5,13.16,15.7,15.9,21.05,12.35,15.79,13.01,10.63,24.06,11.81,34.92,26.98,18.13,10.02,15.45,17.11,17.02,19.7,14.74,13.24,16.94,15.4,18.94,16.32,22.67,17.35,21.54,33.63,16.16,12.87,20.64,9.81,43.11,17.02,16.47,17.08,18.0,25.23,13.54,19.42,13.27,16.29,14.49,25.73,13.31,34.02,18.94,12.45,17.39,22.82,14.62,8.64,35.85,10.72,29.48
2021-09-17,20.81,29.96,11.89,12.55,17.33,24.23,24.93,16.87,18.72,13.9,12.39,22.1,26.31,20.04,22.49,17.17,12.94,8.02,8.13,20.43,21.4,10.05,31.4,33.82,31.06,12.76,17.91,17.17,16.76,22.57,30.09,16.7,15.63,15.97,19.47,15.88,12.98,28.1,,14.58,25.92,16.8,16.67,17.31,12.17,12.98,11.54,15.78,17.52,21.03,11.9,15.45,13.39,11.33,23.93,11.04,16.15,26.56,18.25,9.45,14.63,16.98,18.73,19.28,14.55,12.79,16.18,16.64,19.02,18.98,22.67,17.21,21.97,33.04,14.69,12.77,19.97,9.01,39.94,16.47,19.65,16.69,18.2,25.19,14.85,19.9,12.57,25.63,14.51,23.59,12.13,34.12,18.76,12.57,17.42,22.35,14.55,7.64,35.6,10.23,28.78
2021-09-20,22.24,30.31,12.32,11.98,17.69,28.09,26.54,18.18,18.14,18.79,15.47,22.78,25.33,23.41,22.64,18.01,11.11,8.35,8.69,24.08,25.52,9.38,32.19,34.47,33.27,12.77,18.16,10.9,17.4,22.55,29.15,16.26,18.45,16.23,20.59,16.07,12.96,27.93,,14.73,27.19,18.12,17.57,20.9,11.88,13.81,11.03,18.25,17.63,21.9,11.06,19.07,13.54,13.67,24.29,10.62,14.28,28.63,18.64,10.88,14.41,17.37,20.91,19.69,15.36,12.39,18.96,14.0,21.91,17.7,21.58,15.98,21.7,30.22,15.0,11.46,20.84,8.92,47.41,17.12,19.38,15.4,18.82,26.19,13.81,21.09,12.97,26.61,14.38,27.13,14.57,33.83,17.87,13.55,17.84,23.98,15.03,7.71,36.43,10.07,28.99
2021-09-21,21.75,29.86,12.05,11.73,17.44,27.46,26.32,17.75,17.7,18.43,15.11,22.92,24.72,22.83,22.49,17.96,10.91,8.3,8.49,23.49,24.88,9.28,31.42,33.64,34.61,12.49,17.71,11.1,17.16,21.98,28.5,15.85,23.47,15.87,20.2,15.9,13.16,29.18,,14.88,26.5,17.72,17.14,20.42,11.94,13.46,11.12,17.82,17.19,21.35,11.19,18.59,13.21,13.84,23.68,10.49,14.05,28.06,18.24,10.77,14.04,17.08,20.47,19.4,15.0,12.18,18.49,13.7,21.41,17.35,21.16,15.89,21.2,29.52,15.04,11.17,20.32,8.73,46.22,16.76,18.95,15.07,18.42,25.54,13.46,20.65,12.98,26.1,14.02,26.63,14.2,50.11,17.42,13.21,17.42,24.95,14.69,7.6,35.52,9.96,28.27
2021-09-22,22.31,29.66,12.05,12.31,19.65,26.09,22.91,17.4,17.54,17.51,15.63,24.43,26.27,24.16,23.11,17.53,10.94,8.39,8.61,24.36,23.73,9.19,31.25,34.43,36.01,12.14,16.74,11.04,17.14,22.52,26.24,15.49,23.47,15.52,21.27,35.87,14.03,29.71,,14.96,27.67,16.71,16.12,21.88,11.85,13.82,12.07,16.4,17.22,21.99,11.19,19.27,13.24,13.92,23.64,12.42,14.26,27.22,18.36,11.25,14.25,16.94,24.36,19.71,15.07,12.29,19.9,14.55,21.89,15.79,23.07,16.43,19.13,25.4,16.32,11.24,17.43,8.68,45.98,16.65,18.45,17.21,18.56,27.59,13.21,22.18,13.02,26.28,16.76,24.19,14.17,49.6,17.35,13.84,19.12,25.23,14.65,7.62,36.8,9.86,26.47
2021-09-23,22.48,29.95,12.17,14.69,19.92,26.89,23.58,17.64,18.19,17.4,15.65,26.89,26.92,27.22,20.36,20.88,12.03,8.41,10.32,27.38,25.16,8.84,31.31,37.35,36.45,11.9,29.36,12.61,17.31,23.74,28.17,15.38,24.04,15.49,21.9,35.75,15.04,32.63,,14.98,27.01,16.54,16.0,21.76,11.28,14.48,13.44,16.32,19.23,22.73,11.17,22.43,13.06,14.84,24.7,12.62,13.51,27.89,21.6,11.2,13.69,14.28,24.46,20.19,15.36,13.55,21.87,14.46,21.88,15.94,23.04,17.39,19.13,26.59,16.62,10.42,15.19,8.3,48.31,16.95,18.69,18.12,18.9,32.42,12.49,21.03,13.26,26.12,19.69,24.19,14.73,48.85,17.32,15.93,19.4,26.15,17.38,7.72,36.78,9.49,28.75
2021-09-24,22.31,29.69,12.27,15.16,20.27,26.72,23.47,17.32,19.49,17.36,15.65,25.35,26.92,26.9,20.12,20.29,11.71,8.42,10.11,26.79,24.72,8.83,31.33,36.36,36.74,16.34,30.55,12.62,17.29,23.7,26.71,15.33,24.04,15.43,21.58,35.23,15.08,32.42,,14.59,27.04,16.61,16.07,21.25,11.17,14.43,13.63,16.36,19.23,22.72,11.09,21.65,13.04,14.83,24.47,13.93,12.72,27.87,21.89,11.34,13.69,13.21,25.46,20.19,15.37,13.81,21.69,14.45,19.58,15.89,22.56,27.52,19.06,26.6,16.73,10.3,14.35,8.36,46.73,16.87,18.72,18.15,18.82,32.91,12.43,21.37,13.27,25.92,19.17,25.6,14.93,48.31,17.13,16.64,19.61,25.87,18.04,7.72,36.1,9.6,28.86
2021-09-27,22.92,30.68,16.35,16.21,22.6,25.47,20.99,17.53,21.46,17.65,14.47,25.24,25.49,28.87,20.73,19.0,11.95,8.56,10.34,27.72,25.61,9.32,31.93,36.84,36.48,17.74,31.36,13.17,17.81,24.55,27.38,18.42,23.75,15.92,22.02,36.06,15.43,32.02,,15.49,25.77,15.92,15.23,22.49,11.28,14.73,13.94,15.53,19.19,25.41,11.45,23.55,13.07,14.65,25.79,14.55,13.76,24.8,21.37,11.18,14.36,13.52,24.37,20.65,14.85,14.06,22.86,15.67,18.85,18.12,22.71,27.66,21.64,26.27,17.5,11.02,14.05,9.82,49.25,17.22,17.49,17.91,18.78,32.81,12.96,20.3,12.89,28.32,19.09,25.81,14.85,48.45,17.36,17.0,20.06,26.64,18.14,7.58,36.55,9.31,30.02
2021-09-28,23.72,29.91,16.63,19.12,25.62,35.62,29.63,17.09,21.82,19.68,17.32,25.87,26.49,28.16,21.52,19.06,11.79,8.86,10.59,27.33,25.05,9.1,32.31,36.17,35.66,20.21,32.2,13.31,17.37,23.94,26.83,22.34,24.23,15.54,21.6,35.32,15.07,31.24,,15.25,25.39,20.18,19.58,23.44,14.11,14.82,13.84,15.78,23.21,25.72,11.16,23.07,14.0,17.62,25.64,14.21,16.18,30.1,21.55,12.94,14.51,14.87,26.61,20.24,14.87,13.71,24.5,19.7,20.91,18.54,22.99,27.3,29.63,29.65,17.23,11.35,14.03,9.91,56.14,19.43,18.86,17.62,19.21,32.5,12.76,19.84,12.76,30.17,18.79,26.38,17.83,48.73,17.71,16.94,19.55,26.38,18.65,7.63,37.39,9.83,29.37
2021-09-29,20.94,30.29,16.24,19.01,24.89,37.53,29.7,17.61,20.2,18.05,17.21,24.19,27.85,27.18,22.73,19.04,12.43,9.17,10.63,26.62,25.29,10.88,33.34,28.93,35.11,20.03,32.22,13.22,17.57,23.89,26.71,20.6,24.44,16.53,21.4,35.33,15.25,31.13,,15.61,24.76,20.14,19.61,23.29,13.94,14.68,14.51,16.12,23.28,24.29,11.47,22.24,13.68,17.51,29.74,14.28,16.34,31.87,21.5,12.79,15.18,15.05,24.94,20.18,15.22,16.24,25.5,18.96,21.69,19.21,24.15,27.41,29.31,29.59,17.44,11.48,14.79,10.46,57.22,19.53,18.31,17.39,19.21,30.59,13.68,19.82,12.86,29.66,19.84,25.13,18.13,49.18,17.86,17.11,19.71,25.05,18.69,7.79,37.45,9.16,28.94
2021-09-30,20.97,30.22,16.35,19.28,24.89,37.56,31.47,17.58,20.65,17.11,17.45,25.56,29.13,27.76,22.59,19.88,13.01,9.21,11.71,27.38,26.98,12.64,32.63,30.48,34.61,20.11,32.23,14.33,17.86,24.08,30.46,20.55,25.0,16.6,21.55,35.17,15.62,32.99,,15.93,24.8,20.18,19.55,23.65,16.9,14.91,14.08,16.14,23.63,24.34,12.29,22.82,13.76,18.49,29.71,15.02,17.82,31.93,21.11,13.48,15.79,15.27,24.99,22.2,27.71,16.22,26.39,19.0,21.59,19.26,24.77,26.99,29.42,29.83,23.89,12.09,14.54,11.71,56.79,25.49,17.94,17.97,18.79,32.86,13.96,22.19,13.56,30.06,19.82,25.36,18.18,48.78,19.48,19.02,19.73,25.68,19.35,7.92,31.78,9.13,29.44
2021-10-01,21.18,18.12,15.89,20.13,24.87,37.42,31.45,17.64,19.04,17.03,17.35,28.32,30.48,27.62,25.05,20.04,12.98,9.2,12.46,27.74,27.34,12.44,33.7,30.63,34.29,20.09,32.38,15.42,17.94,25.14,31.83,19.99,28.69,16.03,21.97,35.98,16.16,33.81,,16.59,24.84,22.29,21.27,23.83,16.92,16.3,17.58,16.42,23.88,24.84,12.08,23.79,14.15,19.54,29.7,15.17,17.87,31.89,24.2,13.67,15.64,16.33,25.24,22.58,27.98,32.31,27.38,21.39,21.59,18.51,23.79,27.71,29.79,29.8,25.94,11.55,14.52,11.0,57.07,25.99,17.71,18.6,20.89,33.66,12.98,23.57,13.43,29.81,19.62,25.33,17.65,49.89,19.55,22.27,19.55,25.07,22.86,8.2,25.97,10.32,30.66
2021-10-04,22.4,18.59,15.69,20.54,26.8,39.27,32.6,17.55,18.39,19.55,19.06,27.58,30.9,28.35,25.68,20.58,12.96,9.49,12.49,28.4,26.88,12.62,34.23,30.32,33.62,21.01,33.05,15.35,17.26,24.95,30.56,19.66,29.67,18.63,21.59,36.64,15.88,33.28,,17.29,25.55,23.32,22.37,24.64,16.95,16.23,17.97,16.99,26.96,28.24,11.65,24.23,14.43,19.78,30.38,15.43,17.73,33.91,28.58,13.7,15.99,17.42,29.99,22.73,28.22,33.57,28.55,22.93,22.09,17.96,25.03,28.49,28.78,33.32,26.66,11.81,12.93,11.32,60.24,25.15,18.44,18.48,21.79,34.76,13.78,24.16,12.39,30.57,20.04,25.98,19.21,51.18,19.24,23.81,19.99,25.66,23.27,8.09,25.03,9.7,30.65
2021-10-05,22.83,18.35,15.57,21.31,27.36,39.38,32.45,17.21,17.97,19.67,20.02,27.03,30.12,28.28,25.52,21.48,12.98,9.36,13.59,28.31,26.2,12.52,33.5,29.89,32.91,21.24,32.23,15.59,16.82,24.45,29.87,19.39,29.08,18.2,22.8,38.18,15.55,32.44,,16.86,24.9,23.95,23.0,26.97,16.87,16.21,17.75,16.85,27.05,28.86,11.61,24.1,14.16,19.86,31.85,15.21,17.28,33.49,27.88,13.63,16.51,17.29,30.75,22.78,27.53,33.62,29.09,23.71,21.53,17.6,29.87,28.69,29.84,35.74,27.4,11.86,12.64,11.21,58.79,24.61,18.55,18.3,21.26,35.99,13.47,23.63,12.16,29.85,19.57,25.37,19.74,49.98,20.08,24.62,19.92,25.17,22.69,7.89,25.07,10.23,29.99
2021-10-06,22.56,17.91,15.59,20.81,27.12,38.56,32.49,16.91,18.67,19.97,19.71,26.7,29.4,27.62,24.94,21.01,12.79,9.27,13.57,27.64,25.57,12.8,32.75,29.31,32.31,20.93,31.71,15.6,16.47,24.25,29.24,19.14,28.47,18.91,22.36,37.35,15.37,31.71,,16.5,24.68,23.7,22.94,26.49,16.49,16.05,17.47,16.44,26.45,28.85,11.54,23.52,14.68,19.42,31.2,15.06,16.87,32.7,27.71,13.48,18.2,16.97,30.13,22.37,27.08,33.18,28.39,23.84,21.11,19.11,29.17,28.0,29.14,35.37,26.75,14.77,12.36,12.04,57.87,24.12,18.43,17.89,21.01,35.16,13.96,23.32,11.88,29.2,19.11,24.76,19.27,49.47,19.68,24.41,19.74,24.58,22.4,7.71,24.54,10.72,30.37
2021-10-07,22.01,16.71,16.59,20.87,28.13,38.76,33.93,15.51,18.62,20.24,20.04,26.73,28.6,27.67,24.67,21.1,12.77,9.28,13.45,27.6,26.74,12.42,32.22,29.27,32.28,21.07,31.61,17.45,16.95,24.12,26.54,19.48,28.06,17.43,23.12,37.35,16.58,31.54,,16.72,28.16,24.16,23.35,26.67,17.91,14.36,17.06,16.46,26.62,29.03,11.59,23.48,13.51,19.66,32.35,13.66,18.03,31.72,27.88,12.75,15.66,17.21,29.28,16.54,27.11,32.75,28.38,23.94,21.43,19.02,28.35,29.2,28.51,36.15,26.4,14.01,14.4,12.35,57.95,24.19,18.47,17.61,20.85,35.22,13.96,23.42,12.35,29.53,19.12,23.71,19.27,49.55,22.01,24.25,19.88,24.32,23.12,6.79,24.63,11.34,30.16
2021-10-08,21.91,16.24,16.52,20.87,27.97,38.37,32.91,15.52,17.54,20.08,20.0,26.53,28.07,27.07,24.29,21.18,15.5,9.33,13.5,27.28,26.7,11.66,35.8,28.57,33.26,20.49,31.52,17.5,16.95,24.56,26.54,19.47,28.0,15.71,23.15,37.49,16.23,31.56,,16.25,29.96,24.3,23.41,26.51,18.08,14.12,17.28,16.64,26.34,30.27,11.59,23.34,12.67,19.49,32.41,13.61,18.19,31.47,27.24,12.52,15.03,17.34,29.38,15.76,27.22,33.21,28.79,23.94,20.64,17.93,28.34,29.13,30.22,36.06,27.54,13.18,14.42,12.08,56.45,23.28,18.51,17.51,19.64,35.19,12.19,23.84,12.8,29.48,19.55,24.1,19.2,48.64,21.85,25.1,20.4,23.83,22.76,7.88,24.08,11.43,30.45
2021-10-11,19.58,13.13,16.71,21.38,28.61,38.85,33.6,13.98,16.96,20.63,20.21,27.47,27.67,27.44,24.76,21.69,15.03,9.58,14.35,27.71,27.51,11.85,39.49,29.97,35.01,21.02,31.63,17.58,15.71,25.38,28.64,19.66,29.04,15.61,23.18,38.55,16.18,32.01,,15.46,30.07,24.05,23.22,27.88,18.7,14.75,17.47,16.93,27.08,27.45,9.41,24.9,12.61,19.8,26.22,13.55,18.91,31.32,28.73,12.99,15.22,17.09,29.94,15.78,27.86,33.04,30.82,24.26,20.85,20.44,28.73,29.27,30.95,36.44,28.31,13.31,14.59,12.43,57.03,23.26,18.51,17.85,19.66,35.82,12.08,22.76,15.91,30.25,22.11,22.74,19.67,51.29,21.16,23.89,16.66,24.46,24.21,10.14,25.33,11.59,31.54
2021-10-12,19.26,14.15,16.56,20.96,28.72,37.92,32.81,15.53,17.47,20.17,20.3,26.84,27.57,26.97,24.21,21.17,14.69,9.53,14.32,27.58,27.18,11.57,38.63,29.31,34.91,20.57,31.34,17.47,15.47,24.82,27.96,19.19,28.34,15.26,23.34,37.93,15.81,31.6,,15.39,29.45,23.98,23.4,27.27,18.26,14.43,17.86,18.37,26.52,26.81,10.36,24.57,12.31,19.42,25.6,13.23,18.49,30.65,28.1,13.11,14.93,16.7,29.22,15.41,27.51,32.38,30.2,23.72,23.37,20.8,28.1,29.72,31.25,35.58,27.63,13.07,14.24,12.13,55.81,22.88,18.36,17.53,19.23,35.0,11.97,22.74,17.24,29.58,21.59,22.68,21.16,50.05,20.71,23.5,16.32,24.05,23.68,11.15,25.34,11.31,31.02
2021-10-13,19.14,13.96,15.92,21.28,29.24,37.48,35.26,14.95,17.34,20.74,20.28,29.73,27.12,26.9,24.19,25.37,14.76,9.43,14.05,27.27,26.99,11.62,38.43,31.12,34.48,20.27,31.24,17.61,15.37,24.28,27.96,17.62,28.23,15.61,23.26,37.55,15.29,30.5,,15.45,30.17,23.85,23.28,26.67,17.94,14.45,17.68,16.6,26.69,26.82,11.01,25.99,11.89,20.14,26.15,13.54,18.63,29.67,28.24,13.15,14.7,16.57,29.4,15.79,28.05,32.54,30.22,24.02,22.69,21.87,27.43,29.51,31.47,35.79,27.36,13.23,12.88,11.51,56.15,23.99,19.66,17.51,19.22,35.43,12.3,21.99,16.47,28.49,21.72,22.63,20.3,50.27,18.55,23.64,16.77,23.66,23.8,10.71,23.56,11.39,30.34
2021-10-14,20.44,14.38,16.3,23.2,31.09,39.07,36.11,16.18,18.1,20.88,22.1,29.65,27.6,28.22,24.47,26.9,15.33,9.8,14.36,25.91,28.51,11.91,30.66,30.16,33.59,20.77,31.57,18.99,16.25,22.97,27.75,18.35,28.2,15.55,25.57,37.76,14.5,27.21,,15.77,30.17,25.54,25.03,26.84,18.58,14.51,17.82,19.86,26.43,27.11,11.18,25.6,12.18,22.12,25.13,13.27,19.29,33.65,28.27,13.39,14.99,17.86,30.02,16.38,28.06,32.62,30.54,24.93,24.22,22.7,26.22,29.56,32.11,38.28,25.49,13.35,13.1,12.23,55.89,24.51,22.57,17.1,19.74,34.07,13.2,21.87,17.21,28.5,23.74,22.68,22.6,48.97,23.31,23.95,21.09,24.84,24.04,11.59,24.1,12.13,29.78
2021-10-15,20.51,13.92,16.15,23.07,29.67,38.89,36.09,15.86,18.25,23.77,21.79,30.41,27.33,29.26,24.22,27.35,16.08,8.18,14.61,25.59,29.17,11.99,29.24,29.05,32.04,20.73,31.57,19.05,15.68,22.33,27.66,18.33,28.24,16.07,25.09,37.83,14.88,27.11,,14.21,29.68,25.13,24.58,29.84,19.43,14.71,17.87,19.82,26.92,26.99,11.45,26.2,12.09,21.9,25.17,13.51,19.52,33.2,30.33,13.82,15.23,19.54,30.07,16.33,27.38,32.58,30.55,24.32,24.06,22.74,26.52,29.57,32.34,38.29,25.24,13.33,13.01,12.25,54.65,23.41,22.4,16.28,15.82,35.21,13.17,21.67,16.89,28.61,23.74,24.02,22.47,48.51,23.75,24.37,21.09,22.51,25.48,11.84,32.73,12.27,28.2
2021-10-18,20.5,15.6,16.52,22.37,31.04,38.75,37.71,17.2,18.47,24.54,22.25,31.1,27.96,30.07,24.58,26.7,17.83,10.32,15.05,26.35,29.02,12.6,30.15,29.63,32.12,22.26,32.14,19.33,16.99,22.0,27.63,19.22,30.55,15.27,24.36,38.44,13.7,27.38,,16.39,31.23,24.9,24.39,30.27,20.06,14.58,18.81,19.9,27.96,27.45,11.91,26.78,11.1,22.02,25.34,13.02,19.87,33.92,30.85,13.74,15.65,27.68,32.95,16.35,28.15,33.51,31.25,24.31,24.07,21.21,27.47,30.3,32.95,39.27,25.22,13.23,12.79,13.29,51.7,23.75,19.65,15.57,16.99,35.83,12.1,23.4,17.75,19.39,23.44,26.22,23.01,50.96,24.4,24.23,20.86,22.43,25.71,12.27,34.03,12.89,27.74
2021-10-19,20.62,15.22,18.21,22.64,31.31,38.05,36.87,18.29,19.54,23.95,22.21,30.35,27.35,29.35,24.85,26.11,18.08,10.08,14.88,25.72,28.78,12.46,30.37,28.92,31.34,22.03,31.38,19.23,16.68,21.95,29.54,19.63,29.84,15.5,23.89,37.7,13.55,26.76,,17.25,30.54,24.37,23.82,29.62,19.67,14.32,18.43,19.94,27.71,27.2,14.28,26.31,10.93,21.7,25.06,13.47,19.5,33.18,30.23,13.43,15.28,27.51,32.71,15.99,27.51,33.89,30.52,23.73,23.69,21.17,26.82,29.81,32.84,38.33,24.62,13.48,14.42,13.51,51.19,23.77,20.27,15.19,16.59,35.02,12.24,23.5,17.9,19.09,23.37,25.97,23.2,49.82,23.81,23.74,20.37,22.12,25.34,12.44,33.61,14.62,27.24
2021-10-20,19.03,14.77,21.2,22.77,30.62,35.86,35.58,18.07,20.03,21.52,20.68,29.22,26.52,25.51,27.49,24.73,18.0,10.07,14.61,21.49,24.08,13.02,30.41,28.28,27.41,21.01,31.32,18.53,17.5,19.79,28.01,21.07,28.63,15.87,23.11,37.69,12.96,26.79,,17.13,26.46,23.82,23.5,27.01,18.83,13.72,18.18,17.92,27.31,26.36,14.15,23.62,11.07,20.05,25.04,12.95,18.07,31.66,30.52,13.25,15.31,27.46,31.82,15.87,27.59,34.27,28.75,22.7,22.83,22.51,26.58,29.39,32.79,36.15,24.69,13.49,15.48,13.23,44.82,24.18,20.18,15.15,15.83,33.46,12.92,22.94,18.26,20.19,25.02,20.53,22.22,50.82,24.26,22.3,20.43,20.52,25.41,15.03,33.11,14.06,24.54
2021-10-21,19.03,14.65,21.74,22.7,30.72,35.88,36.09,18.07,20.46,21.52,20.83,29.48,26.66,25.82,27.58,24.04,18.02,10.46,14.55,22.52,24.34,12.99,30.57,32.83,27.86,21.53,31.32,18.37,17.42,20.87,27.87,21.41,24.84,15.71,22.92,37.74,11.96,26.34,,16.54,26.41,23.79,23.5,26.85,19.35,13.6,39.25,18.13,27.62,26.36,14.08,23.98,11.23,19.86,25.25,12.31,18.2,32.11,30.39,13.31,15.27,27.41,31.77,15.29,27.62,34.26,28.76,22.9,22.98,22.51,29.66,30.3,32.77,37.06,24.84,14.46,15.41,13.4,45.71,24.19,20.13,14.97,15.87,33.14,13.12,23.29,18.12,19.89,28.65,22.08,22.38,35.78,24.68,21.96,21.5,19.68,25.53,15.03,33.1,14.14,25.96
2021-10-22,18.41,14.37,22.14,23.25,28.83,35.73,35.98,17.93,21.54,23.57,19.91,33.09,22.97,25.24,25.19,24.22,18.03,10.29,14.7,22.0,24.32,13.32,30.62,32.48,24.52,21.66,31.35,18.69,17.5,19.45,27.72,21.7,24.58,15.69,22.06,18.96,11.56,25.91,,16.69,26.08,25.73,25.64,26.14,19.34,17.56,38.94,46.33,28.13,25.97,14.05,23.66,11.23,20.04,25.14,11.55,17.98,30.67,29.95,13.39,15.29,27.59,33.57,15.32,27.58,34.28,27.93,22.73,21.32,22.61,28.73,30.01,32.55,35.58,25.02,14.5,15.64,13.9,44.28,24.25,20.2,12.94,15.7,32.51,14.63,22.22,18.35,19.26,27.23,22.11,22.28,36.43,24.63,22.94,20.39,19.43,25.31,15.3,32.16,14.42,24.79
2021-10-25,18.75,14.65,22.45,22.04,29.04,35.61,36.88,18.21,19.79,23.79,20.69,33.55,22.4,23.5,23.67,23.12,18.17,10.53,14.37,18.53,23.35,13.68,31.33,30.48,24.22,20.11,20.18,17.58,17.54,18.88,28.85,23.43,25.21,16.51,21.84,19.27,11.72,22.06,,17.15,26.12,26.14,25.96,26.3,20.08,17.43,39.24,47.16,28.3,26.08,14.24,21.88,11.54,20.16,25.22,11.05,18.28,30.36,28.69,13.16,15.52,27.4,33.64,15.63,27.89,34.98,26.89,23.33,23.12,22.74,29.37,18.83,33.36,35.4,25.7,15.02,15.78,14.08,44.21,24.49,20.56,12.62,15.77,28.82,14.92,22.28,18.77,19.85,25.78,44.13,22.13,35.97,25.06,23.24,20.87,18.65,24.38,15.6,32.7,15.14,23.9
2021-10-26,18.35,14.54,22.23,21.53,28.49,35.84,35.99,17.9,19.48,24.02,21.38,32.89,22.27,22.97,23.58,22.62,17.99,10.34,14.02,18.1,23.3,14.18,30.61,30.81,23.63,20.01,19.72,17.72,17.21,18.47,30.41,22.94,24.6,16.13,21.4,19.02,13.11,22.51,,16.77,25.79,25.64,25.84,25.7,19.9,17.06,38.3,46.46,27.74,25.98,14.32,21.35,11.35,19.67,24.9,45.01,18.08,29.63,28.22,12.87,15.37,26.83,35.09,15.26,27.25,34.14,26.78,22.84,22.65,22.55,28.89,18.53,33.21,40.52,25.5,15.09,15.79,14.61,43.28,23.9,20.07,15.12,15.4,28.14,14.8,21.89,18.55,19.38,25.34,43.57,22.27,35.19,24.56,22.77,29.56,18.24,24.0,15.64,31.92,15.24,24.07
2021-10-27,17.97,14.96,19.13,20.99,26.16,35.74,35.8,18.16,17.49,24.02,22.74,33.38,22.03,23.31,23.58,23.45,20.51,10.42,14.56,17.3,23.47,13.94,31.56,39.49,25.66,19.13,18.04,17.6,16.91,19.03,30.3,21.34,24.5,15.91,21.62,19.5,13.18,24.99,,17.01,32.25,30.23,30.6,25.48,19.78,17.43,38.28,46.22,26.71,23.88,14.73,21.38,12.78,19.71,23.11,44.76,17.85,29.58,35.24,15.81,14.65,26.94,35.06,16.9,27.47,34.35,26.22,25.45,21.8,20.66,29.23,18.39,32.58,40.0,25.69,14.66,16.2,14.08,41.88,24.02,20.13,15.12,15.93,28.76,14.68,23.01,18.34,17.33,25.29,43.51,28.11,36.04,24.48,23.1,31.46,20.96,34.1,15.84,32.1,15.37,24.98
2021-10-28,17.34,15.3,18.06,17.19,20.89,28.15,26.86,18.19,15.73,22.65,20.45,33.28,20.77,23.53,22.81,23.13,21.0,10.29,14.04,17.1,27.17,14.54,30.45,39.39,25.42,15.45,14.95,17.0,16.96,19.12,32.51,16.76,23.58,15.74,21.79,18.16,14.38,25.41,,17.34,32.12,26.78,27.28,23.67,17.58,17.33,38.41,46.29,21.9,23.15,14.83,21.81,10.91,16.28,21.33,44.79,14.6,26.03,34.99,15.18,14.03,26.22,33.85,16.93,34.58,38.95,24.65,20.87,21.52,19.47,28.58,16.7,26.75,35.93,25.51,13.93,15.76,13.91,32.87,22.75,18.86,14.94,14.74,28.17,14.39,23.72,19.83,13.38,25.15,42.93,26.82,34.96,23.25,21.86,31.39,20.9,34.8,15.81,30.14,14.6,24.86
2021-10-29,18.77,20.82,18.15,17.05,21.19,25.02,26.55,17.56,16.74,23.94,20.32,33.16,17.02,23.47,21.39,22.98,21.96,10.31,14.56,18.0,26.68,13.8,29.35,39.43,25.84,15.33,14.46,17.1,16.61,19.23,33.24,18.29,23.36,15.44,21.88,17.98,14.27,25.36,,20.21,32.13,26.46,27.08,23.21,17.57,17.32,37.97,46.97,22.22,23.47,14.6,21.84,10.9,16.17,17.91,44.82,14.62,23.72,35.04,15.16,13.69,26.33,34.81,16.99,34.32,38.68,22.98,21.49,20.64,20.1,28.43,17.14,26.91,35.79,25.51,13.84,15.9,13.54,30.75,22.8,18.87,15.03,26.59,27.76,14.08,23.86,19.86,14.61,24.37,43.24,26.74,33.76,23.3,22.18,30.95,21.11,34.95,15.79,29.52,14.62,24.83
2021-11-01,18.88,20.71,17.31,16.89,22.73,26.38,28.51,18.28,15.68,25.17,20.63,30.14,17.98,22.81,20.85,22.13,21.83,10.4,13.33,16.65,24.58,12.33,29.39,38.34,24.11,15.21,14.49,15.45,14.54,15.97,33.23,18.5,17.98,15.26,21.62,17.53,13.54,22.04,,20.16,33.37,28.47,29.53,22.53,15.81,16.36,37.04,48.14,24.75,24.74,13.68,20.62,10.2,14.15,20.17,45.57,12.74,24.96,32.94,16.09,12.73,26.16,36.21,13.44,26.25,29.45,21.38,20.97,22.64,20.51,29.56,17.44,28.91,36.53,18.38,13.21,15.68,12.57,31.32,15.99,19.66,13.56,28.32,24.28,13.86,20.68,19.86,13.39,25.29,48.27,27.17,29.82,22.38,18.06,31.32,19.72,32.96,15.89,29.53,12.52,22.11
2021-11-02,18.5,20.6,17.57,17.04,22.23,25.9,28.0,19.33,15.31,24.58,20.62,29.48,17.66,22.31,20.98,21.73,21.31,10.28,13.08,16.91,24.06,12.1,28.94,37.43,24.93,14.98,14.2,17.39,14.2,15.99,32.68,18.39,17.55,14.89,22.31,17.12,13.23,21.55,,19.78,32.57,28.08,29.05,22.4,15.46,16.07,36.19,47.11,24.4,24.5,14.27,20.14,10.05,14.25,21.54,44.65,12.43,24.37,32.46,15.88,12.55,25.83,35.36,13.78,25.65,28.92,20.9,20.54,22.1,20.11,29.04,17.05,28.23,35.87,18.47,13.05,20.4,12.61,32.06,15.83,19.19,13.58,28.18,23.78,13.53,27.92,19.41,13.11,24.71,50.28,26.79,30.92,22.19,17.68,31.02,19.25,32.42,15.67,29.13,12.32,22.24
2021-11-03,15.92,20.53,16.33,15.29,18.5,22.8,26.05,19.76,15.45,23.23,18.11,29.39,17.57,22.38,21.13,19.86,21.49,10.1,12.64,17.06,24.87,12.47,29.08,37.88,24.22,12.63,12.35,16.86,22.24,16.44,34.75,18.02,16.96,12.84,27.9,15.65,13.2,21.46,,20.87,32.26,26.88,27.79,22.26,14.49,15.95,36.27,47.33,19.67,19.33,14.0,20.13,9.99,13.22,21.91,45.06,12.41,21.19,29.02,15.92,13.21,25.22,31.17,13.66,26.01,28.42,20.95,18.19,22.14,20.19,28.31,18.4,26.53,28.72,18.23,12.85,20.58,12.44,26.3,16.08,19.38,13.96,28.05,23.12,13.02,29.99,19.31,12.57,30.96,50.42,26.11,37.34,21.03,17.72,30.05,19.91,31.57,15.83,29.27,11.34,22.62
2021-11-04,15.68,20.69,16.33,14.94,19.71,26.82,29.37,20.51,15.62,24.57,17.56,29.08,17.49,23.44,20.79,19.62,21.47,10.16,11.83,18.29,24.8,11.96,28.96,37.28,24.31,14.13,12.96,17.21,23.77,16.23,35.53,18.96,16.77,13.74,27.92,14.27,14.28,21.62,,21.39,35.58,26.62,27.51,22.36,14.48,15.87,36.27,47.23,19.53,18.58,14.07,19.98,10.02,13.16,21.17,45.27,12.42,22.94,29.8,16.15,12.95,25.09,30.69,13.73,26.03,27.99,22.35,17.66,22.58,20.41,25.97,18.47,26.17,44.0,16.83,12.9,21.19,12.42,26.4,16.39,43.75,13.58,28.02,22.52,12.85,29.78,19.61,12.98,31.05,49.92,25.58,37.48,20.99,17.77,30.63,21.36,31.65,17.21,30.17,11.36,22.68
2021-11-05,15.64,20.63,21.72,14.83,21.44,26.28,30.26,20.34,15.32,24.54,18.11,30.08,25.45,23.71,32.01,19.52,21.5,11.14,11.63,18.31,24.85,11.84,30.16,37.55,26.03,14.66,12.99,16.32,23.87,15.85,35.7,24.82,19.91,12.69,28.02,14.89,14.93,24.19,,21.38,35.42,26.57,27.39,22.39,15.41,16.58,37.5,47.49,21.18,18.22,14.36,19.96,9.53,12.65,22.4,45.46,13.35,23.25,32.3,16.05,10.72,26.03,31.12,13.86,26.39,46.04,22.35,17.62,22.51,19.5,28.74,18.05,26.67,44.43,17.08,10.71,39.97,11.84,27.34,16.54,45.19,17.98,31.22,22.56,12.74,30.39,20.31,19.14,30.99,50.41,25.9,38.76,21.15,17.65,31.31,21.48,34.24,17.48,30.2,11.96,21.59
2021-11-08,16.03,21.27,22.76,15.24,21.46,26.06,41.1,21.2,14.04,25.14,18.38,31.35,26.09,24.27,32.79,20.04,19.02,15.24,11.48,20.58,27.77,12.04,25.97,38.42,21.36,17.02,12.17,15.53,24.39,14.78,36.5,27.52,19.97,12.55,27.96,16.31,14.27,24.39,,21.62,31.02,27.0,27.9,22.85,13.86,16.84,38.32,48.86,20.74,14.18,14.46,20.44,10.52,12.21,23.58,46.52,12.31,23.36,32.58,16.56,10.73,26.25,31.61,13.99,26.92,46.69,22.47,17.96,23.83,20.06,29.26,22.64,23.77,44.75,14.82,13.65,40.76,12.18,28.7,17.33,45.42,18.16,32.31,22.8,13.32,31.57,20.05,19.51,31.45,56.16,26.55,40.25,20.68,16.92,32.05,21.65,35.07,17.49,30.95,12.43,20.91
2021-11-09,15.64,20.87,22.32,14.95,20.99,25.77,41.02,20.69,13.7,25.63,18.14,30.6,25.6,24.08,32.0,19.64,18.57,14.92,11.63,20.14,28.46,11.78,25.42,37.51,20.88,16.67,12.11,15.3,24.41,14.49,36.05,26.98,19.78,12.36,27.3,15.92,13.93,25.21,,21.15,30.84,26.38,27.26,22.52,13.53,16.61,37.63,47.71,20.58,14.14,14.15,20.1,10.27,11.96,23.01,45.5,12.5,23.43,32.13,16.19,10.56,25.68,31.07,13.67,26.32,45.57,21.97,17.82,23.54,19.58,28.61,22.18,23.31,44.39,14.61,13.41,40.9,11.9,45.06,17.23,44.4,17.75,31.73,22.73,13.57,31.02,19.6,19.52,30.81,73.89,26.04,39.34,20.2,16.52,31.3,21.34,35.77,17.07,31.14,12.13,20.54
2021-11-10,17.29,20.71,21.71,15.59,24.22,30.49,48.56,20.39,14.87,27.09,19.5,30.44,25.78,23.51,33.87,19.82,18.59,15.68,10.97,20.08,28.7,11.84,19.73,37.39,24.12,16.8,17.87,15.26,24.34,15.42,34.36,27.14,18.78,12.09,25.68,14.4,14.11,26.33,,22.09,30.91,27.03,28.24,22.11,13.91,16.21,37.63,47.74,20.98,14.07,14.46,18.73,10.3,12.11,22.95,45.32,12.84,25.8,33.83,16.07,10.63,25.28,31.75,13.65,26.31,45.67,20.86,19.07,25.47,15.78,28.89,24.85,26.06,47.85,14.46,13.41,41.8,12.2,51.79,17.44,47.47,17.8,31.75,22.36,13.22,32.81,18.07,19.38,28.49,74.58,26.69,41.16,20.3,15.99,30.8,21.42,35.45,15.81,30.63,12.76,21.51
2021-11-11,16.88,19.63,21.91,15.59,24.41,30.53,49.45,18.7,15.33,27.15,18.37,30.37,25.54,23.3,36.21,19.48,18.47,15.63,10.57,19.91,27.95,12.11,20.09,37.28,24.32,16.45,17.26,16.0,24.21,15.42,34.29,27.14,31.22,13.09,24.52,14.47,14.51,26.73,,21.81,33.64,26.28,27.36,22.21,14.08,17.72,37.53,47.11,20.96,17.17,13.48,18.52,10.29,12.45,23.18,45.29,13.0,25.43,33.98,16.36,10.84,26.42,31.69,14.31,26.08,45.62,21.13,18.75,21.6,15.45,29.26,24.61,25.51,47.71,14.44,13.84,41.9,12.25,52.28,17.51,46.79,18.31,32.28,22.35,14.05,32.73,16.4,19.18,28.54,74.81,25.42,40.93,20.37,15.75,30.74,21.5,36.24,14.71,30.07,12.71,21.33
2021-11-12,17.21,19.57,21.86,15.75,24.73,30.71,48.74,18.59,15.33,27.31,18.4,27.28,25.54,23.53,36.41,16.19,18.47,15.57,10.56,19.91,27.74,12.04,20.03,35.67,24.34,16.11,16.65,15.94,23.92,15.4,34.2,27.1,31.49,12.84,24.38,14.5,14.93,26.69,,21.77,33.52,26.81,27.9,22.25,14.42,17.73,37.52,47.11,22.61,17.39,13.67,15.93,10.38,11.76,23.33,45.27,13.5,25.51,34.76,16.06,10.85,26.42,34.31,15.3,25.28,45.48,21.21,18.79,23.7,15.0,31.55,24.23,25.61,48.06,14.12,13.74,41.83,12.25,51.84,16.04,46.89,18.32,32.27,21.74,14.18,32.89,16.34,18.96,28.55,76.09,25.39,43.66,20.31,15.63,30.81,21.52,36.38,14.75,29.49,12.52,21.55
2021-11-15,16.39,19.68,22.3,14.69,23.99,30.57,50.22,18.75,21.36,25.9,17.46,26.42,31.06,16.68,36.92,15.68,18.3,15.96,9.57,18.66,26.39,12.01,18.64,34.86,24.76,16.39,16.14,15.0,24.21,17.01,35.0,27.85,31.45,12.12,22.97,14.84,13.91,27.09,,22.02,34.51,26.39,27.47,18.36,13.27,17.33,37.18,46.59,22.88,17.52,14.21,14.12,10.4,10.36,24.09,46.24,12.81,22.33,33.95,16.03,10.03,24.75,35.12,14.29,25.22,46.49,19.6,18.56,24.0,15.03,32.15,24.86,25.56,49.5,14.13,13.94,42.76,12.15,53.65,15.69,47.81,17.42,32.87,17.37,13.99,33.59,16.02,19.6,27.61,78.35,23.77,44.49,17.36,13.79,29.49,20.54,35.5,14.48,19.55,12.81,21.57
2021-11-16,16.08,19.35,21.88,14.39,23.84,29.84,49.86,18.61,20.89,25.3,17.04,26.22,32.57,16.27,36.12,15.48,18.16,15.58,9.48,18.71,26.14,11.96,18.25,34.31,24.17,16.13,15.78,14.8,23.91,16.61,34.16,27.99,30.8,12.98,22.43,14.49,13.99,28.65,,21.54,33.83,25.8,26.89,17.97,22.11,17.02,36.3,45.58,23.86,18.16,14.01,13.99,10.59,10.38,23.62,45.13,17.85,21.79,33.94,15.7,10.17,24.29,34.73,13.95,25.01,45.38,19.21,18.2,23.5,14.87,31.5,24.74,25.34,48.41,15.0,13.69,41.86,11.89,52.48,17.15,51.4,17.06,32.09,16.97,13.69,33.27,15.69,19.45,26.99,77.19,23.21,46.99,17.03,13.5,28.79,20.05,35.14,14.3,19.91,15.66,21.23
2021-11-17,16.49,18.0,22.9,14.39,23.16,30.56,49.62,16.77,20.91,25.09,16.99,26.33,32.56,16.83,35.91,16.31,15.87,14.33,9.52,18.91,26.48,11.05,17.97,34.28,24.25,15.55,15.76,14.91,22.96,16.76,35.36,28.17,29.48,12.87,23.47,17.04,14.02,28.97,,19.74,34.09,25.7,26.75,19.14,21.94,17.08,36.15,45.59,24.53,18.19,13.77,14.09,10.11,10.63,23.84,45.21,17.7,22.09,35.38,15.7,10.01,15.39,33.21,13.94,24.89,45.53,21.65,18.16,24.5,14.46,31.26,24.71,25.7,50.88,14.39,13.54,41.98,10.55,53.02,17.18,51.14,17.84,31.56,16.99,13.2,32.42,15.05,19.7,27.21,77.2,23.29,47.7,16.69,13.95,29.8,21.06,38.29,14.27,19.09,15.76,21.69
2021-11-18,18.23,18.09,22.42,13.65,22.31,30.75,49.56,15.96,19.88,28.36,16.79,27.15,32.48,16.83,35.66,16.66,15.76,14.33,9.13,18.98,26.2,12.18,17.73,34.39,24.22,15.45,17.02,24.34,24.27,16.11,33.8,27.96,29.54,12.23,23.36,17.69,13.57,29.15,,19.16,36.86,25.85,26.98,19.15,23.23,16.99,36.18,45.25,24.81,18.25,11.42,13.6,10.69,10.57,23.62,44.7,17.66,22.12,36.69,15.7,10.0,14.65,32.95,15.08,24.96,44.55,21.59,18.17,25.04,14.21,31.83,24.34,25.17,55.51,14.37,12.95,41.87,9.41,54.26,17.77,51.13,17.7,31.58,16.52,13.22,31.77,14.82,19.69,26.98,76.98,23.64,48.33,16.66,13.9,29.85,20.77,37.78,14.27,18.03,14.27,21.59
2021-11-19,18.84,18.36,19.98,12.87,23.42,37.47,49.51,15.61,19.61,28.23,17.49,27.19,38.64,17.43,34.32,16.97,17.17,14.35,8.43,19.16,25.72,12.21,18.1,33.3,27.81,15.47,16.92,24.14,25.59,17.52,35.59,27.12,29.61,11.53,23.48,17.97,13.72,28.77,,19.62,36.92,25.63,26.78,19.14,23.16,17.04,36.13,45.18,39.55,21.14,11.48,13.07,10.51,10.57,23.69,44.68,17.64,21.7,37.26,15.11,14.37,14.66,33.6,15.11,24.6,45.25,21.47,17.98,34.29,12.53,30.73,24.98,25.16,55.4,14.48,12.75,42.4,9.5,54.07,17.3,51.35,18.24,32.19,17.77,13.87,32.63,14.14,18.55,25.2,77.39,23.76,48.09,16.58,13.69,29.89,19.94,37.83,11.39,19.45,13.95,26.92
2021-11-22,19.03,19.03,19.9,13.7,25.39,38.63,51.64,16.9,17.97,28.81,21.08,19.88,40.03,18.27,35.35,16.93,18.13,14.25,10.33,18.7,26.34,12.25,18.17,31.06,29.92,15.48,17.95,26.13,26.15,18.1,36.46,27.24,30.14,12.99,24.42,19.55,15.05,28.2,,20.97,39.01,24.91,25.76,20.42,23.41,13.2,14.34,15.83,44.26,23.14,12.54,14.63,10.74,11.14,23.68,45.86,18.09,20.44,42.23,14.52,14.78,14.19,29.19,15.3,25.97,46.54,23.09,18.67,33.86,13.43,29.27,24.74,27.47,59.01,13.03,11.97,43.37,8.78,55.32,17.57,53.17,19.72,33.0,18.72,12.48,33.08,16.84,19.03,21.9,78.97,24.21,50.21,15.01,10.42,29.3,22.14,39.16,12.59,22.63,14.89,27.27
2021-11-23,18.58,20.38,19.51,13.67,25.28,37.74,51.32,16.83,18.99,28.12,20.57,19.45,39.08,20.09,35.22,17.51,17.88,13.91,11.03,19.22,26.14,12.01,18.25,31.39,30.71,15.2,18.68,25.89,25.56,18.89,35.59,26.59,29.91,12.85,23.84,19.34,14.88,27.8,,20.62,38.71,24.37,25.24,22.0,22.95,13.34,14.07,16.31,43.28,23.09,12.47,16.72,10.71,10.87,23.12,44.78,17.79,20.6,42.36,14.3,14.61,16.79,28.84,14.93,25.57,45.66,24.2,18.59,33.15,13.13,28.67,24.68,28.43,58.1,13.82,11.83,42.49,9.07,54.01,17.17,52.24,19.45,32.91,18.81,12.21,32.29,16.49,18.61,21.99,79.18,23.64,49.03,16.57,11.06,28.61,22.77,38.98,12.42,23.19,14.8,28.09
2021-11-24,18.52,20.19,19.6,13.54,25.27,37.7,53.08,16.66,19.8,28.01,20.33,18.04,39.17,20.1,35.15,17.28,18.21,13.87,11.05,19.42,26.16,11.88,18.25,31.26,30.89,14.72,18.76,25.93,25.98,18.82,37.93,25.3,29.15,12.63,23.84,19.7,14.88,27.45,,20.84,39.16,24.38,25.21,22.71,22.76,14.6,14.07,16.91,43.28,23.29,12.45,16.84,11.03,11.32,23.14,44.68,17.52,20.02,44.06,14.05,14.57,17.18,28.79,14.98,25.57,45.68,24.34,18.45,33.04,13.1,28.53,24.69,29.38,58.27,14.17,12.2,42.58,9.43,52.71,17.37,52.35,19.4,32.93,18.63,12.17,32.33,16.64,18.38,22.01,68.88,23.62,49.09,16.74,10.65,29.24,22.78,39.88,12.26,23.2,14.3,27.37
2021-11-26,22.65,21.49,19.7,16.26,25.94,39.96,55.09,17.3,19.97,29.5,19.86,35.34,44.01,23.74,43.62,20.05,15.13,14.44,11.82,21.67,29.56,11.81,17.38,21.66,33.95,14.76,19.96,26.63,26.99,20.02,37.67,27.21,30.14,13.03,28.12,21.2,16.67,28.65,,20.56,36.29,21.07,21.44,23.92,24.98,15.7,13.65,16.49,45.58,25.29,11.63,18.82,14.06,13.72,23.54,12.19,19.61,23.81,42.84,15.75,15.77,19.44,26.55,13.98,25.92,48.56,26.18,16.19,36.33,13.41,29.33,26.55,29.04,59.0,14.59,13.15,46.35,8.8,53.74,17.89,55.01,24.76,35.01,24.44,13.15,37.98,16.63,18.93,22.62,71.3,17.91,50.83,18.39,14.75,16.26,24.22,34.3,11.78,31.07,14.62,28.08
2021-11-29,21.53,15.38,20.89,20.42,29.04,43.88,56.62,18.27,21.13,29.01,22.74,36.17,45.06,23.51,45.15,21.74,16.85,14.61,11.43,21.3,26.96,11.06,17.51,22.53,34.72,15.53,25.62,28.28,27.6,19.95,37.95,26.88,30.83,13.79,28.36,21.98,16.65,28.95,,14.96,37.36,22.6,22.99,24.18,25.59,15.17,16.11,17.79,48.37,24.79,11.91,18.29,14.99,13.96,25.12,12.68,19.98,29.73,43.77,15.73,15.95,19.68,26.41,13.83,14.31,47.03,26.29,16.37,37.44,15.38,28.01,26.51,29.43,62.51,15.2,14.84,49.73,9.43,53.6,17.52,56.98,25.39,26.76,25.17,13.93,38.45,15.35,18.39,22.99,73.16,21.48,52.23,20.95,14.4,16.33,24.26,33.77,11.88,30.86,15.33,28.84
2021-11-30,23.07,15.85,21.24,21.61,30.01,44.2,56.65,19.43,21.17,28.96,23.45,36.86,43.92,24.21,45.4,22.85,17.26,14.27,12.86,21.65,26.56,16.54,20.09,26.73,35.1,19.26,28.56,28.14,29.4,20.43,37.1,26.88,30.4,17.46,29.63,26.37,18.64,30.32,,17.69,38.79,23.62,23.95,23.88,25.88,16.98,16.26,18.37,52.72,26.01,14.19,18.34,17.97,13.91,26.24,13.6,20.58,29.2,43.43,16.6,18.39,21.63,29.77,18.24,15.39,45.93,26.77,17.25,38.58,17.07,29.42,25.89,31.31,62.09,16.72,17.36,48.77,14.48,52.35,17.6,56.74,25.84,26.43,27.12,16.83,41.25,21.02,20.08,26.46,71.34,21.36,52.66,21.19,15.05,18.87,26.42,33.07,14.67,31.47,15.49,29.65
2021-12-01,22.95,15.94,21.46,21.48,30.24,44.76,61.08,19.09,21.4,29.13,23.23,36.83,44.63,24.42,43.69,22.78,19.68,14.26,12.95,21.88,26.45,16.63,19.86,26.37,35.24,20.73,50.76,28.16,28.87,20.56,33.19,26.85,30.22,17.38,29.31,26.6,18.74,30.13,,17.42,38.33,21.24,21.55,23.49,25.05,17.05,15.88,18.45,51.83,25.84,15.16,18.34,17.97,13.22,25.2,14.53,20.19,29.35,44.28,14.88,18.4,21.49,32.5,18.19,15.76,45.89,26.35,17.09,38.3,17.49,31.66,26.37,39.99,64.49,16.26,17.38,48.62,15.01,53.61,18.15,58.28,26.68,23.79,27.28,16.8,42.58,22.03,20.37,26.81,66.69,21.41,54.55,20.73,15.19,19.69,26.16,33.33,14.88,31.2,17.15,28.7
2021-12-02,23.24,15.34,21.71,21.21,31.06,46.6,60.96,17.27,24.02,29.13,22.7,40.83,52.32,26.87,48.06,23.57,20.07,14.22,13.95,23.29,28.27,16.56,26.46,29.76,36.39,20.95,53.22,27.43,29.23,22.49,34.5,26.96,33.73,17.91,31.99,29.11,21.31,31.7,,17.65,41.72,21.3,21.56,25.18,25.48,19.15,15.88,19.46,51.75,26.73,13.95,20.04,18.98,14.37,22.81,13.74,21.09,35.23,47.06,16.27,19.09,22.38,32.49,17.33,15.87,45.24,29.82,16.6,40.21,17.63,31.68,27.07,42.76,64.49,15.02,17.41,49.42,14.78,54.52,18.54,58.21,29.64,24.85,32.13,17.55,37.49,26.5,20.38,29.79,66.05,21.39,58.43,20.75,18.38,22.64,28.98,36.82,16.62,34.01,17.32,30.12
2021-12-03,23.79,16.14,22.14,21.55,42.68,46.53,63.39,15.96,24.04,28.71,22.72,40.83,52.61,27.3,48.61,24.43,20.48,14.41,13.94,23.46,27.84,17.01,26.45,29.31,36.38,20.8,53.17,27.44,21.46,22.45,32.19,27.06,33.6,19.8,27.42,29.58,22.18,32.51,,16.12,42.67,21.32,21.4,25.1,25.55,18.75,16.75,19.14,53.6,26.94,15.09,20.72,19.28,14.72,18.39,13.14,21.36,35.24,47.11,16.2,18.82,22.32,32.25,18.19,15.59,45.2,29.22,17.86,40.98,17.83,31.46,25.29,42.89,67.25,15.9,19.26,49.02,15.76,54.56,19.55,58.32,29.27,24.58,31.99,18.12,33.72,27.57,20.66,24.23,67.86,21.39,55.71,20.68,18.33,21.7,28.51,36.91,17.19,34.33,18.44,29.87
2021-12-06,25.08,17.93,18.5,21.52,42.18,43.51,63.89,19.69,24.97,27.61,22.46,42.47,52.07,27.43,45.93,25.0,21.31,13.8,15.36,22.17,29.01,19.23,26.15,31.84,36.66,19.43,53.87,28.41,22.32,23.33,32.17,22.02,33.9,20.06,26.88,29.89,21.78,33.56,,15.45,40.72,21.49,21.64,25.67,26.02,18.88,15.3,22.9,54.58,27.48,17.37,21.6,21.82,15.51,15.97,13.57,21.16,34.71,47.28,18.43,20.59,24.97,34.81,20.87,15.62,28.59,28.68,18.51,41.96,18.31,30.07,24.71,43.07,56.89,16.79,19.77,41.22,16.83,55.01,21.5,42.13,29.57,21.18,33.22,20.88,33.89,27.43,18.29,26.68,69.16,21.38,61.59,22.9,20.02,22.0,29.62,37.11,15.95,35.6,19.21,30.55
2021-12-07,26.62,17.48,18.08,22.78,44.23,47.92,63.78,19.7,26.2,28.72,26.57,43.99,51.16,27.26,45.11,26.43,20.94,13.45,15.72,21.86,28.88,19.08,31.39,31.85,36.82,19.59,54.3,28.51,21.79,23.21,32.06,22.38,33.25,19.55,26.89,29.25,21.23,33.6,,15.06,40.75,23.52,23.55,27.0,25.42,18.64,15.75,24.68,54.97,33.14,16.95,21.89,21.39,16.36,15.58,13.26,21.69,38.28,46.64,18.75,20.07,25.69,34.55,20.37,15.24,28.1,30.12,20.45,42.57,18.3,30.41,24.75,50.12,61.39,17.24,19.27,40.18,16.48,56.43,21.2,43.59,29.55,22.61,32.64,20.42,34.54,26.78,18.16,26.59,69.69,22.21,60.03,22.55,19.56,22.3,29.5,37.28,15.62,36.29,18.73,30.13
2021-12-08,26.87,16.99,17.09,22.89,44.23,47.91,53.95,19.59,26.2,28.55,26.63,43.62,51.35,27.23,46.42,26.09,21.23,8.95,15.72,19.97,24.91,19.07,31.52,31.8,36.78,20.16,54.03,29.28,21.8,23.22,31.59,20.5,33.93,19.56,26.96,28.25,21.21,33.87,,14.81,40.62,23.58,23.66,27.06,26.11,18.83,16.08,25.05,54.98,33.13,17.0,21.97,21.22,15.49,14.79,13.26,21.6,38.14,46.74,18.57,20.18,25.72,35.68,20.38,15.23,28.08,30.47,20.42,42.27,17.66,30.25,22.16,50.15,60.82,17.49,17.51,40.19,16.15,55.57,20.72,43.57,30.36,21.94,32.56,20.16,34.36,26.86,18.38,27.02,68.36,22.68,60.48,22.18,19.56,22.22,29.64,36.79,15.66,36.59,18.83,29.85
2021-12-09,27.06,17.71,17.0,23.11,45.48,48.5,56.52,19.67,26.78,27.4,26.88,43.63,51.54,27.35,46.43,26.09,21.21,9.73,15.51,19.96,23.97,19.05,32.01,31.84,37.44,20.49,53.98,29.33,26.34,23.18,31.17,20.19,33.94,19.57,26.98,28.22,21.29,31.97,,14.95,40.78,23.62,23.69,26.96,26.18,18.64,14.95,26.42,55.17,33.14,17.22,21.89,21.19,15.45,14.48,12.86,21.4,39.03,46.54,18.79,20.06,25.85,35.55,20.38,15.11,27.99,30.54,20.49,42.72,17.87,31.35,22.13,51.54,62.72,17.47,17.44,39.32,16.19,47.04,20.42,43.63,30.31,21.87,32.41,19.92,35.02,26.93,18.01,26.98,56.18,23.18,61.11,22.37,19.51,22.44,29.58,35.37,15.75,36.06,19.67,29.61
2021-12-10,26.18,17.75,17.21,23.99,45.93,46.56,52.29,19.74,26.45,26.09,37.12,43.42,51.58,27.15,45.77,26.17,22.22,8.32,16.11,20.79,23.46,20.05,32.36,31.93,35.51,29.52,53.37,30.97,26.75,22.29,31.21,20.27,33.97,19.92,27.14,28.33,21.72,31.53,,14.0,45.34,22.79,22.54,26.85,25.92,20.24,14.8,26.28,54.97,33.43,16.91,21.89,23.06,15.49,14.0,12.84,21.21,37.27,44.87,18.99,21.22,25.79,34.59,20.4,15.61,26.91,30.71,21.91,40.8,17.87,31.14,19.14,50.75,61.17,54.08,18.16,37.82,16.48,41.15,20.33,40.16,30.23,22.15,32.41,19.92,34.49,26.5,17.69,27.17,54.2,22.3,59.73,22.23,19.55,22.7,29.71,35.27,15.45,36.09,20.92,29.03
2021-12-13,28.67,18.21,17.61,24.28,46.42,48.25,52.03,20.06,27.14,26.6,38.73,44.91,54.08,28.27,47.25,26.59,28.66,8.53,16.56,20.2,23.96,21.59,33.35,34.03,38.22,30.16,54.01,31.33,27.13,24.32,32.47,20.66,24.24,20.37,27.75,29.38,21.81,34.07,,14.4,49.28,22.76,22.6,27.73,28.44,19.58,15.33,27.2,55.84,33.19,17.69,22.69,25.36,15.79,16.03,12.63,22.51,40.15,45.03,19.09,22.28,25.57,32.85,19.72,16.1,28.14,31.32,22.35,40.86,18.71,27.21,19.47,51.61,66.51,55.91,18.26,40.64,17.22,41.36,21.86,40.52,31.57,22.2,33.5,20.01,35.15,27.49,17.98,27.77,57.55,23.34,58.58,22.65,20.29,23.53,30.77,35.23,15.92,38.63,22.57,30.63
2021-12-14,28.49,17.76,19.27,24.89,51.06,47.09,51.11,19.89,26.69,25.93,38.14,43.78,52.73,28.11,46.09,26.38,28.08,9.1,17.11,20.33,23.39,21.34,33.87,33.65,37.27,30.67,53.79,31.04,26.48,23.71,31.74,23.83,23.72,19.91,27.19,28.64,21.26,33.24,,14.21,48.13,22.51,22.44,27.41,28.03,19.35,15.2,26.58,56.91,34.44,17.56,22.41,24.72,15.39,15.74,12.31,23.35,39.32,44.07,18.69,21.75,25.06,32.02,19.25,15.7,28.3,31.17,24.7,40.26,19.78,26.57,19.18,52.79,64.92,54.7,17.88,39.61,16.78,41.15,21.36,39.74,30.88,21.87,33.33,19.64,34.27,26.8,19.13,28.05,56.11,23.44,60.04,22.08,19.87,23.25,30.27,34.38,15.85,37.78,22.32,29.85
2021-12-15,29.25,18.8,20.16,25.27,51.94,49.3,58.3,21.14,21.41,27.43,40.09,43.57,48.21,28.04,45.96,26.37,28.77,8.66,17.01,20.33,23.39,21.41,33.96,33.65,37.21,32.82,54.52,33.38,26.83,22.54,31.87,24.33,24.01,20.04,27.73,28.67,21.73,33.32,,14.2,48.18,23.35,23.38,27.45,28.07,20.33,15.38,27.46,57.04,34.79,17.13,22.48,24.74,16.59,38.22,12.33,23.79,40.03,44.59,18.63,22.98,32.24,32.38,19.45,16.11,29.79,31.22,25.66,40.94,20.65,27.3,19.39,54.46,69.86,55.95,18.18,43.36,16.76,39.97,21.49,41.14,30.75,21.87,33.53,19.86,34.2,26.8,22.92,28.21,56.28,24.05,59.88,22.88,20.07,23.5,30.36,34.61,15.82,37.77,22.34,29.63
2021-12-16,33.75,18.65,19.91,33.69,62.9,51.56,59.39,21.06,21.89,28.75,42.01,43.65,47.81,29.53,46.54,26.53,29.76,8.74,17.84,21.21,23.98,21.57,34.56,33.36,37.59,33.93,54.7,33.32,26.6,22.73,32.25,23.75,24.12,19.16,28.17,28.7,21.23,32.31,,14.48,48.18,24.05,23.8,28.32,22.49,20.33,16.87,27.41,56.52,33.95,17.12,23.25,24.7,16.62,38.33,12.29,20.8,42.7,44.35,18.57,23.19,32.86,32.78,20.21,17.71,29.94,31.33,27.3,43.27,20.5,27.21,18.22,57.62,74.03,55.84,18.07,44.66,17.04,40.44,20.74,38.9,30.81,22.17,34.88,19.92,34.16,36.72,22.6,28.85,56.65,25.94,56.5,22.9,20.11,23.83,30.79,34.45,21.91,38.82,21.24,29.32
2021-12-17,33.82,20.27,18.69,34.07,62.91,51.47,59.39,21.1,21.73,28.88,42.49,43.9,48.03,30.43,47.36,25.93,30.03,7.94,19.58,22.2,25.03,22.67,34.11,34.32,40.42,34.14,54.61,33.22,26.89,24.51,31.27,24.16,24.03,20.02,29.82,32.66,22.45,32.27,,14.52,49.84,24.45,24.57,29.92,24.71,21.35,16.96,27.32,56.72,34.18,20.26,24.4,25.36,17.86,41.35,12.26,22.14,42.64,43.43,19.51,23.54,32.93,32.74,21.28,18.47,29.53,31.55,27.28,42.57,21.19,26.77,18.32,57.89,73.59,60.84,19.81,46.29,19.43,43.38,20.97,38.78,30.44,27.11,35.09,20.55,33.44,36.75,23.2,28.71,55.15,26.09,59.25,23.5,21.04,22.99,31.69,30.08,21.9,42.1,23.94,29.96
2021-12-20,33.53,20.18,19.68,36.38,63.11,48.5,59.98,21.73,22.3,25.44,43.32,45.25,45.61,30.98,48.32,27.0,29.44,8.1,20.74,23.09,27.61,22.11,34.35,37.42,38.28,34.91,56.16,25.49,24.31,23.59,31.06,24.52,24.74,20.35,30.57,33.88,23.55,33.18,,14.46,50.28,24.59,24.63,31.92,22.94,23.19,16.23,28.7,46.04,33.98,20.68,25.28,25.64,18.68,42.79,14.51,22.64,43.81,44.18,19.81,21.17,33.69,33.73,21.39,17.2,29.0,32.9,27.83,34.33,22.05,28.21,18.61,59.43,66.83,65.2,20.39,47.33,19.8,46.33,19.44,39.27,31.11,27.05,36.74,20.04,34.76,37.92,23.81,29.2,54.56,25.46,59.96,22.57,21.78,24.34,32.2,30.82,21.87,43.26,24.31,26.19
2021-12-21,33.16,20.17,19.19,35.89,62.13,49.76,62.91,21.18,21.81,26.21,42.23,45.93,49.57,31.5,53.22,26.88,28.82,7.92,20.56,24.14,27.46,21.75,33.78,39.16,38.78,34.12,55.8,24.9,23.7,23.58,32.42,23.91,26.73,20.07,30.55,34.14,24.22,35.03,,14.68,49.52,24.54,24.61,32.3,22.42,23.08,16.22,29.1,46.36,37.28,20.23,25.26,25.0,18.41,41.74,14.57,22.17,44.06,45.27,19.5,20.96,35.05,34.43,20.88,17.3,28.45,33.28,28.62,48.37,21.55,28.86,28.9,60.22,68.01,63.55,19.95,48.55,19.36,49.68,18.95,38.8,32.64,27.46,37.32,20.16,39.85,37.17,23.34,29.01,56.33,25.31,62.15,22.01,21.34,25.17,32.14,31.72,21.5,42.87,23.73,26.81
2021-12-22,33.4,20.13,20.03,36.01,62.41,49.39,62.67,19.94,21.23,24.66,40.43,45.94,49.42,30.66,52.82,26.83,28.27,7.84,19.8,23.69,28.1,21.75,33.8,38.81,37.12,34.02,55.84,23.99,23.63,22.89,32.41,24.72,26.82,19.18,30.43,33.52,23.71,34.68,,13.68,48.36,24.67,25.02,31.29,23.02,23.13,16.22,29.07,44.54,38.73,19.52,24.0,25.02,18.35,41.77,14.32,22.15,44.17,40.51,19.46,20.97,35.05,34.38,20.83,17.04,28.26,32.17,29.31,48.4,21.1,28.36,28.95,59.94,67.59,63.74,20.01,48.56,19.46,48.46,19.04,38.38,32.13,27.72,36.91,20.1,39.82,36.52,23.5,28.41,62.47,25.01,61.46,21.87,21.03,24.93,30.88,29.89,21.09,41.37,22.9,26.51
2021-12-23,33.4,18.61,19.66,35.81,62.71,49.77,62.75,19.98,20.89,24.63,40.44,46.16,49.66,29.01,52.49,26.09,28.3,8.05,19.39,23.19,28.5,21.75,34.44,38.2,35.87,33.85,55.78,23.96,23.61,21.74,32.49,24.72,26.12,19.17,31.05,33.8,23.71,34.67,,13.43,48.75,24.66,25.01,29.92,23.09,24.04,16.2,28.54,44.29,38.22,19.48,22.21,24.97,18.7,42.53,14.83,22.16,43.72,39.97,19.34,20.92,34.69,34.62,21.5,17.24,27.58,31.07,29.29,50.19,21.11,28.33,28.76,59.03,67.71,63.5,19.96,49.03,19.28,48.52,19.0,38.45,32.27,26.96,36.8,20.1,39.69,36.53,23.49,28.23,64.63,25.04,61.85,21.13,20.82,25.69,30.07,29.92,21.08,40.67,22.68,24.73
2021-12-27,31.99,16.66,20.55,35.9,64.65,50.82,64.41,19.07,21.95,24.35,39.86,34.03,46.73,26.41,45.63,24.25,28.28,7.83,18.97,22.7,24.75,22.03,35.16,36.25,34.02,35.48,57.85,23.57,22.86,21.55,26.08,24.55,25.6,19.12,28.14,33.13,21.78,32.4,,13.35,48.94,23.23,23.55,29.01,22.88,23.22,15.69,28.05,45.12,37.04,19.71,20.41,21.92,17.1,43.92,15.31,22.09,44.54,34.87,16.42,20.07,34.58,36.03,21.68,16.96,25.49,29.79,29.72,49.58,20.98,28.34,28.68,60.7,69.38,64.93,19.05,46.23,19.2,48.64,18.41,38.45,27.87,26.03,32.76,19.3,37.18,37.03,24.64,28.86,65.99,25.06,62.11,18.99,18.78,25.31,27.78,27.46,21.6,36.48,23.21,22.43
2021-12-28,31.49,16.44,20.52,35.11,63.07,50.31,62.84,18.62,21.47,23.87,39.38,33.18,45.79,25.75,44.57,23.65,27.6,7.66,18.52,22.16,24.12,21.48,34.27,35.35,33.17,34.58,56.43,23.06,22.29,21.04,25.42,24.34,25.42,18.98,27.53,32.31,21.23,31.73,,13.01,47.72,23.08,23.23,28.28,22.36,22.67,15.3,27.44,44.0,36.15,19.21,19.95,21.37,16.69,42.96,15.2,21.53,43.77,34.02,16.1,19.59,33.73,35.13,21.2,16.78,24.89,29.1,29.03,48.93,20.47,27.63,28.06,59.4,67.95,63.35,18.58,45.88,18.71,47.67,17.95,37.68,27.3,25.61,32.04,18.99,36.27,36.09,24.39,28.2,64.35,24.48,60.69,18.51,18.34,24.71,27.08,26.78,21.05,35.65,23.25,21.9
2021-12-29,31.05,16.39,20.07,33.84,61.01,47.13,61.5,18.51,21.13,23.12,38.58,33.2,46.0,25.73,44.53,21.9,23.89,7.71,18.4,22.14,23.4,21.44,34.13,35.04,33.06,34.23,53.65,22.6,22.32,21.17,23.26,24.45,25.42,18.81,27.47,32.22,21.23,31.66,,13.19,47.73,21.68,21.84,28.19,22.43,22.67,14.07,26.26,41.26,35.91,19.26,19.91,21.02,16.66,42.05,15.03,21.96,39.52,33.9,16.09,19.58,33.71,35.01,21.21,16.41,15.08,29.35,28.18,49.08,18.1,27.66,28.24,58.03,64.44,63.28,17.77,44.44,18.64,47.89,16.65,34.54,27.31,25.66,32.08,18.75,36.32,35.82,24.1,28.27,61.79,21.68,60.16,16.93,18.38,24.65,27.08,26.5,21.19,35.23,22.58,22.03
2021-12-30,29.83,14.59,18.5,32.35,60.8,46.55,61.47,15.94,19.75,22.64,37.96,30.25,46.02,24.22,41.87,20.0,22.15,7.73,16.54,21.21,22.91,16.3,32.38,31.05,31.56,32.67,52.36,21.45,17.62,20.18,23.27,23.89,24.15,14.01,24.46,27.39,17.96,29.21,,9.15,46.66,19.67,19.81,27.69,21.69,20.56,12.58,25.49,35.19,33.7,16.43,19.23,16.75,16.29,40.64,13.76,21.12,39.83,32.12,14.53,15.93,31.9,31.57,16.75,14.15,15.07,27.81,27.52,48.99,16.13,25.53,28.33,56.47,64.26,62.8,14.26,43.96,14.62,49.14,15.0,34.63,25.62,25.31,29.3,14.83,32.37,31.51,22.19,24.0,61.85,21.53,57.68,15.07,17.4,21.6,23.73,25.8,18.65,33.87,21.98,19.59
2021-12-31,29.84,15.13,18.65,32.4,60.67,45.58,58.04,16.49,18.55,22.14,38.0,29.63,42.25,23.64,41.09,19.91,21.5,7.96,16.35,20.38,22.44,16.33,31.73,30.47,31.1,31.88,29.16,21.76,17.77,19.96,22.92,23.75,23.03,13.77,23.87,26.77,17.95,28.22,,10.26,46.74,19.85,20.0,27.73,22.01,19.88,12.6,25.07,34.56,33.53,16.6,19.11,16.48,16.26,40.76,12.19,21.22,39.34,29.93,14.37,15.35,31.83,28.45,16.75,14.16,15.08,27.94,27.73,49.06,15.85,22.55,27.88,49.09,63.08,62.77,14.26,43.77,14.41,45.04,14.9,33.46,23.78,24.97,28.95,14.75,29.56,29.82,21.68,22.75,60.14,21.57,54.27,15.4,16.85,19.6,23.46,24.59,18.36,33.59,20.01,19.69
2022-01-03,30.64,15.3,19.41,33.71,54.04,44.85,59.18,16.88,19.55,23.66,38.94,27.89,35.75,24.1,37.82,17.48,22.18,7.68,15.92,24.67,21.23,16.95,27.55,29.38,31.13,32.47,26.31,21.95,18.08,18.85,22.75,28.14,20.6,13.25,20.8,24.76,16.09,26.66,,10.07,46.3,19.39,19.81,28.56,22.49,19.15,12.83,27.14,33.26,32.78,16.17,18.38,16.6,17.42,42.06,12.45,21.04,35.96,28.98,13.75,15.56,33.35,28.57,16.55,14.19,14.64,26.31,27.45,48.86,17.48,21.77,27.89,49.5,62.85,64.1,12.38,45.58,14.38,44.54,14.39,34.7,21.85,24.34,24.5,14.95,27.98,29.81,25.46,20.0,71.9,22.25,48.36,15.81,16.1,18.11,21.26,21.55,17.4,36.53,19.32,22.4
2022-01-04,30.55,15.2,21.11,33.17,52.9,44.0,59.45,16.45,19.89,23.83,37.96,28.84,35.91,26.58,36.92,17.13,21.62,7.8,17.19,24.18,26.95,16.53,26.9,29.21,33.43,31.76,27.43,23.86,17.72,19.18,30.03,29.07,20.38,12.95,25.08,25.17,17.07,28.0,,10.18,51.37,18.99,19.39,29.55,22.2,18.97,12.78,26.51,33.13,32.74,15.91,21.86,16.66,17.79,41.78,13.69,21.19,35.98,28.29,13.47,15.19,32.52,28.1,16.7,14.96,14.27,28.95,27.56,47.63,17.6,21.51,27.5,50.58,61.97,62.59,12.07,46.56,14.02,43.88,14.05,33.83,23.85,25.09,28.21,14.64,27.61,29.09,29.0,19.54,72.28,21.69,47.14,18.3,16.57,18.35,22.33,21.01,18.12,37.73,20.22,24.94
2022-01-05,31.86,14.23,20.51,34.11,57.73,45.41,61.77,14.77,31.04,24.26,41.92,27.85,33.87,27.56,34.38,19.91,21.6,7.83,16.87,24.52,26.58,15.1,26.55,28.69,33.39,33.21,40.07,24.64,17.35,18.68,29.72,28.36,18.33,12.25,25.06,25.26,17.36,25.64,,10.16,54.36,25.1,25.27,30.3,21.65,18.71,12.91,24.31,35.71,35.68,14.46,22.77,15.11,17.43,42.84,13.53,22.26,37.6,26.76,11.12,14.72,30.52,29.28,14.27,15.59,16.03,30.35,30.61,48.61,17.57,24.52,28.67,53.64,64.77,63.23,11.73,42.8,13.45,49.6,12.68,33.77,21.91,27.0,27.85,11.54,27.39,29.37,28.01,17.88,75.23,22.64,43.26,16.98,14.77,19.17,21.27,19.55,18.06,37.46,20.39,24.99
2022-01-06,30.28,14.59,20.51,38.0,54.56,40.2,59.89,14.48,29.45,21.77,39.92,24.9,33.71,27.99,34.36,17.45,21.72,7.81,16.76,26.86,26.34,14.76,18.48,28.59,34.74,32.77,38.01,24.08,21.62,18.28,29.29,27.33,18.62,12.28,24.74,25.2,17.36,25.17,,10.79,53.56,22.42,22.79,28.79,21.65,18.69,15.83,22.1,31.54,32.19,14.61,22.49,15.51,19.08,42.84,13.46,21.22,32.42,26.79,10.28,14.73,29.76,30.08,14.54,15.68,14.5,28.83,28.94,47.13,22.89,23.92,28.13,45.93,58.6,63.05,11.7,43.24,13.93,47.53,12.32,29.93,21.52,25.4,28.02,11.45,26.63,29.12,27.78,17.25,74.4,20.85,44.51,22.77,14.7,18.71,22.62,18.35,18.02,37.16,20.37,25.77
2022-01-07,29.18,14.82,20.51,38.51,54.28,42.04,60.65,14.42,29.58,21.74,41.42,24.76,34.19,28.04,33.28,17.38,22.54,7.57,17.33,26.97,26.34,14.86,18.15,29.9,35.58,33.03,38.0,22.84,21.91,18.75,29.31,28.02,17.9,12.54,24.88,24.78,17.27,25.5,,11.02,53.49,22.23,22.54,28.69,23.66,19.57,15.92,21.67,32.59,33.72,15.06,22.19,15.42,19.04,42.8,13.47,23.12,36.02,26.8,11.0,13.94,29.77,28.98,14.93,15.68,15.03,28.51,28.94,47.53,23.15,24.3,29.2,45.81,59.21,63.14,11.7,43.34,13.99,46.62,12.59,31.73,20.86,27.49,27.98,11.53,27.0,29.97,28.1,23.88,75.22,24.27,44.57,24.04,14.75,18.65,22.51,19.01,18.75,36.91,20.05,25.8
2022-01-10,28.0,14.35,20.53,38.67,54.68,41.94,59.8,14.31,29.77,21.96,31.29,25.18,35.87,28.94,32.8,18.85,23.4,7.3,17.78,25.74,27.43,14.83,15.9,31.0,35.14,26.51,38.95,21.5,16.65,19.15,29.71,30.35,18.59,11.99,25.42,27.85,17.37,26.91,,11.57,50.55,23.3,23.71,28.99,24.27,19.59,16.37,22.55,32.3,34.17,15.38,22.61,13.55,19.42,43.78,13.88,23.38,36.15,27.9,10.84,13.77,30.57,30.0,16.08,16.23,16.22,27.77,27.41,48.5,24.94,23.63,32.6,45.89,59.4,36.55,10.81,44.24,14.88,47.03,12.57,32.38,21.59,27.8,28.41,11.61,26.21,29.75,30.73,27.19,74.34,25.21,42.9,24.61,16.55,21.88,22.99,20.78,19.21,37.87,19.3,26.72
2022-01-11,28.05,13.99,20.04,37.76,53.68,41.46,60.06,14.02,29.4,23.35,30.51,24.68,36.53,28.21,32.31,19.61,22.82,7.15,17.35,25.43,27.06,14.79,15.87,30.3,35.42,26.06,39.34,21.08,16.37,19.89,28.96,29.77,18.27,12.69,25.01,27.22,16.97,27.34,,11.3,49.34,23.21,23.41,28.41,23.66,19.57,17.44,22.16,32.51,33.5,15.64,22.05,13.25,18.95,42.71,13.53,23.05,35.68,27.24,10.98,13.42,30.94,29.99,15.96,18.53,16.68,27.52,26.81,47.27,24.52,23.2,31.82,45.13,58.3,35.63,10.56,43.15,15.21,47.02,12.26,33.5,21.27,27.54,28.38,12.53,25.57,29.34,30.02,32.12,72.47,24.95,42.19,24.23,17.07,21.34,22.62,20.65,19.01,37.02,18.87,29.03
2022-01-12,27.14,13.92,20.25,37.85,53.64,41.98,58.74,14.23,28.93,22.83,29.98,23.14,33.43,26.95,28.89,19.49,18.67,6.97,17.38,24.97,26.63,13.25,14.65,27.99,32.22,26.31,39.84,20.65,16.47,18.07,28.29,29.78,17.27,11.67,24.98,25.8,16.68,22.53,,11.3,43.35,23.4,23.52,30.11,22.59,19.67,16.51,21.54,32.48,33.57,14.87,21.42,10.41,19.56,43.44,14.0,22.61,34.89,26.65,10.82,12.87,31.14,29.6,15.03,18.61,17.06,29.03,27.19,46.8,23.67,23.1,32.29,44.6,53.2,35.47,10.51,40.44,14.45,46.28,11.48,33.52,19.4,27.52,26.89,11.3,25.24,27.9,30.1,32.09,70.8,24.84,41.11,24.53,16.62,20.74,21.37,20.31,19.12,34.27,17.95,27.41
2022-01-13,27.82,15.71,20.96,40.04,49.9,42.49,59.87,14.29,29.17,24.21,33.01,23.32,34.04,26.94,28.2,19.83,18.85,5.95,16.79,24.97,27.15,12.71,13.11,28.14,32.49,25.96,39.89,20.23,16.6,18.32,28.08,31.91,17.9,11.74,24.53,25.71,16.67,21.84,,11.22,43.18,23.82,24.08,29.89,22.55,19.0,16.48,22.28,32.24,32.98,14.52,21.42,10.47,21.31,44.36,14.29,21.7,34.81,25.95,10.83,12.87,30.97,30.43,15.25,18.95,16.84,28.68,28.78,46.32,23.01,25.09,32.58,52.4,56.07,35.45,10.43,41.03,14.5,47.69,11.44,33.79,18.77,27.69,27.88,11.45,25.21,27.35,32.21,31.14,75.48,24.54,39.5,24.89,16.53,20.22,21.44,20.26,19.08,34.62,18.32,27.7
2022-01-14,25.9,14.93,19.86,40.26,48.78,45.32,54.08,13.24,29.58,22.37,29.48,25.7,33.96,27.88,28.38,20.15,18.15,5.85,16.74,25.41,27.16,13.01,12.08,28.2,33.8,23.16,39.51,16.22,15.85,18.46,27.46,30.63,19.65,11.22,24.14,25.9,16.3,21.76,,10.77,43.44,23.01,23.26,31.17,25.28,18.84,16.4,21.9,31.49,33.05,14.48,31.33,10.63,20.49,26.74,15.32,22.62,39.73,25.55,11.47,11.08,21.51,29.81,15.94,18.86,15.78,31.51,28.63,45.87,21.96,25.15,32.58,50.95,49.45,31.92,9.91,35.51,14.82,47.27,11.64,32.11,18.72,28.24,28.4,10.91,30.41,26.83,28.97,31.05,75.46,24.44,41.58,22.11,16.3,21.15,20.8,19.95,19.19,36.04,18.24,27.64
2022-01-18,23.31,13.13,20.13,32.69,33.89,54.99,53.54,13.24,29.17,21.96,28.82,25.88,33.18,29.16,30.72,20.98,16.17,15.11,14.52,25.76,25.34,10.57,16.48,28.25,28.27,24.55,40.23,19.3,17.09,14.83,27.96,31.0,19.7,12.51,21.01,20.63,15.29,21.62,,11.58,41.66,24.07,24.19,37.7,23.71,18.92,15.63,23.57,32.05,35.61,10.27,34.19,9.02,21.55,23.6,15.7,22.28,46.59,26.03,10.62,10.51,18.74,33.3,13.65,16.7,15.94,35.07,28.85,48.61,23.12,26.33,33.42,48.3,46.1,25.46,7.41,31.51,13.63,49.33,12.36,31.13,19.9,26.13,31.39,10.33,31.41,17.63,29.09,30.95,75.16,24.64,48.14,23.01,19.58,21.28,18.66,19.75,12.8,32.21,14.45,26.09
2022-01-19,24.33,13.85,19.64,31.91,33.92,59.59,54.18,13.18,29.13,21.89,28.61,26.35,35.16,28.27,30.77,20.43,16.29,15.96,15.16,25.14,25.65,11.25,16.14,27.21,28.43,24.67,39.76,19.9,17.62,15.12,27.51,30.89,19.56,12.34,21.18,19.37,13.59,22.65,,13.1,44.24,24.08,24.24,37.21,24.28,16.81,16.16,23.66,32.09,35.45,10.28,34.03,8.75,21.37,23.31,12.89,22.65,50.47,22.85,10.7,10.36,17.94,32.24,12.74,16.99,15.96,35.16,28.72,50.02,24.29,26.15,32.47,48.23,47.25,20.05,7.45,29.45,18.04,46.49,11.95,33.79,19.44,26.16,29.29,10.35,32.11,17.55,29.32,31.1,75.07,25.52,48.34,23.05,19.52,20.21,35.4,18.99,12.77,31.81,14.76,24.73
2022-01-20,23.35,15.01,19.7,30.67,33.41,57.96,51.29,13.93,29.21,22.07,29.16,23.9,30.49,27.97,20.62,19.26,16.18,16.01,15.84,24.61,27.49,11.62,15.98,24.79,29.67,24.9,38.7,19.89,17.72,15.06,27.45,31.05,17.16,12.18,21.22,17.22,11.8,22.39,,14.13,45.29,23.84,23.82,35.95,25.63,17.08,15.59,25.35,29.85,29.44,10.59,33.63,9.09,21.11,23.11,13.4,27.46,50.25,18.55,10.08,9.73,17.07,30.68,16.51,16.58,15.47,37.21,27.11,40.28,24.65,24.43,22.37,44.56,44.19,20.05,7.95,28.01,18.08,40.91,11.9,35.17,17.88,24.3,27.92,9.79,25.13,18.4,29.36,29.88,73.8,26.6,43.24,22.82,19.76,18.52,35.12,15.36,12.57,32.16,16.48,24.49
2022-01-21,22.64,14.37,16.74,28.28,33.4,58.52,51.59,14.14,28.44,29.25,28.64,24.1,34.29,28.86,24.47,21.31,17.27,16.05,17.61,25.9,27.52,12.01,16.46,26.66,33.58,24.4,38.88,20.97,18.02,16.27,27.41,29.82,30.21,12.41,20.69,18.95,12.72,23.8,,14.36,45.25,23.5,22.93,35.86,24.72,18.53,16.01,25.33,29.61,34.37,10.45,33.96,9.29,21.52,22.83,14.42,27.08,50.22,19.68,10.37,9.8,17.15,33.79,16.61,16.59,16.0,37.37,26.27,42.1,24.59,86.73,22.62,43.14,44.25,19.44,7.75,28.26,17.84,46.59,11.71,34.84,18.71,23.73,29.54,9.76,24.9,19.68,29.0,30.39,71.65,27.12,44.62,21.96,20.7,18.3,37.13,20.22,12.72,34.05,16.71,26.01
2022-01-24,22.46,14.11,17.04,28.96,36.63,59.24,50.82,14.06,29.43,30.16,28.76,23.73,34.09,29.02,24.31,21.39,18.21,15.78,17.76,26.09,26.8,11.96,15.01,26.78,33.54,25.45,39.97,20.34,19.15,16.28,27.4,29.65,29.67,12.47,20.07,18.03,12.67,23.67,,14.37,44.89,23.53,22.93,35.6,29.81,17.6,15.85,25.26,30.02,34.72,11.05,33.87,9.95,20.9,20.16,14.18,30.06,51.2,20.14,10.15,10.98,17.22,34.09,15.85,16.84,16.88,37.27,26.12,38.56,24.58,86.37,24.62,45.82,43.86,19.56,8.04,28.84,18.09,46.11,15.34,36.84,18.74,25.06,29.59,10.08,24.91,20.37,28.96,36.49,68.2,27.84,43.82,21.95,20.41,17.46,38.71,21.1,12.8,34.32,16.69,25.85
2022-01-25,22.03,13.95,16.61,28.25,37.05,59.44,51.09,13.81,29.11,30.51,28.06,37.98,33.23,29.07,23.84,22.23,17.78,15.44,17.64,26.38,26.13,14.35,14.91,27.46,35.54,25.59,40.19,20.11,18.75,20.45,26.89,29.27,28.92,12.18,20.85,17.67,12.54,31.81,,14.2,43.9,24.2,23.88,34.7,29.22,17.53,24.71,25.48,30.71,34.22,14.91,33.4,9.78,20.43,19.66,17.88,29.39,52.79,22.13,10.4,11.44,16.79,34.25,15.59,16.43,16.58,36.5,26.46,38.27,37.11,84.91,24.01,47.88,44.34,19.55,8.97,29.49,18.09,45.04,15.46,36.85,19.89,24.48,28.87,9.86,24.42,19.86,28.36,35.59,66.5,28.22,44.08,21.59,19.93,17.29,37.88,20.62,12.49,33.45,18.0,26.14
2022-01-26,19.74,13.85,16.07,24.67,36.34,57.16,44.96,14.18,28.42,30.51,32.47,38.13,37.36,29.22,24.74,21.5,17.8,15.45,17.62,26.45,26.14,13.49,16.78,32.63,35.07,24.22,39.1,18.53,19.27,19.87,27.04,27.5,29.44,12.17,20.67,17.18,11.97,32.28,,15.42,43.88,25.53,24.98,34.51,28.07,17.54,25.19,25.56,27.77,34.19,14.69,33.54,9.67,19.89,17.34,17.92,28.67,51.15,23.21,9.54,11.38,15.98,31.69,17.47,17.18,16.4,36.53,27.25,39.0,37.56,84.53,23.16,46.19,41.23,20.09,9.05,29.52,17.83,44.59,15.98,36.17,20.81,23.07,29.25,9.71,23.17,37.53,26.98,35.65,66.25,28.39,44.04,21.31,19.67,16.76,37.82,21.88,17.89,33.48,17.91,26.97
2022-01-27,19.77,14.5,16.49,25.51,36.37,58.15,49.43,14.36,28.34,30.49,33.05,38.94,37.55,29.46,24.76,21.39,19.85,15.44,17.74,26.77,26.47,14.52,16.96,33.5,35.62,24.06,39.58,18.44,20.13,20.31,27.06,28.47,29.26,12.22,20.44,17.16,13.65,32.25,,15.34,44.11,25.54,25.02,34.47,27.82,17.48,25.51,35.92,29.69,33.91,15.34,33.86,9.6,20.29,17.36,18.21,28.62,55.57,24.1,9.52,11.88,16.25,31.69,17.45,17.62,17.36,36.65,27.89,40.63,37.21,90.87,23.52,58.25,41.92,20.19,8.81,29.73,17.87,45.06,16.07,37.65,20.66,21.99,29.24,10.29,23.32,37.57,27.14,36.56,77.36,28.96,44.19,21.32,19.56,17.79,37.83,21.86,17.94,33.47,16.97,26.66
2022-01-28,32.13,15.07,22.92,28.6,41.29,58.59,51.48,16.21,33.5,33.52,35.82,40.0,37.54,29.57,26.0,24.08,20.46,15.43,18.51,26.8,32.54,14.47,21.29,33.6,35.72,25.57,43.46,19.84,21.28,24.77,26.71,32.61,31.02,13.24,20.44,17.73,15.09,33.55,,17.5,44.5,28.65,28.44,35.42,29.68,17.66,25.97,35.89,33.36,37.57,15.34,34.13,11.67,20.81,22.23,18.29,31.94,55.33,39.05,14.71,13.14,16.15,33.48,22.17,17.59,17.37,36.58,30.16,38.1,37.16,90.72,22.99,62.99,46.11,20.73,11.17,30.59,17.89,48.79,16.32,39.97,20.9,23.55,29.35,11.27,24.25,40.5,29.9,37.97,78.15,30.21,46.56,21.61,19.48,19.33,37.96,42.0,21.24,33.44,17.71,25.98
2022-01-31,34.39,15.63,24.76,32.38,44.12,62.7,63.27,16.66,34.98,37.99,41.31,41.13,42.74,30.33,27.33,25.77,20.93,15.33,18.9,27.41,33.32,14.54,21.87,36.0,36.38,28.28,48.3,20.51,23.92,25.08,27.07,34.07,34.09,13.63,21.55,18.18,15.49,35.72,,17.75,48.84,30.39,29.89,37.55,29.81,18.54,26.72,38.01,37.93,43.77,15.46,35.51,11.69,21.82,22.94,19.39,32.87,60.81,40.01,15.9,13.44,16.14,36.9,24.02,17.98,17.58,37.44,31.25,41.94,48.22,103.32,24.8,67.03,55.65,21.64,11.38,31.75,18.0,57.82,17.06,45.42,21.45,24.49,30.43,11.69,24.72,41.52,31.35,38.89,89.67,31.41,53.46,23.04,19.58,21.45,38.94,43.14,21.68,34.19,18.74,25.95
2022-02-01,33.52,15.24,24.15,31.67,43.05,61.2,62.75,16.38,34.1,37.45,40.74,40.46,43.89,30.04,26.66,25.31,20.42,15.63,18.42,27.44,33.18,14.28,21.32,36.12,36.28,27.89,47.08,19.99,23.36,25.44,26.39,33.48,33.61,14.33,21.12,20.07,15.12,36.99,,17.3,48.75,30.35,29.99,38.03,29.29,18.16,26.53,37.09,37.46,43.22,15.36,35.29,11.8,21.71,23.17,19.21,32.17,59.36,39.18,15.5,13.25,15.73,36.74,23.77,17.75,17.15,36.7,30.48,40.9,47.01,104.92,24.29,65.37,54.5,21.1,11.33,31.25,17.6,58.89,16.63,44.4,20.95,24.3,30.85,13.8,24.16,43.5,32.17,38.32,87.4,30.9,53.7,22.55,19.42,51.13,38.39,42.93,21.14,34.63,18.56,30.92
2022-02-02,32.37,15.68,25.67,32.51,43.06,61.16,63.52,16.19,34.16,36.19,41.54,39.64,42.5,27.26,25.4,25.31,20.32,15.81,19.16,23.58,33.19,14.64,21.12,35.42,36.1,29.97,47.83,21.21,24.53,25.21,26.1,32.63,33.29,14.49,27.61,20.07,15.03,36.48,,21.42,45.78,39.6,39.69,35.81,29.79,18.36,26.18,35.24,37.32,44.52,15.81,34.34,12.22,20.65,23.37,19.08,32.12,61.24,38.0,16.24,14.45,12.78,36.99,23.74,17.55,17.17,36.16,31.2,41.99,47.17,106.27,24.36,64.77,54.53,22.03,12.89,28.9,18.68,60.52,16.59,48.97,21.63,24.23,30.28,14.28,24.9,41.9,31.27,38.13,73.0,33.22,51.57,24.44,19.64,51.06,37.97,42.57,21.24,29.75,18.56,30.05
2022-02-03,32.57,16.29,24.55,34.55,44.94,61.75,62.77,17.79,34.08,44.57,42.68,38.41,41.34,23.75,25.39,25.54,20.88,15.46,18.14,24.21,27.93,14.57,21.16,34.91,35.16,30.01,50.32,20.51,24.56,25.33,16.9,31.79,33.62,14.53,23.66,18.58,13.55,34.7,,21.43,35.82,41.72,41.46,33.63,30.06,32.7,25.72,36.02,39.91,44.82,15.77,31.04,11.13,21.84,23.93,18.07,31.87,62.04,38.49,16.33,14.29,13.19,111.72,23.18,16.1,22.15,33.9,33.37,42.58,47.56,107.21,24.48,64.3,56.28,21.51,12.89,25.92,18.93,63.13,16.65,51.89,18.35,24.07,26.04,14.43,25.09,41.78,28.2,51.35,72.23,40.52,55.79,24.23,21.04,51.21,37.17,43.1,20.25,27.32,17.48,29.55
2022-02-04,31.27,16.29,24.53,34.61,37.03,61.2,61.28,17.57,26.41,64.6,41.31,38.16,41.34,26.89,24.26,24.51,21.3,15.42,18.1,24.58,27.71,15.8,21.24,34.59,33.95,28.93,42.86,20.15,24.19,25.46,16.93,31.81,34.27,15.11,24.08,18.72,13.19,34.79,,22.28,34.51,37.99,37.84,34.64,30.08,32.33,25.76,35.5,38.63,43.92,15.79,32.45,11.5,25.65,23.02,17.41,32.0,61.7,39.22,16.28,14.3,13.42,111.55,24.01,15.9,20.64,33.24,31.47,42.34,47.73,107.33,23.61,62.62,53.86,19.8,14.14,24.88,19.69,63.19,16.55,51.91,18.2,22.23,28.41,14.75,24.99,41.37,28.19,51.26,72.26,40.69,62.27,24.54,21.09,51.4,37.24,43.2,20.22,27.72,17.16,29.85
2022-02-07,31.54,16.82,25.38,31.21,38.18,61.37,62.06,17.83,26.81,66.26,41.33,39.14,42.84,25.53,25.42,25.4,21.42,15.91,16.65,22.27,27.71,16.13,21.68,33.95,32.54,28.54,43.96,19.78,21.29,26.41,16.87,31.4,34.61,15.08,24.57,18.86,13.34,35.38,,22.87,35.14,40.45,40.29,35.54,29.48,31.72,25.22,36.39,38.17,43.98,15.38,32.59,12.1,25.51,23.77,17.82,31.34,61.12,40.53,15.96,14.86,13.53,114.0,24.07,15.44,20.4,33.73,32.64,42.77,46.69,110.03,22.98,64.11,54.07,19.93,14.54,24.37,20.16,65.08,15.53,52.9,18.89,20.45,28.77,15.88,26.98,40.99,28.21,48.58,73.28,39.57,63.73,17.59,21.41,52.63,36.49,44.06,19.29,27.0,17.34,30.21
2022-02-08,31.4,16.44,24.87,30.51,37.34,60.4,62.01,31.58,26.13,65.08,41.12,39.4,41.83,25.7,25.95,24.89,21.02,15.54,17.14,22.02,27.43,15.73,21.33,34.26,32.84,28.13,42.88,19.49,21.05,26.7,23.21,30.63,33.78,14.7,24.46,18.45,13.52,34.53,,22.35,34.63,39.43,39.27,34.78,29.28,31.44,24.6,36.0,37.74,42.87,15.04,32.76,11.94,25.32,23.53,17.46,31.8,59.85,39.55,15.57,14.78,15.42,111.12,23.9,15.05,20.03,33.06,32.18,44.77,45.53,107.44,22.54,63.37,53.16,19.49,14.19,25.51,19.66,64.03,15.14,52.08,18.68,19.97,28.77,15.55,30.28,39.99,27.51,47.97,71.84,39.07,62.77,18.15,21.16,51.3,35.56,42.95,18.81,27.39,16.93,31.86
2022-02-09,31.5,16.31,25.52,32.48,36.58,62.13,63.31,31.97,27.2,65.04,41.67,39.34,40.69,25.64,27.99,24.43,18.32,15.56,17.13,22.24,27.81,15.53,21.45,34.4,33.08,26.14,43.56,20.18,29.28,26.73,23.61,30.37,36.18,14.73,24.77,16.15,13.27,33.85,,21.49,36.64,39.62,39.42,35.1,29.24,31.8,24.65,34.84,40.89,44.64,14.96,32.83,13.3,26.61,24.24,17.62,31.83,63.33,39.56,15.25,14.5,16.61,113.86,24.02,14.12,17.36,33.83,33.16,48.25,45.63,108.14,19.2,64.52,57.77,21.74,14.19,25.1,19.08,67.78,14.77,53.08,18.45,22.07,28.84,15.58,30.61,40.97,25.25,45.48,70.97,39.36,64.44,17.9,21.13,50.02,35.5,42.05,19.3,27.28,16.92,31.8
2022-02-10,32.12,16.44,26.33,34.56,40.64,62.45,64.38,34.34,28.52,64.6,43.14,39.48,39.46,25.62,27.55,26.98,18.62,15.47,17.35,21.7,27.78,16.08,21.64,34.4,32.36,27.02,43.08,20.82,29.15,26.54,23.76,32.14,38.1,21.94,24.85,16.81,14.85,32.76,,22.15,36.23,40.13,40.07,34.88,30.29,31.97,24.95,34.73,42.69,44.46,15.09,32.79,13.41,27.39,24.18,20.0,32.71,63.24,40.16,15.46,15.78,15.2,113.13,24.53,12.26,17.31,33.68,34.55,49.76,45.63,108.01,19.42,64.53,58.49,22.37,15.84,25.11,19.41,66.94,14.89,55.3,18.76,21.7,28.16,18.59,30.63,41.03,25.65,44.46,71.29,40.8,66.87,19.96,21.35,50.61,35.25,42.86,19.45,27.09,17.24,29.79
2022-02-11,32.8,16.64,26.54,36.3,42.82,61.95,73.25,34.34,29.35,65.71,44.23,40.23,40.77,26.76,30.56,26.97,18.26,15.41,17.35,21.78,27.31,16.07,23.29,34.45,32.91,27.48,45.03,21.2,29.35,27.02,23.32,33.71,38.5,21.86,25.97,19.94,15.27,33.3,,22.46,36.93,41.37,41.22,33.91,30.18,32.18,25.01,35.35,44.69,45.33,15.21,32.78,14.88,30.25,23.46,21.36,32.55,65.24,40.42,15.54,15.76,15.7,113.19,24.42,12.3,17.33,33.77,35.1,49.76,45.51,108.29,21.41,66.5,63.39,23.65,15.87,25.25,19.47,67.36,17.26,58.1,18.75,22.13,31.2,19.18,30.71,40.93,26.34,44.57,70.68,42.22,70.07,20.82,21.77,52.06,35.24,42.9,19.53,27.56,17.24,30.42
2022-02-14,32.95,14.58,26.43,34.1,42.83,58.09,73.45,34.51,29.42,67.11,43.42,39.1,40.11,26.99,31.22,26.79,18.62,15.78,18.18,22.03,25.88,15.78,23.23,34.79,32.57,25.84,44.12,21.78,30.18,28.02,24.3,30.63,38.61,22.32,26.68,20.47,15.99,33.93,,23.1,36.94,42.16,41.84,33.83,28.25,32.75,26.33,35.42,43.58,45.33,15.99,25.54,14.99,30.27,21.58,23.0,32.09,61.45,41.56,15.31,16.05,16.16,115.43,24.38,10.74,17.66,32.58,32.05,50.38,46.41,110.9,21.75,57.99,62.84,24.29,16.13,25.79,19.62,68.36,17.61,58.49,20.29,21.36,30.56,19.79,27.74,40.86,23.63,44.84,69.26,42.63,71.48,20.96,23.06,52.89,35.82,43.94,19.97,25.24,16.7,31.52
2022-02-15,33.18,14.6,26.09,33.59,42.12,61.67,75.6,33.63,28.67,65.51,44.81,38.88,41.43,26.46,32.46,28.45,18.69,15.51,17.92,21.65,26.56,15.54,23.48,35.03,32.78,25.65,45.51,23.26,29.42,27.54,24.23,29.91,38.67,21.82,26.29,20.55,15.83,36.87,,22.88,38.29,41.24,40.91,33.28,27.67,32.88,25.67,35.63,42.48,45.66,16.04,25.52,14.69,31.75,25.19,22.95,31.6,65.31,41.05,14.95,15.67,17.0,113.2,23.77,10.63,18.62,31.82,32.07,54.78,45.31,109.03,23.62,56.8,69.21,24.28,15.74,25.18,19.13,71.62,17.17,59.92,19.83,21.24,31.07,19.63,27.56,40.32,23.1,43.73,70.74,42.76,74.84,20.6,24.52,51.76,35.42,42.93,19.47,24.8,16.46,31.34
2022-02-16,32.39,14.33,25.46,33.24,41.11,60.44,74.3,32.85,27.99,64.06,43.85,37.99,40.51,25.84,32.55,27.86,18.3,15.32,17.49,21.13,26.01,15.17,22.96,34.19,32.01,25.07,44.5,22.77,28.93,26.88,23.83,29.19,37.88,21.34,25.95,20.06,15.67,36.04,,23.03,38.31,40.36,40.05,32.6,27.09,32.11,25.1,34.78,41.47,44.67,15.65,24.93,14.33,31.18,24.69,22.7,30.85,63.77,40.07,14.61,15.3,16.68,110.48,23.26,10.58,18.27,32.17,31.29,53.46,44.28,106.47,23.17,55.47,67.55,23.71,15.44,24.58,18.87,69.95,17.45,58.48,19.48,20.98,30.32,19.16,27.95,39.53,22.72,42.7,69.07,42.16,73.09,20.12,24.63,50.66,34.58,41.9,19.0,24.26,16.09,30.58
2022-02-17,32.57,14.62,26.47,34.59,43.06,53.47,74.82,32.82,28.29,64.13,43.79,38.01,41.26,25.72,32.81,28.47,18.36,9.37,17.19,22.65,29.01,15.77,22.74,34.78,32.06,22.55,47.62,24.09,28.91,27.0,25.25,29.01,38.69,20.27,27.4,20.63,15.31,37.33,,22.66,37.8,41.54,41.26,23.85,26.81,32.4,27.23,34.67,45.75,43.33,15.72,21.64,15.59,30.75,25.17,22.52,30.69,59.91,40.61,14.79,15.11,16.98,110.46,25.28,11.46,18.43,32.2,31.79,51.61,43.8,106.48,24.55,57.44,71.44,27.01,15.32,24.61,17.98,87.53,16.02,56.86,18.47,20.79,30.57,19.01,27.81,39.36,23.2,43.29,70.75,41.94,68.9,20.57,21.74,51.25,35.1,42.52,19.02,25.8,20.99,30.33
2022-02-18,31.89,14.12,28.33,34.43,43.89,49.87,74.74,32.68,28.31,64.05,42.94,36.01,40.14,25.69,32.81,28.48,18.3,8.17,16.23,22.14,27.87,15.28,22.64,32.53,32.67,22.66,47.69,25.61,28.72,26.96,26.36,29.07,38.54,20.63,26.99,20.67,15.35,41.77,,22.18,35.6,41.75,41.54,23.02,26.13,32.4,27.1,38.11,46.18,43.43,16.09,20.96,15.72,31.17,25.05,22.66,30.37,57.65,40.4,14.72,15.03,17.12,110.22,25.08,11.27,18.46,31.77,31.87,51.64,43.43,106.53,24.23,57.85,71.6,26.21,15.23,24.53,13.97,89.34,16.03,55.67,18.38,20.72,30.54,18.88,26.08,39.49,22.96,42.84,70.31,41.82,69.37,20.66,21.71,51.12,22.14,42.61,19.07,25.06,20.68,30.73
2022-02-22,32.76,12.15,28.77,34.69,44.64,49.83,74.59,33.34,28.86,61.14,41.31,36.58,42.1,25.13,33.13,27.66,17.53,8.38,14.47,21.67,27.85,15.0,23.32,31.87,30.93,23.76,48.53,25.02,29.25,27.3,29.55,29.44,29.99,20.98,27.21,20.86,14.73,42.15,,21.61,36.76,41.6,41.65,23.26,40.56,33.03,27.53,38.13,46.59,33.64,16.91,20.08,15.95,33.05,25.59,22.69,29.37,57.83,40.3,15.01,15.22,20.47,112.58,24.68,12.01,18.73,28.72,32.07,46.5,44.08,69.74,26.85,58.9,71.47,26.83,15.56,24.4,14.63,89.4,19.65,55.72,16.87,20.73,30.49,19.63,27.42,40.3,23.49,41.96,71.14,41.58,69.66,21.52,22.46,52.29,19.4,41.04,19.45,23.85,20.44,31.25
2022-02-23,34.02,12.15,28.39,35.27,41.75,48.7,76.44,33.26,28.1,62.44,41.97,37.72,42.22,25.72,34.06,27.64,16.36,8.1,15.21,21.76,28.46,14.96,26.23,32.8,30.93,23.89,48.02,27.47,28.46,28.25,33.51,29.51,30.67,21.77,28.08,20.77,14.82,42.37,,21.87,36.71,41.86,42.04,23.46,37.46,33.38,27.92,38.15,47.32,35.02,16.45,21.64,16.21,33.07,25.34,22.72,26.68,57.51,40.5,16.4,14.83,20.1,111.75,24.68,12.31,18.21,28.9,33.19,48.55,44.36,69.75,25.66,60.3,73.07,27.36,15.79,23.64,14.96,89.43,17.36,55.29,17.69,23.0,31.4,20.87,28.89,40.3,23.46,40.37,74.7,41.11,70.58,21.61,22.48,52.81,17.98,41.4,19.69,25.37,20.67,31.2
2022-02-24,34.26,13.2,28.85,35.43,50.3,48.7,77.65,33.33,28.89,63.07,42.33,25.31,42.43,26.33,42.93,26.86,17.18,8.14,14.88,24.76,28.39,18.44,27.51,31.72,26.36,23.07,53.82,27.23,28.85,24.72,33.76,31.35,31.29,21.83,27.44,21.14,14.83,36.41,,21.72,36.63,42.83,42.89,23.41,38.24,34.95,18.77,41.92,51.71,36.01,14.19,23.59,17.47,33.53,26.22,19.86,26.62,56.51,39.29,16.37,16.78,20.13,114.02,24.22,20.91,20.47,29.14,36.57,47.56,36.52,70.17,25.73,63.73,74.17,30.03,16.38,22.6,17.15,101.15,26.2,56.24,18.08,23.76,31.39,20.91,30.8,40.17,24.77,40.17,77.19,41.32,74.37,21.4,22.78,52.82,19.27,41.4,20.44,26.63,19.35,30.16
2022-02-25,34.5,15.71,29.49,35.95,50.37,48.6,78.55,35.28,27.22,63.06,40.19,26.51,38.98,28.59,42.43,28.79,18.52,7.96,19.07,25.76,29.13,22.46,27.84,29.55,29.6,23.91,53.86,28.11,30.8,28.15,33.84,32.16,29.89,24.83,29.36,23.24,19.88,38.08,,21.46,37.65,42.58,42.7,25.46,38.71,37.33,20.01,42.39,51.85,36.29,22.61,24.81,21.65,36.93,28.09,22.77,28.52,56.67,39.02,17.6,20.38,21.83,114.54,29.95,24.34,24.96,30.9,35.38,47.53,35.16,69.74,26.06,62.87,74.09,30.66,19.03,26.78,22.8,101.35,27.22,56.47,21.29,24.29,34.42,24.42,31.25,29.07,25.61,39.46,76.84,40.38,74.38,26.03,24.1,52.62,23.22,41.07,18.33,27.99,19.67,31.1
2022-02-28,25.49,16.49,26.9,35.43,47.73,47.32,74.64,35.24,22.94,64.0,38.33,24.06,39.27,29.6,45.62,27.62,16.76,8.17,18.69,30.27,24.27,22.31,25.07,28.87,31.46,23.64,52.89,27.77,29.52,25.45,37.28,30.05,29.99,24.39,30.12,23.47,20.85,38.49,,19.4,37.87,42.25,42.25,26.96,37.66,38.28,19.44,34.8,51.41,35.85,22.59,28.78,21.64,37.58,26.18,31.82,25.18,52.43,25.08,14.97,20.78,22.35,116.63,27.4,24.34,24.5,33.5,34.63,46.36,36.48,66.86,26.77,53.63,73.42,31.15,20.42,25.31,23.59,103.18,31.18,55.12,26.12,23.77,35.54,23.61,31.42,24.77,22.72,40.95,70.57,40.09,75.77,26.46,24.67,53.01,23.92,21.58,15.45,28.88,19.9,31.75
2022-03-01,25.09,16.13,27.0,34.74,46.53,47.74,78.9,34.4,22.72,62.73,39.0,39.91,42.89,31.73,46.78,29.63,16.38,8.36,19.02,29.6,24.87,21.93,24.49,41.87,31.34,23.09,51.59,28.02,29.12,27.39,36.34,29.4,30.22,23.82,32.3,24.96,20.6,39.5,,18.96,40.01,41.23,41.27,28.55,37.45,38.74,19.04,34.55,50.16,34.94,22.03,30.81,21.18,38.43,25.54,34.87,24.61,52.75,28.71,16.05,21.08,22.29,113.86,27.81,23.77,23.88,34.17,33.98,46.82,35.92,65.64,27.95,52.6,72.97,30.39,20.02,25.48,23.59,101.14,30.43,56.55,25.55,23.79,44.13,23.17,31.29,24.18,22.15,39.98,68.84,39.37,76.95,25.79,24.57,52.48,28.48,23.63,15.07,34.77,19.54,31.04
2022-03-02,24.4,15.95,27.16,33.74,45.05,46.27,74.77,34.65,21.84,61.39,36.88,39.78,39.5,32.31,49.27,31.38,16.34,8.59,20.32,30.24,31.66,22.34,24.31,40.58,31.16,21.75,48.59,29.71,29.29,28.43,40.07,28.94,28.62,24.09,35.03,26.34,20.5,39.08,,20.48,38.61,40.76,40.97,28.86,38.65,38.92,20.85,36.9,50.05,32.64,22.52,31.39,21.29,39.59,26.25,35.18,27.08,50.28,28.22,15.29,20.89,23.99,113.03,27.73,24.96,23.75,34.24,34.47,52.36,24.87,53.44,29.16,51.29,69.58,32.18,20.68,29.46,23.66,97.11,30.63,55.0,26.98,25.82,48.03,23.19,33.38,24.24,23.18,40.08,58.83,39.61,73.63,26.17,28.21,52.92,32.73,23.59,15.29,37.51,18.56,31.36
2022-03-03,24.39,15.91,27.29,33.8,45.43,46.62,76.84,35.09,23.14,62.05,36.86,39.09,39.7,31.53,49.74,31.27,16.33,7.98,20.67,30.34,31.17,22.72,25.22,39.77,29.73,21.86,49.19,29.65,29.3,27.76,40.42,29.02,28.78,24.45,34.98,24.61,20.56,37.22,,20.97,37.78,40.34,40.5,27.01,38.5,38.97,21.07,37.52,50.21,32.57,23.04,30.55,21.07,39.33,26.59,35.15,27.14,50.58,27.27,16.1,20.91,24.27,112.21,27.66,24.9,23.79,33.4,34.7,55.06,25.1,46.96,29.24,53.42,69.89,32.18,20.63,29.27,23.72,97.72,30.59,55.39,27.45,25.96,46.9,24.47,33.46,19.46,21.44,40.65,60.8,39.46,75.78,25.91,28.34,24.44,31.94,20.76,15.58,35.83,20.13,23.01
2022-03-04,24.77,15.72,25.92,33.0,45.51,47.69,75.1,35.09,23.45,62.24,37.83,41.24,41.89,33.42,52.64,34.92,16.02,7.8,20.09,30.59,31.25,22.21,25.24,40.98,31.03,20.72,48.35,29.35,27.97,27.87,40.87,27.68,30.84,25.48,29.73,25.6,22.22,38.97,,16.91,41.35,30.84,30.51,27.13,37.9,38.62,20.54,37.29,50.13,31.84,22.79,31.67,20.83,39.58,26.9,35.47,27.18,49.24,27.59,14.93,20.32,24.26,111.57,27.72,24.86,24.1,33.4,34.71,61.77,25.71,43.1,29.47,54.1,70.04,32.15,20.29,29.47,22.8,96.2,31.78,50.5,27.0,26.25,47.01,24.91,33.25,19.34,20.41,40.8,60.24,36.92,77.31,25.97,30.14,24.26,32.18,21.87,15.37,38.89,21.99,26.17
2022-03-07,26.02,15.99,27.29,32.45,45.52,51.09,77.4,34.76,24.99,37.27,39.03,50.62,47.86,36.14,60.34,35.99,15.62,10.24,20.16,29.83,31.11,22.06,26.52,47.64,31.02,21.28,45.45,30.03,28.74,28.19,46.51,30.31,35.69,26.12,30.16,33.09,21.91,41.72,,17.81,45.47,32.46,32.41,26.48,38.21,29.85,20.91,37.29,52.02,33.49,23.98,32.53,22.71,38.43,25.4,36.33,26.17,54.49,32.55,22.12,21.41,25.18,47.9,28.39,25.88,20.97,33.87,34.73,68.4,29.14,40.78,33.94,55.68,73.41,34.08,21.16,30.37,22.9,95.13,40.24,55.6,28.42,34.08,46.98,26.73,39.68,19.1,21.59,24.28,61.26,30.51,70.92,27.04,29.0,28.25,34.95,26.67,15.67,43.33,22.33,28.0
2022-03-08,25.5,16.86,27.41,31.67,44.44,52.37,76.35,34.39,24.88,36.35,38.23,49.56,48.37,35.76,62.27,35.35,16.44,9.99,20.26,29.1,37.95,22.7,25.84,46.92,31.95,21.06,44.63,30.25,28.81,31.05,45.5,30.17,34.96,25.87,30.55,33.29,29.15,42.88,,17.65,44.96,31.93,31.87,25.86,37.54,29.23,20.38,36.37,51.27,43.83,24.48,31.71,26.21,37.53,25.02,38.95,25.59,53.24,32.12,21.56,22.54,26.15,47.59,28.52,28.84,20.7,33.17,33.92,67.12,30.52,40.17,33.71,54.27,71.72,33.34,22.49,29.68,25.85,92.72,39.5,54.39,30.61,33.22,45.79,27.09,40.07,20.31,21.68,25.28,60.68,30.29,75.3,28.12,30.76,28.1,34.19,26.46,18.05,43.07,23.03,27.32
2022-03-09,28.82,16.72,28.54,33.54,47.91,54.08,78.98,34.36,26.45,37.78,40.29,53.39,48.45,43.39,67.74,39.61,15.41,9.73,21.48,30.41,37.93,23.1,25.76,50.02,33.46,21.03,49.54,31.79,29.01,33.36,45.59,32.37,35.43,25.88,30.64,40.96,29.08,44.84,,17.75,49.83,36.17,35.8,29.86,37.82,29.52,20.51,36.36,55.17,45.71,24.5,35.57,25.96,46.66,25.15,39.04,25.8,57.26,36.74,21.53,22.62,26.08,48.33,28.75,28.82,20.64,38.33,37.71,68.0,31.52,44.53,38.67,61.23,75.76,36.13,22.5,31.62,26.55,95.09,39.48,56.6,33.03,37.04,49.33,26.8,39.7,20.77,25.42,26.3,62.58,32.01,75.81,29.55,30.65,28.97,35.62,31.52,17.97,47.95,22.82,34.69
2022-03-10,29.03,16.63,28.5,33.46,48.17,54.21,78.48,22.59,26.45,41.94,39.96,51.83,48.24,42.39,66.76,39.83,15.28,9.75,20.86,29.78,37.96,24.05,25.88,48.73,34.65,21.0,49.66,32.71,28.59,32.65,43.36,32.32,35.44,26.0,30.21,41.35,29.23,44.87,,18.43,49.49,36.23,35.82,29.73,37.45,29.2,20.88,36.64,54.84,45.83,24.49,34.4,26.36,47.51,24.33,39.44,24.75,58.3,36.76,21.42,22.6,25.14,48.17,28.83,28.85,20.39,37.74,37.47,68.22,31.5,44.41,38.63,62.07,75.56,36.28,22.97,30.62,27.67,95.24,39.76,55.97,32.89,37.04,48.53,27.84,36.6,20.76,25.38,24.83,62.63,31.55,75.57,29.02,31.44,28.99,36.53,31.34,17.94,46.58,24.05,34.71
2022-03-11,29.38,16.59,28.56,31.3,49.54,51.87,76.88,22.33,25.69,41.95,39.68,51.39,47.66,42.32,64.87,39.61,14.11,9.81,20.87,28.87,38.09,24.04,25.32,47.85,34.82,20.72,48.87,32.09,21.18,32.86,44.37,30.91,33.11,26.0,30.33,42.04,29.85,45.13,,18.54,48.0,35.92,35.66,29.09,37.12,28.98,20.59,35.9,51.52,44.36,24.5,34.47,26.0,46.98,24.15,39.79,24.6,54.46,35.71,23.59,22.88,24.37,44.62,28.91,29.32,20.34,35.89,36.77,66.5,31.5,45.32,38.18,61.26,71.81,34.64,22.92,31.7,27.76,93.58,40.75,54.46,33.35,39.26,48.83,27.83,36.86,18.75,25.5,23.82,64.49,30.71,73.08,29.2,31.22,29.28,36.4,30.54,17.4,46.3,24.09,34.72
2022-03-14,29.94,17.83,29.14,27.17,46.62,50.18,68.57,18.88,22.95,41.98,38.01,54.04,47.66,44.39,65.73,39.05,13.92,10.23,21.39,29.8,38.78,24.49,24.11,50.77,35.49,18.86,48.05,31.09,21.65,34.87,45.67,28.25,30.99,19.3,30.12,41.66,29.43,45.9,,18.3,48.71,35.95,35.9,29.3,37.43,27.39,20.4,36.84,51.64,45.89,24.85,35.94,26.88,45.47,22.26,38.69,24.46,53.12,36.95,24.13,23.3,23.9,44.48,30.09,29.9,20.87,36.34,36.01,67.73,31.46,45.75,40.1,62.12,69.49,34.05,23.58,34.84,28.89,99.02,39.68,55.91,33.99,42.03,50.68,25.55,37.6,19.39,25.3,22.99,64.61,26.75,71.03,28.29,31.15,27.38,38.76,32.15,17.83,49.25,24.38,37.16
2022-03-15,31.59,18.86,29.31,28.55,46.73,50.82,71.34,18.7,22.46,43.43,40.0,53.32,47.93,43.56,66.46,38.64,13.7,10.12,20.95,30.5,37.8,25.29,24.1,49.67,35.1,20.96,47.31,31.36,22.61,40.14,44.78,28.09,34.25,18.81,29.41,41.78,28.96,44.74,,17.94,49.48,36.14,36.38,29.23,38.55,28.12,20.74,36.18,52.85,45.68,25.62,36.17,27.05,45.65,22.47,37.73,24.81,54.06,37.06,26.25,25.95,24.38,45.17,29.56,29.91,20.62,36.85,37.89,69.75,32.43,47.37,39.97,62.62,73.18,36.89,24.36,33.96,31.24,97.34,41.45,55.34,33.17,45.26,49.4,24.91,36.8,19.31,26.82,23.24,65.41,28.38,69.87,28.36,30.42,28.88,38.03,33.52,17.49,48.21,23.96,41.7
2022-03-16,33.52,18.87,29.27,30.1,50.26,53.73,73.81,18.36,22.63,45.39,40.68,54.27,51.84,45.41,70.2,40.34,13.71,10.03,20.17,33.43,37.67,25.29,24.79,51.0,34.2,20.71,50.29,30.89,22.09,39.51,44.51,29.44,35.93,19.15,29.62,44.52,32.91,45.73,,17.35,52.08,37.7,37.97,32.16,38.64,28.69,20.32,39.09,55.58,46.86,25.39,40.21,26.95,47.17,22.34,43.63,24.81,58.75,38.42,27.92,26.53,24.87,50.46,29.8,29.9,20.79,43.89,38.95,77.2,32.38,49.52,43.93,66.97,76.57,36.82,24.26,33.33,31.2,103.19,41.46,57.79,33.23,49.25,54.81,24.28,37.44,19.43,27.77,23.41,67.32,28.77,77.5,28.14,30.41,31.29,40.03,35.2,17.57,49.84,23.56,41.41
2022-03-17,32.4,19.12,29.53,30.39,50.06,49.51,71.19,19.17,23.74,46.27,38.26,54.73,49.87,45.33,68.64,39.39,13.5,10.87,21.66,33.46,38.15,25.21,24.33,49.89,35.82,20.91,49.19,30.24,22.43,39.28,46.92,29.45,34.7,18.82,30.12,44.54,33.02,42.95,,19.02,50.88,37.65,37.88,32.03,39.12,28.29,20.53,38.74,57.36,46.18,25.51,40.09,27.19,46.49,21.39,43.4,24.99,54.68,37.63,27.88,26.68,25.45,50.74,30.46,29.97,20.25,44.72,38.4,72.98,32.38,50.55,43.08,67.75,69.85,36.75,24.45,34.14,31.24,101.5,41.27,55.3,33.84,49.1,54.39,23.71,37.21,18.79,28.2,23.27,65.97,28.14,73.02,28.56,29.27,31.61,39.81,35.04,17.56,49.58,23.57,42.25
2022-03-18,33.47,19.09,29.78,30.44,50.73,50.22,70.77,18.94,24.06,46.97,38.35,55.27,50.2,45.33,67.92,39.34,13.52,10.98,21.94,33.51,38.23,28.38,24.61,50.0,35.84,21.16,50.9,30.29,22.81,39.17,47.1,31.75,34.48,19.78,30.4,46.65,33.03,42.88,,18.73,51.61,38.01,38.27,32.02,39.37,28.64,20.58,38.82,57.67,47.0,25.95,40.06,27.19,46.5,21.39,43.51,24.93,56.4,37.89,28.05,26.89,25.2,52.48,30.39,29.93,20.0,44.51,38.91,72.92,32.51,51.01,44.67,68.31,73.85,36.89,24.82,34.07,31.05,102.71,40.6,55.49,33.82,49.77,54.39,23.83,36.46,18.09,29.35,23.77,67.46,28.03,73.31,28.6,29.0,31.73,39.81,36.42,20.26,49.6,23.29,42.25
2022-03-21,33.63,18.74,26.57,28.86,48.26,49.61,70.94,19.08,23.84,47.07,37.69,56.59,51.94,45.18,69.26,39.26,13.74,11.23,22.93,32.9,33.96,30.56,23.26,51.22,36.97,22.13,47.94,27.95,22.43,39.73,45.67,32.65,34.85,20.27,29.38,47.57,34.71,36.92,,18.99,52.63,35.86,36.04,31.53,42.03,27.47,17.16,33.9,54.92,47.98,25.95,40.39,26.92,47.12,19.14,45.43,28.12,57.48,38.22,29.06,27.39,25.2,52.25,28.35,30.41,19.97,42.79,38.17,74.11,32.7,51.4,45.17,68.26,68.29,32.95,25.31,34.04,31.51,81.28,41.59,56.04,35.19,51.52,54.11,24.41,37.15,18.3,28.82,23.06,66.1,27.06,75.59,27.84,29.57,31.53,39.93,36.88,20.74,49.7,20.13,45.75
2022-03-22,33.59,18.36,25.9,28.29,47.94,48.45,69.25,18.62,23.55,46.3,37.07,55.35,51.91,45.59,68.2,38.82,13.54,11.17,22.4,32.48,33.37,29.93,23.03,51.3,36.48,21.59,47.09,27.28,21.91,39.02,44.56,32.08,34.37,19.78,28.68,46.86,33.85,35.98,,18.62,52.14,36.03,36.19,31.04,40.99,26.89,16.85,33.65,54.05,46.91,25.46,40.33,26.29,45.94,20.63,44.32,27.42,56.5,37.61,28.77,26.8,24.57,51.54,27.8,30.41,19.47,42.21,37.53,72.48,31.98,50.79,44.98,67.41,66.74,32.19,25.03,34.47,30.93,80.81,40.55,54.91,34.49,50.5,53.98,23.85,37.94,17.88,28.22,22.5,69.14,26.47,75.38,27.31,28.83,30.75,39.31,36.04,20.22,51.13,19.71,44.67
2022-03-23,32.89,18.63,29.28,28.63,57.85,48.46,67.63,18.7,24.63,45.38,36.98,54.8,51.22,45.19,66.67,38.17,13.35,11.91,22.12,32.1,32.72,29.35,23.08,50.81,36.19,21.58,47.72,28.45,21.76,38.08,43.49,33.09,33.88,19.33,28.2,46.43,33.05,35.43,,19.25,51.09,35.59,35.67,31.16,41.92,26.9,16.65,32.9,53.75,47.83,24.96,39.78,25.73,45.21,20.47,43.28,29.24,55.91,37.23,28.16,26.36,26.03,50.63,27.66,29.69,19.03,41.7,37.12,71.91,31.36,50.08,43.9,67.07,66.5,32.27,24.47,34.34,30.22,79.04,39.6,54.41,33.72,49.59,53.68,23.32,37.59,17.45,29.59,22.11,67.48,26.92,73.6,26.79,28.16,30.74,39.0,35.62,19.74,51.84,19.9,43.81
2022-03-24,32.97,18.67,29.32,29.07,58.33,51.09,70.12,18.93,24.69,44.89,39.56,54.97,49.08,45.14,68.29,37.89,13.84,11.64,22.13,32.19,32.6,29.31,23.07,51.04,34.95,19.83,47.64,28.04,22.33,37.66,39.88,33.03,33.6,19.2,28.2,46.17,33.05,35.06,,19.36,49.98,35.83,36.25,31.15,27.7,27.09,16.67,39.09,53.84,48.25,24.26,39.93,25.96,45.09,20.03,43.21,26.38,58.05,38.12,28.74,26.14,24.13,50.79,27.73,29.48,18.92,41.66,37.38,73.26,31.27,48.61,42.57,67.33,72.86,32.72,24.54,33.28,30.06,76.3,39.74,55.99,33.71,49.82,53.55,23.3,37.08,17.53,29.02,22.16,65.21,28.17,74.85,26.81,27.03,30.73,38.76,35.88,19.73,51.9,19.43,43.49
2022-03-25,31.34,18.64,29.48,27.68,57.9,50.78,67.55,18.92,25.55,42.56,38.52,54.68,48.97,45.19,68.1,37.4,14.1,12.19,21.51,32.36,30.72,29.96,18.5,50.8,35.57,18.99,47.06,25.78,22.34,37.48,34.56,32.42,33.34,17.99,27.1,45.87,33.08,34.59,,19.23,50.15,35.27,35.49,31.04,26.92,26.11,16.2,39.01,52.79,47.8,24.3,39.62,25.87,44.88,19.64,43.21,28.24,57.0,37.65,28.14,26.63,24.71,50.23,27.21,29.97,19.06,41.47,36.01,72.5,29.92,47.74,42.73,66.26,71.07,31.54,24.38,32.62,30.15,77.52,40.05,55.34,33.11,48.29,52.66,22.27,35.82,18.76,28.95,21.7,58.62,27.91,73.84,26.61,26.87,29.63,38.75,34.92,19.76,52.11,18.92,43.9
2022-03-28,31.61,16.16,27.99,27.6,54.62,49.71,64.8,15.38,26.03,41.8,38.6,55.11,49.58,43.87,65.25,37.48,11.06,12.35,19.13,29.3,31.17,24.89,16.32,49.85,37.91,17.95,42.11,24.98,19.09,37.65,36.08,30.29,32.79,15.17,25.63,46.7,31.66,33.13,,19.12,50.86,33.68,33.98,30.06,27.09,23.55,15.69,37.16,51.36,47.35,17.36,38.52,22.07,43.21,17.83,43.83,27.18,56.56,37.66,27.91,23.0,24.44,49.26,22.8,24.68,9.35,40.8,33.6,74.18,27.15,44.27,43.65,61.45,70.62,31.03,22.13,30.17,25.37,66.79,35.82,54.42,30.43,48.87,52.23,20.37,35.14,15.74,28.81,21.64,63.09,27.77,71.46,23.27,26.22,30.47,36.77,35.78,16.35,52.11,19.55,45.34
2022-03-29,31.32,15.79,27.33,28.61,54.78,49.33,63.79,15.02,26.29,40.8,37.81,53.85,49.64,42.81,65.17,37.99,10.8,12.69,19.65,29.02,30.68,24.65,16.01,49.37,38.7,17.58,42.02,24.63,21.77,37.38,40.16,29.88,33.53,14.87,25.09,47.03,30.9,33.95,,20.29,52.27,32.95,33.2,29.75,26.7,22.98,15.31,36.44,50.26,46.88,16.99,37.62,21.59,42.25,18.49,43.42,28.16,55.69,40.46,28.27,24.33,24.79,48.8,23.03,24.24,9.13,39.91,33.08,73.24,26.51,44.9,44.03,60.57,68.97,30.31,22.2,29.9,25.07,67.26,35.78,53.53,29.78,49.05,51.07,20.2,38.12,15.46,28.49,21.7,61.61,28.33,73.39,22.9,25.88,29.97,35.9,36.6,16.02,50.86,19.15,44.33
2022-03-30,31.51,14.89,26.89,27.65,54.94,51.24,64.45,14.91,23.63,41.46,38.42,53.85,49.17,42.51,63.11,37.81,10.74,12.73,19.65,26.44,30.64,24.15,15.83,49.37,36.78,17.73,43.24,24.69,21.98,36.82,38.84,29.02,33.59,14.83,25.12,47.39,29.83,33.82,,20.49,52.58,33.03,33.27,28.76,28.56,23.05,14.2,37.04,50.34,46.73,16.62,34.81,21.32,41.79,18.16,38.26,32.15,56.62,40.01,27.88,23.61,24.75,48.99,22.65,24.26,9.4,37.81,33.17,73.96,26.05,45.66,43.68,62.21,70.41,30.61,19.84,29.21,24.66,67.61,33.53,56.08,25.32,48.98,51.75,19.96,38.65,15.21,28.04,20.61,58.31,29.29,73.03,23.51,25.86,30.28,36.35,36.84,16.19,51.55,19.17,44.58
2022-03-31,31.93,15.62,26.58,27.03,55.02,50.86,65.4,14.75,23.63,41.72,36.62,44.44,46.29,42.78,60.53,35.47,10.81,12.76,19.51,27.73,28.47,23.92,16.89,41.13,36.44,17.81,43.37,23.63,22.73,35.66,38.74,29.32,34.22,14.41,21.22,46.15,30.18,33.73,,20.51,51.21,33.91,34.01,27.0,29.69,20.04,15.07,38.84,50.54,46.87,17.45,33.86,21.29,40.03,19.07,34.05,33.98,55.55,36.85,26.94,22.93,24.31,47.97,21.45,24.24,9.51,37.54,33.48,73.56,25.96,45.51,43.41,62.84,69.11,30.85,19.58,27.88,24.25,67.47,33.47,53.86,25.94,48.57,46.69,19.29,38.82,16.81,28.26,20.64,58.67,29.8,70.32,25.01,25.71,30.61,34.76,34.93,16.63,48.81,19.54,44.89
2022-04-01,31.37,15.34,25.8,26.33,54.95,51.25,63.87,14.19,24.35,41.71,35.87,44.29,45.96,42.38,59.07,34.04,11.12,12.68,18.79,27.23,25.02,23.88,17.98,41.06,36.32,17.79,43.32,21.66,21.16,34.57,36.0,29.4,33.87,14.44,16.8,48.52,30.05,33.23,,19.75,49.43,33.96,34.07,25.59,28.67,19.61,13.76,37.55,49.02,46.3,17.19,33.13,21.66,39.39,19.35,33.95,31.58,55.34,37.25,27.0,23.24,23.3,47.6,20.79,23.08,10.64,37.44,33.03,67.56,26.07,45.22,42.57,62.15,69.16,29.73,19.61,24.91,24.76,67.25,34.98,53.18,25.47,47.57,43.91,20.06,37.49,17.04,27.31,20.5,58.61,29.71,70.34,24.39,28.93,31.85,31.2,35.39,18.28,46.86,19.77,44.6
2022-04-04,31.97,15.96,26.33,26.27,55.84,50.64,62.25,13.62,24.27,41.34,35.26,42.82,41.24,41.4,54.78,29.37,11.47,13.34,20.14,26.01,25.55,24.26,17.86,40.35,35.76,17.0,44.19,22.05,21.69,34.9,36.17,29.7,32.96,12.6,15.61,48.91,29.14,30.8,,20.91,45.43,34.62,34.75,25.85,29.77,20.05,13.03,38.65,50.92,47.53,17.59,32.41,22.29,38.99,19.34,33.74,32.61,55.57,35.94,27.0,23.21,24.33,48.56,20.79,23.46,10.85,37.87,32.7,62.37,25.95,47.16,42.91,63.33,69.05,29.99,19.52,25.6,25.39,64.27,34.75,56.68,26.07,49.98,44.5,19.5,38.11,17.62,27.4,20.39,58.03,30.26,62.38,23.8,26.71,32.49,31.39,33.3,18.16,44.6,17.63,43.78
2022-04-05,32.19,15.71,25.78,25.82,55.09,53.82,61.9,13.35,24.28,41.84,36.57,42.13,43.44,40.8,55.27,30.24,11.34,13.35,19.72,26.28,26.64,24.0,17.43,39.48,35.94,16.64,45.64,21.76,21.19,34.16,35.54,29.16,32.94,12.36,16.84,49.04,28.44,31.01,,21.02,46.61,34.6,34.62,25.59,29.05,20.18,13.35,38.52,50.31,46.93,17.24,31.89,21.76,38.1,18.88,33.06,31.94,58.21,35.43,26.4,22.65,23.8,47.71,20.37,22.9,10.6,37.82,32.43,62.19,25.39,47.38,42.24,63.32,70.58,29.9,19.05,25.01,24.81,66.54,33.97,58.18,25.49,51.11,43.5,19.52,38.52,17.72,27.14,20.09,60.55,31.71,63.47,23.7,27.0,34.29,30.77,32.81,17.95,43.58,17.21,42.75
2022-04-06,31.69,18.05,24.76,23.35,55.07,51.08,60.16,14.86,22.26,37.98,33.86,29.44,37.33,33.98,46.36,29.87,10.84,11.64,19.38,26.42,26.67,24.47,15.94,30.71,35.76,17.14,46.85,21.33,23.21,33.55,29.17,25.87,28.65,13.69,16.97,45.16,28.39,27.12,,19.93,44.45,32.38,32.72,25.61,29.71,17.18,13.26,38.65,45.29,46.4,18.44,29.17,20.18,36.15,22.85,32.99,32.42,52.75,30.7,18.93,21.5,23.25,43.47,18.6,23.67,11.08,36.99,32.24,56.4,19.76,47.32,39.44,62.87,69.22,28.07,18.23,26.14,24.68,71.44,26.63,54.01,25.05,46.44,41.64,20.12,32.17,17.23,25.5,20.0,60.71,29.59,63.68,23.28,29.33,31.26,27.63,29.74,18.13,37.63,18.03,41.04
2022-04-07,31.24,17.64,24.96,22.64,55.11,49.88,59.53,13.63,21.48,37.77,33.79,29.67,36.35,34.08,44.82,28.46,10.68,11.61,18.53,26.35,15.56,23.58,16.54,30.56,35.82,19.95,46.21,20.05,22.67,28.9,28.81,26.09,28.35,12.8,15.48,44.9,23.23,25.09,,19.4,44.79,32.5,32.83,25.69,29.73,17.33,13.44,38.63,45.28,36.09,16.67,29.07,13.53,36.11,22.33,31.37,32.65,52.85,31.14,18.54,19.08,21.26,43.51,18.12,19.19,11.23,36.99,31.85,55.96,17.12,46.87,38.24,62.87,69.39,27.49,14.5,28.48,20.07,71.6,26.6,53.95,23.22,46.42,41.7,18.8,31.65,15.52,26.86,17.38,60.55,29.31,60.64,20.36,27.84,31.02,27.73,30.46,15.78,37.42,15.74,41.41
2022-04-08,29.74,17.6,24.27,21.97,53.39,48.59,57.18,13.63,20.82,38.41,32.99,24.75,35.56,26.62,39.92,25.81,10.68,11.53,18.26,26.07,15.6,23.55,16.6,27.1,35.82,21.06,42.3,17.71,24.3,28.14,29.27,25.02,27.9,12.67,16.1,39.53,23.33,22.07,,20.08,41.37,28.58,29.41,23.46,31.18,17.75,13.62,38.81,43.37,34.5,16.68,26.53,13.55,26.85,22.32,31.55,33.23,50.08,28.11,19.32,19.08,21.06,41.79,17.97,19.23,11.19,33.15,28.94,54.95,15.95,44.35,35.2,57.43,67.82,25.29,14.29,27.62,19.83,69.84,26.54,51.73,19.74,44.28,39.1,18.04,31.2,16.08,25.5,16.47,61.17,28.57,60.19,19.57,28.04,30.34,26.5,27.71,16.64,32.73,15.74,36.72
2022-04-11,28.73,22.0,24.46,26.24,51.17,49.91,57.86,11.44,22.05,36.08,33.03,28.2,36.21,27.02,40.72,26.13,13.5,12.76,18.81,25.95,15.08,22.22,15.31,27.44,38.9,23.61,43.0,18.81,25.89,28.66,27.8,27.76,28.34,13.68,15.96,39.53,23.23,22.23,,19.38,43.32,30.67,31.6,23.64,32.25,17.55,13.36,38.71,42.42,37.67,17.88,25.47,11.29,24.48,23.42,31.71,34.05,49.83,29.0,19.01,16.58,21.67,40.51,14.87,18.57,12.97,33.38,32.02,52.34,17.15,42.91,35.74,54.89,71.27,26.14,11.86,29.24,16.51,69.57,21.75,52.81,19.94,41.86,40.0,20.7,31.35,27.39,29.23,18.09,61.19,29.19,60.19,20.05,27.09,30.73,25.5,28.24,17.08,33.55,17.02,38.23
2022-04-12,28.18,22.63,24.5,25.64,50.39,48.86,56.88,11.47,22.95,35.24,32.32,27.95,35.42,26.57,39.75,26.28,13.27,13.46,18.67,25.32,14.74,21.71,15.36,26.88,38.59,23.32,41.97,19.44,25.27,28.96,27.13,30.48,27.66,13.55,15.63,38.6,22.67,21.77,,19.1,42.32,30.15,30.97,23.08,31.47,17.3,13.11,37.78,42.52,36.8,17.47,25.23,11.25,24.48,23.1,30.98,33.23,49.0,28.43,18.85,16.18,21.55,39.98,15.19,18.17,13.88,32.57,31.51,51.08,17.16,42.08,34.88,53.57,69.84,25.61,11.59,29.23,16.35,68.26,21.77,51.67,19.47,40.99,39.59,20.5,30.62,26.89,30.31,17.75,59.72,28.56,58.75,19.99,26.72,30.28,25.55,28.37,16.78,33.4,17.02,38.0
2022-04-13,26.28,27.14,24.5,25.13,50.29,48.61,57.56,11.89,22.96,35.21,31.87,27.34,37.49,25.43,40.91,25.87,13.27,13.0,19.0,25.27,14.9,21.75,15.77,25.23,37.94,23.52,41.14,19.56,25.07,28.11,27.45,30.24,26.94,13.71,15.51,38.68,22.66,21.98,,18.69,42.03,28.83,29.61,23.15,31.81,18.31,13.1,36.12,40.83,35.24,17.05,27.51,10.31,24.5,24.47,30.8,32.46,48.1,29.42,18.72,16.18,21.37,39.79,14.19,18.28,13.87,32.54,31.78,48.23,17.28,41.25,31.85,53.15,69.6,25.36,11.42,26.27,16.11,61.83,21.76,46.7,19.53,38.63,40.7,20.56,30.53,26.16,30.27,19.23,57.89,27.66,56.1,19.89,26.39,30.37,23.89,27.95,16.47,31.88,18.31,35.91
2022-04-14,27.57,26.81,24.52,24.55,50.53,47.79,54.17,11.75,23.23,34.38,30.44,26.81,36.67,27.09,39.62,28.79,13.29,13.35,19.06,25.21,20.63,21.01,15.75,25.17,37.54,21.81,42.27,18.25,23.99,20.87,27.36,31.22,23.75,13.85,15.57,37.65,22.12,21.99,,18.84,40.47,28.95,29.59,22.67,30.15,16.58,12.33,37.56,39.72,35.35,15.03,26.87,9.1,22.93,23.72,30.76,31.71,47.84,28.93,17.0,13.18,21.12,40.15,14.52,17.47,13.78,31.96,30.53,46.06,13.71,40.43,34.72,53.19,66.23,20.28,10.7,26.27,12.1,63.55,19.45,46.87,19.61,35.41,40.94,20.55,30.48,26.13,29.52,19.49,59.1,25.6,55.92,19.25,26.24,27.94,27.83,26.45,16.63,35.21,18.17,28.67
2022-04-18,26.34,28.57,24.28,23.39,49.54,45.08,51.15,11.95,22.72,30.44,31.29,23.23,33.45,28.69,35.86,26.99,14.5,13.78,17.37,25.45,19.94,15.88,16.57,28.58,37.33,22.72,35.69,18.64,24.32,21.45,24.09,27.71,22.37,12.95,13.58,32.87,16.07,20.6,,18.47,38.4,27.16,27.95,21.7,29.93,16.63,11.77,37.23,37.09,34.0,14.87,23.17,9.97,20.42,23.0,20.8,32.08,42.93,28.72,16.03,12.29,19.99,33.09,14.22,18.38,14.65,23.52,29.66,35.84,14.96,35.34,31.27,47.7,59.79,20.9,11.46,26.81,13.23,55.49,20.43,46.26,17.88,30.08,48.22,21.13,31.16,27.58,27.51,20.32,58.61,25.65,49.77,19.51,27.13,23.31,25.99,24.01,13.03,35.83,19.37,28.79
2022-04-19,26.11,28.66,26.38,24.2,49.28,44.92,51.87,11.68,22.86,32.32,31.31,23.31,35.03,29.11,35.49,29.02,14.46,13.56,17.01,25.43,19.61,15.5,18.51,29.27,37.08,23.09,36.4,19.23,23.8,21.59,23.54,27.05,25.2,12.64,14.89,33.75,15.91,21.16,,19.0,39.91,27.66,28.22,22.32,31.12,18.72,14.25,37.58,38.1,40.51,17.69,24.12,9.96,19.91,22.58,21.52,33.54,42.77,28.73,16.43,14.49,20.71,34.09,16.76,18.11,14.51,25.51,29.76,36.2,14.59,36.79,33.51,48.62,59.11,21.41,11.94,28.12,13.62,58.36,20.26,45.48,17.43,30.68,48.53,20.59,31.84,26.92,26.87,20.42,57.48,25.54,53.3,19.07,27.19,24.54,25.41,23.85,12.76,35.48,19.07,28.53
2022-04-20,25.97,28.6,27.45,24.44,49.64,45.18,51.34,11.73,24.96,33.48,31.19,23.27,32.97,29.18,35.22,28.99,14.64,14.81,15.36,25.53,19.61,14.13,19.24,27.33,35.64,22.97,36.66,21.22,25.7,20.9,22.52,28.77,31.35,12.53,15.22,33.22,13.86,21.08,,19.33,38.98,28.18,28.57,22.07,30.72,18.5,27.52,37.59,36.74,40.44,17.66,24.22,10.43,21.57,23.1,19.64,33.97,42.81,28.22,15.03,14.45,21.77,43.6,16.78,17.93,14.48,25.46,29.83,36.21,14.45,153.03,33.53,48.63,59.27,21.49,12.51,28.16,15.85,58.09,20.24,45.18,15.64,29.33,48.52,20.44,31.59,26.93,28.87,20.02,60.56,25.54,51.45,19.55,26.83,24.6,25.45,23.88,13.11,36.17,18.76,24.82
2022-04-21,24.97,28.91,27.51,24.25,48.9,45.01,52.78,11.74,24.68,34.52,30.68,23.38,31.64,26.77,34.77,29.09,14.38,15.05,16.2,25.19,20.0,14.15,19.17,26.29,38.11,24.35,38.11,21.15,25.85,27.0,24.73,28.13,31.43,12.6,15.28,32.29,16.3,21.14,,19.31,38.73,26.98,27.37,22.73,31.03,18.19,27.61,37.12,38.11,41.72,17.58,22.7,10.43,21.75,22.73,22.83,34.18,42.45,28.08,14.9,14.47,21.78,47.27,16.71,18.01,14.67,25.27,29.63,37.18,26.88,152.15,32.76,47.08,61.92,21.39,12.46,27.65,15.87,56.25,20.47,45.53,18.9,29.01,47.4,20.42,30.29,29.37,29.55,20.1,55.55,25.55,51.95,20.5,26.78,24.52,24.69,23.86,13.19,32.51,18.59,25.16
2022-04-22,26.48,29.77,25.58,26.32,36.12,44.71,52.82,13.65,23.9,35.33,30.12,23.41,31.32,27.91,34.3,30.02,17.33,14.54,17.99,25.83,31.31,14.23,21.93,26.82,37.84,27.27,38.13,20.63,28.17,27.78,29.9,31.63,32.1,13.3,18.79,31.63,16.87,22.94,,20.05,38.92,29.96,30.18,26.37,30.25,20.04,27.92,37.73,40.37,67.19,17.98,23.71,11.75,26.83,26.45,23.07,34.88,41.77,30.19,16.52,14.33,26.19,47.46,16.97,19.42,16.71,29.25,30.25,34.84,28.31,152.22,36.93,47.59,61.9,25.12,13.75,27.91,15.99,57.02,21.93,45.18,19.38,28.72,48.25,20.78,32.3,32.69,30.29,22.29,55.54,25.95,52.62,23.58,29.52,24.21,26.39,26.78,25.27,30.87,19.42,26.13
2022-04-25,25.67,30.27,25.96,27.21,36.46,40.92,50.22,13.63,24.26,36.43,25.84,24.25,31.38,27.33,31.32,30.88,16.95,14.7,16.23,26.15,32.05,14.07,22.37,27.47,39.59,27.95,39.49,21.34,27.9,28.33,33.68,32.5,33.13,13.04,19.26,31.39,16.39,23.77,,20.45,39.23,31.92,31.5,27.06,31.25,19.22,28.24,29.36,41.16,67.9,19.92,23.53,11.96,24.99,28.01,23.21,35.41,40.25,30.29,16.3,14.68,26.4,47.21,16.78,18.89,16.91,30.04,31.91,33.39,28.12,155.56,37.59,46.74,51.31,24.47,14.23,29.19,16.22,57.48,22.32,45.43,19.78,28.8,48.44,20.91,33.17,33.04,32.76,22.31,56.77,24.18,54.0,23.27,29.51,25.49,25.55,27.15,28.43,29.65,19.98,28.41
2022-04-26,27.73,29.5,26.89,30.37,37.48,42.31,51.81,13.91,24.88,38.22,29.64,25.62,34.84,27.13,33.39,31.53,16.77,14.35,16.73,25.85,32.79,15.47,23.33,28.94,38.62,28.79,38.91,21.69,27.2,27.63,32.85,33.57,33.72,12.81,20.62,31.51,16.26,43.67,,20.81,40.81,32.2,32.37,27.62,30.93,20.01,28.75,30.27,44.81,67.38,19.7,24.48,13.07,26.92,27.43,22.81,34.51,40.92,31.4,17.26,17.77,27.2,46.77,19.25,18.61,17.16,30.83,33.28,35.23,27.41,151.92,41.71,46.46,52.0,25.99,13.98,28.51,17.33,62.79,21.77,44.6,19.3,29.37,47.41,21.45,32.78,32.63,36.26,24.43,71.19,25.6,53.82,23.85,28.81,26.8,25.17,30.05,28.34,29.78,20.15,27.7
2022-04-27,27.52,29.67,26.68,30.05,33.65,42.1,51.49,13.96,24.53,36.25,29.37,25.64,42.91,27.1,36.83,30.82,16.7,14.73,16.59,25.78,33.45,15.4,23.0,35.22,38.01,28.11,39.64,23.66,27.21,27.16,33.3,33.06,33.69,12.72,21.26,30.57,16.22,44.1,,20.87,41.01,33.56,33.76,27.63,30.67,20.07,28.96,30.27,41.11,66.89,20.43,24.59,13.13,26.88,27.38,21.81,34.44,40.73,35.88,17.36,17.78,26.7,47.02,19.18,14.77,17.14,30.76,36.74,33.57,27.07,151.27,41.62,44.91,50.19,24.28,14.17,28.85,17.33,62.69,21.33,44.98,19.16,28.7,47.22,21.53,32.69,33.06,35.81,27.18,64.55,25.67,53.35,23.85,29.3,26.66,25.18,37.67,29.03,29.8,19.81,27.74
2022-04-28,31.45,29.77,26.99,30.82,33.0,45.7,55.35,20.97,23.39,40.85,31.85,27.15,40.65,28.3,35.01,28.54,17.6,14.55,16.6,25.68,33.5,15.22,30.98,37.58,41.09,28.53,45.04,25.6,25.15,29.91,29.73,33.39,31.45,12.59,22.26,30.75,16.31,42.11,,19.47,36.7,36.87,36.99,27.92,32.75,21.39,28.98,32.81,47.06,67.58,20.54,25.63,13.34,28.29,30.85,21.03,34.52,46.1,35.74,18.49,19.45,25.43,75.57,19.55,14.39,23.51,32.02,37.32,38.23,27.1,152.7,43.6,53.12,58.35,25.21,14.2,29.43,18.92,60.27,20.9,56.37,19.25,27.5,47.76,23.01,28.35,33.48,44.09,27.43,64.28,27.27,53.37,24.79,29.93,27.43,25.47,37.38,29.01,30.61,20.03,29.35
2022-04-29,33.47,36.16,30.05,33.82,34.54,45.49,56.13,22.02,28.26,64.47,34.35,30.26,41.04,29.42,38.12,30.26,20.05,14.43,17.87,25.62,33.35,24.68,34.07,39.47,41.51,33.88,47.28,27.13,29.75,31.65,29.88,33.56,32.38,17.09,23.28,32.77,16.96,43.43,,22.9,36.66,38.18,38.28,30.81,33.67,22.5,30.53,40.05,50.28,67.27,21.18,27.24,16.33,28.44,31.5,21.16,33.04,46.34,38.4,19.86,21.93,26.73,75.9,20.56,14.37,23.41,33.41,39.65,37.63,27.95,152.77,43.88,54.22,60.34,27.49,18.83,30.85,19.95,61.7,23.06,57.05,22.12,28.04,48.51,25.42,32.28,35.33,44.1,37.33,64.26,28.58,54.69,26.19,29.62,32.0,26.27,38.71,32.24,31.18,20.84,30.12
2022-05-02,34.11,37.15,30.36,34.95,37.35,46.44,55.67,22.59,27.95,66.05,38.7,31.17,42.14,28.4,38.68,30.52,20.28,14.29,18.4,24.63,34.12,26.59,34.62,40.33,42.44,34.72,48.85,29.08,29.71,32.78,30.92,34.41,33.91,17.55,23.77,30.47,17.31,43.98,,24.14,36.96,39.83,40.2,32.06,33.6,23.51,30.8,40.73,51.45,68.73,21.42,27.13,17.5,28.23,31.17,21.04,33.11,48.57,38.76,20.33,22.53,26.8,80.02,20.78,14.76,23.87,33.52,41.72,40.64,27.72,158.91,44.39,55.46,66.81,28.59,20.47,31.75,20.19,64.99,22.18,58.98,21.52,28.9,49.37,24.84,31.88,35.15,45.3,38.93,67.76,29.98,56.35,26.24,25.95,30.44,24.55,38.75,31.37,30.22,20.84,30.63
2022-05-03,33.62,36.63,29.59,34.14,36.48,45.5,54.87,22.19,28.18,64.5,37.97,30.47,43.97,29.97,39.78,30.58,19.77,14.88,18.12,26.33,33.39,26.1,33.81,39.77,42.94,33.86,47.84,28.43,28.98,32.58,31.43,33.54,33.23,17.11,23.23,30.35,16.89,44.81,,23.53,39.06,39.29,39.56,31.77,32.85,22.92,30.07,39.75,50.42,66.99,20.89,28.01,17.19,27.55,30.42,20.85,32.39,47.72,37.79,19.83,22.47,26.16,78.03,21.0,14.39,23.46,33.72,40.71,39.87,28.16,155.32,43.99,54.06,65.46,27.91,19.97,31.93,20.37,63.37,21.65,57.53,21.65,28.21,49.48,24.22,34.08,34.37,44.19,37.94,66.28,29.3,55.46,25.58,25.31,29.71,24.61,37.95,31.83,30.01,20.34,30.53
2022-05-04,35.79,37.08,31.46,36.15,38.28,48.01,63.38,22.93,29.12,63.45,40.29,32.95,45.19,33.62,39.7,36.5,20.51,14.94,19.96,30.13,36.44,28.64,35.92,42.53,46.23,35.9,48.79,31.17,33.35,34.35,32.22,36.26,34.34,18.44,23.68,35.4,21.64,47.27,,24.89,40.7,41.16,42.08,33.59,34.57,27.43,32.46,40.69,49.83,68.84,20.88,30.66,19.99,29.08,31.51,22.68,33.62,49.66,39.13,22.82,23.48,27.84,79.03,25.39,15.24,23.95,36.72,41.62,41.05,31.48,153.92,45.07,52.86,66.54,28.06,23.3,31.87,20.32,61.36,22.09,56.4,23.39,44.13,50.93,24.71,35.77,35.71,45.73,41.29,65.38,30.38,56.24,26.21,26.9,32.56,26.01,39.42,33.24,33.82,20.86,32.98
2022-05-05,40.09,36.9,32.31,39.87,41.77,45.92,65.22,23.01,28.45,67.23,41.01,35.19,44.86,34.45,40.47,38.82,20.36,14.91,21.42,29.64,37.21,28.68,36.72,43.74,45.41,39.61,52.78,33.46,34.81,34.41,33.99,36.53,34.97,18.29,24.17,33.8,22.36,47.35,,24.63,39.47,43.45,44.3,35.38,39.36,30.67,32.47,41.65,57.45,70.25,21.91,31.51,20.26,30.93,31.65,22.62,38.89,48.07,41.68,24.05,24.19,28.06,82.46,27.79,15.65,24.13,37.01,43.86,40.21,31.09,154.85,49.19,55.26,68.65,29.52,24.46,32.76,21.43,64.47,22.17,55.84,23.86,44.93,51.18,24.16,34.91,35.25,46.19,41.93,69.55,30.84,56.44,27.01,27.06,30.72,27.08,41.94,33.16,34.42,21.11,33.54
2022-05-06,39.92,34.65,32.25,39.89,41.27,45.58,65.03,21.76,27.47,66.97,40.53,35.77,44.64,34.34,39.08,38.35,20.04,14.95,21.44,28.71,37.27,28.19,36.67,44.55,47.74,39.54,51.2,33.41,35.22,35.43,34.2,36.24,34.88,16.73,24.42,31.93,22.24,47.33,,23.91,35.96,42.9,43.69,34.43,39.08,31.03,32.66,41.54,58.16,70.81,19.78,31.29,20.04,30.38,27.84,22.42,38.77,47.99,41.06,23.83,24.28,27.73,81.86,27.59,14.31,23.72,35.96,42.35,40.28,31.47,154.87,49.56,53.92,66.65,29.49,23.69,30.87,21.12,64.38,18.99,53.77,24.08,44.99,52.07,22.03,34.35,35.25,46.11,42.19,68.57,30.95,55.51,25.32,24.33,30.55,27.1,40.87,33.21,34.42,20.73,33.68
2022-05-09,42.14,33.31,34.01,41.41,42.52,49.71,74.41,22.6,33.19,69.9,41.82,38.22,58.31,36.21,48.86,40.27,18.33,15.47,20.54,31.25,40.66,28.19,37.25,46.24,60.24,36.72,53.42,34.1,34.35,43.33,35.36,35.29,36.38,17.06,28.22,32.66,26.65,53.24,,23.44,37.69,44.16,45.23,34.44,38.49,31.5,33.57,43.44,63.35,75.31,20.41,31.37,20.44,32.28,29.17,22.45,39.52,53.73,46.34,24.17,24.78,30.61,84.8,29.08,17.15,23.19,39.08,44.73,42.73,32.25,158.67,51.25,59.17,73.79,30.35,24.44,26.54,20.91,103.42,19.58,56.76,25.79,47.66,54.18,22.09,35.21,36.84,47.61,45.37,75.97,31.41,68.97,25.63,25.12,31.48,27.83,44.79,33.42,34.33,21.24,45.2
2022-05-10,41.75,32.85,33.15,40.47,44.95,48.93,73.53,22.23,33.16,68.42,42.47,37.47,56.96,35.56,47.86,39.71,17.87,16.72,20.08,31.46,39.92,27.77,37.12,45.35,58.84,36.13,53.15,33.77,33.51,42.46,34.56,34.82,35.95,17.44,27.54,31.85,25.99,52.15,,22.86,37.01,43.69,44.93,33.76,38.01,30.72,36.02,43.26,62.35,74.09,19.89,31.36,20.21,31.46,28.59,21.91,39.02,53.47,45.2,23.67,24.3,30.2,82.79,29.4,29.5,22.62,38.24,44.39,42.08,31.43,156.13,50.04,58.3,74.22,30.37,23.82,27.13,20.43,100.8,19.39,55.55,25.17,46.83,53.22,21.96,34.54,36.21,47.21,44.52,74.75,31.56,68.85,25.18,24.65,30.75,27.13,43.76,32.62,33.88,21.14,44.14
2022-05-11,44.5,31.75,32.38,39.68,45.66,48.89,72.71,22.22,33.23,68.62,43.17,36.25,56.98,35.55,48.17,39.79,16.96,16.06,20.08,32.26,40.2,27.75,36.89,45.43,56.3,36.08,54.03,33.24,32.95,41.97,34.51,34.28,36.25,17.7,27.35,31.63,25.92,52.06,,23.76,37.9,42.77,43.86,33.91,38.86,31.13,35.96,44.03,63.11,73.71,19.53,31.36,20.27,31.54,28.65,21.79,39.55,53.06,45.08,23.69,24.43,30.33,83.68,30.04,29.38,22.78,38.6,43.79,43.07,31.6,156.48,49.7,58.7,74.43,30.69,23.86,26.39,20.9,102.26,25.16,56.68,23.97,47.3,53.55,20.46,38.49,28.28,45.82,44.23,78.08,32.1,69.58,24.9,24.7,31.76,27.56,44.34,32.33,33.3,20.38,42.93
2022-05-12,44.63,32.26,33.42,39.73,46.63,50.01,72.42,23.15,33.18,69.33,43.17,38.08,57.66,35.64,48.15,39.83,16.97,15.05,20.17,33.07,40.26,27.91,40.28,47.45,55.87,36.07,54.0,32.74,32.96,41.43,34.36,33.53,36.01,17.15,27.45,31.66,26.19,52.39,,26.21,40.75,42.74,43.85,33.94,39.99,31.15,36.23,44.04,63.01,73.89,19.89,31.33,19.89,31.47,29.58,21.8,40.46,53.86,45.25,23.65,24.41,30.47,83.93,30.83,29.42,22.98,38.6,44.08,43.36,32.05,158.86,49.69,60.19,74.58,30.69,23.8,28.11,20.91,110.35,25.0,56.64,24.0,47.43,53.6,19.79,39.72,28.69,45.58,44.18,77.59,32.14,71.39,25.15,24.77,31.62,27.11,44.24,32.49,33.28,20.3,42.39
2022-05-13,45.94,29.0,33.75,40.74,49.17,52.38,78.61,22.55,35.61,71.93,44.17,39.49,57.17,35.72,47.11,41.4,17.04,15.52,20.63,34.29,40.23,28.25,39.74,48.65,57.02,36.65,56.45,34.15,32.93,41.62,33.76,36.83,37.78,17.3,27.81,31.9,26.8,53.34,,26.12,48.76,43.9,44.74,35.17,40.51,30.37,36.23,44.38,65.75,76.46,19.89,30.0,20.9,32.16,29.11,21.73,40.66,58.53,46.07,23.45,24.61,31.2,85.22,30.84,30.15,23.09,39.72,44.28,48.54,33.48,162.21,52.29,61.49,81.5,30.73,24.79,28.21,21.3,120.91,25.12,56.1,23.84,55.41,50.25,19.84,39.67,28.67,46.79,43.67,79.52,32.93,73.57,25.71,26.24,31.62,27.11,45.32,32.23,34.39,17.86,43.3
2022-05-16,45.17,28.33,33.51,40.49,48.45,51.52,76.75,22.88,35.66,71.87,42.8,39.23,57.05,34.31,47.67,40.44,17.58,15.87,20.64,33.7,37.23,28.32,40.14,48.9,57.75,36.58,55.82,33.78,33.11,43.01,33.66,36.31,37.92,17.56,28.23,32.01,27.0,53.23,,26.09,49.65,43.55,44.31,35.32,40.04,30.38,36.32,43.52,66.19,76.45,20.04,29.95,20.88,32.18,30.66,21.95,40.16,57.49,45.95,23.46,24.65,31.39,85.02,30.78,30.54,23.88,39.63,43.53,47.78,33.79,162.42,48.85,62.05,80.82,31.18,24.89,28.84,21.59,120.89,25.46,55.47,23.66,56.94,50.44,19.82,39.64,29.53,46.62,43.51,80.8,32.9,73.64,26.08,26.22,31.88,22.27,45.34,33.22,31.19,17.89,43.82
2022-05-17,45.32,27.66,36.28,40.22,47.71,53.88,80.01,22.48,35.27,72.59,44.13,40.73,62.02,35.75,49.74,40.61,18.12,16.72,21.49,41.71,37.95,27.64,40.38,52.12,56.51,35.69,54.49,34.94,32.51,42.01,34.72,35.85,39.72,17.2,29.02,36.15,27.19,53.12,,25.94,49.53,43.11,43.9,36.3,39.55,30.93,36.13,43.88,66.43,75.65,19.62,31.63,20.41,33.12,30.01,21.75,39.19,59.36,46.07,23.08,24.21,31.84,83.13,30.27,30.01,23.35,40.93,43.21,50.22,35.0,159.41,49.29,60.6,81.57,32.89,24.4,28.6,21.08,119.7,24.85,56.08,25.51,56.06,50.26,19.35,40.67,29.12,46.65,42.92,81.84,34.7,73.19,25.72,26.69,31.86,24.34,45.74,32.43,33.19,43.64,42.91
2022-05-18,48.77,27.47,36.44,44.22,48.38,56.22,83.1,22.4,35.32,75.14,48.92,41.15,63.2,34.75,51.85,41.64,18.6,18.25,22.31,42.24,38.38,30.42,40.43,52.01,56.84,55.29,55.62,38.09,37.26,42.73,36.53,36.31,41.02,17.18,30.24,46.62,28.19,53.17,,25.88,53.07,44.42,45.36,35.57,43.29,31.8,39.12,45.83,67.49,76.56,20.19,31.24,31.91,34.42,30.66,22.14,42.9,63.83,46.12,27.24,35.57,32.82,84.86,31.21,30.61,23.35,41.2,45.69,52.76,35.02,160.04,52.26,62.1,83.48,36.33,32.7,28.09,30.04,119.99,24.67,60.41,26.39,56.97,40.08,19.39,45.11,29.76,47.13,43.47,83.38,35.44,75.95,29.06,28.06,37.9,24.47,46.12,32.41,34.4,48.47,43.31
2022-05-19,48.52,26.82,34.55,43.12,47.34,55.76,82.4,22.33,34.81,73.3,50.39,40.44,61.61,33.83,52.28,39.6,19.14,18.22,21.98,42.16,38.06,30.28,38.91,50.59,56.42,53.92,54.52,61.68,37.18,42.61,36.48,37.57,38.35,17.15,29.12,46.2,29.85,52.74,,25.07,51.34,43.55,44.6,34.87,42.41,30.53,39.51,44.47,66.85,72.25,17.18,30.32,32.13,34.42,32.29,22.46,42.54,63.63,45.5,26.25,34.28,31.96,83.97,29.88,33.0,23.27,39.8,45.06,52.73,34.91,160.21,49.63,62.21,83.18,35.6,32.47,25.8,30.04,118.35,30.91,60.18,26.66,56.51,38.29,19.33,44.53,29.77,47.49,43.1,82.41,35.32,73.14,29.62,29.71,37.97,24.48,45.94,32.33,33.77,48.14,43.17
2022-05-20,48.59,26.81,33.62,43.19,47.36,57.01,82.53,22.51,36.69,73.54,50.37,40.08,62.69,33.88,52.28,40.16,18.73,18.04,21.94,42.12,39.72,29.46,38.83,50.63,56.33,52.8,55.38,62.1,36.51,42.64,60.55,36.37,34.72,17.12,28.4,46.35,30.0,52.74,,24.87,51.53,43.45,44.57,34.22,41.35,30.89,31.42,44.36,67.5,71.12,18.31,30.2,32.31,33.58,35.28,22.19,41.28,63.63,45.74,27.64,34.1,30.38,79.77,30.67,32.95,23.61,38.93,44.96,52.67,35.41,72.69,50.4,62.58,82.99,36.73,32.03,28.06,28.02,118.31,30.96,60.3,26.46,57.07,38.82,19.29,44.09,29.83,46.36,43.11,83.34,35.69,73.51,29.58,29.52,39.05,24.39,45.9,32.14,32.8,47.58,43.21
2022-05-23,51.93,26.82,33.5,44.19,47.87,58.93,82.74,22.1,38.18,75.0,52.43,43.37,66.2,39.39,53.48,40.64,17.38,18.38,22.97,46.97,36.54,30.77,39.3,54.21,55.82,56.08,53.69,63.61,36.05,40.03,66.56,33.45,37.08,17.74,28.46,47.8,30.87,53.51,,23.99,52.75,42.8,44.34,33.44,40.76,30.19,32.72,45.32,67.62,52.09,19.93,37.02,34.8,30.73,32.94,20.92,40.32,64.69,47.16,28.63,35.25,27.62,78.24,30.8,33.3,22.59,38.83,46.88,52.55,27.82,73.95,50.0,62.35,82.81,36.49,33.54,26.86,30.36,121.1,30.55,60.41,26.84,58.22,37.82,20.04,43.83,24.77,45.77,44.59,84.27,35.61,75.16,29.07,28.13,40.77,24.8,47.77,26.18,37.45,50.53,43.49
2022-05-24,50.89,26.37,32.84,43.26,47.23,58.37,82.21,21.9,39.44,73.46,51.16,42.66,65.01,38.47,52.86,39.98,17.05,18.45,22.42,45.85,35.82,31.06,38.43,53.03,54.48,55.83,52.76,62.37,35.42,39.07,65.13,32.65,38.14,18.64,27.92,46.66,30.8,52.24,,23.64,51.81,45.01,46.15,32.75,39.89,29.47,32.77,44.24,66.55,50.91,19.81,36.48,34.63,30.0,32.23,21.93,39.4,63.83,46.62,29.66,34.91,27.38,81.27,30.26,33.09,22.08,37.91,45.75,53.38,28.95,72.98,48.82,61.23,81.84,35.79,33.14,26.27,30.61,118.96,32.12,59.68,26.96,56.87,37.37,20.84,42.86,24.86,44.82,43.56,84.16,34.97,78.92,28.75,27.5,39.79,24.28,47.32,26.63,36.69,49.98,42.44
2022-05-25,50.75,27.09,32.79,42.48,47.15,58.61,81.83,21.82,39.39,74.19,51.54,43.66,66.3,38.51,55.21,40.2,17.01,20.23,22.26,45.84,36.44,30.9,38.72,54.13,51.25,56.11,52.71,62.19,35.56,38.21,64.26,32.35,38.3,18.67,27.82,46.68,30.79,51.98,,23.77,52.61,43.27,44.6,32.71,40.09,29.4,32.73,44.31,72.83,51.32,18.14,36.56,34.4,30.15,31.55,22.12,39.69,64.2,46.69,29.36,34.74,26.76,81.24,30.24,33.76,22.54,37.9,45.06,53.68,28.96,74.47,49.15,66.98,83.69,35.86,33.06,25.93,30.58,121.08,32.56,59.31,26.98,56.85,38.98,20.34,43.23,24.83,44.51,43.93,87.26,35.26,76.57,28.62,27.2,39.39,24.29,47.27,24.55,37.29,49.85,40.31
2022-05-26,50.42,27.22,32.24,43.07,45.73,59.55,81.19,21.55,39.6,75.39,50.76,44.43,68.24,38.63,54.86,41.34,16.89,22.6,22.27,45.98,35.52,30.74,38.01,54.91,51.12,60.17,52.59,62.81,35.68,38.0,64.54,29.9,38.12,18.82,28.41,47.45,30.87,39.77,,23.38,52.5,43.53,44.1,32.77,41.2,28.71,32.55,44.56,72.34,49.75,18.02,35.35,34.16,27.92,31.78,21.99,41.83,63.91,45.84,29.44,33.66,32.34,81.61,28.49,33.95,22.93,37.95,43.56,53.14,28.87,72.58,48.35,65.97,83.86,35.81,33.16,25.91,30.61,120.8,32.66,59.6,27.64,56.86,41.29,19.53,44.39,24.3,40.72,42.58,83.04,34.38,79.31,28.1,27.97,38.89,24.31,45.5,23.78,37.83,51.01,40.25
2022-05-27,52.56,26.95,32.71,45.58,48.25,60.69,81.66,21.62,40.33,77.0,54.46,45.47,65.78,38.69,53.11,41.86,18.18,23.24,23.64,45.84,35.64,30.92,38.01,51.08,51.03,60.5,52.01,62.43,35.67,37.92,65.91,35.57,40.3,19.06,29.11,48.55,31.73,39.31,,23.34,53.25,44.37,45.04,33.09,41.63,28.98,32.84,45.37,73.57,49.21,17.7,35.12,34.11,29.16,33.03,22.05,42.47,65.07,43.22,29.8,34.41,32.34,80.73,28.95,33.95,22.9,38.26,41.43,54.29,31.24,70.73,49.31,67.41,85.59,36.25,33.19,25.76,31.29,122.21,32.64,60.69,28.4,57.57,42.15,19.67,44.68,23.7,44.9,40.79,87.3,35.03,80.31,28.33,27.82,39.2,24.11,40.71,22.68,37.86,51.93,39.61
2022-05-31,49.76,17.87,30.26,42.79,47.64,58.43,79.81,11.8,38.43,59.11,52.27,43.54,66.59,37.62,51.04,39.85,15.33,23.75,22.69,45.75,36.32,25.46,25.46,48.75,50.4,59.01,45.54,62.28,32.76,36.19,67.32,35.12,40.03,16.58,27.93,46.08,31.87,37.26,,19.22,53.99,41.55,42.48,29.67,39.42,28.91,32.11,36.76,69.35,48.64,17.24,33.28,34.45,29.0,32.8,21.84,41.08,62.65,38.31,28.0,31.85,32.29,59.3,27.91,34.68,17.9,36.31,38.94,51.4,30.56,67.72,48.01,60.84,80.82,34.46,32.54,24.41,30.0,123.34,32.24,49.28,27.19,58.1,40.44,14.23,41.62,20.53,38.99,32.08,89.47,31.49,76.53,26.88,27.59,34.36,21.77,38.41,15.81,36.36,52.61,39.23
2022-06-01,49.73,17.98,31.12,42.47,46.71,58.68,78.53,12.35,38.25,59.29,50.7,43.56,66.57,37.81,50.96,40.23,15.48,23.5,22.52,46.45,36.34,23.95,25.45,49.15,50.93,59.2,56.86,61.85,32.75,35.87,67.32,35.38,39.69,16.04,27.9,47.2,31.7,37.27,,18.79,53.91,40.96,41.75,30.0,38.86,28.39,32.09,35.22,69.12,51.31,17.25,34.13,33.91,29.62,32.74,21.81,40.25,63.04,38.1,28.08,31.83,33.02,56.53,28.64,34.67,17.71,36.39,37.84,50.2,29.73,66.19,47.77,60.94,78.83,34.32,31.64,24.19,30.07,122.56,31.75,47.65,27.08,59.04,39.88,14.2,42.78,20.54,39.37,31.12,88.25,31.08,76.16,26.57,27.76,34.49,24.02,38.5,15.67,36.78,52.93,39.4
2022-06-02,50.01,17.56,31.82,43.52,50.13,59.23,81.63,15.14,39.88,60.32,50.65,44.2,70.8,36.66,52.27,42.07,15.49,23.44,22.74,45.58,36.44,23.92,25.48,48.99,50.58,64.22,61.57,62.1,32.77,35.67,67.5,38.27,40.13,15.95,28.41,47.22,32.16,36.08,,20.52,52.45,42.37,43.27,29.77,40.16,29.93,32.0,35.7,70.89,54.52,17.27,33.84,34.05,33.34,34.44,21.65,41.15,63.9,38.52,28.07,31.4,33.19,59.97,28.48,34.67,18.21,35.66,37.88,50.75,30.96,69.68,49.11,64.51,82.49,35.07,31.76,23.56,30.27,127.89,31.75,50.03,27.23,60.3,40.41,14.2,41.0,20.54,40.22,31.15,90.16,31.2,81.8,26.56,28.63,35.16,23.84,39.04,14.85,36.63,53.49,39.16
2022-06-03,49.04,16.86,30.47,41.94,49.56,57.69,76.96,14.38,39.77,60.77,49.24,42.67,70.17,33.95,52.74,38.55,14.28,23.79,21.22,43.89,33.79,21.34,24.84,46.67,48.89,63.31,60.49,60.68,29.22,34.39,67.08,38.35,39.64,14.77,28.25,44.73,28.59,34.03,,18.18,52.22,41.12,41.5,28.65,38.33,25.61,29.74,35.44,70.83,54.56,16.87,32.6,32.48,32.34,33.62,19.87,39.84,62.77,37.38,25.4,30.26,32.98,57.82,24.89,34.06,17.42,32.84,36.63,56.12,29.39,70.13,48.56,63.93,82.8,34.3,29.37,23.63,30.1,127.25,31.59,50.08,25.83,50.58,40.14,13.22,39.52,18.91,39.65,26.81,92.93,31.63,80.78,26.2,27.48,33.58,22.95,38.03,13.4,34.0,52.96,37.38
2022-06-06,46.58,17.06,29.84,38.35,45.22,56.7,75.69,15.09,39.99,55.24,48.63,40.87,70.66,33.5,53.1,34.78,14.48,24.76,20.12,44.53,32.64,21.17,23.08,46.3,47.82,62.2,55.5,61.08,26.19,34.1,67.84,38.53,38.72,14.52,27.13,45.82,28.92,34.0,,19.95,52.74,39.25,39.71,26.53,33.76,21.89,30.11,34.35,64.16,51.62,15.84,31.99,33.19,30.49,33.95,19.62,35.15,61.47,34.59,24.75,30.53,33.69,54.67,23.09,34.55,17.68,32.43,34.17,56.37,29.56,63.9,42.69,60.45,80.52,33.82,29.44,21.69,30.0,125.88,31.96,48.03,25.79,48.0,39.78,13.0,40.29,19.38,39.91,24.52,91.91,31.32,81.71,25.36,27.0,33.46,21.28,35.04,12.78,34.08,54.21,37.55
2022-06-07,45.99,17.98,29.09,37.41,44.1,55.29,73.83,14.72,39.11,54.23,48.03,39.99,69.05,32.74,51.93,33.91,15.52,24.14,19.71,43.67,32.14,20.65,22.58,45.68,48.61,60.62,54.51,59.63,25.58,33.73,66.34,37.88,37.74,14.63,26.8,44.78,29.64,33.47,,19.62,51.72,38.25,38.71,25.87,33.05,21.75,29.37,33.53,62.81,51.18,15.87,31.18,32.45,29.75,34.4,21.6,34.34,60.01,33.86,24.16,30.22,33.2,53.39,22.58,33.87,17.37,31.65,33.7,54.97,29.03,62.29,41.74,59.51,78.52,32.99,28.81,21.35,29.67,122.88,31.19,46.94,27.48,46.81,38.9,12.73,40.54,19.06,39.18,24.01,89.69,30.83,80.13,25.26,26.93,32.83,20.76,34.19,12.58,33.3,52.85,39.21
2022-06-08,44.6,17.53,25.03,36.21,41.86,51.52,65.17,14.46,33.08,50.66,47.08,38.1,56.94,31.43,42.06,32.31,15.52,24.26,19.4,42.17,28.31,20.73,22.34,45.18,28.92,60.61,52.42,59.73,25.85,21.1,66.38,34.77,36.23,15.74,21.71,45.24,26.1,22.5,,19.48,50.74,37.32,37.26,26.62,33.35,22.33,29.51,37.23,56.23,44.02,15.94,31.24,32.49,29.0,32.78,22.35,34.14,55.05,26.42,24.18,30.1,30.71,51.8,21.67,44.5,17.57,30.08,31.01,54.66,28.1,59.9,40.07,53.03,70.39,33.29,28.68,21.42,29.86,87.28,32.72,45.16,23.93,44.57,35.79,13.58,40.37,16.61,34.08,20.6,84.25,31.82,67.02,23.52,28.33,34.9,21.57,28.6,12.61,33.64,52.3,22.47
2022-06-09,45.74,19.33,25.85,37.36,39.95,54.23,66.11,15.49,31.78,53.27,45.9,39.64,59.06,33.77,43.88,32.42,15.55,23.31,21.3,42.59,29.56,20.75,22.97,47.85,31.84,60.68,52.49,59.54,26.03,22.99,67.0,36.4,38.5,17.07,22.05,45.24,27.0,25.37,,20.66,51.38,37.8,37.62,28.92,32.59,22.75,26.58,37.39,57.85,46.21,17.47,30.89,32.86,31.38,34.83,24.0,33.56,56.54,29.94,24.55,30.87,32.02,56.59,20.61,38.3,18.6,31.15,31.25,56.0,28.46,62.77,41.45,54.29,70.46,34.5,29.25,24.44,30.3,89.56,33.2,45.34,25.18,43.56,36.67,15.2,41.82,16.45,34.78,21.77,83.94,31.96,66.93,23.7,29.08,35.31,24.21,31.81,12.85,36.54,52.28,25.13
2022-06-10,44.07,19.86,27.68,38.23,47.59,56.13,67.88,15.72,35.05,56.02,46.06,41.88,61.07,36.26,52.5,40.04,16.05,23.57,23.54,44.98,33.03,20.77,23.1,51.79,32.9,60.43,53.78,59.52,26.15,23.45,67.65,37.61,39.9,16.73,25.23,48.46,26.98,30.4,,19.59,52.15,39.27,39.24,35.15,33.56,24.58,26.91,36.98,58.71,46.84,17.52,35.27,32.82,32.84,35.79,24.04,35.78,57.57,33.77,25.43,30.88,31.92,56.66,25.3,38.38,17.98,34.86,33.04,58.04,29.62,61.06,42.97,55.34,70.99,35.31,29.23,27.78,30.07,85.96,28.89,44.71,26.15,45.35,38.15,15.14,39.01,17.04,35.62,23.16,79.3,32.16,69.48,23.92,30.27,34.9,26.05,33.7,12.67,42.31,52.56,26.52
2022-06-13,44.33,20.9,29.49,40.41,49.71,56.63,69.04,15.52,38.7,56.92,47.8,42.77,67.26,38.68,57.42,41.73,17.75,26.66,26.27,47.16,36.69,20.57,23.14,52.58,37.23,61.71,59.89,59.94,27.85,29.23,69.84,37.61,41.0,22.3,26.92,50.31,29.01,33.91,,18.69,50.95,41.08,41.46,34.76,33.25,24.98,27.23,38.6,60.09,46.21,17.76,37.63,32.69,34.5,36.95,24.74,36.64,56.78,35.79,26.12,32.12,32.77,59.57,24.45,40.15,18.88,35.78,35.32,57.64,33.56,60.46,43.31,60.1,69.98,39.32,29.35,30.53,31.47,74.66,32.18,46.65,30.34,40.54,40.25,22.73,40.18,24.02,36.0,28.58,82.09,32.49,76.04,25.87,29.6,35.62,29.43,35.44,16.21,43.14,53.69,32.15
2022-06-14,43.42,20.57,30.19,39.4,48.45,55.32,67.31,15.18,38.7,55.57,46.76,41.77,68.53,37.98,56.1,40.87,17.53,26.92,25.8,46.05,35.76,21.72,22.7,51.25,36.36,60.26,58.46,58.42,27.15,28.49,68.18,36.69,40.11,22.98,26.38,68.28,28.34,33.23,,18.43,51.25,40.12,40.49,33.88,32.77,24.38,26.57,37.83,58.58,45.27,17.98,37.07,32.94,34.21,36.02,24.86,36.09,55.56,35.03,25.47,31.4,32.23,58.1,23.87,39.2,18.49,34.88,34.71,56.24,33.12,58.99,42.23,58.71,68.5,52.68,29.36,29.76,32.01,73.4,31.48,45.74,29.68,39.52,39.75,23.87,39.17,24.03,35.14,27.88,80.79,31.81,74.33,25.78,28.95,34.88,30.2,34.67,16.19,43.89,52.47,31.33
2022-06-15,44.19,19.78,31.05,40.25,48.96,55.52,68.09,14.65,39.71,58.48,47.16,41.93,74.98,38.78,55.64,40.09,16.57,26.61,26.02,47.73,35.45,21.58,22.58,51.25,36.03,60.42,58.78,59.15,27.02,27.12,67.82,36.71,40.57,22.7,26.37,68.2,28.46,33.94,,19.0,51.98,41.51,41.79,35.28,32.84,24.67,26.53,38.77,58.75,46.5,18.26,37.32,33.09,34.67,34.86,24.74,36.16,55.43,35.14,25.45,31.86,32.15,59.75,23.46,38.68,16.47,35.35,36.46,56.39,35.37,64.84,43.09,58.65,70.04,52.42,29.4,29.59,31.47,73.63,30.93,45.75,29.83,37.69,39.15,23.43,39.58,22.55,35.65,28.26,80.94,32.29,75.65,25.68,29.04,34.89,30.71,34.97,15.0,44.75,52.43,30.98
2022-06-16,44.69,20.31,27.41,41.59,49.37,56.99,66.16,15.79,40.57,57.74,47.23,44.23,71.87,36.38,56.88,40.16,15.01,26.6,27.12,39.89,38.78,21.55,27.8,50.18,42.49,60.54,61.72,57.58,27.08,32.52,67.78,36.92,38.48,22.7,31.12,66.88,28.96,37.09,,18.13,57.64,42.43,42.61,33.57,32.79,23.96,25.32,37.8,60.41,45.73,18.15,35.6,33.14,34.6,35.16,25.42,38.51,56.84,37.89,25.78,31.87,30.53,61.07,23.64,38.24,16.17,33.27,36.59,55.52,38.05,65.45,46.17,66.15,69.72,51.41,29.39,29.77,31.79,74.8,30.85,50.81,30.03,40.33,38.57,23.39,37.37,23.08,34.37,28.26,84.04,29.73,78.61,25.76,27.9,34.79,29.31,35.23,15.15,42.43,34.09,33.59
2022-06-17,40.92,19.97,27.34,36.65,48.68,55.69,63.43,17.22,40.46,52.75,43.05,46.87,69.85,35.22,56.62,38.57,15.76,25.44,26.36,38.37,38.17,16.97,28.97,51.28,51.59,38.53,60.5,55.96,20.21,34.88,67.25,36.31,36.49,23.14,30.67,59.49,28.09,37.48,,19.1,54.91,40.96,40.85,33.47,27.54,22.65,21.04,35.06,58.39,43.97,17.13,35.25,22.45,33.62,34.71,25.08,34.41,52.46,38.03,20.35,19.22,30.58,59.88,22.94,38.05,16.03,32.48,33.45,54.98,37.72,60.74,41.73,64.87,66.24,48.5,19.99,29.89,24.03,77.8,30.84,45.61,28.97,38.9,37.56,23.55,33.42,24.22,33.76,28.3,81.31,28.82,78.41,21.31,26.22,27.62,29.24,34.83,15.21,42.07,24.96,39.05
2022-06-21,42.96,25.23,28.92,38.55,49.71,60.84,65.39,18.08,41.06,54.74,42.7,48.01,68.55,37.34,57.44,43.88,20.44,25.41,27.89,40.92,36.82,20.82,29.69,52.53,57.36,40.1,61.7,20.02,21.84,39.31,42.92,36.91,37.43,24.19,32.4,60.13,27.65,38.14,,23.13,56.81,43.7,43.95,35.08,27.96,22.96,19.95,37.18,59.5,44.9,17.86,37.02,22.49,35.63,31.03,28.43,33.75,55.34,39.56,20.65,20.77,31.67,62.1,22.93,37.23,21.53,34.72,35.46,57.2,39.56,61.12,41.58,65.93,69.14,48.54,21.51,30.17,26.4,80.39,26.41,47.92,33.09,39.48,40.98,26.68,33.39,27.01,35.21,30.99,86.34,30.19,79.29,30.25,23.89,26.15,31.09,36.42,19.18,43.57,26.36,45.75
2022-06-22,40.28,26.57,28.46,37.86,49.11,59.23,64.9,18.14,41.05,54.74,41.67,45.63,68.09,30.19,57.89,43.55,20.3,25.6,26.19,34.26,37.95,20.87,28.8,49.49,59.29,39.14,61.7,20.4,21.66,40.42,37.27,37.0,34.86,24.24,32.42,60.14,27.15,38.19,,24.03,56.41,43.06,43.15,32.6,27.97,23.4,19.11,36.87,59.49,46.51,17.23,29.28,19.7,34.93,32.68,27.44,33.69,54.79,36.82,20.37,20.29,30.81,61.45,22.88,48.31,22.14,31.44,33.48,56.74,40.12,63.58,43.39,65.86,69.1,48.21,20.33,31.09,25.62,80.93,25.71,48.16,32.46,39.52,39.25,26.54,33.35,27.13,35.59,29.43,86.23,30.11,78.92,30.7,23.12,25.45,28.56,32.66,19.18,38.72,24.74,47.08
2022-06-23,40.65,26.85,28.63,37.46,50.34,58.6,63.65,18.22,39.97,54.3,41.68,45.52,67.03,30.47,58.0,44.29,20.9,25.55,26.16,34.51,40.99,20.02,28.85,49.41,61.58,40.1,61.96,20.75,21.86,41.46,43.43,39.53,32.69,26.25,32.31,60.23,26.64,38.15,,24.56,56.11,38.26,38.79,32.79,29.35,23.88,18.19,36.93,60.45,47.12,18.66,28.58,18.99,34.91,33.17,26.11,34.29,54.3,36.29,17.99,20.01,30.06,56.78,22.27,49.01,24.9,31.44,34.51,55.43,40.53,62.38,44.49,67.63,67.24,48.44,20.27,31.93,26.78,78.46,23.74,47.62,32.14,40.36,38.69,26.89,33.61,26.6,38.63,30.1,81.74,30.04,72.17,31.32,23.18,25.87,28.63,32.3,19.92,38.9,25.87,47.93
2022-06-24,41.6,26.87,30.98,40.75,51.41,60.47,66.76,18.53,40.16,54.92,42.41,45.56,69.07,30.56,58.58,45.87,21.64,24.04,30.95,37.08,43.12,20.75,28.61,52.61,62.95,40.47,66.27,22.92,23.42,41.5,46.27,39.48,34.99,26.79,38.06,64.15,28.3,42.58,,24.44,59.11,41.76,42.15,39.21,30.21,26.85,20.1,38.72,55.67,47.54,19.04,30.86,20.26,35.73,35.99,27.01,36.05,57.37,39.51,19.0,21.98,31.31,62.56,25.87,49.23,25.11,37.12,36.35,57.17,40.65,63.16,47.11,63.87,67.69,50.91,20.63,33.87,26.78,80.32,23.71,49.45,33.52,42.3,39.77,27.21,35.3,27.38,37.46,29.7,81.52,32.17,72.46,31.48,25.48,27.26,32.56,36.08,21.2,47.36,25.78,47.91
2022-06-27,38.84,27.36,30.4,36.78,49.01,54.45,61.57,18.6,39.56,54.28,33.82,43.23,69.08,29.05,57.42,44.37,21.22,19.12,29.43,36.25,42.78,21.14,29.11,51.25,64.38,36.73,68.87,21.29,23.82,42.95,44.75,34.35,31.35,26.94,36.55,64.43,27.7,39.66,,24.88,57.18,40.66,41.39,38.07,27.19,25.72,18.92,35.79,54.18,47.49,19.3,29.75,20.61,34.82,34.57,27.54,33.06,53.02,38.87,17.72,21.25,25.35,61.17,24.88,49.84,25.4,34.59,35.77,53.23,39.61,64.13,45.27,64.07,63.59,51.03,20.64,34.81,26.68,82.81,24.21,47.86,33.35,41.29,35.16,27.78,33.81,28.32,31.28,30.25,75.35,29.42,71.85,32.85,24.97,25.44,32.04,35.22,21.49,46.36,24.05,50.01
2022-06-28,39.03,26.7,30.13,37.21,49.31,53.31,63.08,18.15,39.52,55.95,33.02,42.14,67.24,28.32,56.41,43.34,21.7,18.67,28.83,35.37,41.71,21.11,28.66,49.89,64.49,37.19,70.42,21.33,23.59,42.8,43.79,33.9,30.52,26.42,35.69,62.75,27.35,38.62,,24.42,55.85,41.71,42.18,37.06,30.22,25.2,18.63,35.22,55.03,46.99,21.45,28.96,20.31,33.92,35.35,26.91,36.53,51.97,39.13,18.2,21.25,24.92,61.73,24.62,48.67,26.67,34.09,36.47,51.83,39.14,64.91,50.59,64.85,64.22,50.43,20.6,34.75,26.47,81.67,23.57,48.58,32.65,40.7,34.27,27.17,32.93,27.67,30.74,30.96,75.42,28.65,70.9,32.03,24.3,25.02,31.19,35.39,21.18,45.16,23.82,50.0
2022-06-29,38.5,26.25,30.53,36.45,48.37,52.49,62.02,18.04,38.52,54.87,32.33,41.23,65.56,27.67,55.01,42.58,21.29,18.62,28.19,34.51,40.94,20.86,28.2,49.09,63.79,36.26,68.68,20.79,23.04,41.9,43.06,33.13,29.77,25.86,34.91,62.11,26.69,38.62,,23.89,54.54,40.67,41.12,36.59,30.26,24.82,18.43,34.37,53.83,45.92,20.91,28.24,20.02,33.07,35.0,26.24,35.96,50.98,38.72,19.25,21.16,25.12,61.05,24.02,48.11,26.11,33.28,36.08,51.01,38.19,63.27,49.44,63.3,62.97,49.33,21.07,34.0,26.12,79.7,23.43,47.43,31.85,39.67,33.43,26.53,32.47,27.68,29.99,30.39,73.67,27.93,69.63,31.59,23.69,24.53,30.4,34.69,20.96,44.06,23.22,50.18
2022-06-30,38.84,25.5,30.32,36.08,47.78,52.45,61.97,17.96,38.14,52.77,32.32,41.27,65.7,27.88,55.62,42.67,21.31,18.93,28.24,35.03,41.4,20.94,28.07,48.59,63.77,36.72,68.88,20.53,22.77,41.76,43.09,33.05,29.23,25.91,34.9,62.78,27.18,38.75,,24.11,56.57,41.4,41.68,37.03,29.95,24.85,18.41,34.56,53.61,45.93,20.77,28.41,18.79,33.01,33.09,27.58,35.51,50.89,39.13,19.27,21.16,24.56,61.11,23.99,48.26,26.31,34.2,36.27,50.5,37.92,63.22,48.26,62.96,63.21,49.37,19.4,35.3,26.48,79.64,23.48,46.64,33.13,38.76,33.43,26.87,32.55,27.69,30.47,30.31,73.79,28.29,71.08,30.68,23.41,24.68,29.84,34.86,20.98,44.09,23.18,50.7
2022-07-01,39.45,25.19,30.29,36.39,47.86,54.22,62.43,17.98,37.95,53.97,32.43,41.81,66.01,28.78,56.08,42.92,21.16,20.49,29.28,35.85,41.02,21.98,30.18,49.77,62.7,36.1,60.53,20.4,23.42,41.9,43.32,33.55,30.51,27.17,35.28,62.23,27.43,38.84,,24.38,57.12,41.39,41.66,37.04,30.72,25.18,18.37,35.3,53.57,44.22,20.84,29.0,20.32,32.81,32.92,27.76,35.85,55.67,39.44,20.68,22.03,24.74,60.78,23.55,48.76,26.47,34.46,36.53,50.66,40.14,63.96,48.22,63.03,64.17,49.65,19.98,35.03,26.62,79.25,23.88,47.5,33.24,39.57,33.9,28.59,31.93,28.3,29.96,30.68,73.73,29.75,72.96,30.5,23.52,24.74,29.68,35.14,21.87,44.95,22.0,50.9
2022-07-05,38.31,25.83,29.89,36.11,44.5,53.9,57.33,17.13,36.01,55.23,32.48,41.59,62.73,29.02,52.22,41.25,22.2,20.86,29.46,36.25,40.73,22.59,30.39,50.5,66.08,27.62,57.06,19.94,22.88,42.77,43.42,28.53,30.5,29.73,35.43,64.12,31.26,39.72,,23.97,57.46,42.83,42.77,37.47,30.15,23.44,20.61,34.58,51.49,38.77,21.48,28.49,21.08,32.22,31.78,32.05,36.08,54.5,39.64,21.18,22.85,23.03,60.71,23.41,49.78,26.66,35.17,37.28,51.3,40.45,61.86,48.36,60.75,59.91,50.22,19.89,35.92,27.06,78.0,24.86,45.0,37.08,37.95,31.82,31.07,33.05,28.68,28.39,31.31,65.81,29.17,71.79,32.17,24.23,24.12,30.09,34.74,22.2,46.1,21.45,52.44
2022-07-06,38.44,26.05,29.89,36.19,45.23,54.17,57.61,16.7,36.19,54.7,33.31,41.43,62.83,28.93,51.82,41.15,22.22,21.0,29.32,36.21,40.34,22.56,30.08,49.91,65.97,27.52,57.03,21.18,22.8,42.7,43.03,29.22,30.56,30.13,35.74,63.94,32.64,39.53,,22.54,58.01,42.32,42.35,37.41,30.17,23.7,20.1,34.99,51.69,38.78,21.48,28.46,21.07,32.46,31.82,33.59,35.85,54.64,39.51,21.22,22.86,23.15,60.32,23.58,49.71,26.67,34.8,37.59,51.5,39.92,61.87,48.41,60.78,60.21,49.87,20.11,36.82,27.24,78.88,26.49,45.33,37.15,38.07,30.57,31.34,33.12,28.72,29.16,31.32,65.55,28.91,72.57,32.68,24.03,23.93,29.89,34.77,22.01,45.98,21.57,52.53
2022-07-07,38.9,25.44,30.02,36.53,45.93,58.06,62.36,16.94,36.18,55.09,34.84,42.26,63.45,31.3,53.23,41.54,21.93,20.98,29.87,36.46,44.32,23.74,29.88,50.41,64.94,27.5,56.99,21.67,22.91,42.74,47.52,28.93,31.31,29.81,35.73,64.06,31.24,40.49,,22.39,60.48,44.18,44.35,38.05,30.56,22.98,21.49,37.37,51.51,38.05,21.13,30.49,21.19,32.37,30.71,31.62,36.45,59.54,39.68,21.28,22.39,22.65,60.59,23.43,50.2,26.63,35.82,37.35,52.83,40.04,62.77,50.47,59.97,63.36,49.87,20.07,36.8,26.93,79.69,26.51,50.06,34.78,38.04,31.02,31.23,32.2,28.53,28.74,31.11,68.42,30.31,75.29,32.43,23.83,23.82,29.88,34.81,21.85,46.38,21.09,50.92
2022-07-08,38.91,25.49,29.45,36.42,45.88,58.03,62.17,16.93,36.23,54.93,34.82,42.43,63.42,31.25,52.66,40.79,21.89,20.94,29.89,36.34,43.51,23.98,29.77,50.09,65.18,27.47,56.76,21.28,21.68,42.36,46.65,28.74,31.56,29.44,35.74,63.6,30.77,40.82,,22.36,60.38,44.24,44.37,37.5,30.25,22.74,20.95,32.85,51.56,37.79,21.02,30.26,21.11,32.24,30.75,30.25,36.16,59.55,39.69,20.6,22.12,22.67,60.44,23.44,41.51,26.25,35.02,37.27,52.46,39.57,62.23,50.3,60.0,63.37,49.43,20.11,36.69,26.66,79.72,25.45,49.84,35.03,37.75,29.72,30.95,31.48,28.52,28.2,29.86,68.85,29.33,74.76,32.32,21.85,20.39,29.71,34.88,21.89,46.22,20.79,50.49
2022-07-11,34.68,23.01,27.99,35.19,37.68,56.12,62.92,16.04,34.41,51.36,36.03,40.55,60.01,26.33,47.85,35.36,22.03,20.77,27.8,32.56,43.37,24.07,30.65,44.74,66.87,27.1,55.78,20.25,21.79,43.42,46.78,25.41,27.9,29.82,35.14,63.45,30.76,38.53,,21.39,61.52,44.71,44.72,29.82,28.01,21.14,19.33,32.25,47.9,35.41,19.86,26.0,20.41,32.13,26.77,29.89,33.88,59.8,36.16,18.43,20.81,20.91,57.86,18.51,42.74,25.91,30.92,33.46,49.86,39.42,61.42,50.29,59.04,62.68,47.78,19.58,32.86,26.51,79.85,25.36,51.02,34.74,35.94,28.06,30.71,28.56,29.03,25.89,29.21,74.18,28.24,75.01,32.65,18.91,18.02,26.82,31.31,22.03,38.91,20.83,51.56
2022-07-12,33.78,22.6,27.3,34.26,37.46,54.71,61.25,15.71,33.74,50.7,35.08,39.51,63.14,25.63,47.03,34.42,21.63,20.23,27.06,31.69,42.31,23.53,30.47,43.55,65.16,27.38,56.68,19.98,21.22,42.34,45.54,30.76,27.17,29.04,34.42,61.86,30.32,38.55,,20.98,60.69,43.92,43.92,29.05,27.3,20.79,19.54,31.41,49.32,35.04,20.13,25.34,19.98,31.33,27.96,29.35,33.06,58.52,35.21,18.33,20.29,20.36,56.36,18.57,41.96,25.58,30.11,36.15,49.5,38.61,60.02,49.04,75.54,61.01,47.04,19.28,32.7,26.06,77.9,24.95,49.7,33.82,35.0,27.62,29.91,27.88,28.29,31.41,28.46,72.23,27.61,73.49,31.92,19.25,20.97,26.11,30.48,21.52,37.9,20.34,50.21
2022-07-13,30.02,19.8,25.27,32.16,31.37,51.61,54.95,14.68,29.07,46.29,31.91,35.03,52.58,23.25,42.9,32.82,20.4,16.5,24.12,28.08,40.95,23.39,27.9,39.97,64.44,25.45,50.93,19.92,20.03,40.23,44.63,28.61,23.94,24.76,33.91,62.06,28.6,35.06,,18.1,53.71,41.98,41.7,28.79,26.31,21.13,20.07,28.72,46.22,29.48,19.75,23.3,20.08,30.11,26.7,29.35,31.7,55.69,31.11,18.33,17.87,18.08,51.22,18.87,40.38,23.16,28.6,32.36,44.27,33.84,53.63,47.8,71.4,54.16,43.38,17.87,28.43,23.9,72.15,24.25,48.43,32.64,30.48,25.26,24.39,24.82,22.63,30.05,22.2,66.9,25.81,65.3,31.21,18.59,21.23,24.05,27.01,19.54,36.89,18.86,48.28
2022-07-14,30.51,18.88,22.91,32.43,31.37,52.85,55.36,14.79,27.29,45.89,31.95,35.53,50.39,23.83,44.24,32.84,20.23,14.35,23.93,29.93,41.14,21.16,27.84,40.54,64.29,28.34,51.09,19.97,20.18,40.06,44.51,28.92,23.68,22.84,34.03,38.31,28.88,35.08,,18.07,52.61,42.1,41.89,30.83,25.66,21.17,20.55,29.11,46.41,28.48,18.73,25.77,17.08,30.24,26.74,29.39,30.92,56.03,31.05,18.36,18.55,16.86,52.59,18.78,40.34,23.18,28.61,32.28,44.35,33.27,53.54,48.08,71.26,54.22,25.43,14.99,28.7,20.33,74.19,24.2,50.65,33.26,30.44,25.45,21.6,25.36,21.83,29.87,22.2,66.53,27.02,66.41,30.26,18.66,21.08,23.35,27.06,19.18,33.79,19.77,48.41
2022-07-15,30.13,19.7,24.26,31.61,31.52,54.0,55.78,15.21,25.75,43.27,32.54,38.82,40.26,33.88,44.46,33.2,21.54,13.95,24.48,52.72,42.44,21.19,30.11,43.39,65.18,28.85,52.25,19.56,22.04,40.69,44.47,30.62,26.37,22.5,35.26,38.56,28.97,36.4,,18.21,53.58,41.03,40.94,33.16,25.82,22.26,20.38,29.6,46.11,29.16,19.0,30.41,17.01,31.87,26.91,29.39,31.14,56.42,31.9,18.48,18.4,17.76,53.32,19.61,40.51,23.23,32.32,30.82,46.07,32.08,54.7,47.44,70.25,52.65,25.74,14.86,28.55,19.76,73.37,24.45,50.86,33.37,29.82,27.07,21.47,26.73,22.01,30.68,22.18,63.94,27.34,66.84,34.83,19.6,22.4,29.46,27.47,19.39,39.2,19.83,49.09
2022-07-18,27.47,23.09,23.57,29.02,29.94,46.04,48.4,14.34,27.52,40.95,26.04,27.38,40.56,34.71,38.63,32.82,23.55,11.08,20.82,53.59,39.67,22.44,20.91,35.22,57.73,28.56,49.21,20.08,21.13,35.18,43.06,33.32,26.4,22.99,28.72,37.05,28.13,31.75,,20.8,44.98,41.03,40.9,33.41,24.21,21.08,21.05,27.01,42.21,29.16,21.47,30.8,17.82,30.48,29.49,30.78,27.21,49.75,25.7,18.13,19.21,16.71,51.21,17.99,41.79,26.71,30.69,29.87,38.66,28.1,53.94,44.27,64.04,49.94,25.29,16.76,27.67,20.77,67.29,25.1,41.71,32.77,24.3,27.55,21.34,26.1,18.82,33.16,21.65,55.55,25.3,60.23,35.81,19.71,21.86,29.12,24.6,20.64,39.17,18.36,44.64
2022-07-19,27.71,22.51,24.52,32.04,31.15,48.37,50.77,14.61,28.63,41.72,28.43,29.88,43.48,35.72,42.97,36.36,23.12,10.79,22.05,53.74,41.94,21.87,21.14,35.08,58.32,27.8,49.33,22.88,22.12,36.88,45.35,34.44,29.24,22.4,30.62,38.28,28.55,35.42,,21.2,47.5,42.51,42.51,37.11,24.48,24.69,28.33,29.2,43.1,31.0,21.67,31.23,17.88,31.91,28.86,30.18,27.21,52.1,26.48,18.16,20.13,18.89,52.77,19.64,41.28,26.04,31.79,29.85,38.86,27.76,55.43,46.73,62.89,52.14,26.33,16.5,27.07,20.22,66.29,26.02,42.06,35.4,24.99,28.91,20.82,28.21,18.62,33.81,22.2,54.33,26.48,58.63,35.53,22.0,23.58,28.81,25.68,20.1,40.34,17.88,44.34
2022-07-20,27.1,22.83,24.81,31.27,32.2,48.72,51.19,14.36,30.22,42.19,27.74,29.2,42.46,34.82,41.88,35.51,22.59,10.52,21.59,52.38,40.93,22.54,20.82,34.48,57.63,27.09,50.58,22.3,22.81,36.29,44.45,33.58,30.86,23.93,29.86,37.49,27.96,34.99,,21.09,46.36,41.44,41.44,36.2,23.88,24.17,27.9,28.5,43.8,30.75,21.24,30.44,18.64,31.24,28.86,29.82,26.63,52.35,25.82,18.18,19.63,19.03,53.02,19.25,40.46,28.01,31.01,29.24,37.99,27.44,58.39,45.91,63.49,53.0,25.67,16.86,26.94,21.09,69.38,25.88,41.53,34.61,24.36,28.33,21.03,27.64,19.39,32.96,21.68,52.96,25.81,60.82,36.68,21.97,22.98,28.36,25.15,22.14,39.46,17.48,43.34
2022-07-21,25.72,19.37,25.19,30.89,32.53,45.15,50.81,13.65,27.24,41.91,27.32,29.29,42.57,33.56,41.39,30.59,18.43,10.49,21.24,51.61,40.27,19.72,20.61,34.37,53.82,25.07,50.39,21.8,21.95,33.04,43.83,44.01,30.35,23.58,29.44,37.47,25.76,34.94,,18.17,45.89,39.46,39.16,36.13,23.57,24.38,26.99,27.92,44.54,31.38,19.96,29.32,17.27,29.97,28.44,26.55,26.69,51.88,25.47,17.15,18.91,19.32,50.25,19.35,40.54,24.66,30.51,28.3,37.72,26.28,57.37,45.76,62.93,51.4,26.81,15.26,24.78,18.73,68.12,28.93,41.49,31.17,24.21,25.0,19.4,27.6,32.8,38.73,22.42,53.74,25.1,60.76,30.97,21.96,22.29,27.84,24.53,21.24,39.45,14.84,38.11
2022-07-22,25.98,16.91,25.69,30.59,33.48,45.63,52.42,13.49,26.89,42.74,26.97,29.79,43.66,33.52,40.73,30.6,18.4,10.29,21.05,51.47,37.64,19.52,20.53,38.55,49.28,24.71,50.89,21.26,22.12,29.5,42.38,44.91,31.08,23.8,28.34,37.41,25.74,34.16,,17.24,46.24,44.78,44.21,36.39,23.45,23.86,27.32,30.74,44.59,37.5,19.19,29.3,17.13,29.99,26.78,26.48,26.73,52.42,25.72,16.61,19.04,19.29,58.34,19.35,22.3,24.3,30.68,29.04,40.35,25.46,56.87,44.69,63.73,53.5,25.6,15.19,24.01,18.76,71.92,30.31,41.15,31.26,24.29,25.02,19.81,27.55,33.15,39.94,22.15,53.63,25.84,62.43,30.52,22.04,22.19,27.84,25.06,31.45,39.18,13.87,35.56
2022-07-25,25.43,15.83,24.15,26.41,32.94,44.48,49.81,13.38,25.93,41.44,26.27,27.63,40.07,33.83,36.13,27.17,16.36,11.06,16.46,51.18,32.04,18.24,21.05,34.5,47.27,23.0,45.19,18.86,20.91,28.42,34.51,44.45,29.54,21.68,22.37,28.59,24.85,30.98,,16.02,43.37,41.46,40.91,32.32,21.78,20.83,25.43,29.59,41.06,38.83,16.67,27.84,16.0,29.8,22.93,26.24,24.79,49.89,22.17,16.96,17.26,18.84,54.5,16.31,20.9,21.67,26.24,25.96,40.03,23.59,56.72,41.62,59.76,51.72,21.52,14.55,21.48,16.17,66.82,28.74,39.79,30.51,22.92,21.83,18.99,26.46,32.5,38.7,21.94,53.56,24.11,61.82,30.71,21.22,20.65,24.32,20.61,30.01,30.46,12.28,35.92
2022-07-26,25.17,15.51,23.62,26.12,34.14,44.06,49.43,13.41,25.4,44.76,25.65,28.73,39.2,33.88,35.81,27.38,16.71,10.79,16.5,50.32,31.24,18.11,20.53,36.7,46.24,25.91,45.86,18.87,20.59,27.88,33.93,43.41,30.75,21.36,21.83,28.14,24.28,33.83,,15.61,43.92,41.08,40.4,32.31,23.68,20.31,24.79,28.91,41.31,38.12,16.6,27.64,16.67,29.06,22.35,25.64,27.16,49.3,21.92,18.82,16.85,18.85,55.36,23.08,20.49,21.39,26.95,26.79,39.16,23.59,56.13,42.48,59.36,51.4,21.55,14.64,21.22,15.78,65.78,28.24,40.32,33.92,23.08,25.26,18.78,26.4,31.77,37.83,21.42,54.07,24.21,61.5,29.93,20.82,23.64,24.22,20.41,29.43,30.28,30.93,35.06
2022-07-27,27.24,15.41,23.74,29.2,35.77,46.65,52.58,13.37,25.23,47.14,27.78,28.47,38.2,34.28,39.01,29.2,17.11,10.76,17.41,50.55,31.97,18.04,20.88,37.73,46.35,26.41,49.66,19.65,20.66,27.46,34.22,43.49,32.72,21.36,23.55,28.51,24.49,33.73,,15.75,46.17,49.32,48.51,32.6,23.64,20.36,24.96,30.77,42.49,40.01,16.59,28.14,16.69,28.56,22.49,25.73,27.14,51.7,21.82,18.8,17.22,19.41,59.98,23.25,20.41,20.72,27.63,35.39,41.04,23.62,58.73,43.02,63.72,57.28,22.71,14.68,21.29,15.8,66.73,28.3,40.53,33.79,25.31,26.59,18.78,26.79,31.95,38.03,27.95,57.54,32.51,62.03,29.33,21.43,23.91,24.73,20.41,29.42,30.25,33.58,34.84
2022-07-28,24.09,15.67,22.59,27.56,33.21,45.58,46.99,13.54,27.2,42.55,27.27,27.77,38.41,34.42,37.89,30.05,16.41,11.7,16.4,50.22,32.34,17.58,40.01,37.78,45.04,25.03,45.37,19.75,19.99,27.02,33.74,43.69,32.67,22.65,24.05,28.82,24.79,33.78,,15.65,46.77,47.82,47.17,32.66,15.96,22.93,25.02,29.93,39.73,38.65,13.72,28.11,17.19,29.44,19.68,26.7,18.48,51.97,19.44,18.12,16.44,18.57,60.01,22.13,20.43,19.16,27.84,34.48,40.5,27.91,54.71,36.69,62.35,53.49,20.2,14.69,20.35,15.31,65.57,28.34,43.71,34.75,24.83,38.67,21.94,28.37,32.37,38.28,26.11,53.9,32.77,60.75,29.53,22.08,24.79,29.27,17.55,30.13,30.53,34.07,33.77
2022-07-29,25.63,20.9,22.21,26.85,33.43,43.46,45.19,13.77,27.23,53.26,26.33,26.65,38.34,34.31,37.5,29.37,16.76,11.63,17.58,50.16,36.24,17.35,43.51,37.06,44.24,25.01,45.47,19.82,19.99,39.07,33.76,43.69,32.65,22.8,23.81,27.91,24.99,30.72,,15.83,46.45,48.15,47.53,32.67,15.64,21.9,25.62,43.53,39.86,38.73,13.75,28.11,17.06,29.83,18.99,27.6,18.44,51.5,19.2,17.18,16.19,18.56,59.65,22.66,16.23,19.04,28.17,34.52,38.47,27.72,54.64,37.3,62.9,52.09,20.23,13.87,20.32,27.46,65.67,27.91,43.67,34.86,24.83,38.88,22.2,27.07,31.97,38.26,26.1,55.33,32.84,59.72,29.25,22.53,27.22,30.27,17.5,30.43,30.15,34.36,34.16
2022-08-01,24.88,22.4,22.25,27.3,34.04,37.9,41.59,13.64,27.93,52.61,25.34,27.26,42.58,33.73,36.44,29.2,17.0,9.45,18.77,50.14,36.26,18.98,43.39,36.66,45.65,25.09,44.45,20.11,19.77,40.38,35.26,45.11,32.51,21.75,24.03,26.36,24.91,31.79,,15.42,42.89,48.48,48.03,32.33,15.87,22.6,26.56,43.88,41.32,38.9,13.31,27.38,15.54,30.05,20.45,26.82,18.2,42.35,17.75,15.59,15.77,17.84,60.92,22.69,16.31,18.3,26.5,35.12,36.55,24.87,54.58,37.62,64.42,48.33,20.78,13.65,17.89,29.15,66.62,28.71,41.35,33.77,22.47,39.72,21.31,25.59,31.78,39.71,26.3,55.84,30.09,58.57,30.36,23.03,27.63,30.82,16.84,30.27,30.07,35.12,34.08
2022-08-02,24.95,21.91,21.86,26.92,33.3,37.85,40.74,13.52,27.42,51.73,25.27,27.13,44.25,33.86,36.32,28.77,16.59,9.22,19.09,49.85,41.86,18.84,42.37,36.95,44.55,24.82,43.32,20.0,19.48,39.62,35.1,44.22,32.39,21.21,23.58,26.79,24.3,32.47,,15.04,42.64,47.25,46.82,32.12,17.16,23.05,25.9,43.77,40.44,40.07,13.05,27.27,15.89,29.52,20.37,27.43,21.87,41.5,17.59,15.98,15.41,17.39,59.38,22.87,16.09,18.07,26.14,34.62,35.76,24.24,54.4,37.97,62.81,47.17,21.28,13.79,18.41,28.49,66.12,27.99,40.5,33.02,22.74,39.38,21.19,27.85,31.36,38.85,26.0,54.43,30.02,81.04,29.6,23.82,27.25,30.39,18.96,29.97,30.09,34.25,33.34
2022-08-03,26.48,21.63,21.57,26.75,34.03,38.16,40.75,13.96,26.85,51.46,25.94,27.44,43.41,33.47,35.45,30.12,16.2,9.24,18.79,48.84,40.89,19.09,42.13,36.66,45.37,24.22,43.27,20.12,27.84,39.8,34.29,43.2,33.91,21.03,23.03,26.15,24.27,31.7,,21.65,42.58,46.69,46.32,31.59,17.51,22.7,25.39,43.0,41.15,39.21,13.31,26.86,15.6,28.88,20.94,26.78,24.57,41.87,17.51,15.62,15.12,17.06,60.59,22.46,15.89,17.66,25.92,34.81,35.6,23.75,53.29,37.53,62.76,46.11,21.02,13.61,18.07,28.74,64.8,27.33,39.58,32.4,25.83,38.93,21.34,27.35,30.69,37.91,25.5,53.21,30.58,79.28,29.01,23.63,26.61,30.09,18.75,29.3,30.12,34.12,34.78
2022-08-04,26.41,22.0,21.36,25.36,33.73,37.93,43.42,13.87,26.65,50.89,25.78,27.24,42.74,33.34,35.71,30.13,16.23,8.9,18.81,48.87,39.74,18.77,42.36,37.34,37.99,24.58,42.81,20.19,27.03,39.89,31.89,42.9,34.18,18.4,22.05,24.97,18.92,30.7,,21.74,44.3,44.58,44.42,31.48,16.96,21.38,24.17,43.11,40.47,39.24,14.08,27.1,14.48,21.14,22.22,22.16,24.39,40.64,17.5,15.75,15.11,16.81,58.33,24.22,15.04,17.71,25.49,34.67,31.37,22.95,52.74,36.47,64.15,45.72,20.65,13.77,17.64,28.54,59.25,26.88,39.45,29.52,26.0,38.72,17.52,27.32,30.69,37.77,25.48,53.14,30.52,79.27,28.06,21.79,26.6,30.42,20.08,29.72,31.13,36.63,36.26
2022-08-05,26.56,21.94,21.32,25.56,33.52,38.81,44.43,13.75,26.56,51.47,25.85,26.65,42.67,33.39,35.05,29.74,16.13,9.39,18.89,48.6,39.6,18.88,42.7,37.28,38.69,24.75,42.96,19.95,27.01,39.73,31.33,42.69,34.33,18.16,22.07,24.85,17.56,30.22,,22.04,42.19,44.51,44.37,30.93,16.96,21.47,24.27,43.05,40.43,39.33,14.07,28.81,14.55,21.01,22.12,20.52,24.24,42.47,17.48,15.84,15.39,16.36,58.66,24.5,14.09,17.8,24.99,34.57,34.61,23.0,52.93,36.58,64.14,46.39,20.5,13.8,16.06,28.36,58.14,24.46,39.71,29.29,26.34,38.71,17.99,26.77,30.89,37.34,25.41,59.63,30.84,76.29,27.39,21.7,26.78,30.49,20.28,30.21,31.1,36.66,35.83
2022-08-08,26.67,23.38,21.71,25.97,33.78,38.5,44.92,13.73,26.8,52.79,25.24,26.88,42.95,33.58,35.4,30.05,18.11,9.65,18.94,49.66,37.54,17.21,43.87,37.39,38.09,25.16,43.43,20.12,27.78,40.25,28.23,43.94,34.75,18.08,22.48,26.48,18.68,30.51,,22.8,42.49,43.84,43.61,31.2,17.16,21.86,23.64,42.54,41.2,40.32,14.42,28.58,14.77,21.52,22.44,20.84,24.77,41.68,18.76,16.56,15.77,16.71,60.22,24.36,13.26,18.98,25.03,35.56,35.18,23.63,53.72,35.52,65.63,52.23,21.64,13.92,15.82,28.99,80.43,24.62,37.31,30.34,27.0,39.93,18.29,27.74,31.81,38.47,25.78,58.65,31.6,76.36,27.95,21.19,27.39,31.33,21.32,30.96,32.2,37.65,35.23
2022-08-09,26.09,22.84,21.46,25.46,33.89,47.69,47.95,13.49,26.31,51.98,26.38,26.28,42.21,32.96,34.57,29.38,18.54,9.5,18.48,48.52,36.64,17.21,42.93,36.77,37.57,25.07,44.94,19.68,27.43,39.41,27.62,43.02,34.3,17.75,26.55,26.52,18.38,30.03,,22.39,42.91,42.81,42.59,30.45,18.92,21.4,23.25,42.16,40.6,40.9,14.09,28.06,14.42,21.08,21.99,20.65,27.5,51.18,19.54,16.66,15.39,16.49,58.86,24.07,12.98,19.11,24.43,34.74,36.91,23.4,53.15,36.89,64.26,53.31,21.12,13.62,15.63,28.31,80.92,24.08,38.9,29.81,26.77,39.02,18.16,27.42,31.32,37.63,25.2,58.24,33.18,75.86,27.28,20.68,26.73,30.61,21.56,30.37,31.43,36.87,34.85
2022-08-10,25.96,22.93,22.68,25.0,34.15,48.93,46.72,14.35,26.17,50.56,25.06,26.46,41.79,34.13,34.14,29.77,18.52,10.06,18.23,48.31,36.29,17.19,43.11,41.46,37.19,24.93,46.15,21.02,27.43,39.16,26.73,43.4,34.5,16.63,26.5,27.12,18.55,29.0,,23.26,39.96,42.42,42.12,31.16,19.8,21.5,24.0,42.74,41.25,40.61,14.17,28.88,14.72,22.54,22.13,20.62,28.7,51.86,20.31,16.7,15.53,16.56,59.41,24.06,13.08,18.03,24.78,35.09,38.04,23.46,50.94,36.58,67.1,53.5,21.21,13.47,15.73,28.39,79.34,23.96,38.53,30.37,26.26,38.07,18.15,28.57,31.33,38.05,25.1,53.04,33.38,72.99,27.22,22.62,28.01,30.92,21.61,30.47,31.57,36.87,34.82
2022-08-11,26.25,23.24,22.57,25.12,33.01,48.89,46.81,15.26,26.46,49.96,25.4,25.84,35.83,34.57,34.4,29.55,18.45,10.17,18.06,48.3,36.45,17.53,42.98,41.96,37.87,24.69,42.85,20.69,27.44,38.83,26.88,39.2,36.57,16.71,25.62,27.53,17.63,29.2,,23.51,39.77,42.15,41.86,30.97,19.73,21.57,23.96,42.82,37.34,40.04,15.03,29.18,14.84,22.52,21.27,20.13,28.71,51.88,20.54,16.76,15.56,16.5,59.48,24.09,13.09,17.95,24.79,31.43,37.59,23.16,50.28,36.15,47.86,53.63,20.25,13.43,18.49,28.32,79.54,24.23,38.53,30.37,26.36,39.41,18.4,29.17,31.42,33.23,25.35,54.27,33.72,74.06,27.38,21.49,25.47,31.07,21.65,30.26,31.77,36.94,35.32
2022-08-12,26.48,23.35,21.48,25.28,33.01,50.44,47.1,15.26,26.69,50.05,26.01,25.98,34.47,33.63,34.89,29.61,19.0,9.62,18.64,47.71,36.44,17.79,43.29,41.48,37.93,24.76,42.25,20.94,26.91,38.6,26.91,39.28,36.75,17.37,25.82,25.04,18.05,27.66,,23.66,40.17,41.74,41.46,30.43,19.97,20.14,23.87,43.17,36.93,39.96,15.32,29.19,14.92,22.96,23.44,19.59,29.19,53.0,20.64,17.05,15.13,16.08,59.64,23.21,12.51,19.9,23.76,31.47,39.86,23.25,50.43,36.3,47.42,54.83,21.17,13.98,22.9,28.42,80.94,20.54,38.69,29.4,26.41,39.77,17.83,27.51,32.05,32.73,25.97,55.61,33.74,73.78,26.24,21.44,25.0,30.15,21.59,30.63,31.09,37.36,35.34
2022-08-15,26.71,22.35,19.79,24.99,33.6,50.84,47.84,15.31,27.55,51.16,26.26,21.43,34.94,24.64,31.55,29.02,18.33,9.54,17.94,22.09,35.76,18.49,43.01,39.83,38.53,21.39,41.06,20.5,26.27,39.81,27.37,38.87,35.84,17.78,25.04,25.03,17.32,26.46,,29.23,39.64,42.52,42.12,25.29,20.36,19.45,23.95,43.06,36.32,40.01,14.6,22.09,15.66,19.89,23.81,18.23,29.78,54.33,20.49,17.64,14.36,15.36,58.14,23.94,12.03,19.84,20.5,32.22,39.26,22.07,45.83,36.15,47.68,55.95,20.74,14.62,23.26,29.38,81.26,20.75,36.52,29.14,26.74,39.3,18.18,28.35,32.55,32.89,26.42,57.32,34.13,72.17,20.06,21.75,24.81,23.94,22.43,31.26,25.36,37.69,35.78
2022-08-16,26.19,21.89,19.31,24.49,33.23,50.03,47.1,15.17,27.38,49.92,26.42,21.06,34.11,24.11,30.79,28.5,17.96,10.27,17.74,21.57,34.9,18.32,42.0,39.12,38.0,21.21,40.35,20.0,25.67,38.96,26.71,38.24,35.06,17.57,24.54,25.18,16.98,25.86,,28.52,39.22,41.56,41.18,24.99,23.36,18.98,23.79,42.03,35.7,39.96,14.84,21.64,15.45,19.5,23.44,17.79,30.08,53.57,20.09,17.22,14.3,15.0,56.89,23.9,11.95,19.37,20.32,31.59,38.67,21.93,45.65,35.43,47.1,54.91,20.24,14.32,22.74,28.79,79.64,20.25,36.07,28.82,26.11,38.44,17.82,27.69,32.17,32.25,25.81,56.39,33.87,70.84,19.58,21.36,24.25,23.37,21.9,30.71,24.75,40.25,35.24
2022-08-17,24.33,20.36,18.97,24.21,34.08,50.57,48.09,13.39,24.58,50.85,27.93,21.56,36.14,24.39,31.23,29.73,15.8,13.06,17.73,21.94,35.19,17.48,42.92,39.09,37.54,20.51,40.63,19.45,25.92,38.87,27.81,35.87,36.42,15.95,25.13,26.49,15.47,27.29,,26.61,39.66,40.99,40.65,24.61,23.59,18.35,23.58,42.1,36.42,39.59,13.07,21.5,14.53,20.06,22.66,13.5,30.07,54.47,20.51,16.67,13.82,14.03,57.62,24.87,12.39,17.19,20.76,31.26,40.2,20.87,46.81,35.5,46.82,56.11,19.97,12.65,22.14,28.46,80.54,20.11,35.59,28.15,26.75,39.08,17.2,28.13,32.18,29.67,24.64,56.7,36.74,74.24,18.15,21.55,23.66,23.53,21.79,30.58,24.74,40.2,34.91
2022-08-18,23.64,20.32,16.81,21.06,32.82,48.07,45.71,12.72,23.02,49.92,27.97,18.52,31.6,22.47,26.94,26.12,15.65,13.06,16.02,17.79,32.97,17.55,42.58,38.37,37.06,20.53,39.28,24.57,25.43,37.66,24.79,35.14,35.17,15.94,23.09,24.23,14.34,24.72,,26.52,36.22,38.74,38.28,18.16,22.78,15.42,13.73,39.86,34.98,37.73,12.31,20.6,13.96,17.89,22.09,13.98,29.63,51.86,18.58,16.0,12.2,11.22,55.06,24.24,11.52,17.26,18.3,31.02,39.42,20.58,44.22,32.17,46.53,53.9,18.27,12.39,22.06,28.45,80.42,19.71,33.66,24.07,25.38,38.34,17.14,26.04,31.61,28.48,23.81,56.79,35.65,75.0,15.93,19.63,22.17,22.98,19.24,31.23,21.4,40.26,34.8
2022-08-19,24.61,20.04,15.87,22.04,33.54,48.05,47.44,12.72,20.16,50.32,28.97,19.63,33.88,24.14,29.29,31.23,16.35,13.33,18.2,18.87,33.27,15.69,42.28,38.33,36.6,21.08,36.79,25.37,24.38,37.79,24.75,35.35,35.2,12.54,24.31,24.59,15.04,26.07,,26.21,36.79,39.68,39.39,19.23,23.33,16.49,12.82,40.07,35.12,37.96,13.39,22.64,12.38,19.29,22.69,13.81,31.24,54.03,18.94,15.68,12.34,10.13,54.55,24.28,9.91,13.95,20.1,31.61,41.36,20.44,39.11,33.03,45.36,54.79,18.76,11.55,22.32,27.62,78.65,18.37,33.29,24.28,26.36,39.74,16.11,27.27,31.46,28.96,23.88,57.71,36.02,74.83,12.63,19.92,22.21,22.96,19.64,30.47,22.41,40.69,34.77
2022-08-22,26.46,20.58,15.82,22.88,35.39,50.14,48.25,14.24,20.23,52.91,32.27,22.14,34.46,25.87,36.54,33.55,17.23,14.21,21.49,20.95,34.58,16.77,43.52,36.86,35.79,22.4,39.15,27.22,25.08,38.38,24.33,21.61,38.33,13.43,26.7,28.23,19.57,30.87,,27.2,39.09,35.65,35.66,20.48,26.11,18.77,13.97,41.92,37.42,33.05,13.54,23.87,13.99,21.76,22.52,15.99,31.98,55.93,20.5,16.83,13.41,12.58,49.85,26.88,9.79,14.72,21.29,33.63,42.24,21.54,44.58,34.05,46.95,56.46,20.34,12.55,22.71,27.95,78.09,13.15,35.04,25.48,28.37,41.54,17.28,31.42,15.7,19.27,21.59,51.28,37.97,76.38,13.2,19.77,23.31,24.43,20.34,17.76,24.05,42.01,34.7
2022-08-23,25.91,20.21,16.03,22.84,34.55,49.09,47.14,14.34,20.73,51.63,31.5,21.64,33.71,25.51,35.72,32.74,18.85,13.88,20.99,20.54,34.76,17.13,42.5,36.06,35.67,22.02,38.23,26.77,25.06,38.59,23.83,21.3,37.75,13.79,26.08,27.69,19.2,30.45,,26.93,38.18,34.84,34.86,20.23,26.2,18.43,13.98,41.04,36.58,32.41,13.47,23.58,13.66,21.37,23.47,15.63,31.65,54.8,20.53,16.83,13.94,16.49,48.77,26.24,9.56,14.85,20.86,32.93,41.26,21.35,43.64,33.24,45.81,55.19,19.86,12.28,22.86,28.23,76.21,13.0,34.21,25.01,27.72,40.56,17.13,30.66,15.36,18.94,21.29,50.47,37.08,74.73,14.29,19.35,23.01,23.88,20.02,18.13,23.49,41.03,36.16
2022-08-24,25.61,19.58,16.0,22.88,33.63,49.03,47.04,13.79,20.49,51.39,31.5,21.88,34.24,25.38,35.6,32.74,18.92,13.7,21.32,20.46,35.07,17.1,42.49,35.56,33.79,22.01,37.8,26.92,25.06,37.68,22.33,21.27,37.81,13.65,25.8,27.68,19.09,30.46,,26.93,38.27,34.83,34.83,20.24,26.22,18.36,14.78,41.02,37.48,30.79,13.44,23.55,13.38,21.26,23.68,15.36,31.56,54.58,20.55,15.91,14.08,16.85,48.8,26.36,8.18,14.77,20.85,32.84,40.99,21.33,44.08,33.3,45.51,54.87,19.9,12.31,22.59,28.21,76.47,13.01,34.32,25.2,26.54,40.54,17.04,30.67,15.11,18.63,21.01,50.08,37.03,75.12,13.39,18.76,23.54,23.77,19.97,17.94,23.45,41.08,34.88
2022-08-25,25.42,19.98,15.94,22.25,31.43,49.71,48.13,13.46,20.89,47.47,33.46,20.34,35.88,24.79,34.5,31.63,18.95,13.69,21.56,20.99,35.69,16.95,42.81,33.58,33.15,18.7,37.22,26.44,25.06,37.44,21.57,22.02,35.78,13.48,25.99,27.38,19.23,27.45,,26.9,36.16,34.13,34.4,19.28,24.49,18.57,14.67,42.81,35.71,31.25,13.63,24.09,12.39,21.57,24.21,15.03,29.06,54.94,20.96,13.45,14.12,19.64,47.36,21.21,8.81,14.5,19.13,31.14,44.21,20.43,43.6,30.65,43.33,55.31,19.64,11.9,22.57,28.21,77.66,12.93,35.99,21.27,26.12,37.04,16.85,30.5,14.69,19.67,20.98,48.05,37.55,73.77,13.69,18.39,19.25,23.73,20.58,17.97,23.32,29.62,34.75
2022-08-26,27.39,20.77,19.9,22.2,35.58,51.8,50.69,15.01,22.95,48.5,37.19,23.18,37.56,26.95,36.28,35.33,17.95,13.68,23.06,25.2,37.54,18.59,42.46,35.04,32.9,21.84,35.81,28.13,26.29,37.58,23.73,25.42,36.28,14.93,27.9,30.95,21.16,30.83,,27.85,36.62,30.61,30.95,21.6,28.01,23.21,17.66,42.96,35.74,35.66,14.65,26.33,15.06,24.84,25.32,16.75,34.22,56.05,24.47,15.27,16.61,21.42,44.52,40.2,9.83,14.95,22.68,26.68,46.93,21.52,42.41,33.65,42.1,59.42,20.61,14.74,23.47,29.16,75.67,14.16,39.32,23.66,27.92,38.84,17.5,32.26,14.98,23.0,16.39,45.33,34.85,75.4,15.76,21.77,22.57,24.71,23.28,18.28,25.38,29.88,34.71
2022-08-29,26.26,16.09,19.93,21.45,34.52,52.97,51.18,15.03,18.34,35.54,38.05,24.32,38.04,27.02,36.41,34.9,28.2,12.61,21.74,25.84,33.0,18.91,24.61,36.02,32.33,19.79,36.92,27.82,26.87,24.92,21.74,23.44,37.05,12.93,26.25,30.87,20.62,30.8,,27.98,36.28,30.46,30.67,21.41,28.7,20.11,17.65,32.6,35.14,35.37,14.76,26.91,14.31,23.23,26.34,15.29,35.06,54.55,22.87,14.3,16.68,21.73,41.85,40.38,10.03,15.78,23.16,24.77,48.1,14.57,43.47,29.96,41.82,60.93,19.88,13.69,23.87,18.67,76.21,14.52,37.32,23.42,27.71,28.96,13.29,30.91,14.1,21.45,16.98,41.44,33.39,77.26,15.4,21.04,19.06,18.42,23.68,16.89,25.43,29.05,32.83
2022-08-30,26.14,15.71,19.58,21.08,33.72,52.0,50.19,14.67,19.46,34.75,37.4,23.73,37.82,26.44,35.65,34.1,27.79,12.37,21.29,25.24,33.21,18.65,24.49,35.17,33.53,19.75,36.04,27.39,26.89,25.79,24.57,23.11,36.42,13.5,26.13,30.38,20.56,30.41,,27.31,35.62,29.73,29.94,20.89,28.22,19.87,17.34,32.31,34.35,34.59,14.4,26.26,14.24,22.81,25.82,15.51,34.99,53.24,22.32,14.16,16.56,21.97,41.06,39.48,11.02,15.59,22.93,24.25,47.03,15.33,42.84,29.25,40.83,59.67,19.41,13.66,23.33,18.64,74.47,14.38,36.87,23.33,27.19,28.33,14.0,30.19,13.86,20.94,16.62,41.2,32.62,75.49,15.57,22.43,19.06,18.0,23.13,17.3,24.87,28.37,34.88
2022-08-31,26.29,14.08,19.49,21.44,33.64,51.91,49.62,14.63,19.46,34.97,37.58,24.42,31.78,26.88,35.32,34.24,27.9,12.14,21.32,25.24,32.98,15.75,25.03,35.28,32.29,19.33,36.45,27.65,27.01,25.45,24.18,23.13,36.47,13.69,26.64,29.32,20.84,30.1,,27.62,36.58,29.66,29.78,20.9,27.66,19.99,17.26,31.34,33.96,34.59,14.46,26.12,14.14,22.81,25.97,15.05,35.18,53.14,22.37,14.08,15.73,22.05,42.87,39.42,10.98,16.35,23.12,24.16,46.82,15.25,43.05,29.45,40.4,59.39,19.4,13.05,23.42,16.62,73.98,13.46,36.26,23.62,27.33,29.39,14.18,30.63,14.59,21.03,16.99,41.21,32.66,74.26,15.17,22.45,19.07,17.87,23.43,17.76,24.97,28.35,33.8
2022-09-01,26.2,17.58,21.01,21.4,33.65,52.24,48.96,16.22,20.16,35.1,37.71,24.2,32.73,25.94,34.24,34.14,29.53,13.23,21.17,24.23,26.26,17.05,25.96,34.35,33.15,19.96,36.34,27.87,27.45,25.87,23.47,23.78,35.98,14.33,26.74,29.39,21.51,29.47,,28.41,35.99,30.05,30.27,20.38,27.91,19.45,17.59,30.54,34.24,30.39,17.16,25.62,13.68,22.84,27.53,13.06,33.36,53.15,22.46,14.88,15.79,22.25,43.13,39.74,10.85,17.69,23.23,23.96,47.22,15.92,43.46,28.67,40.46,63.75,19.74,13.32,25.81,17.15,71.42,14.0,36.52,24.23,27.36,28.76,15.38,29.19,13.29,21.5,16.61,41.02,32.75,45.31,15.57,21.39,19.09,17.64,22.33,16.94,24.34,28.76,34.38
2022-09-02,22.78,18.15,21.81,20.6,30.59,49.91,49.3,16.2,21.54,31.89,36.67,22.64,31.81,25.22,34.18,31.79,29.56,12.73,21.41,23.36,26.4,17.54,26.69,33.62,30.1,20.65,33.73,27.68,17.84,24.97,23.53,23.84,33.8,14.22,26.43,29.57,20.73,29.52,,25.31,34.51,28.89,29.04,19.8,27.06,20.2,18.17,29.99,30.73,29.4,17.31,25.51,14.17,22.52,28.04,13.41,30.66,50.16,21.61,14.98,16.68,22.45,40.46,40.27,10.99,18.04,22.48,21.95,46.01,16.28,43.19,27.34,38.27,62.74,19.26,13.63,26.35,16.36,69.86,15.42,35.88,23.93,25.21,28.96,15.03,28.73,14.27,21.65,16.94,40.56,30.32,43.91,15.75,21.15,19.13,16.74,22.18,17.14,23.18,28.42,32.76
2022-09-06,23.41,18.05,22.37,20.69,30.16,50.2,44.36,16.58,22.29,31.28,37.16,22.83,32.64,25.29,34.97,32.8,30.11,12.67,21.89,23.85,26.74,17.88,27.82,34.43,29.51,21.09,33.9,28.17,18.19,22.92,23.66,24.78,34.29,14.15,26.67,30.19,21.15,29.66,,25.44,33.43,29.64,29.75,20.69,27.49,20.69,18.54,31.53,31.18,29.95,17.14,23.54,14.49,22.74,27.56,13.68,31.32,50.54,21.89,15.17,16.91,23.11,40.83,40.44,11.75,18.07,23.39,22.36,45.73,18.09,45.32,27.95,34.88,63.24,20.01,13.85,26.87,16.99,69.86,15.65,36.19,23.8,26.43,29.65,14.72,29.26,15.98,22.12,17.22,35.26,30.77,40.12,15.67,22.33,19.13,16.49,20.2,15.66,21.64,25.4,29.23
2022-09-07,23.8,17.29,23.65,21.27,32.82,50.98,44.95,16.94,23.72,33.07,37.64,24.68,33.83,25.43,36.38,33.59,28.72,12.52,22.8,24.2,26.73,18.2,27.74,35.39,30.76,22.45,34.57,28.52,19.61,23.44,23.96,25.66,34.31,18.14,27.09,29.5,21.27,30.25,,26.29,32.74,31.65,31.39,21.2,29.21,21.57,18.8,31.98,34.73,34.55,17.28,24.1,15.93,25.86,28.0,13.71,34.48,50.91,22.45,15.82,19.15,23.53,40.44,42.83,12.05,17.6,24.46,23.8,45.58,21.16,47.27,30.43,37.24,61.75,20.07,15.9,26.97,17.97,51.8,15.83,36.9,23.06,30.56,29.83,16.93,29.47,15.28,22.62,19.42,37.23,31.71,42.87,15.93,22.32,19.09,17.06,20.45,15.6,22.57,26.57,29.53
2022-09-08,23.9,17.92,24.79,21.44,33.02,44.66,46.18,16.9,23.5,33.01,37.35,24.61,34.18,27.36,37.02,34.88,28.26,12.17,23.04,25.68,27.15,18.19,28.02,35.52,30.52,22.14,34.6,28.63,19.52,23.1,23.97,28.95,34.15,18.35,24.86,29.44,21.09,30.26,,26.27,31.09,31.72,31.46,21.71,28.47,21.65,18.58,31.48,34.87,34.69,17.58,25.18,15.94,25.9,28.25,13.1,32.62,43.76,22.1,15.37,19.24,23.9,40.6,42.79,12.11,17.22,25.19,23.57,44.14,20.52,47.03,28.06,37.66,61.82,20.02,15.89,28.1,18.02,50.08,16.36,35.31,22.95,30.47,30.31,16.5,29.62,14.98,24.75,19.27,36.84,31.22,42.85,16.48,22.42,19.08,19.15,20.05,15.78,24.9,26.47,29.08
2022-09-09,22.91,17.97,24.05,20.01,33.18,41.56,45.69,16.35,23.32,31.91,36.15,25.87,32.74,24.93,37.67,31.74,28.72,10.78,23.07,25.12,28.39,18.16,29.3,29.43,31.9,22.55,34.79,27.49,19.46,24.66,22.81,28.18,32.54,18.45,24.95,29.04,21.49,28.33,,25.63,29.53,31.16,30.89,18.91,27.41,22.13,17.81,31.31,33.77,35.62,17.56,23.61,15.58,23.86,28.28,13.15,30.9,40.26,21.84,15.29,19.1,24.79,38.32,44.64,11.87,17.19,23.43,23.37,44.02,20.34,42.89,27.31,34.78,58.55,20.63,15.64,28.78,18.59,49.83,17.02,34.56,23.05,30.1,30.61,16.5,27.68,16.35,23.7,19.2,36.5,29.55,40.16,16.49,19.62,16.76,18.86,21.45,17.99,23.91,26.47,29.4
2022-09-12,26.37,18.28,24.58,20.1,32.42,38.37,45.1,21.73,23.53,32.78,36.23,27.33,33.31,23.94,36.92,30.06,31.24,11.01,22.91,24.79,28.45,17.86,28.89,29.32,29.5,22.38,35.84,28.08,18.67,24.47,20.84,27.99,26.52,18.24,24.64,30.91,20.65,27.95,,29.27,29.44,30.4,30.09,18.99,27.62,21.69,18.0,31.09,34.31,36.27,15.91,23.24,15.6,25.27,27.45,12.72,30.81,37.3,22.12,14.92,20.02,27.09,38.65,45.11,12.32,15.69,22.84,23.13,41.45,20.71,43.03,27.45,34.0,57.26,19.69,15.27,23.14,18.87,48.02,16.85,33.96,22.13,30.25,25.74,16.54,26.51,17.83,24.21,18.13,32.63,29.27,41.53,15.64,19.66,16.56,18.6,22.19,18.82,22.81,26.52,28.76
2022-09-13,32.6,20.01,26.27,24.73,39.27,42.24,53.0,26.2,26.43,40.25,38.82,30.63,40.77,26.38,39.14,38.93,30.96,10.75,25.22,26.9,31.29,20.4,34.76,39.91,29.91,29.17,37.54,32.46,19.99,24.88,22.8,30.61,29.07,19.75,26.82,32.74,22.92,33.92,,32.95,31.88,35.38,35.19,23.34,35.25,24.4,19.6,38.36,38.59,38.7,18.07,25.65,18.83,26.49,28.62,14.37,37.29,40.32,25.05,16.65,22.34,27.1,50.04,44.58,20.93,16.78,25.21,28.89,47.43,21.6,49.95,33.8,37.15,63.4,19.66,19.73,24.98,19.53,50.91,20.87,38.45,26.4,29.9,26.73,18.38,29.84,20.18,26.07,25.22,34.97,32.25,42.46,18.86,22.36,20.57,25.09,24.48,19.76,28.53,27.05,29.39
2022-09-14,32.76,20.23,26.18,24.68,39.06,42.43,53.14,25.89,25.72,40.8,39.32,30.8,41.23,26.38,40.29,38.72,30.77,10.68,25.1,27.0,31.33,20.12,36.42,39.69,32.41,28.41,38.0,32.45,20.21,25.11,22.82,29.92,27.81,19.94,26.82,32.25,22.78,33.94,,28.15,31.85,35.51,35.33,23.12,35.21,25.36,19.43,37.98,39.26,38.67,19.45,25.58,18.26,26.54,28.04,15.55,37.11,40.49,24.08,16.1,21.6,27.08,49.91,44.8,20.88,17.9,25.15,28.69,47.4,21.47,51.26,34.21,37.59,62.5,26.42,19.47,24.97,18.8,52.02,19.54,39.5,28.83,35.2,26.33,19.1,29.22,19.83,26.0,27.66,35.54,33.1,46.61,18.89,25.42,20.48,24.84,22.53,19.36,28.57,27.07,29.65
2022-09-15,33.06,21.6,26.18,24.74,71.97,42.56,53.12,25.51,26.77,40.58,39.63,30.79,40.99,27.04,39.98,38.73,31.6,10.58,24.37,26.95,31.22,19.56,36.46,40.08,33.29,27.8,39.1,32.64,20.82,25.89,22.51,29.94,27.78,21.59,26.86,30.78,22.9,33.13,,28.15,31.55,35.7,35.58,23.85,31.21,25.25,19.31,37.91,40.48,38.36,19.2,25.97,18.17,26.67,27.75,15.43,35.17,40.63,25.32,16.2,20.96,27.06,49.94,44.78,20.61,17.89,25.67,29.48,47.39,24.14,54.43,33.68,40.54,62.41,27.23,19.81,24.89,18.29,56.1,19.34,39.67,28.78,35.28,25.38,21.14,28.62,19.21,26.12,27.71,35.46,33.24,46.59,21.26,24.74,22.53,25.74,23.07,19.02,29.44,20.63,31.45
2022-09-16,32.66,21.72,26.05,24.77,72.13,42.36,53.19,26.42,26.96,40.72,39.11,31.29,41.68,27.19,42.0,38.55,31.49,8.55,24.36,26.94,31.51,19.84,36.6,39.94,34.6,27.63,39.3,32.66,20.33,27.51,22.35,30.24,28.15,21.58,28.03,86.76,22.74,34.63,,28.3,31.69,35.55,35.47,24.3,32.36,25.46,19.81,38.85,40.28,38.31,19.94,25.93,18.21,26.7,26.69,15.37,35.11,40.24,25.25,16.37,21.75,27.06,49.78,44.93,20.83,18.3,25.78,29.48,46.55,24.5,54.59,33.78,40.8,63.66,27.65,20.11,24.79,18.62,55.94,20.49,39.77,28.74,35.19,24.51,21.1,28.54,19.21,26.59,27.71,35.34,31.99,44.58,21.26,26.19,26.58,25.75,23.02,19.27,29.42,20.6,32.02
2022-09-19,35.16,22.56,26.71,25.67,73.46,41.53,52.01,26.93,27.99,41.2,37.03,32.33,41.3,27.69,42.69,37.78,32.11,8.73,24.93,27.37,32.72,19.79,37.27,41.01,33.89,28.05,40.47,24.89,20.38,27.36,24.17,31.08,28.73,22.01,28.58,89.22,23.38,35.91,,28.63,33.54,35.91,35.68,24.79,34.14,26.22,19.94,39.25,40.44,39.21,19.82,25.31,18.82,26.8,26.57,15.93,36.04,37.26,25.56,17.16,22.33,27.71,50.18,46.05,22.12,18.72,26.25,30.25,45.08,26.8,55.6,35.87,41.05,63.34,28.47,21.15,24.75,18.88,51.79,21.09,39.86,29.17,35.39,25.41,21.98,28.76,19.66,27.17,28.28,35.94,32.51,42.88,21.76,27.96,27.51,26.54,23.35,17.88,29.88,20.89,31.71
2022-09-20,35.02,22.1,26.51,25.28,71.6,40.64,50.78,26.44,29.77,40.49,36.38,31.7,40.51,27.44,41.61,37.15,31.32,8.92,24.32,27.28,32.58,19.43,36.58,40.03,33.23,27.54,39.62,24.55,20.0,26.7,24.44,30.69,28.21,21.63,28.31,87.16,22.81,35.0,,28.75,38.77,35.3,35.05,24.63,33.74,25.58,19.6,38.34,39.55,38.31,19.49,25.6,18.36,26.34,26.05,16.09,35.83,36.4,24.94,16.81,21.89,27.26,48.97,45.02,21.57,18.32,26.23,29.48,44.37,26.45,54.21,38.03,41.12,61.74,27.87,20.66,24.42,18.4,51.34,20.58,38.94,28.54,35.03,24.82,21.85,28.54,19.33,26.69,27.63,35.04,31.69,41.82,21.21,27.43,27.46,27.05,22.76,17.93,29.91,20.43,31.02
2022-09-21,34.84,22.08,25.89,25.34,71.4,39.28,50.19,26.36,29.72,39.91,34.73,32.04,40.2,28.39,40.47,36.92,31.22,8.46,23.59,26.73,33.83,19.02,37.12,39.4,33.48,27.38,38.36,24.78,19.91,26.79,24.94,30.64,27.41,21.74,27.65,86.98,20.5,33.51,,28.87,39.44,34.85,34.66,23.97,32.84,25.41,18.86,36.31,38.1,37.96,19.74,26.9,17.99,25.54,26.46,15.02,35.88,34.37,25.29,17.16,21.69,28.37,48.85,44.73,21.61,18.83,25.77,28.51,43.19,26.94,50.13,38.08,40.32,60.97,27.21,20.51,24.95,18.65,48.48,19.77,36.99,28.22,35.17,24.09,21.92,27.02,19.53,26.16,28.17,35.33,30.71,41.53,22.12,27.43,27.47,27.3,23.42,19.69,30.42,19.77,31.48
2022-09-22,34.84,22.75,25.72,25.36,71.56,39.13,54.05,27.09,29.49,39.82,34.7,34.4,41.04,28.97,42.92,36.85,31.84,10.66,23.54,27.02,31.6,19.11,37.1,41.14,32.16,27.49,39.36,24.82,19.53,24.05,24.31,30.66,28.05,21.77,27.44,87.01,20.5,32.54,,28.64,39.51,35.09,35.05,25.11,32.62,25.36,18.99,36.12,38.83,38.32,20.57,26.97,17.92,25.61,30.78,15.11,35.81,34.48,25.66,17.38,21.51,27.07,48.96,44.58,21.7,22.72,26.47,29.02,43.2,26.92,49.97,38.06,41.55,62.18,27.17,20.54,25.36,18.02,50.43,19.82,37.0,28.0,38.75,24.41,21.91,29.18,19.59,26.24,28.37,37.49,30.56,47.69,22.01,27.47,28.96,27.92,23.39,20.1,30.88,20.04,27.29
2022-09-23,34.96,22.5,25.7,25.27,71.59,39.06,53.8,27.06,29.7,40.58,34.96,34.27,42.9,29.82,43.58,36.7,31.91,11.02,22.73,28.15,33.25,19.17,37.35,41.08,44.24,30.39,38.04,24.89,20.12,32.75,25.34,30.57,28.04,21.88,27.78,86.84,22.38,32.07,,29.11,42.56,35.12,35.11,27.2,32.74,25.25,19.78,36.22,35.8,37.44,20.56,27.54,18.01,26.13,30.46,16.69,35.7,34.5,25.85,17.45,20.94,27.08,48.61,44.54,24.84,22.86,29.35,29.05,43.25,26.85,52.12,37.96,41.98,62.01,27.66,20.38,25.32,18.02,50.22,24.52,37.13,27.8,38.36,24.83,22.19,29.62,19.83,26.26,28.56,40.66,30.61,47.29,22.08,28.08,29.24,28.51,23.39,20.09,31.76,21.62,32.22
2022-09-26,33.03,21.9,22.75,22.35,71.81,31.76,47.27,26.88,30.07,37.54,27.39,33.09,40.73,28.51,41.64,33.53,32.53,12.0,20.69,24.7,30.45,18.54,38.09,39.26,44.91,31.25,34.38,23.85,19.15,33.94,23.74,27.55,27.1,23.58,25.24,88.46,20.82,29.71,,29.16,41.06,28.93,28.97,26.51,31.37,22.2,18.08,31.96,35.12,30.8,19.97,25.1,16.9,23.63,29.99,15.96,32.47,28.19,22.83,16.34,19.87,23.17,46.53,30.45,24.63,23.21,27.81,26.6,35.0,27.35,50.37,35.45,39.71,52.68,26.73,19.34,24.54,16.92,45.52,25.03,30.3,24.15,36.44,23.08,23.82,29.28,20.66,22.33,27.41,40.8,24.77,46.8,21.12,27.09,28.28,28.39,20.9,20.53,30.12,19.29,33.07
2022-09-27,32.41,21.35,22.71,21.8,70.27,31.99,47.15,26.2,29.35,36.59,26.96,32.35,40.0,28.04,40.65,32.7,31.74,12.52,20.4,24.09,29.78,20.86,37.36,38.43,43.77,30.46,34.48,23.3,18.73,33.19,23.87,26.95,26.98,24.16,24.7,87.08,20.37,29.15,,28.46,40.05,28.2,28.24,25.89,30.91,21.75,17.63,31.26,34.84,30.03,19.55,24.53,18.17,23.17,29.57,16.65,31.96,28.69,22.34,18.47,19.66,22.58,45.4,29.69,24.4,22.64,27.11,25.93,37.15,26.68,49.1,34.67,40.34,52.34,26.21,19.38,24.13,18.71,44.7,25.15,29.83,23.63,35.59,22.82,23.9,30.06,20.46,21.88,26.82,40.85,24.18,46.64,20.6,26.7,29.32,27.7,20.63,20.07,29.42,18.82,33.7
2022-09-28,32.37,22.11,22.79,23.93,70.98,33.01,48.06,27.56,29.55,38.8,26.92,33.51,44.38,28.97,43.0,33.29,22.85,13.42,22.45,25.74,32.82,20.84,39.62,41.38,48.41,31.73,33.44,24.98,19.07,35.71,26.77,28.25,31.1,24.76,27.16,88.95,20.57,28.57,,29.28,40.48,30.35,30.27,29.08,36.05,23.8,18.06,31.94,35.11,32.68,19.53,25.89,18.95,24.84,38.21,16.71,34.72,29.34,23.37,18.53,20.23,24.2,49.96,30.22,25.33,22.1,28.45,27.32,37.44,27.48,57.92,36.22,41.66,53.64,27.01,20.36,24.12,18.75,46.6,25.3,29.87,26.3,37.37,24.12,24.23,33.87,20.91,23.04,27.59,41.11,24.63,47.02,21.05,28.42,30.39,28.31,21.14,20.88,30.54,19.4,35.37
2022-09-29,36.04,22.77,22.74,24.08,70.82,32.87,51.25,27.75,30.37,39.6,28.69,33.86,47.9,28.93,43.74,34.96,23.01,19.25,22.48,26.44,32.13,21.2,39.92,41.48,47.84,32.02,34.12,25.39,18.8,35.05,25.03,28.37,31.44,28.58,26.88,89.66,22.15,29.33,,29.75,44.43,31.32,31.25,29.29,36.16,24.49,18.18,32.36,36.39,32.92,19.92,26.33,18.89,24.75,38.36,18.32,34.84,30.32,23.45,18.63,20.81,23.52,51.13,30.43,25.12,21.92,28.97,27.52,37.69,28.72,58.18,37.69,41.57,54.6,27.66,20.57,24.06,20.08,46.94,25.54,31.16,26.2,37.3,24.19,27.82,35.63,21.22,23.04,27.48,47.22,26.13,51.18,20.85,27.68,30.39,28.31,21.46,20.93,30.41,19.5,33.27
2022-09-30,37.06,31.66,23.1,23.91,70.74,33.95,51.14,27.88,30.47,39.62,28.66,34.05,48.51,28.97,44.08,35.42,23.37,23.05,22.09,26.66,32.11,21.93,40.4,41.61,47.92,32.2,33.99,25.48,19.5,34.83,25.69,28.48,32.63,29.12,26.58,89.72,22.19,28.93,,30.29,45.17,31.72,31.57,29.11,36.13,24.89,19.43,32.71,37.04,32.95,19.94,26.66,18.97,24.72,38.46,18.41,34.76,30.34,23.42,19.03,23.05,23.86,48.72,30.67,25.69,21.08,28.76,27.99,37.62,29.26,58.56,59.11,41.88,54.41,27.5,21.57,23.83,20.34,46.79,27.79,31.31,26.07,38.53,23.23,28.29,35.67,21.06,23.2,27.36,47.29,27.04,51.2,20.88,28.23,30.77,28.36,21.46,20.97,30.36,20.62,33.49
2022-10-03,39.89,32.06,23.59,26.98,74.71,39.74,55.43,28.45,30.25,41.82,30.61,38.06,52.01,31.99,46.19,40.21,22.56,24.08,23.35,28.97,36.94,20.71,43.67,45.28,54.73,32.46,36.25,28.34,20.95,40.7,29.0,31.82,35.77,31.17,30.09,92.48,26.78,32.17,,29.48,47.33,34.42,33.95,31.21,37.97,28.64,21.13,38.81,39.04,35.9,17.51,29.73,19.64,26.64,37.28,22.92,37.48,39.98,25.77,19.97,25.6,25.73,49.74,31.16,28.0,20.73,29.9,31.46,40.05,32.24,59.07,62.03,45.33,50.84,30.72,21.94,20.72,20.89,46.13,29.4,35.41,26.98,38.0,23.2,29.39,37.18,25.84,26.03,30.83,57.2,29.63,52.52,21.89,31.07,31.4,31.55,23.59,24.67,33.78,21.64,38.55
2022-10-04,40.22,32.47,26.26,29.48,74.56,41.0,55.48,28.13,30.32,44.12,35.1,39.79,55.73,34.75,48.38,41.4,22.17,24.58,24.84,33.02,40.05,20.84,43.66,47.21,56.04,32.51,39.9,29.02,22.71,42.03,32.89,33.63,38.96,31.53,32.32,92.94,27.88,38.92,,33.11,56.32,35.71,35.17,36.15,37.78,30.19,23.87,39.62,40.55,38.17,17.8,33.49,19.25,29.14,37.15,23.21,37.07,40.56,28.98,20.36,26.31,26.4,48.93,31.54,29.2,20.41,33.44,33.15,42.25,32.35,57.59,62.7,48.06,53.13,34.41,21.84,20.43,21.06,45.55,30.2,38.25,28.45,38.62,26.21,29.4,41.19,25.77,27.95,31.47,56.99,31.14,60.41,21.93,32.12,34.21,32.37,24.7,24.95,36.92,21.57,39.79
2022-10-05,39.29,31.79,25.64,28.77,73.04,40.01,54.22,27.51,30.45,43.06,34.49,38.88,54.4,34.19,47.54,40.52,21.64,24.22,24.29,32.35,39.15,20.44,42.61,46.14,54.69,31.87,38.95,28.41,22.16,41.07,32.37,32.99,38.03,32.18,32.35,90.7,27.21,37.98,,32.31,55.55,34.85,34.32,35.71,36.87,29.46,23.31,38.68,39.61,37.25,17.42,32.93,18.91,28.68,36.26,22.79,36.27,39.58,28.62,19.96,25.69,25.89,47.76,30.79,28.74,19.93,32.77,32.36,41.59,31.81,56.6,62.38,47.62,51.88,34.29,21.4,20.06,20.61,44.61,29.49,38.11,27.78,38.02,25.71,29.78,40.2,25.25,27.58,30.88,56.62,30.83,58.95,21.52,32.02,33.39,31.7,24.55,24.52,36.07,21.35,41.09
2022-10-06,39.27,32.66,25.83,29.3,73.1,40.07,54.1,27.74,33.25,42.97,34.64,39.05,54.35,34.31,47.49,40.3,21.98,24.24,24.55,32.55,39.16,21.31,42.27,46.27,54.45,31.97,38.7,28.57,22.98,41.46,32.36,33.32,37.99,33.63,32.36,90.64,27.39,38.32,,32.34,55.42,34.74,34.24,35.67,36.77,29.77,25.01,38.09,39.61,37.69,18.69,33.58,19.83,29.35,35.93,22.86,35.95,39.55,28.78,20.61,26.33,25.72,47.79,29.82,28.6,20.35,33.19,32.32,41.08,32.15,55.18,62.39,47.56,51.73,34.61,22.21,21.36,21.37,43.91,29.88,37.85,27.95,37.85,25.72,32.5,40.26,25.03,27.79,31.17,56.17,30.98,59.24,22.2,31.04,33.38,32.72,24.6,25.54,36.87,21.52,42.01
2022-10-07,40.71,32.79,24.97,31.08,72.07,44.82,72.01,27.44,32.37,44.5,36.61,38.58,53.44,34.4,46.06,40.56,22.19,24.31,25.44,32.57,39.22,20.65,42.53,45.99,53.91,32.04,40.3,29.53,43.1,41.32,32.0,34.86,37.56,30.75,32.81,90.68,26.94,38.05,,31.75,54.06,33.98,33.87,35.34,36.15,29.39,26.32,41.29,39.82,37.57,18.88,33.29,18.16,27.93,36.47,23.14,33.25,43.41,28.31,19.45,24.84,26.57,48.8,28.77,28.44,20.3,33.48,35.79,42.24,30.26,57.81,61.49,48.0,58.22,35.26,20.62,21.6,20.89,46.39,29.76,39.2,27.9,36.06,26.55,30.82,39.75,25.9,29.38,30.04,57.69,34.04,60.87,23.97,30.91,34.91,32.67,24.31,26.72,36.09,20.95,42.06
2022-10-10,40.9,33.18,23.5,31.29,71.78,44.85,69.08,28.33,32.16,43.97,39.08,37.01,54.94,32.4,43.58,39.13,23.05,24.99,25.55,30.12,37.89,20.92,41.25,45.79,54.54,32.0,39.12,29.51,43.49,41.86,32.64,33.46,36.91,31.22,32.57,91.38,27.03,38.98,,32.49,55.05,33.49,33.44,34.92,36.87,28.87,26.6,40.7,39.11,35.18,19.05,32.55,18.34,28.21,37.29,24.32,33.61,46.47,27.65,19.99,25.44,25.58,46.05,26.78,29.39,23.45,32.75,35.62,41.78,30.98,59.0,61.88,47.76,58.21,34.84,21.07,18.96,20.01,46.19,29.11,42.43,27.67,36.53,25.88,31.38,40.07,25.53,28.93,30.76,55.64,34.05,60.22,24.39,30.83,35.02,30.96,22.95,25.35,34.9,21.42,43.59
2022-10-11,39.95,33.38,23.15,30.87,70.18,44.77,67.62,34.05,31.71,42.95,38.24,36.17,53.65,32.58,42.8,38.53,23.28,24.73,24.98,30.07,37.09,21.0,40.32,44.97,53.41,31.88,38.56,28.81,42.57,40.86,32.1,33.59,36.28,30.84,31.79,89.21,26.66,38.16,,32.33,53.76,32.69,32.63,34.47,36.02,28.64,26.01,39.74,38.19,34.37,19.35,32.76,18.09,27.53,36.57,23.77,32.99,49.43,27.35,20.04,25.42,25.01,45.99,26.33,29.59,22.93,32.22,34.93,44.09,30.23,62.26,61.06,47.01,56.81,34.24,20.74,18.85,19.8,45.1,29.67,42.97,27.11,35.77,26.62,30.67,40.4,24.92,28.66,30.02,54.55,33.75,68.37,23.84,30.09,34.29,30.86,22.71,25.11,35.15,22.99,42.67
2022-10-12,36.88,33.51,23.29,29.84,70.2,44.73,67.96,30.79,30.51,41.81,37.62,34.43,53.36,32.26,43.49,38.45,20.59,24.78,24.76,30.45,36.57,21.07,40.04,44.43,53.0,31.68,37.61,27.93,42.23,40.46,32.07,33.09,35.89,31.85,31.42,88.54,26.7,37.78,,29.04,53.01,32.74,32.7,34.32,36.03,28.56,25.45,40.18,38.19,34.34,19.36,33.08,18.86,25.71,36.62,26.16,33.13,49.4,26.85,19.93,25.45,23.24,45.84,25.92,29.56,22.98,31.81,34.65,44.17,31.94,63.1,60.79,46.28,56.46,34.84,25.45,19.02,19.39,44.13,29.48,42.64,27.74,35.86,26.55,31.01,39.95,23.24,27.58,31.53,53.88,33.82,70.84,23.25,29.47,33.95,31.27,22.24,24.21,35.24,22.92,42.52
2022-10-13,34.28,33.82,23.5,28.68,68.54,44.33,63.21,26.3,33.44,34.99,35.76,35.2,48.53,37.79,41.64,39.44,21.09,24.78,26.99,35.09,34.5,21.58,40.31,39.09,55.37,26.61,36.06,26.73,43.09,43.13,31.04,32.19,37.11,33.57,32.95,88.91,26.06,37.01,,25.38,53.14,27.07,26.98,35.24,27.67,28.07,27.63,36.94,34.5,32.46,17.8,37.29,17.13,27.7,35.76,26.32,25.12,51.5,28.5,23.81,23.89,27.23,35.87,30.13,24.79,22.52,33.3,33.2,38.17,32.04,59.28,58.53,44.19,49.3,36.26,24.06,18.67,19.81,36.78,28.09,41.1,23.96,36.89,27.11,35.4,38.13,25.16,27.15,26.46,54.36,31.19,70.91,21.8,30.05,34.58,34.54,24.29,25.17,35.12,22.21,43.12
2022-10-14,35.35,33.77,23.97,29.03,68.35,47.77,64.28,26.38,33.56,37.56,35.59,36.42,48.26,37.81,40.33,40.05,20.9,24.71,27.23,35.28,35.68,21.39,38.47,39.9,55.21,27.92,36.03,26.82,42.94,43.77,32.42,32.32,37.2,32.88,34.62,89.03,28.38,36.88,,25.15,53.19,28.02,27.88,35.9,28.75,27.3,27.87,37.27,35.8,34.48,16.49,37.84,17.38,28.91,35.73,28.96,26.12,56.25,28.78,24.08,24.04,27.91,36.5,29.11,25.35,22.21,36.92,33.92,40.49,32.02,58.81,58.32,46.25,53.15,32.5,25.69,18.65,19.77,43.97,28.9,40.7,23.11,33.57,36.44,34.34,38.13,25.2,27.37,24.16,55.97,32.9,67.18,21.73,28.15,34.61,36.69,24.4,25.13,35.72,22.64,43.55
2022-10-17,37.57,33.85,26.02,32.56,30.59,48.73,68.03,26.67,37.58,45.01,37.08,39.39,48.81,43.59,43.14,43.04,20.72,25.23,28.31,36.4,36.3,22.05,40.13,40.83,55.52,29.87,37.1,29.08,44.29,43.52,33.26,34.22,39.71,35.25,34.23,37.65,31.37,35.36,,25.58,55.31,31.35,30.86,37.15,28.84,27.99,27.93,38.53,41.85,38.29,16.63,41.1,18.37,30.26,36.54,30.65,28.28,57.8,29.76,25.02,24.2,29.27,42.96,29.69,26.64,23.37,38.77,36.73,41.7,33.79,61.56,60.99,46.62,58.05,35.35,25.95,20.46,21.38,44.48,28.74,42.01,24.94,36.01,37.93,35.31,40.95,27.26,29.49,25.7,64.05,33.63,71.34,21.18,29.17,32.23,36.96,24.85,27.16,36.47,23.13,42.85
2022-10-18,36.89,33.03,25.83,31.91,29.86,48.01,66.52,26.15,38.6,44.82,36.23,40.17,47.8,44.39,42.56,42.85,20.28,24.81,28.18,36.01,35.78,21.97,39.17,40.63,54.23,30.2,39.1,28.75,43.61,42.54,33.34,34.41,39.17,35.62,33.95,36.76,33.01,35.79,,25.07,54.82,30.7,30.29,37.3,28.46,27.84,27.66,38.0,41.12,38.15,16.26,41.03,18.78,29.89,35.68,41.58,27.59,57.52,29.9,24.78,24.37,29.34,41.96,29.7,26.01,22.82,39.68,35.89,41.17,34.1,60.4,59.54,46.83,56.79,34.5,25.64,20.41,21.26,44.31,28.4,41.0,26.93,35.15,37.65,35.55,40.0,27.64,29.28,25.92,62.85,32.93,73.79,20.68,29.13,31.98,36.14,24.61,26.51,36.0,23.72,41.82
2022-10-19,35.66,33.05,34.67,31.73,30.68,49.08,66.28,26.93,38.87,44.7,36.27,39.91,47.88,45.07,42.16,42.47,19.38,24.96,28.06,36.26,35.48,22.39,39.22,43.09,54.82,30.08,39.0,28.77,43.57,43.75,32.54,35.47,39.05,35.43,33.55,37.07,33.03,35.75,,25.32,52.86,30.85,30.46,37.19,30.39,27.77,27.6,37.94,41.41,48.04,16.27,41.51,18.54,29.83,35.98,41.95,31.65,58.67,29.98,24.71,24.58,29.33,41.67,30.13,25.7,22.99,39.56,35.98,40.97,32.73,73.28,58.16,46.8,56.57,34.62,25.76,21.27,21.68,45.6,28.34,41.07,26.9,35.31,36.42,34.79,39.98,27.62,31.6,25.81,62.29,32.99,73.76,20.64,28.12,31.11,37.76,24.62,26.66,36.81,23.56,42.68
2022-10-20,35.04,32.97,35.58,31.35,30.13,49.6,66.67,26.39,37.62,44.34,36.1,39.88,47.83,44.84,42.18,42.17,19.66,25.0,28.6,35.87,35.35,22.56,39.03,43.01,54.69,30.1,39.14,28.26,43.58,43.69,32.25,39.99,38.88,35.79,33.11,35.83,33.21,35.78,,24.39,49.99,30.2,29.86,36.85,30.35,27.78,31.79,37.84,41.2,47.74,16.08,40.94,19.02,29.57,35.65,41.96,32.29,65.29,30.0,24.66,24.75,29.37,41.66,30.27,27.28,22.81,39.45,35.89,40.06,34.67,73.57,56.83,46.06,56.7,37.51,26.1,20.83,21.94,44.5,28.6,40.93,26.97,35.11,36.49,34.92,39.44,37.72,33.56,25.75,64.64,33.18,74.0,20.64,36.03,31.55,38.15,24.66,26.91,36.12,23.49,42.46
2022-10-21,36.01,34.0,35.26,32.39,29.65,52.53,67.44,25.98,37.66,44.93,39.7,38.92,47.84,45.23,40.13,44.36,21.36,25.18,29.47,37.32,38.16,23.55,37.59,42.97,54.78,31.76,38.96,28.37,44.09,44.05,35.05,39.75,39.89,36.56,34.35,35.5,33.79,36.96,,24.73,51.91,29.72,29.42,40.0,31.15,28.8,31.75,39.7,42.76,47.7,17.2,42.93,20.06,29.69,36.27,42.49,33.25,66.82,29.47,24.86,24.95,27.84,40.96,31.9,28.12,23.12,41.62,36.61,41.82,35.26,76.68,57.12,46.04,57.28,40.0,26.22,25.6,22.28,45.48,29.43,42.9,27.06,34.98,38.56,35.82,39.22,37.59,34.39,24.83,66.91,35.68,73.43,20.89,37.24,33.24,37.95,23.62,29.41,35.87,24.26,41.96
2022-10-24,36.94,35.29,38.16,33.3,31.59,54.29,65.58,28.4,38.48,44.44,40.63,37.21,43.05,44.53,35.32,45.62,20.07,25.67,30.35,36.52,35.5,24.16,38.69,41.28,43.52,31.15,38.64,28.67,45.77,36.61,32.39,42.24,38.99,37.42,33.24,34.22,32.75,37.31,,25.02,50.62,30.31,29.85,37.65,33.0,29.68,32.11,40.05,42.23,47.86,17.17,42.79,22.93,32.26,34.49,42.58,35.58,67.76,28.82,24.79,26.59,27.72,41.6,32.6,25.8,21.17,40.26,37.76,42.54,37.5,76.96,58.35,45.44,55.75,39.39,28.23,25.76,22.91,43.6,26.92,43.57,26.57,37.73,39.0,36.75,36.4,38.56,35.71,24.76,66.84,36.7,71.52,21.39,37.85,31.29,38.17,23.72,30.51,34.22,23.27,36.38
2022-10-25,36.65,34.61,37.25,32.96,31.47,53.92,66.47,28.0,43.16,43.39,39.77,38.38,43.07,43.48,36.14,46.32,19.66,25.07,29.63,36.28,34.83,23.93,38.15,42.34,43.04,30.4,38.59,28.44,45.54,35.73,31.72,41.24,38.95,37.47,32.44,33.44,31.97,36.61,,24.46,50.81,30.13,29.71,36.82,33.07,29.18,31.34,39.2,42.51,52.36,16.79,41.77,23.87,33.52,33.69,41.55,36.43,66.36,28.7,24.19,26.14,27.15,45.71,31.81,25.2,20.67,39.6,37.06,41.72,39.05,75.39,59.02,45.39,57.07,38.45,27.55,25.14,22.81,44.73,26.87,43.39,26.77,37.29,38.97,36.81,36.69,37.67,35.52,24.28,68.75,35.83,70.34,20.94,37.05,30.56,37.97,23.88,30.29,33.4,22.72,35.97
2022-10-26,37.29,34.52,37.2,32.71,29.83,53.57,66.63,28.62,42.36,45.76,39.51,37.57,53.0,42.4,36.59,46.02,20.59,24.7,29.14,34.67,34.25,24.1,36.62,40.94,42.32,28.93,40.6,28.38,45.6,33.48,31.52,41.27,38.53,36.88,31.96,29.38,31.77,37.65,,24.37,51.01,46.33,44.64,35.38,32.39,28.87,31.4,38.65,43.17,51.7,16.77,40.65,23.54,33.25,33.32,41.05,36.17,65.98,29.21,23.9,26.03,26.6,48.72,33.66,25.12,20.21,38.92,46.45,40.65,38.78,75.13,59.05,45.93,57.34,37.95,27.53,25.17,22.97,44.95,26.53,43.31,27.11,37.3,39.02,36.22,34.22,36.98,36.1,24.26,68.95,36.96,69.3,20.48,36.84,30.2,36.92,26.69,29.99,32.96,22.66,34.32
2022-10-27,38.58,34.53,37.2,32.68,30.09,53.86,66.49,28.41,42.62,47.86,39.68,37.56,54.82,41.73,36.88,45.94,20.59,24.66,29.14,34.42,40.51,21.27,36.04,40.93,42.12,28.93,40.35,28.34,45.59,33.36,31.51,41.81,37.43,36.21,31.84,29.41,31.44,37.6,,24.87,50.82,46.89,45.57,34.87,32.36,30.21,31.39,40.48,43.14,51.4,16.63,40.27,21.46,33.43,33.48,40.3,36.09,65.88,28.65,23.22,25.55,26.47,106.51,33.53,25.44,20.03,38.91,46.88,45.06,38.78,75.3,59.36,62.49,57.55,37.0,26.88,25.32,20.91,44.89,25.43,44.32,27.18,37.32,43.47,35.85,34.02,37.25,36.05,24.31,68.02,37.01,69.0,20.55,36.35,30.12,37.03,25.68,30.03,33.0,22.67,34.22
2022-10-28,45.93,36.96,38.25,33.49,30.45,54.72,69.4,28.57,44.14,51.78,41.78,37.64,53.59,41.62,35.84,46.27,21.35,24.32,30.08,34.23,40.58,22.14,34.81,41.85,39.23,29.65,40.73,28.89,45.83,32.39,30.48,41.28,35.85,37.79,31.33,28.14,31.48,38.26,,46.46,50.89,48.31,47.22,33.83,29.25,32.14,32.31,53.26,43.25,50.91,17.05,40.07,22.16,33.85,24.06,40.75,35.09,67.17,29.89,25.24,26.37,26.03,104.36,34.47,25.68,20.02,39.18,48.43,46.38,41.8,70.44,60.08,62.09,59.16,37.64,27.04,27.86,22.52,43.2,27.58,46.24,27.98,36.28,44.44,36.27,32.78,37.72,35.7,33.15,67.93,38.9,68.86,20.95,35.75,29.76,37.33,26.4,33.02,32.83,22.44,33.68
2022-10-31,41.86,29.91,38.78,34.15,31.61,54.75,68.51,28.4,44.05,52.36,40.56,37.07,47.48,41.41,33.59,45.01,21.25,16.11,30.89,33.08,40.86,20.65,31.57,41.92,39.91,29.74,39.68,27.65,46.5,32.05,29.07,41.81,33.24,34.58,31.12,26.64,29.39,36.49,,45.96,44.23,48.69,47.54,33.19,29.37,29.98,31.01,53.32,41.7,50.59,16.65,39.28,22.87,35.09,22.19,39.28,35.38,67.6,29.69,24.2,22.27,25.44,107.84,33.78,24.53,19.75,39.18,49.21,46.83,41.63,71.07,35.12,62.84,59.18,35.74,25.79,29.08,19.57,44.25,23.86,45.49,27.79,35.85,45.16,33.79,29.54,37.49,36.71,33.57,66.1,37.66,68.43,20.54,35.58,29.0,38.14,26.77,32.74,33.33,21.23,33.11
2022-11-01,41.56,29.19,37.85,33.64,31.25,53.62,66.87,27.73,43.02,54.05,39.66,36.49,46.33,40.43,32.82,43.92,20.74,15.87,30.26,32.3,39.9,20.2,30.99,40.91,38.96,29.09,39.5,27.06,45.38,31.3,29.72,41.24,32.65,33.81,30.89,26.61,28.8,35.66,,44.85,43.23,49.81,48.64,32.42,28.69,29.64,30.38,52.13,49.73,49.52,16.48,38.45,22.43,34.25,24.21,38.59,34.66,66.16,29.11,23.73,21.74,24.83,106.09,33.14,24.14,20.66,38.63,48.37,45.83,40.64,70.0,34.35,61.42,57.76,35.84,25.37,29.91,19.11,43.7,23.38,44.42,27.12,35.02,44.08,32.98,31.09,36.59,35.89,32.76,64.57,36.97,76.94,21.03,34.73,28.33,37.31,26.28,31.95,32.88,20.94,32.31
2022-11-02,42.77,28.54,36.91,34.64,34.45,51.62,65.06,28.07,42.96,54.61,39.63,35.75,45.47,39.91,39.4,43.36,20.47,15.16,30.39,32.39,39.85,20.56,28.66,41.75,32.73,31.35,44.81,26.85,45.25,28.94,28.91,42.35,34.92,32.83,30.23,27.29,27.51,35.85,,45.99,44.08,49.61,48.68,32.13,28.83,28.93,30.36,51.33,49.75,52.63,17.56,38.22,22.93,34.1,23.99,38.07,35.82,64.8,32.89,24.0,20.45,25.3,105.83,33.52,25.92,20.64,38.35,48.19,45.84,38.69,72.64,36.4,64.49,57.84,37.07,25.98,30.94,19.3,47.12,24.46,44.96,27.92,36.11,44.15,31.71,32.74,35.35,38.65,31.8,60.39,36.77,77.96,20.44,34.14,28.86,37.23,28.39,30.23,31.64,20.27,30.75
2022-11-03,44.34,27.27,35.01,38.14,37.26,50.38,64.96,28.73,42.95,51.45,36.48,34.71,46.01,38.23,37.23,42.47,20.61,13.39,29.92,30.2,37.84,20.43,28.41,42.06,33.75,30.84,41.74,26.89,44.33,26.96,25.62,39.64,32.88,32.13,29.11,21.26,26.46,30.99,,44.29,34.3,49.25,48.4,28.18,29.25,28.18,29.73,50.5,50.75,51.64,16.96,35.82,22.94,31.95,23.37,37.99,36.53,64.11,33.28,23.9,20.16,25.36,105.24,32.97,24.58,21.0,35.63,46.88,43.5,38.22,72.98,34.26,62.31,55.45,35.34,25.91,30.94,19.15,46.49,23.75,49.24,26.71,34.09,42.18,31.17,28.97,36.06,36.64,31.2,59.24,35.08,71.9,19.97,32.84,26.15,36.2,30.16,29.93,29.51,19.96,29.22
2022-11-04,44.31,27.17,35.58,38.69,37.11,54.61,66.31,28.78,42.44,52.47,40.02,37.16,45.76,38.19,37.39,43.3,20.61,13.25,30.14,30.82,38.6,20.34,29.15,43.77,34.27,30.54,44.13,27.25,44.79,27.05,24.94,40.43,32.86,30.28,29.4,21.13,26.44,32.13,,44.23,32.66,51.73,50.82,27.75,29.45,28.24,30.16,52.5,50.66,51.83,16.92,35.89,22.69,33.86,23.98,37.87,36.76,67.79,34.52,23.87,20.63,25.39,106.13,33.18,24.73,20.93,35.74,48.71,46.37,38.2,73.65,38.4,64.91,58.23,35.31,25.7,30.95,19.77,46.82,24.48,49.71,26.55,43.89,42.13,30.0,29.49,35.59,37.01,30.96,59.35,37.23,72.0,20.25,32.7,26.38,37.69,30.18,29.84,30.42,19.5,26.89
2022-11-07,43.57,26.8,36.76,38.39,39.87,51.3,42.93,29.07,37.35,52.16,38.99,36.9,46.23,36.78,38.54,40.97,19.91,13.28,28.82,29.75,38.95,18.56,27.42,42.73,35.31,29.22,45.87,24.58,20.69,26.93,25.48,40.12,31.97,27.97,29.0,21.88,26.63,29.43,,44.29,30.66,53.46,52.44,26.51,30.22,25.62,25.87,49.11,50.86,48.13,14.85,33.73,21.0,32.66,23.89,38.44,38.58,66.54,34.77,22.18,17.97,24.56,111.95,27.63,25.29,20.6,33.69,48.13,46.16,36.44,71.22,38.11,65.35,50.42,31.9,24.65,29.14,17.16,62.21,23.85,51.46,26.4,44.16,42.29,26.6,26.86,32.9,36.51,30.68,59.27,35.09,71.17,17.06,32.94,23.21,36.58,30.51,28.04,28.8,16.91,25.74
2022-11-08,42.55,26.16,35.89,37.47,38.98,50.46,41.99,32.19,36.46,50.93,38.3,36.57,45.47,35.96,37.76,40.02,19.47,13.16,28.17,29.06,38.09,18.12,26.83,41.71,34.62,28.6,45.23,24.02,20.21,26.44,25.06,39.7,31.29,27.46,28.41,21.36,25.99,28.78,,43.23,30.42,52.25,51.28,25.93,29.5,25.01,25.3,47.94,51.1,47.39,14.5,33.08,20.51,31.89,23.32,37.52,37.86,65.14,33.95,21.65,18.22,32.84,109.34,26.97,24.7,20.28,32.98,47.01,45.27,35.81,69.62,37.2,64.39,49.4,32.16,24.07,28.44,16.77,61.78,23.76,51.01,25.83,43.81,41.29,26.18,27.41,32.11,35.65,29.96,58.41,34.49,69.51,17.05,34.67,22.71,35.88,29.81,28.01,28.14,16.53,25.13
2022-11-09,44.03,26.26,35.83,37.55,39.0,49.37,47.64,32.91,35.34,52.09,35.03,37.97,45.82,36.72,37.49,41.25,17.85,13.07,28.53,29.27,39.46,17.95,27.54,44.16,42.82,28.65,45.52,24.55,22.16,29.87,26.33,39.53,57.23,27.46,28.81,21.45,26.64,29.7,,43.27,28.0,52.4,51.47,26.14,29.91,25.62,25.16,49.04,52.41,47.91,15.02,33.36,21.32,31.74,23.37,38.58,37.79,61.02,35.74,21.93,18.91,32.96,111.44,27.73,25.08,18.19,33.94,46.9,45.05,35.81,70.73,37.77,62.88,52.47,31.53,24.73,28.43,16.67,62.42,24.47,48.18,26.51,43.91,41.48,26.31,29.3,32.57,35.09,30.24,62.62,34.7,70.09,18.59,34.54,25.06,36.65,32.72,28.02,29.79,19.09,29.22
2022-11-10,52.8,25.65,39.23,44.11,50.86,56.61,65.18,28.68,46.93,67.64,42.12,42.43,47.45,36.06,38.23,55.33,17.92,16.96,32.41,33.57,39.95,18.78,29.75,58.37,43.68,32.15,55.41,26.79,22.15,30.12,27.28,47.57,58.91,30.07,30.89,26.58,26.85,28.58,,43.26,30.02,58.99,57.86,26.57,40.98,26.52,25.9,54.8,60.86,54.25,14.8,31.9,23.85,33.86,23.51,38.56,49.01,64.12,40.54,22.46,19.88,34.82,116.96,30.26,25.44,18.2,38.44,53.73,49.18,41.12,69.48,45.31,73.09,67.34,31.66,25.12,28.57,19.35,70.53,24.97,55.03,27.59,46.4,40.24,28.84,33.89,32.47,42.46,30.25,67.99,38.15,64.49,18.6,37.39,31.58,36.67,36.89,28.07,29.65,18.45,29.04
2022-11-11,53.02,25.17,38.73,43.88,51.65,57.69,67.1,30.25,45.12,69.54,42.32,42.32,47.07,35.98,38.91,55.03,24.44,17.11,32.15,34.81,39.7,19.02,31.49,58.45,44.77,31.65,55.39,27.78,23.96,30.96,27.19,47.47,61.32,27.1,30.48,31.94,30.11,28.59,,43.51,31.03,59.77,58.59,26.51,40.77,26.89,25.67,54.99,60.86,54.22,18.65,32.1,23.74,33.8,28.83,42.1,49.18,63.51,40.1,23.72,20.09,34.78,117.09,31.0,25.27,23.35,38.52,53.91,49.56,37.44,70.69,49.47,73.09,67.29,31.37,23.08,28.55,19.47,78.0,25.13,54.71,31.35,46.44,40.3,26.27,33.1,31.41,43.84,29.91,68.84,38.18,62.51,24.11,37.69,33.08,36.71,36.81,28.01,30.18,17.73,30.26
2022-11-14,51.94,24.01,38.82,43.5,51.3,53.89,64.89,30.5,46.85,69.61,42.07,39.52,49.79,33.61,40.28,55.8,24.19,18.75,29.71,34.29,38.24,17.56,27.61,59.91,39.53,30.66,55.6,26.19,23.12,24.9,24.96,48.26,61.2,26.21,25.67,32.45,26.46,26.37,,44.23,34.6,60.41,59.16,23.13,42.02,24.98,23.16,54.31,60.99,53.62,19.04,29.88,23.55,30.58,28.87,39.36,50.27,58.07,38.82,19.77,20.11,32.06,119.48,29.21,23.9,23.94,32.49,53.83,47.09,38.51,70.93,50.22,71.62,62.67,30.76,19.32,30.12,18.99,76.92,23.64,53.8,29.7,44.75,31.74,23.09,35.44,30.71,44.24,30.26,65.3,35.73,61.79,24.49,37.47,32.62,32.54,35.76,28.04,28.2,20.66,26.96
2022-11-15,50.77,23.51,38.06,42.51,50.14,52.68,63.88,30.04,45.9,67.99,41.28,38.65,48.6,32.97,39.32,54.7,23.67,18.7,29.0,33.53,38.05,17.33,26.95,64.75,38.59,31.27,54.53,25.57,22.57,24.3,24.44,47.25,59.89,25.95,25.11,31.69,26.01,25.76,,43.27,33.77,59.73,58.54,22.84,41.18,24.38,22.77,53.02,59.95,52.33,18.58,29.66,23.08,29.95,29.05,38.43,49.36,56.67,37.91,20.65,19.65,31.34,117.03,28.56,23.4,23.69,31.71,52.54,46.19,37.7,69.67,49.23,71.13,61.18,30.03,18.86,30.22,18.81,75.57,23.09,54.05,30.15,43.68,31.61,23.53,34.84,30.32,43.61,29.66,64.14,34.98,65.4,24.95,38.42,32.27,31.78,35.03,28.07,27.64,28.74,26.31
2022-11-16,50.13,23.63,37.08,41.25,51.01,58.19,66.86,30.05,44.91,63.97,42.66,37.53,49.36,28.02,37.09,55.25,23.59,19.56,28.96,34.18,38.76,17.21,26.49,64.83,41.23,31.08,56.04,24.9,23.14,25.59,24.34,47.01,59.21,24.92,25.46,34.04,24.03,28.67,,43.39,38.12,58.39,57.33,22.86,41.0,24.89,22.88,55.21,57.56,52.23,18.25,27.31,22.97,29.72,29.11,38.35,49.52,64.96,37.73,20.89,19.62,31.73,115.48,29.83,22.97,22.88,31.68,50.97,53.02,37.27,67.9,49.37,71.59,63.22,27.83,18.37,30.41,18.35,74.63,23.14,56.42,30.48,43.13,30.6,23.25,37.52,30.52,43.36,29.34,60.2,36.42,67.08,24.94,37.75,33.48,32.5,34.97,27.18,27.58,28.74,26.81
2022-11-17,50.2,23.63,36.89,41.79,51.01,58.34,66.77,29.97,44.85,63.31,42.61,36.58,49.48,25.77,39.72,55.51,23.84,19.73,28.81,34.16,39.34,17.44,26.41,64.99,41.27,30.89,55.59,29.12,23.47,25.6,23.77,47.21,59.61,25.13,25.62,33.92,20.87,27.8,,43.38,37.81,58.35,57.26,23.05,41.24,24.85,22.87,54.42,58.18,52.8,18.27,26.66,22.72,30.26,29.8,27.48,51.05,64.96,37.69,20.77,19.83,32.01,115.51,29.56,22.92,23.94,31.18,50.96,52.5,38.29,69.06,49.28,72.38,63.9,28.28,18.11,30.36,18.71,76.38,23.09,56.55,28.77,43.15,30.35,23.05,37.33,30.48,43.36,29.49,60.22,36.43,65.77,25.09,37.8,33.42,32.51,34.94,27.23,27.26,28.36,26.82
2022-11-18,50.2,23.79,28.56,41.82,51.46,58.33,66.51,29.04,43.05,63.31,42.56,36.34,49.49,23.38,39.71,55.38,23.48,19.4,28.32,33.18,39.34,16.81,25.74,63.05,41.34,30.75,55.69,29.91,24.69,24.16,23.71,46.15,59.59,24.36,25.94,32.95,20.84,27.66,,42.94,37.62,58.29,57.23,22.7,38.96,24.68,22.49,54.48,58.0,46.14,17.97,25.21,22.35,30.16,28.89,27.05,47.53,65.47,37.34,20.8,19.06,32.63,115.54,28.85,23.35,23.57,29.53,50.87,52.54,37.42,56.91,48.85,72.36,64.66,27.52,17.78,28.93,18.81,76.36,23.2,56.45,28.82,42.57,30.92,23.75,37.17,30.28,41.41,29.41,59.98,36.53,65.74,26.87,37.65,33.53,30.1,34.85,26.86,25.88,28.45,25.86
2022-11-21,51.29,22.92,26.73,41.64,53.81,58.59,68.71,29.32,43.47,62.75,41.06,36.19,50.95,20.63,40.09,55.13,22.75,19.38,26.2,32.36,34.82,15.27,26.53,64.9,42.76,29.61,56.14,29.78,24.63,24.0,18.02,42.06,63.77,22.68,23.33,32.51,20.05,25.4,,43.56,36.02,59.93,58.73,18.94,38.25,23.43,19.16,56.47,57.54,46.99,17.17,20.17,21.7,30.3,27.45,26.78,46.53,63.32,38.51,20.44,18.4,33.19,118.44,27.47,21.47,22.59,27.93,51.4,52.7,34.24,51.54,49.59,75.12,66.39,20.02,18.36,25.52,18.2,77.27,22.05,57.92,29.17,43.0,29.64,22.73,37.73,19.64,39.42,30.14,59.65,36.35,67.88,27.47,27.51,31.14,28.26,36.67,21.15,25.17,28.65,26.36
2022-11-22,50.29,22.85,26.14,41.05,53.27,57.22,67.72,28.84,42.76,61.61,40.5,35.4,49.89,20.14,39.32,53.83,22.28,19.49,25.79,31.6,34.23,15.34,26.44,63.34,43.34,29.17,56.03,29.28,24.49,24.66,17.81,41.08,62.37,22.14,22.91,31.78,19.58,24.95,,42.51,35.2,58.81,57.63,18.49,37.86,22.87,19.0,55.81,58.65,45.86,16.78,20.03,21.18,29.72,26.82,26.21,45.62,61.8,37.89,19.97,17.95,37.17,115.84,26.82,21.11,22.19,27.25,50.33,52.09,33.42,50.34,48.59,73.98,65.94,21.16,17.95,25.41,17.79,75.5,21.54,57.23,28.48,41.99,29.1,22.2,37.02,19.21,38.68,29.51,58.76,36.36,66.28,27.16,26.85,30.48,27.73,36.16,20.95,24.59,27.97,27.17
2022-11-23,50.09,21.56,24.19,40.6,52.5,56.86,67.56,27.42,42.32,61.82,40.42,35.44,49.89,20.14,39.23,53.62,22.15,17.11,25.43,32.97,34.42,15.32,26.12,63.22,44.3,26.63,56.54,29.0,23.57,24.99,23.5,40.09,63.19,22.16,23.06,31.76,19.55,24.96,,42.51,34.84,58.83,57.66,18.46,37.62,22.47,18.52,55.91,58.77,45.87,16.32,20.09,19.48,25.41,26.05,26.18,45.65,61.8,37.89,20.2,16.87,37.45,115.92,26.84,19.91,21.81,27.25,49.95,52.1,33.09,49.89,48.35,74.13,66.22,21.14,15.92,25.39,17.79,76.04,21.58,57.31,28.3,35.93,29.14,22.25,37.01,18.01,38.44,29.33,65.51,36.32,66.62,27.02,26.73,30.41,27.44,36.15,20.82,24.52,27.51,27.31
2022-11-25,50.87,21.14,24.72,41.17,53.13,58.62,67.36,26.85,40.06,62.08,41.67,34.18,35.0,20.42,38.14,53.8,21.51,17.23,25.94,33.29,35.48,15.37,26.43,63.27,44.66,27.32,55.96,29.39,21.72,25.31,23.77,41.25,63.99,22.38,23.66,32.44,19.95,23.57,,43.47,33.33,48.17,48.02,18.84,38.05,22.85,18.81,57.39,58.59,39.67,16.5,20.46,18.55,23.7,26.01,26.79,45.69,63.93,37.85,20.72,17.24,37.93,115.11,25.19,19.71,22.33,27.85,41.88,53.32,32.22,49.64,48.35,74.75,65.58,20.77,16.45,25.93,18.14,75.66,21.71,58.4,27.25,36.76,29.15,22.21,36.6,16.56,37.87,29.99,63.42,35.87,67.79,28.14,27.38,31.0,27.24,33.64,21.04,25.05,28.16,27.69
2022-11-28,44.17,15.78,23.94,41.51,54.3,59.53,67.43,26.5,41.63,58.32,41.27,35.13,37.74,22.58,38.35,55.64,19.76,16.46,25.05,35.03,25.61,14.56,26.95,62.79,46.56,26.44,56.83,29.11,22.22,27.96,24.46,42.04,66.15,21.19,25.51,33.64,20.51,26.16,,15.86,35.24,46.52,45.84,20.9,39.56,18.72,18.56,45.28,59.44,40.91,16.21,22.23,17.83,24.46,26.41,24.84,46.37,65.13,38.37,13.7,16.95,40.06,59.68,26.99,17.98,22.6,27.83,41.06,51.51,30.55,51.13,47.8,61.91,66.88,20.53,15.61,23.46,17.12,77.41,19.82,58.55,25.16,37.46,20.41,22.59,40.58,15.86,39.48,17.71,64.36,36.11,69.91,28.27,29.42,31.77,27.51,33.83,18.06,25.53,28.61,29.04
2022-11-29,43.48,15.48,23.44,40.59,52.98,58.11,65.75,25.87,40.84,56.99,40.29,35.16,36.99,22.03,37.65,54.45,19.29,16.04,24.45,34.2,25.16,14.37,26.43,61.98,45.41,25.85,55.51,28.38,21.67,27.74,23.93,41.12,64.5,20.92,24.88,33.7,20.02,25.51,,15.49,34.48,45.43,44.78,20.39,38.8,18.25,18.1,44.19,58.04,40.38,16.04,22.14,17.47,25.11,25.83,24.22,45.33,63.53,37.46,13.47,16.61,39.24,58.18,26.64,18.38,22.03,27.29,40.1,50.41,30.42,49.84,46.64,60.46,65.51,20.26,15.44,22.92,17.17,75.45,19.32,57.17,24.56,36.58,20.04,22.03,39.76,15.78,38.51,17.49,62.73,35.22,68.14,27.64,29.32,31.99,27.55,33.2,17.62,25.2,28.0,28.39
2022-11-30,46.83,15.75,24.4,42.98,55.45,60.24,66.08,25.73,41.07,59.42,43.71,35.34,36.51,23.18,38.73,53.3,19.79,16.71,23.74,34.48,24.44,15.12,27.67,62.07,45.37,25.44,59.08,29.69,21.78,28.0,23.84,44.97,65.78,21.36,24.71,34.29,20.03,25.21,,16.1,34.98,49.55,48.75,20.53,39.76,18.37,18.55,45.39,63.83,42.78,16.27,22.21,18.19,24.25,26.58,24.37,45.26,67.02,39.4,13.79,17.79,41.33,57.75,26.53,19.29,22.2,27.81,44.41,52.65,30.44,57.89,46.98,62.95,69.19,21.87,16.3,21.83,18.46,78.49,19.76,62.18,24.84,37.63,21.81,23.58,39.99,15.39,39.89,18.73,69.31,37.57,68.85,30.62,29.71,32.76,27.74,35.34,18.11,25.06,28.06,28.49
2022-12-01,46.47,15.76,24.4,42.8,55.34,61.34,65.93,25.75,41.09,56.21,43.58,35.09,37.79,25.56,38.98,53.29,19.88,16.89,24.01,34.87,24.49,15.07,27.94,63.32,45.08,35.47,65.96,29.66,21.82,27.97,22.34,44.75,65.89,21.34,24.32,34.07,20.03,25.61,,16.03,34.99,46.41,45.72,20.8,39.76,18.76,18.49,45.48,57.66,42.92,16.12,22.54,18.03,24.26,24.62,24.38,45.18,67.5,39.3,13.81,17.81,41.28,57.71,26.48,19.49,21.35,27.5,43.77,54.36,30.45,58.6,46.99,63.4,69.13,21.39,16.35,20.29,18.48,80.63,21.28,62.14,24.84,37.64,22.18,23.58,37.41,15.52,39.9,18.67,69.29,38.19,57.14,31.01,29.9,32.65,27.66,35.33,19.25,25.56,27.93,28.35
2022-12-02,44.47,14.0,23.65,41.04,52.24,60.43,67.02,25.3,40.9,53.63,42.93,33.75,38.71,25.97,31.07,52.9,19.8,17.05,22.98,34.7,23.18,13.95,26.97,62.52,45.03,34.03,62.57,28.58,20.78,27.1,21.82,39.8,64.61,21.25,23.73,32.35,19.78,25.52,,13.77,34.44,43.76,42.96,21.31,38.24,17.81,17.99,44.19,57.38,39.34,14.85,22.45,16.93,23.39,24.8,25.75,42.06,65.56,35.89,13.34,17.63,40.88,53.34,25.5,16.7,21.16,27.94,41.16,53.8,30.23,55.23,43.95,60.08,68.62,19.03,15.38,18.67,17.13,79.26,18.42,60.08,24.42,35.09,21.78,23.26,36.55,15.95,34.23,17.92,66.84,36.46,56.35,30.94,28.58,31.78,25.52,33.4,19.1,26.51,27.73,27.53
2022-12-05,42.67,14.24,25.01,36.5,50.14,58.44,68.77,25.26,41.7,54.84,40.94,30.06,34.54,29.63,31.01,53.0,20.03,17.3,23.14,36.1,19.81,14.96,27.56,61.38,41.37,35.17,67.31,28.4,20.49,28.35,23.73,41.45,66.87,21.97,23.87,35.31,21.31,25.97,,14.38,36.62,40.11,39.33,22.5,39.12,18.03,16.55,43.2,56.34,39.98,15.26,23.78,18.43,21.5,24.95,26.62,44.26,63.92,33.34,13.34,17.57,41.36,54.02,26.62,17.21,21.39,29.9,40.39,52.36,30.94,55.49,42.89,59.46,69.21,26.87,16.66,18.87,17.33,83.83,17.98,53.34,25.14,25.56,23.15,23.85,36.84,16.19,35.0,18.28,71.03,34.87,59.18,31.55,29.95,37.24,28.16,32.68,21.68,29.95,28.87,29.14
2022-12-06,42.75,14.12,25.2,37.17,49.21,57.55,69.68,24.82,41.08,54.5,40.27,29.63,36.95,32.12,30.49,51.66,19.88,16.86,22.99,35.58,20.47,14.59,27.51,59.88,41.39,34.71,65.61,28.55,20.23,28.91,23.14,40.68,66.41,21.72,23.64,35.61,21.11,25.37,,14.12,36.36,40.74,39.95,23.67,38.46,18.17,16.18,42.75,55.27,39.5,16.06,23.18,18.02,21.38,24.36,26.45,44.15,62.9,34.11,13.0,17.22,40.81,60.37,25.95,18.54,21.49,30.8,40.44,51.06,30.19,55.2,42.52,58.11,69.34,26.37,16.58,20.17,16.95,82.11,19.55,53.51,25.72,25.91,22.81,23.63,35.93,17.37,34.68,18.07,69.29,34.8,58.45,30.88,29.21,38.72,28.63,33.1,21.19,29.21,28.63,29.81
2022-12-07,43.07,13.35,24.95,35.99,47.44,56.63,69.66,23.01,41.0,54.5,40.43,29.29,36.18,31.89,33.55,50.8,19.81,16.41,23.11,35.31,20.46,14.59,27.24,59.18,40.31,34.67,64.55,28.87,19.79,28.51,23.09,40.73,66.27,21.19,22.4,35.48,21.02,23.49,,13.83,36.13,41.36,40.5,23.46,38.03,17.94,16.14,42.82,54.79,39.44,15.94,23.11,18.03,21.01,23.48,26.04,44.17,61.71,33.58,12.87,16.57,40.46,57.39,26.37,18.37,21.54,30.72,39.57,50.98,29.0,54.89,41.05,58.13,69.32,26.23,16.41,20.26,16.55,70.57,19.51,53.05,25.57,24.96,22.77,21.51,35.81,17.44,34.52,17.98,68.07,34.42,58.22,30.64,29.15,38.22,28.51,32.9,21.37,29.62,28.63,29.3
2022-12-08,43.24,13.34,25.67,36.38,47.66,56.55,69.62,13.01,41.0,55.0,40.87,28.52,35.29,31.77,34.46,50.73,19.51,18.39,23.02,35.14,20.6,14.69,27.26,59.09,40.52,34.51,64.06,29.2,19.75,28.67,22.82,40.64,66.33,21.14,22.39,35.53,21.09,24.12,,14.71,36.14,41.73,40.89,23.47,38.11,17.79,15.83,42.83,55.51,39.35,15.89,23.39,18.02,21.15,23.46,25.92,44.73,61.77,33.67,13.26,16.51,34.5,57.28,26.35,18.69,21.28,31.11,39.69,51.49,28.87,54.77,41.62,58.06,71.97,26.07,16.63,22.33,16.55,69.98,19.05,53.44,25.58,24.39,22.77,21.43,35.49,17.58,34.66,21.43,67.51,34.44,58.18,30.37,26.27,39.23,28.01,32.85,20.33,29.65,28.63,29.47
2022-12-09,41.4,15.1,25.61,36.54,47.48,55.28,66.17,15.15,40.8,52.95,39.82,26.3,35.18,31.59,34.46,49.84,20.03,18.99,22.3,34.74,20.28,14.68,26.27,57.96,34.13,34.5,63.31,28.81,18.51,27.4,22.8,39.67,43.62,21.2,22.44,35.26,20.72,25.58,,16.38,35.01,41.36,40.46,23.42,37.86,17.8,15.67,41.09,53.94,38.53,15.91,22.98,17.63,21.4,25.5,25.14,44.72,61.06,31.43,13.33,16.47,34.53,55.2,25.95,17.83,22.71,29.98,39.05,50.73,29.59,53.13,41.61,57.15,68.24,26.13,16.04,21.5,16.56,69.02,17.49,53.64,25.61,25.54,22.23,21.23,34.52,17.1,34.54,21.85,63.61,34.0,57.08,29.84,26.44,37.87,27.25,29.67,20.45,28.64,28.64,25.32
2022-12-12,28.92,15.44,21.55,26.83,32.53,39.27,45.52,13.79,24.27,30.5,31.66,18.55,33.84,27.15,31.57,20.67,12.38,17.07,14.16,23.07,18.84,13.61,22.3,40.19,29.19,30.99,53.65,25.72,17.84,24.89,21.77,28.98,38.85,16.49,18.22,27.05,14.1,25.19,,16.16,29.42,31.43,30.75,16.6,26.74,15.27,13.38,30.23,45.92,23.72,11.32,19.31,14.18,16.23,20.16,14.55,31.94,46.29,24.27,13.4,14.7,32.83,45.34,19.16,16.04,17.07,21.07,29.93,41.45,22.76,46.07,27.07,42.98,52.2,26.57,13.22,21.84,13.17,51.56,16.14,45.42,18.27,20.2,22.82,21.81,28.4,15.31,23.7,19.71,62.32,27.37,50.04,26.63,21.54,32.48,24.52,24.45,19.74,24.4,29.22,24.17
2022-12-13,28.34,15.31,21.72,26.38,32.03,39.1,44.67,14.46,26.73,31.12,31.79,18.08,32.99,26.62,31.34,21.92,14.2,17.03,13.83,23.79,18.77,13.27,21.75,39.93,29.58,30.23,53.13,25.08,19.99,25.92,21.25,28.51,37.87,16.11,18.99,26.39,13.84,24.57,,15.76,28.9,31.92,31.31,17.3,26.42,14.89,13.26,29.5,47.03,24.91,11.16,18.82,13.84,17.0,21.59,15.13,32.87,46.47,23.73,13.49,14.33,32.11,46.93,18.77,15.77,17.18,21.38,29.7,40.42,22.25,45.1,26.42,43.77,51.71,26.18,12.92,21.74,12.97,51.74,15.91,44.73,17.81,19.9,25.06,21.28,28.07,15.32,23.15,19.63,61.88,26.67,48.78,26.57,21.31,31.72,24.85,24.06,19.25,23.78,28.55,24.06
2022-12-14,28.64,15.2,20.11,26.78,32.12,38.57,46.13,14.44,24.11,30.43,31.37,19.65,31.73,26.52,31.5,16.93,14.14,14.42,14.25,22.94,18.82,13.33,26.05,38.5,29.55,30.18,52.92,25.33,20.03,25.92,21.25,28.09,37.83,16.13,18.84,26.39,13.82,25.04,,15.45,27.41,31.88,31.27,18.7,24.28,14.9,13.36,29.89,46.79,23.44,10.19,18.56,13.17,16.97,21.6,15.24,31.93,44.63,23.73,13.46,13.81,32.48,46.96,18.38,15.21,16.05,22.76,28.31,40.42,20.76,44.25,26.12,42.89,52.52,26.47,12.59,20.6,12.91,50.72,15.56,45.01,17.41,19.9,23.59,20.86,26.86,15.85,23.12,20.21,61.88,26.58,49.35,25.79,21.3,31.7,24.6,23.92,19.57,23.63,26.31,24.03
2022-12-15,32.35,15.92,22.3,29.18,33.53,40.88,44.9,15.49,23.31,32.13,32.94,21.55,33.09,26.6,32.08,17.96,17.27,14.28,16.46,24.72,19.46,15.0,27.19,30.89,29.06,30.25,52.48,27.16,22.94,25.61,22.74,28.28,39.88,15.89,20.4,28.08,14.23,26.33,,17.59,27.83,33.58,33.13,20.86,25.0,17.13,22.77,31.9,50.13,29.05,11.45,20.36,14.32,20.8,20.93,15.85,31.99,46.77,26.26,12.62,14.58,32.55,49.14,20.83,14.99,17.36,24.94,30.88,41.65,21.15,53.08,27.15,42.45,54.33,27.57,14.23,20.89,13.73,51.22,16.42,44.71,15.69,21.55,22.06,20.71,26.2,17.68,23.91,20.8,61.34,28.95,40.7,25.67,20.5,31.56,24.84,25.14,19.05,24.13,14.81,23.87
2022-12-16,32.52,16.89,23.07,35.66,34.47,35.53,42.36,15.29,24.51,31.78,31.51,23.16,32.48,26.67,32.28,17.11,18.55,14.66,16.53,24.51,19.48,14.78,27.02,33.08,27.46,30.25,51.12,26.9,23.51,25.46,22.69,29.72,39.57,17.86,20.13,25.91,14.18,25.45,,17.54,26.9,33.5,33.02,20.94,25.44,17.11,23.33,29.54,49.84,29.23,12.05,20.42,14.52,20.79,20.78,15.88,30.2,39.15,26.25,13.3,14.58,32.21,48.53,20.01,15.44,17.62,25.06,31.57,35.51,21.66,52.95,28.04,42.37,52.31,27.49,14.1,26.0,13.85,50.44,17.01,42.74,14.53,21.79,22.31,21.5,22.96,17.66,25.63,21.61,61.95,27.89,37.91,25.34,20.37,30.9,24.57,25.18,19.89,24.07,15.72,23.77
2022-12-19,32.7,16.37,22.98,37.97,36.15,36.52,42.77,14.6,25.53,33.58,32.4,22.97,33.29,28.03,30.45,17.75,18.07,15.45,16.33,24.74,19.69,13.72,27.98,34.08,26.71,30.78,51.71,20.25,21.84,26.29,22.75,29.47,42.98,16.86,20.25,26.35,14.33,26.02,,17.96,25.33,34.76,34.31,21.44,26.68,17.51,23.13,29.63,49.94,30.19,11.79,20.7,14.77,20.53,19.89,15.42,29.17,39.91,27.2,13.56,14.58,31.57,51.91,20.62,15.66,15.65,25.95,33.02,36.38,20.31,52.2,30.45,43.68,53.42,28.22,14.0,26.63,13.46,55.23,17.11,43.27,14.95,22.18,20.96,20.57,22.78,21.6,26.04,20.55,63.46,28.48,38.8,23.83,21.46,31.07,24.59,25.97,19.7,25.1,14.91,24.41
2022-12-20,31.95,16.18,22.41,38.52,36.61,35.63,41.96,14.23,24.9,32.86,31.94,22.53,32.66,27.59,30.08,17.3,17.67,15.19,16.18,24.13,19.63,13.47,27.66,33.47,27.71,30.05,50.4,19.73,21.29,26.55,22.22,29.01,42.34,16.45,19.8,27.13,14.41,27.84,,19.0,24.69,34.06,33.68,20.95,26.18,17.49,23.61,29.0,48.77,29.45,11.49,20.29,14.42,20.15,19.49,15.3,28.64,38.9,26.57,13.4,14.23,30.84,51.14,20.34,15.27,15.26,25.31,32.24,35.8,19.8,50.88,29.69,42.82,52.26,27.56,13.65,25.99,13.15,53.83,16.68,42.17,14.7,21.65,21.3,20.14,22.2,21.66,25.4,20.16,67.06,27.86,37.92,23.32,20.96,31.71,23.97,25.35,19.2,25.01,15.03,24.56
2022-12-21,33.02,15.9,22.94,39.93,35.05,36.52,44.63,14.42,24.17,33.42,33.4,22.86,34.78,28.42,29.86,20.5,16.37,14.96,17.65,25.78,21.73,14.45,28.4,32.66,29.83,30.47,50.6,19.82,21.32,26.88,22.36,29.96,35.5,17.28,20.45,29.85,14.82,30.34,,18.88,26.2,33.73,33.42,22.02,26.35,18.21,23.72,28.23,48.75,29.88,12.03,20.64,14.51,20.15,21.08,15.08,28.82,39.59,26.06,13.37,14.53,30.55,50.96,21.78,14.72,15.22,26.44,32.44,35.65,20.26,52.0,49.43,41.79,52.79,27.64,12.11,25.98,12.86,54.8,16.77,42.06,15.35,21.74,22.53,20.82,22.25,21.71,26.51,20.22,63.71,28.1,38.14,22.17,21.43,32.18,24.95,24.39,20.78,24.79,15.16,24.93
2022-12-22,32.97,15.01,22.79,39.21,34.2,45.66,45.87,14.42,24.08,34.92,33.2,22.59,38.24,28.16,30.29,20.35,16.74,14.1,17.62,25.76,21.48,14.14,27.52,32.55,27.56,29.38,48.98,19.1,20.33,25.35,22.84,29.99,35.37,17.22,20.86,31.81,15.46,29.93,,18.56,33.62,33.68,33.26,21.71,25.01,18.31,22.92,27.15,46.97,29.93,12.0,20.21,14.79,19.2,21.27,16.31,28.11,50.17,25.52,13.64,14.39,24.05,51.61,22.01,14.58,14.83,26.33,33.37,35.27,20.93,51.99,49.14,41.43,56.69,26.12,12.38,25.41,12.67,55.27,16.77,42.01,16.0,21.98,21.95,20.84,21.25,21.61,25.92,19.88,69.38,27.16,39.01,21.86,21.37,31.88,24.58,23.53,20.69,24.44,15.41,23.27
2022-12-23,32.7,14.98,22.53,39.2,33.88,45.43,45.59,14.06,24.34,35.4,33.18,23.14,38.09,28.13,30.82,20.27,16.88,13.6,18.3,25.29,21.73,14.0,27.36,33.17,31.45,29.61,48.13,19.09,20.17,27.87,15.2,29.98,34.21,17.3,20.93,31.79,15.55,29.76,,18.69,33.91,33.85,33.43,21.42,24.96,18.55,23.1,27.43,46.84,29.88,12.02,19.86,14.92,18.97,21.38,16.52,28.32,49.97,25.32,13.83,14.39,23.58,51.62,22.24,14.75,14.84,26.28,33.13,35.92,20.58,51.84,49.23,40.54,55.53,26.1,12.61,25.28,12.6,54.41,16.69,41.62,16.18,21.69,22.35,21.14,21.77,21.53,25.88,19.92,61.21,26.73,37.42,21.59,21.47,32.06,24.71,23.43,20.61,24.62,15.28,25.43
2022-12-27,32.47,14.99,22.37,38.99,34.03,45.51,45.67,13.97,24.1,36.01,33.02,23.12,37.64,28.1,31.07,20.23,16.77,13.69,18.2,25.35,22.07,14.02,27.35,33.16,31.88,29.55,48.22,19.08,19.41,28.3,14.85,29.57,34.45,17.08,21.32,31.86,15.44,30.21,,18.39,33.44,34.24,33.85,21.06,24.37,18.53,23.25,27.37,46.77,29.92,12.02,19.91,15.01,18.83,21.34,16.5,28.31,49.92,25.31,13.6,14.52,23.59,51.69,21.92,14.45,14.77,26.07,33.18,35.95,20.49,53.0,49.12,40.54,60.55,26.09,12.59,25.84,12.82,56.11,16.88,41.6,16.18,21.97,22.41,21.11,21.53,21.79,25.94,19.96,70.3,26.62,37.42,20.94,21.43,32.06,24.99,23.13,21.99,24.58,15.11,26.01
2022-12-28,32.86,14.82,21.84,38.66,34.32,45.14,45.21,14.04,22.07,35.91,33.09,22.65,34.87,27.89,31.85,18.79,16.8,13.64,17.83,24.64,22.17,14.91,27.57,32.75,32.18,29.59,48.18,19.23,19.35,26.86,15.54,28.62,33.86,16.86,20.75,32.1,14.99,28.63,,17.97,33.25,34.35,33.9,20.68,23.37,17.79,23.41,27.04,46.76,29.9,12.11,19.19,15.53,17.93,21.34,16.6,28.28,49.53,24.78,13.53,14.66,20.18,51.05,19.37,15.32,15.1,25.94,32.42,33.29,19.7,53.51,49.79,40.51,60.07,25.64,12.83,25.91,13.84,56.49,17.98,40.97,16.15,21.84,20.88,20.38,18.14,21.59,24.94,20.28,72.59,26.06,37.11,20.78,20.7,32.33,24.77,22.89,21.15,24.74,15.8,24.44
2022-12-29,34.44,14.79,23.0,39.53,35.54,46.74,47.49,14.48,23.37,37.66,33.84,22.57,34.4,28.32,32.35,20.15,16.9,13.99,18.97,24.94,21.84,14.8,27.96,33.74,32.4,30.04,50.06,19.47,19.52,26.46,15.54,30.25,36.69,16.71,21.09,31.14,15.33,29.74,,18.06,36.01,36.22,35.74,20.93,23.66,18.26,23.6,28.92,48.29,30.45,11.98,18.34,15.53,17.58,21.33,16.8,28.56,52.22,25.54,13.51,14.85,21.21,52.59,20.19,14.57,15.13,25.67,33.85,35.55,19.32,56.34,50.03,42.53,62.02,25.98,12.6,26.08,13.43,60.25,17.98,42.34,16.52,22.22,20.8,20.3,18.69,21.77,26.32,20.32,80.52,27.67,37.63,20.6,19.82,31.02,24.47,23.31,21.47,24.16,16.17,24.47
2022-12-30,29.06,13.55,21.67,35.59,29.98,40.93,41.88,12.79,23.18,33.42,28.14,21.14,33.92,26.54,30.48,20.48,15.29,11.49,18.48,23.92,21.82,13.67,25.3,33.37,32.87,28.62,44.94,16.18,18.9,26.16,15.54,23.47,34.14,15.87,20.47,30.1,15.27,29.7,,16.1,34.66,27.66,27.57,20.01,21.53,17.6,22.67,24.58,41.16,26.47,11.49,17.96,13.14,17.19,20.2,16.57,27.37,45.91,21.65,13.14,12.52,17.81,45.71,20.22,13.51,14.64,24.04,25.99,30.82,17.05,48.05,49.11,38.67,54.37,24.22,11.46,25.79,10.94,55.94,16.91,32.36,16.06,18.35,18.86,18.94,17.76,21.03,23.22,18.91,74.09,22.5,32.17,15.79,18.35,29.37,23.55,18.91,20.75,23.67,16.17,24.6
2023-01-03,31.66,13.2,22.24,36.84,30.67,41.43,41.98,13.05,24.19,35.46,28.28,21.67,32.32,26.32,30.95,20.32,15.06,13.04,18.81,24.59,22.37,13.95,27.14,31.47,36.63,18.34,36.47,16.63,18.73,28.81,15.76,24.27,35.96,15.99,20.47,31.92,14.76,29.99,,15.77,35.78,28.99,28.81,21.07,21.68,17.48,23.35,25.73,40.99,26.4,12.12,17.83,13.48,19.3,20.19,15.39,27.39,46.85,21.64,13.51,12.57,18.34,47.3,22.08,12.5,14.96,24.94,26.62,29.46,17.42,46.89,50.31,37.33,55.44,25.73,11.4,25.58,10.79,53.41,12.7,33.64,15.37,18.23,19.62,19.22,18.15,22.49,23.69,19.06,84.04,22.76,33.3,16.48,18.74,30.37,25.6,19.29,21.02,23.85,17.21,27.94
2023-01-04,32.34,13.52,20.54,36.1,29.97,42.89,42.25,14.06,24.42,33.79,27.43,23.56,34.94,22.31,33.48,20.87,15.54,13.62,18.51,23.11,21.81,13.03,27.83,31.99,35.92,18.55,27.22,16.5,18.82,27.72,14.35,23.72,36.6,16.1,19.59,31.46,14.01,73.66,,15.33,36.86,29.02,28.85,19.99,20.48,18.0,23.48,29.28,39.46,26.92,12.74,14.58,12.62,19.18,19.62,14.99,24.07,47.56,23.16,13.39,12.11,21.61,47.71,22.61,12.15,15.19,24.07,30.0,40.05,17.69,49.66,49.7,33.73,56.96,18.43,10.46,26.8,10.13,50.99,12.42,37.31,15.33,21.94,19.75,19.3,20.32,23.16,24.1,19.25,87.38,26.85,32.58,18.89,18.04,26.67,23.67,20.59,18.79,18.33,17.05,26.19
2023-01-05,31.65,13.52,19.65,35.99,33.0,42.81,41.14,14.77,26.59,33.13,27.44,24.76,31.31,15.51,33.74,23.39,15.49,13.48,18.3,22.45,20.6,14.15,27.51,32.53,35.84,18.43,28.62,16.4,19.24,26.87,15.8,27.97,33.96,16.71,19.4,30.4,13.58,73.96,,15.44,36.78,28.7,28.54,18.8,20.83,19.9,23.67,28.59,41.87,26.58,11.75,14.6,13.22,22.54,19.99,14.29,22.93,47.23,21.66,13.6,12.42,20.39,39.46,23.49,9.56,15.22,22.49,30.87,40.08,19.31,48.96,49.26,42.44,56.62,18.19,10.7,26.0,11.21,51.91,10.67,36.64,13.46,21.25,19.51,22.16,23.51,21.82,23.91,22.89,87.33,26.59,31.47,20.58,20.9,24.63,22.13,19.17,18.63,18.31,16.71,25.08
2023-01-06,34.95,14.64,19.89,37.19,32.95,48.59,42.65,18.65,28.38,35.74,32.94,26.65,32.45,15.35,29.33,29.73,16.94,14.0,19.1,22.46,23.62,15.4,28.3,34.3,35.96,31.94,29.11,19.63,19.47,26.97,19.01,27.72,34.81,17.25,22.15,31.22,14.32,74.21,,18.05,38.28,28.96,28.69,19.42,20.73,22.57,24.76,32.29,43.23,26.59,11.89,15.78,15.01,26.34,20.13,14.42,21.02,53.1,26.93,17.03,15.41,20.51,39.91,25.43,12.65,15.21,23.55,31.42,42.07,19.91,49.3,50.12,42.46,58.82,18.61,13.54,27.26,13.79,51.96,14.09,41.72,14.4,22.38,20.09,22.89,23.79,22.48,27.39,25.15,88.95,32.01,33.17,20.22,26.19,26.72,22.1,21.81,18.73,16.85,19.07,25.23
2023-01-09,35.51,17.44,19.46,37.87,34.57,49.6,47.13,18.29,29.07,35.93,33.55,27.37,35.0,16.46,29.07,30.96,19.1,13.6,20.1,23.07,23.55,16.72,29.34,35.14,34.83,32.93,33.47,18.85,19.81,24.8,18.36,28.16,35.75,17.55,22.71,32.53,15.22,76.1,,20.39,39.14,29.7,29.48,20.65,20.38,23.03,25.34,33.74,42.22,27.68,15.44,15.86,15.53,27.67,22.19,17.89,20.78,54.0,27.36,17.1,15.95,26.1,41.12,26.09,13.03,20.51,23.14,32.08,42.38,19.74,49.28,50.11,44.74,58.59,18.67,13.84,31.45,14.74,53.73,15.22,40.55,17.71,22.11,20.57,23.42,24.47,23.18,28.11,21.29,93.72,32.25,36.68,19.75,26.72,25.67,22.01,22.32,19.37,17.64,18.13,26.77
2023-01-10,34.72,17.51,19.48,36.94,33.89,48.57,46.11,18.63,28.53,36.47,32.75,26.96,34.59,16.09,28.3,30.15,19.24,13.26,19.57,22.76,23.28,16.41,28.62,34.36,33.91,32.13,32.61,18.41,19.33,24.15,19.5,32.31,34.9,17.09,22.15,31.87,15.22,75.49,,21.74,40.18,29.03,28.81,20.64,20.11,22.45,24.91,32.85,41.51,28.38,15.05,15.61,15.34,26.94,21.89,17.76,20.56,52.77,26.66,16.84,15.53,26.15,40.72,25.64,12.68,19.99,23.19,31.49,41.52,19.33,49.95,48.77,43.64,57.57,18.21,13.71,30.93,14.36,53.75,14.83,40.23,17.26,21.83,20.02,22.97,24.27,23.84,30.94,20.74,91.35,31.55,36.5,19.26,26.04,25.74,21.46,21.95,19.05,17.17,17.64,26.43
2023-01-11,35.12,17.31,18.84,37.92,33.23,48.56,45.09,18.53,29.81,41.25,32.03,26.12,32.76,15.92,26.78,30.2,19.4,13.62,19.24,22.09,22.04,16.82,26.41,34.41,33.62,32.01,33.41,17.6,16.62,24.08,19.7,33.17,34.69,15.87,21.05,31.01,14.84,76.04,,21.61,40.77,31.57,31.58,21.47,20.52,21.96,24.3,32.75,40.74,31.83,14.36,14.99,14.44,28.0,22.41,17.58,23.42,51.78,25.86,15.56,15.5,26.45,40.32,25.61,12.6,19.99,22.27,31.67,41.7,17.32,49.58,48.5,44.75,56.26,18.96,13.55,30.57,14.16,55.13,14.76,39.94,16.69,21.69,22.56,18.65,27.25,23.64,31.87,20.89,91.88,30.91,36.2,19.63,25.13,24.77,21.5,19.9,20.74,17.2,16.59,25.43
2023-01-12,34.91,18.69,18.28,37.9,32.97,47.84,45.75,17.76,28.05,40.66,30.89,26.24,33.87,15.9,26.06,29.53,18.52,13.75,19.34,21.49,22.45,16.82,27.08,34.29,33.69,32.03,34.48,17.49,15.18,23.12,19.82,32.93,36.79,15.89,19.86,30.98,14.85,76.31,,22.36,40.99,30.17,30.11,21.45,19.81,22.83,24.03,33.05,37.41,29.76,14.07,14.99,14.97,27.01,20.79,17.16,21.06,50.93,25.78,15.52,16.07,26.49,38.48,25.59,12.97,19.15,21.79,31.24,42.08,17.09,49.37,48.57,46.33,56.36,18.32,14.11,29.72,14.27,54.01,14.9,40.56,17.1,21.62,18.66,19.64,29.88,23.33,31.83,20.18,91.55,30.95,36.93,19.61,24.86,24.67,21.03,19.68,20.87,17.1,16.83,25.76
2023-01-13,35.0,19.17,19.44,37.69,32.85,47.3,43.48,17.74,27.21,41.57,30.92,25.08,33.97,15.97,24.78,28.62,19.38,13.74,19.02,21.2,22.45,17.31,22.39,33.54,33.66,31.92,34.29,17.34,16.04,22.94,20.01,32.84,36.75,15.9,19.82,31.85,18.29,76.42,,22.45,44.31,30.42,30.44,19.95,19.86,22.84,24.04,32.45,36.82,30.07,13.98,16.71,15.09,27.73,20.36,18.53,21.26,50.66,26.29,15.88,16.06,25.86,38.45,25.3,12.84,18.71,20.51,31.28,41.87,17.13,49.29,48.06,46.31,56.77,17.9,14.12,27.51,14.45,53.67,14.92,40.43,18.58,21.98,18.69,19.64,29.85,22.88,31.71,19.93,91.43,30.77,36.75,19.74,24.96,24.69,19.03,19.76,20.01,19.97,16.8,25.51
2023-01-17,31.25,18.8,15.98,27.74,29.31,45.12,41.65,17.04,26.22,41.07,29.55,21.88,33.7,17.06,21.59,28.41,15.77,13.0,17.12,16.78,22.16,16.53,20.45,27.0,33.8,28.49,31.28,16.4,11.39,23.06,19.1,31.04,33.88,13.9,31.76,30.25,17.99,77.29,,22.07,42.59,26.7,26.5,30.19,19.12,22.44,14.36,29.65,30.32,25.88,13.43,14.6,14.86,26.07,20.99,18.34,20.8,48.54,23.54,15.46,15.63,25.33,34.09,24.75,13.3,19.01,25.9,29.67,38.53,15.85,37.39,46.3,44.16,58.05,15.48,13.51,27.26,14.21,52.37,14.21,37.53,18.32,19.99,18.6,19.2,29.37,22.07,28.1,20.25,97.51,29.87,32.54,19.47,23.95,24.65,16.68,17.0,21.8,18.63,15.66,25.53
2023-01-18,30.69,20.11,17.45,25.93,27.23,44.97,41.8,18.29,27.26,38.55,29.76,23.32,34.24,19.62,23.11,27.98,15.71,12.85,19.15,18.09,23.06,18.83,20.79,25.75,34.47,29.07,32.94,18.61,11.93,24.33,21.82,31.27,27.39,15.86,32.62,29.2,18.82,77.53,,23.11,41.88,25.69,25.28,30.14,18.27,26.57,18.96,31.72,30.56,26.48,14.39,19.45,18.37,26.69,21.7,18.58,20.08,48.42,23.88,19.24,20.81,26.68,30.06,27.48,16.16,19.83,25.0,29.8,38.5,17.87,37.05,44.93,42.31,58.01,18.23,15.86,27.95,17.32,42.58,16.06,36.99,20.77,21.11,21.4,22.79,30.71,18.35,28.24,20.37,97.62,29.75,27.95,20.09,24.51,25.09,22.29,17.8,23.87,19.49,18.24,27.06
2023-01-19,30.68,20.1,17.4,25.94,25.29,46.76,44.92,18.53,27.46,39.62,30.49,25.15,34.68,20.59,23.04,29.71,17.45,15.5,19.48,17.99,24.97,19.46,20.99,31.09,34.0,30.27,32.68,18.92,11.9,23.92,26.23,30.78,27.38,15.92,33.53,28.08,19.2,77.57,,22.09,42.51,26.83,26.2,30.17,23.56,26.84,17.86,31.75,31.2,26.92,14.35,20.32,18.36,26.59,21.58,17.82,22.9,49.73,24.01,19.41,21.14,26.86,30.11,30.26,16.89,20.18,27.33,30.2,37.41,18.66,39.7,45.82,43.2,59.58,18.82,16.14,27.94,18.73,43.76,17.52,39.88,21.22,21.33,31.55,23.41,31.11,18.34,28.08,20.14,93.2,30.24,27.88,21.59,25.5,22.94,22.45,17.8,23.79,18.16,18.5,26.74
2023-01-20,30.27,19.75,16.91,26.07,28.9,47.49,44.33,18.49,27.76,41.09,28.73,27.46,31.99,20.93,23.06,28.26,17.26,16.72,19.0,19.88,23.66,18.67,22.54,37.24,32.74,31.12,33.91,18.96,11.74,23.86,25.57,30.29,30.23,14.69,32.61,26.22,18.43,76.6,,22.07,42.06,33.1,31.86,31.04,23.47,26.04,17.78,32.72,35.93,26.95,13.44,20.01,17.28,27.02,19.92,18.34,23.13,51.08,24.92,20.64,20.2,27.41,30.17,29.95,17.25,19.59,27.5,32.85,39.05,18.1,47.56,22.13,44.09,62.98,19.27,15.76,27.74,18.37,45.03,17.39,42.16,20.11,21.35,30.62,22.61,31.9,18.85,27.76,20.0,95.13,30.03,30.86,20.78,25.56,22.41,22.42,18.47,23.06,19.55,18.89,27.1
2023-01-23,30.46,19.89,17.57,26.0,30.01,37.89,49.87,19.16,30.47,38.92,29.58,27.94,28.39,21.53,21.21,28.48,17.53,16.2,17.8,18.1,23.2,19.04,23.23,38.76,28.07,32.92,35.06,20.15,12.02,20.94,25.94,30.91,30.97,14.83,34.19,25.6,18.26,79.46,,22.67,35.54,32.39,31.29,32.63,23.64,26.83,17.95,32.14,37.08,27.55,13.67,20.6,17.36,27.81,20.24,17.54,22.35,39.05,24.78,20.81,20.76,28.75,29.4,30.56,17.1,20.0,27.73,32.51,40.48,17.84,49.99,22.68,42.96,61.58,19.56,15.65,28.15,19.02,47.26,17.78,46.03,21.67,21.56,31.31,22.27,32.67,19.76,28.85,19.87,94.27,30.78,27.65,20.81,26.34,23.23,24.3,18.44,23.86,20.8,19.93,25.01
2023-01-24,29.68,19.34,18.07,26.2,29.63,37.48,50.0,18.68,29.64,38.52,28.77,27.24,27.62,20.98,20.97,27.68,17.71,15.75,17.31,19.01,23.3,18.75,23.8,38.06,27.65,32.03,34.62,19.71,12.25,20.35,26.37,31.22,30.21,14.52,33.39,25.44,18.69,77.36,,22.35,34.76,32.94,32.0,31.73,23.14,26.61,17.47,32.06,37.12,26.99,13.33,20.12,17.15,27.15,20.53,18.98,22.05,38.41,24.09,20.23,20.46,29.13,28.88,38.04,16.62,19.88,28.28,31.61,40.06,18.27,48.65,22.89,41.81,59.94,19.04,15.97,27.36,18.8,50.69,17.29,44.94,24.55,20.95,31.48,21.65,31.75,19.2,32.83,19.54,91.66,30.17,29.25,21.13,28.39,22.62,25.62,18.05,24.01,21.27,19.4,24.45
2023-01-25,29.06,18.92,18.49,25.67,29.16,36.48,48.69,18.63,29.34,37.5,28.01,26.6,26.91,20.51,21.12,26.99,17.71,15.92,16.85,18.51,22.68,18.25,23.18,46.17,27.27,31.25,33.7,19.21,11.92,20.17,25.73,32.79,29.62,14.14,32.51,25.09,21.96,75.3,,21.76,33.83,33.84,32.97,30.9,22.52,25.9,17.1,31.64,36.14,32.85,13.44,19.6,17.0,26.54,20.49,19.2,21.49,37.47,23.45,20.17,19.97,28.37,29.15,37.45,16.28,19.37,27.56,30.86,39.05,36.87,47.36,22.34,40.72,58.44,18.66,16.0,27.22,18.33,49.97,18.39,43.78,23.97,20.4,30.64,21.51,30.96,28.48,32.29,19.59,89.23,29.86,28.48,20.67,28.04,22.66,30.03,17.57,23.46,21.43,18.95,23.95
2023-01-26,28.53,18.88,18.47,25.62,29.44,35.05,47.68,18.72,29.5,36.0,28.79,26.66,26.94,20.79,21.23,27.05,17.67,15.91,16.85,18.44,22.71,17.99,22.81,46.2,29.57,31.19,37.47,19.35,15.05,25.94,26.76,32.98,27.56,13.88,32.9,25.28,22.06,75.16,,21.79,33.1,33.29,32.45,31.03,22.81,26.33,23.36,31.37,37.02,34.55,13.43,19.62,16.71,26.77,20.4,19.8,22.91,36.45,24.37,20.2,19.89,28.44,30.23,37.56,16.7,19.97,26.79,32.45,38.84,36.86,44.47,22.2,41.29,48.89,18.65,15.94,27.12,17.76,45.76,18.33,43.27,23.95,20.79,30.86,21.32,31.03,30.02,32.22,19.54,81.48,29.92,28.4,20.63,28.19,23.08,30.54,17.65,22.47,21.46,18.95,27.13
2023-01-27,25.22,18.91,18.7,25.52,28.08,36.66,47.16,18.63,29.44,35.59,28.54,42.59,27.06,20.76,18.11,26.92,17.6,16.08,16.78,19.12,21.55,25.32,24.02,45.33,27.78,30.64,36.4,18.92,15.12,30.48,26.46,32.88,24.3,13.72,32.84,23.29,22.04,75.64,,21.74,33.51,32.31,31.76,31.04,22.68,26.05,22.76,40.22,36.8,34.69,13.42,19.61,16.52,27.09,21.02,19.8,22.71,38.81,24.07,20.3,19.74,27.5,29.66,37.71,16.17,20.25,26.35,32.12,37.25,36.88,43.07,20.01,41.1,48.26,18.78,15.89,27.15,17.45,47.2,17.26,41.85,24.0,20.43,34.12,21.54,29.38,29.42,32.31,19.42,86.85,29.08,28.39,20.88,27.75,22.24,30.18,19.31,22.02,21.42,18.02,27.32
2023-01-30,26.49,19.26,17.26,25.67,28.94,40.48,50.46,19.02,28.35,37.03,29.22,43.46,28.15,21.28,19.77,27.12,18.2,16.2,16.04,19.76,22.81,26.94,25.07,47.61,29.92,31.47,36.65,19.42,15.2,32.94,27.3,32.25,25.36,13.33,33.36,26.9,22.24,78.02,,21.91,37.72,34.46,33.49,31.98,22.19,26.53,23.35,40.69,36.36,34.69,18.54,20.51,16.74,27.19,21.36,20.03,22.28,38.0,24.48,20.65,19.99,27.58,32.72,38.71,16.98,21.05,27.0,32.74,40.56,37.41,43.57,20.16,43.96,56.45,20.89,16.19,27.0,17.83,47.25,17.72,43.33,24.31,20.82,35.1,21.68,31.14,30.03,32.44,19.94,92.09,29.09,31.19,21.25,28.14,24.74,30.85,20.23,22.55,21.87,18.63,28.87
2023-01-31,25.82,19.95,16.95,25.58,28.65,40.34,50.31,18.61,28.74,36.48,28.48,42.34,27.67,20.72,19.65,26.75,17.95,15.8,16.36,19.25,26.49,27.82,24.44,47.06,29.34,30.85,35.79,19.13,15.92,32.06,26.67,31.48,24.71,13.33,32.65,31.35,23.5,75.94,,21.54,45.6,33.92,33.0,32.0,24.3,26.38,22.74,39.71,35.61,34.43,18.65,20.0,17.0,27.24,21.42,19.74,24.16,39.26,23.89,20.74,19.82,27.09,31.85,38.73,17.21,21.14,26.41,32.66,41.31,36.41,42.49,19.66,43.44,54.97,20.58,16.36,27.42,17.97,48.91,17.27,42.19,24.08,20.28,35.81,21.24,30.85,29.28,31.75,19.96,89.99,29.23,32.6,23.57,28.43,28.83,30.46,19.69,22.22,21.41,18.62,28.97
2023-02-01,25.18,19.49,16.95,25.38,29.95,44.24,62.42,19.68,28.42,35.7,29.36,41.65,26.98,20.43,19.22,26.07,18.9,15.4,15.99,18.99,26.26,27.28,24.04,47.45,31.26,30.18,35.08,18.69,15.65,31.61,26.25,30.96,24.1,13.0,32.46,33.01,23.09,74.51,,21.01,44.54,33.23,32.36,31.21,23.97,25.83,22.23,39.65,35.84,34.75,18.73,19.58,16.59,26.55,20.88,19.24,24.82,41.98,23.38,20.29,20.57,27.37,31.59,37.87,25.32,20.62,25.75,32.45,41.42,35.49,41.68,19.66,43.79,56.87,20.61,16.08,26.74,17.75,49.94,17.15,42.33,23.96,19.79,35.25,21.82,30.07,29.02,32.39,19.65,88.29,29.62,31.86,22.97,28.47,28.14,30.36,19.21,21.65,20.9,18.23,28.62
2023-02-02,21.99,19.39,16.93,27.72,30.33,45.29,62.57,19.72,28.2,41.31,28.93,41.59,28.04,20.25,19.31,26.19,20.28,15.09,16.02,18.98,27.2,27.64,24.4,48.81,33.83,29.86,35.08,19.24,16.23,30.15,31.1,30.86,25.07,12.83,32.45,37.32,23.16,74.67,,23.5,47.41,39.91,39.26,31.26,26.57,25.88,22.48,41.25,37.51,37.48,18.41,19.62,17.2,24.94,23.65,18.6,27.28,41.04,23.28,20.69,20.46,27.94,75.32,39.51,25.7,23.31,25.77,35.7,41.41,36.34,41.55,19.51,44.29,55.49,19.79,16.18,27.15,17.8,56.72,18.49,41.71,24.43,19.8,35.53,21.61,30.63,28.65,32.41,22.08,69.8,29.1,34.05,28.36,29.84,30.04,29.76,19.44,20.99,20.82,17.92,28.12
2023-02-03,22.61,19.02,16.3,28.56,33.33,47.75,64.14,19.13,28.89,53.86,29.42,42.16,25.12,19.59,16.43,26.94,21.65,15.71,15.54,18.96,27.26,27.7,25.95,48.54,35.2,30.96,35.85,20.01,16.05,29.99,31.1,30.47,26.34,12.95,32.4,37.05,22.87,30.07,,27.24,47.48,42.04,40.7,31.27,28.09,26.15,22.34,39.87,45.02,37.76,17.66,20.02,17.29,26.66,25.79,18.73,29.17,42.66,22.2,20.73,20.67,26.12,76.11,39.37,25.68,22.91,25.79,32.66,35.28,36.12,39.44,19.22,47.49,57.79,19.68,16.2,26.53,17.75,63.3,18.81,40.8,24.44,23.07,36.82,22.06,30.02,29.42,32.08,22.6,69.5,27.74,34.11,27.18,30.24,29.96,28.21,18.03,19.65,20.17,18.5,28.17
2023-02-06,22.01,17.37,16.27,27.54,30.63,45.04,64.87,13.82,25.19,53.64,21.79,41.9,21.46,19.92,16.17,19.27,21.62,16.13,14.18,19.11,25.48,27.06,25.9,50.39,33.53,19.88,34.8,18.42,14.66,29.8,29.53,27.88,27.02,11.2,31.05,38.58,22.7,30.71,,27.44,48.27,42.58,41.41,31.46,28.4,22.98,21.49,41.64,43.13,39.19,17.53,19.61,15.83,20.45,25.76,20.75,29.85,38.94,15.69,19.18,18.45,27.62,78.03,38.18,25.04,22.54,25.87,31.06,37.84,36.48,40.81,17.2,41.86,56.07,20.24,15.19,24.67,15.1,62.68,16.93,38.23,24.75,22.45,37.4,19.53,28.24,30.14,29.79,19.02,68.4,22.75,33.13,26.3,24.54,28.97,28.63,15.2,19.26,20.31,16.66,27.66
2023-02-07,21.8,17.12,16.36,27.02,30.4,44.32,63.39,13.67,24.63,52.38,22.4,40.87,24.94,19.62,15.76,18.8,21.08,15.73,14.92,18.63,24.98,26.38,25.25,49.26,36.36,19.38,33.95,18.09,14.86,30.61,28.79,27.27,26.49,11.28,30.56,37.75,22.13,30.12,,26.76,47.09,43.26,42.33,30.74,28.12,22.59,20.95,40.8,43.02,38.85,17.18,19.46,15.43,24.71,25.32,20.23,29.26,38.33,15.38,18.71,18.74,27.3,76.16,37.31,24.61,23.11,25.24,32.55,38.56,35.83,39.79,16.82,40.87,55.81,20.08,14.81,24.07,14.86,61.2,16.58,37.92,24.18,22.74,37.06,19.04,28.91,30.02,29.18,18.82,66.92,22.54,32.79,25.7,23.93,28.29,28.21,14.94,19.73,19.84,16.3,28.6
2023-02-08,23.59,14.79,17.29,26.99,30.28,46.68,62.7,13.35,24.65,53.22,22.54,40.87,23.83,18.87,18.94,18.02,18.97,15.4,15.34,18.67,24.79,26.03,26.49,50.67,36.44,21.37,31.83,18.99,19.58,31.56,28.71,27.79,26.59,12.29,36.05,37.41,22.13,30.21,,23.92,47.04,52.74,52.57,30.51,28.58,23.13,20.98,41.41,42.88,38.66,15.37,19.6,15.06,24.39,22.23,17.02,29.34,40.37,15.78,19.41,18.45,22.09,78.82,37.44,24.33,19.52,25.37,32.78,40.27,35.79,39.71,18.13,40.25,54.91,20.15,14.58,18.59,14.75,61.84,16.38,40.27,22.24,21.82,36.82,19.88,29.33,29.81,28.77,18.98,65.96,26.56,34.77,26.18,24.1,28.22,28.68,15.17,19.7,19.07,15.9,27.89
2023-02-09,24.09,18.34,17.49,26.98,30.12,46.54,63.48,11.5,24.75,53.26,22.55,40.91,23.73,20.72,18.94,18.82,21.66,16.08,15.32,20.53,24.45,26.06,27.6,51.28,36.34,21.56,32.29,18.88,19.86,31.58,27.43,24.35,27.53,13.02,35.82,37.38,21.67,28.98,,22.36,46.13,55.75,55.42,31.22,28.98,23.47,20.58,41.76,42.36,37.74,15.77,20.32,14.93,24.5,22.02,16.88,30.28,40.46,15.78,19.4,18.54,24.71,80.37,37.4,24.37,19.43,25.71,33.46,40.06,36.1,38.53,17.93,40.42,55.03,20.15,14.93,18.49,14.89,63.28,16.59,40.51,22.21,21.45,36.85,20.0,28.84,28.88,26.33,18.88,64.9,26.5,37.22,26.1,25.0,27.75,28.83,14.88,19.73,20.25,16.33,27.53
2023-02-10,23.58,19.69,17.46,25.56,30.6,46.47,64.31,12.85,22.67,49.83,22.9,40.98,23.68,20.73,23.7,19.36,21.9,15.92,14.92,20.3,24.54,26.04,27.91,50.55,40.11,21.53,35.15,19.12,19.61,32.53,28.88,23.03,29.17,14.57,36.01,37.06,22.98,27.13,,22.92,46.04,54.73,54.31,30.64,27.39,23.55,21.31,41.4,42.54,35.23,16.03,20.22,14.94,23.2,20.81,18.49,27.77,41.36,14.61,19.6,19.81,24.08,81.16,37.43,25.19,20.48,25.72,32.5,39.9,37.05,41.88,16.72,39.99,59.45,18.33,16.6,19.35,15.52,65.91,16.63,40.83,24.32,21.69,36.2,20.95,25.91,28.96,24.76,19.05,70.17,26.54,42.15,26.28,25.26,27.01,28.72,15.34,18.99,20.36,16.99,30.61
2023-02-13,24.43,18.73,15.93,26.44,31.45,47.87,65.81,13.34,22.0,50.52,23.69,42.06,22.31,19.88,25.38,21.15,22.45,15.75,15.99,20.79,23.75,26.2,28.52,51.58,40.78,22.3,35.33,20.25,19.77,33.09,29.26,23.57,27.74,15.53,37.48,37.15,21.19,27.43,,22.78,42.98,56.04,55.58,30.86,29.25,23.77,22.43,43.31,43.55,35.81,16.63,19.07,15.96,23.21,21.99,15.71,29.61,42.37,14.97,20.43,20.36,24.51,83.2,38.78,25.81,21.07,26.16,34.49,40.44,38.47,44.12,19.19,38.06,60.66,20.98,16.64,19.56,16.56,67.59,17.48,40.87,23.49,22.2,37.1,20.95,23.24,29.83,25.48,20.77,71.75,27.2,44.46,26.53,25.87,27.89,29.28,15.7,18.78,18.63,17.99,31.08
2023-02-14,24.11,18.44,15.86,26.2,30.68,46.89,64.75,13.05,21.55,49.24,23.09,41.12,22.17,19.38,25.44,20.87,22.34,15.42,15.88,20.58,23.62,25.61,27.8,50.97,40.07,21.94,34.74,19.76,20.0,32.42,28.81,23.32,27.07,15.18,36.56,36.21,20.67,26.91,,23.43,41.9,54.63,54.17,30.15,28.96,23.36,22.02,42.25,42.51,35.23,16.22,18.66,16.53,22.62,21.47,15.38,28.87,41.39,14.61,19.93,20.07,24.38,81.23,37.82,25.48,20.65,25.61,33.63,40.69,37.69,43.0,19.02,37.13,60.74,20.49,16.74,19.08,16.16,92.5,18.45,39.91,23.03,21.73,36.22,20.49,22.68,29.12,24.9,20.4,71.97,26.52,46.14,25.93,25.37,27.24,28.54,15.31,18.32,18.19,17.56,30.68
2023-02-15,23.67,18.29,15.51,25.77,30.12,45.79,63.49,12.75,21.33,48.28,22.66,40.25,21.72,18.93,25.33,20.44,22.1,16.03,15.52,20.09,24.03,25.03,27.3,49.91,39.39,21.94,33.91,20.1,19.52,31.79,28.17,22.86,26.67,14.82,36.14,35.36,20.2,26.61,,22.99,40.93,53.8,53.4,29.52,28.43,22.92,21.57,41.35,41.52,34.95,16.46,18.26,16.14,22.12,24.08,15.12,28.23,40.41,14.26,19.45,19.59,24.1,79.75,37.1,24.89,20.35,25.0,33.17,39.8,37.23,41.97,18.93,36.24,59.81,20.2,16.34,18.71,15.78,94.12,18.12,38.95,22.47,21.42,35.35,20.05,22.13,28.5,24.42,19.91,70.24,26.23,45.51,25.33,24.77,26.58,27.87,14.98,17.91,18.53,17.32,29.99
2023-02-16,24.34,18.52,15.77,26.75,32.12,47.54,67.77,14.32,22.17,48.87,23.15,40.39,22.9,17.72,25.45,20.93,22.26,18.67,15.34,20.21,24.04,24.92,27.4,51.08,40.33,22.64,34.59,25.81,19.47,31.38,28.58,22.72,29.32,14.75,27.84,35.49,20.16,26.87,,23.69,40.92,53.98,53.58,18.38,28.23,22.32,21.72,41.65,42.98,35.04,16.48,18.09,16.1,23.66,25.28,16.69,27.91,42.67,14.35,18.17,19.59,24.11,80.45,36.66,24.66,19.98,17.33,34.95,41.33,36.94,42.78,20.57,37.38,60.7,20.21,16.3,14.58,16.12,96.11,18.25,39.98,22.53,21.9,35.26,20.42,22.31,28.25,24.75,19.02,73.71,25.69,45.22,25.28,24.88,25.93,28.19,15.8,16.57,19.61,18.06,30.0
2023-02-17,24.47,17.09,15.29,25.87,33.07,47.54,67.96,17.34,20.86,48.95,23.13,39.3,22.67,15.46,25.15,21.05,22.31,18.11,13.59,19.07,23.75,25.25,27.26,50.64,41.98,21.89,34.33,24.06,19.07,31.67,37.29,22.34,29.2,14.24,26.93,35.63,20.3,26.64,,23.42,40.75,54.16,53.79,18.46,28.17,18.82,18.8,41.26,42.95,34.53,17.91,14.42,13.48,23.03,25.17,15.88,27.94,42.77,14.52,15.99,15.82,22.79,79.88,35.74,22.85,21.72,17.19,34.7,41.79,36.59,42.94,20.18,39.3,61.34,18.87,13.63,12.82,15.98,98.04,17.63,40.48,20.1,21.13,34.21,18.89,20.99,27.83,24.52,19.74,72.38,25.51,48.04,25.58,24.01,25.5,25.14,15.17,15.22,18.24,16.41,32.21
2023-02-21,26.95,17.41,17.63,25.72,32.57,47.84,67.61,17.52,22.82,48.85,23.85,39.07,25.17,16.2,26.18,21.29,21.2,14.52,13.8,19.22,24.28,25.15,28.01,46.25,42.27,20.19,35.0,25.75,19.83,31.72,35.44,23.01,28.14,15.81,29.42,36.69,19.9,24.8,,23.83,44.75,51.85,52.13,17.94,35.48,19.82,20.75,45.06,40.44,35.02,18.86,15.53,13.77,23.41,25.46,15.96,32.14,42.39,12.95,14.76,15.65,22.73,81.81,35.53,23.86,22.01,14.81,34.1,41.8,38.55,33.29,21.66,38.0,59.78,18.81,13.18,13.49,14.66,104.47,17.85,37.94,19.91,22.79,26.34,18.7,21.47,28.33,24.44,20.91,77.21,26.83,48.07,26.29,26.52,27.63,26.1,14.96,17.98,19.94,15.42,32.3
2023-02-22,25.99,17.52,16.89,25.74,31.39,45.65,60.34,17.53,22.86,49.07,23.16,38.93,24.52,15.7,24.86,21.08,20.89,14.6,13.8,18.18,23.99,25.16,26.71,45.31,42.23,18.59,33.74,25.58,19.89,31.69,35.42,22.48,27.01,15.63,28.47,36.6,19.89,23.48,,24.34,44.15,51.19,51.58,16.65,35.5,19.29,20.59,42.99,40.07,35.05,18.87,14.9,13.78,24.04,25.37,15.72,32.15,40.15,12.55,14.73,15.81,22.16,81.72,34.76,23.98,22.01,14.58,34.08,36.47,38.2,29.37,21.09,38.58,54.72,17.37,13.01,13.61,14.03,103.63,17.76,30.08,18.99,22.44,26.21,18.72,21.13,28.38,23.07,20.8,74.49,24.59,48.09,26.35,26.39,27.48,24.57,14.97,17.74,18.37,16.71,32.56
2023-02-23,25.85,17.59,16.67,25.31,31.27,46.26,61.2,17.9,23.62,48.9,23.55,38.93,24.63,15.47,24.86,21.14,20.49,14.44,13.73,18.04,22.65,25.25,26.55,45.31,42.72,18.86,33.6,25.56,19.33,32.06,34.98,22.32,26.97,15.62,28.32,36.41,19.63,23.27,,24.41,46.85,50.9,51.23,16.7,35.63,18.69,20.6,43.2,39.63,34.97,18.86,14.86,13.66,24.01,24.88,14.96,31.87,40.58,12.42,14.91,15.7,21.53,81.66,27.31,24.03,22.01,13.3,34.25,38.3,37.52,30.21,20.91,38.61,70.32,19.54,12.74,13.55,13.91,102.2,17.78,30.92,15.38,22.73,25.82,18.87,21.42,28.37,19.17,21.5,74.38,24.99,47.28,26.09,24.59,28.27,23.36,15.11,17.3,17.66,17.53,32.55
2023-02-24,26.72,17.62,17.31,25.92,41.21,46.41,61.77,18.24,24.48,49.47,23.81,39.09,29.69,15.12,25.03,21.3,20.77,15.43,13.77,17.72,22.53,25.33,26.76,33.3,42.22,19.12,33.89,26.15,19.84,32.12,35.5,20.1,26.07,15.62,28.33,36.48,14.56,23.36,,25.58,46.89,50.62,50.94,16.69,35.68,19.2,20.6,43.39,40.11,29.83,18.72,15.08,13.5,28.61,25.03,14.69,31.88,40.85,11.99,14.59,15.98,21.66,81.6,26.85,24.27,22.15,13.37,35.19,38.32,21.57,29.97,21.39,40.37,70.86,19.55,12.62,13.52,14.02,102.07,16.42,31.18,15.27,23.45,26.78,18.57,21.44,16.65,19.51,20.73,75.71,25.26,49.04,26.6,24.21,27.77,14.33,15.16,17.5,16.61,17.48,32.52
2023-02-27,26.72,17.89,17.56,26.12,40.71,46.39,63.41,18.86,24.34,48.59,23.16,18.61,30.86,14.47,26.44,21.13,21.22,15.54,14.04,18.08,22.78,17.37,26.87,33.66,40.81,18.35,28.49,26.74,18.91,22.62,35.91,19.95,25.95,16.31,27.86,37.29,14.98,22.24,,26.25,46.2,50.5,50.78,16.34,36.23,18.87,13.81,38.18,39.66,28.4,19.21,15.61,13.74,28.88,25.58,14.67,32.18,39.99,12.09,14.63,16.11,21.89,82.57,26.81,24.73,21.25,13.96,34.53,37.58,22.02,31.98,21.84,39.59,72.09,19.95,12.14,15.33,14.28,103.91,16.32,30.78,15.55,23.3,24.79,18.66,20.58,16.04,19.84,20.71,63.05,26.0,50.01,26.91,42.5,28.07,14.33,10.79,17.61,16.63,17.88,29.23
2023-02-28,26.08,17.52,19.06,25.46,39.89,46.89,61.83,18.61,24.83,47.47,23.2,18.19,30.21,14.19,25.77,21.2,21.17,15.2,13.71,17.72,22.23,17.03,26.19,32.84,40.19,17.95,27.79,26.16,19.04,22.23,35.07,19.46,25.33,16.61,27.44,36.44,15.23,21.95,,25.6,45.38,49.3,49.55,21.19,35.35,18.4,13.76,37.29,38.88,27.78,19.17,15.44,13.49,28.3,25.37,14.49,31.46,39.05,11.8,14.33,15.93,21.5,80.98,26.15,24.17,23.3,13.63,33.68,36.65,21.7,31.18,21.38,38.8,70.58,19.55,12.98,14.95,14.42,101.71,16.05,30.05,15.62,22.71,24.17,19.27,20.06,15.69,19.38,20.66,61.74,25.4,48.97,26.74,42.39,27.36,14.05,10.52,17.16,16.21,17.53,28.53
2023-03-01,25.56,17.48,19.12,25.34,39.62,44.55,59.98,20.2,24.98,47.69,22.42,18.54,30.71,14.2,25.58,21.09,21.31,15.04,13.58,18.6,26.4,16.32,26.42,32.13,41.54,18.24,28.9,26.08,19.28,20.7,35.01,19.3,24.97,18.23,27.48,33.77,15.21,19.28,,25.82,42.25,48.66,49.07,20.98,35.78,18.56,13.66,37.98,38.88,27.18,14.77,15.25,13.88,28.29,25.82,14.5,37.33,39.04,11.68,14.28,16.81,21.72,80.01,26.39,24.25,23.22,13.68,33.03,35.07,22.19,31.62,21.28,36.93,67.16,18.94,13.84,15.09,14.36,101.57,16.1,30.06,15.31,22.72,24.14,19.42,19.0,15.37,18.78,20.69,56.54,25.41,48.09,26.74,42.15,25.24,14.3,10.29,16.97,16.21,17.98,28.16
2023-03-02,25.42,17.23,20.24,24.59,40.75,43.61,59.41,20.12,23.63,46.5,22.5,18.05,31.67,14.48,25.69,20.38,20.98,15.54,13.2,18.33,23.98,15.42,26.67,29.22,42.06,18.13,47.07,25.91,18.67,20.8,34.98,20.38,24.74,19.67,27.62,29.37,13.68,19.97,,25.62,32.65,48.67,48.99,19.39,33.77,18.1,13.89,39.89,38.41,26.71,14.22,15.65,14.3,27.8,25.41,14.62,35.47,35.83,12.02,15.12,17.71,21.17,79.99,25.11,24.03,22.84,12.69,32.93,34.65,25.42,31.49,21.33,35.97,67.36,18.55,14.87,14.67,15.16,100.57,16.44,29.62,15.16,23.38,23.32,21.12,18.17,14.57,19.68,19.69,60.34,24.31,46.49,24.83,41.98,19.88,13.58,10.17,16.13,16.98,17.42,27.08
2023-03-03,27.93,17.09,20.92,24.46,40.16,37.3,42.31,18.63,24.76,47.32,27.75,19.21,32.67,15.63,26.11,21.12,20.02,15.33,14.23,19.42,24.0,15.27,26.1,29.12,40.74,18.4,46.66,26.44,18.82,21.11,35.6,20.56,26.07,20.92,28.12,26.0,13.17,18.76,,26.58,34.99,48.83,49.09,21.17,34.24,18.72,14.03,38.47,37.49,27.17,14.34,16.77,14.34,29.29,25.91,14.58,35.31,28.65,13.08,15.13,16.36,19.84,81.75,25.41,14.59,22.8,14.82,32.72,31.59,26.62,30.35,21.03,33.41,63.94,19.74,14.86,15.8,15.25,100.07,16.2,25.44,14.24,23.89,23.83,21.17,18.55,15.03,17.88,19.28,59.52,22.41,46.86,24.85,41.73,19.95,14.97,12.95,15.95,18.51,17.28,27.27
2023-03-06,24.95,16.89,21.78,20.05,39.01,32.49,39.34,19.08,24.93,26.04,27.85,15.91,32.05,15.24,26.85,20.41,16.18,15.39,14.77,19.16,23.34,14.51,22.45,23.71,35.55,18.78,47.26,26.06,19.67,21.32,31.86,20.68,21.79,21.22,29.85,15.79,13.65,15.63,,20.54,30.35,41.47,42.19,21.31,31.19,17.52,13.82,36.19,27.77,22.22,15.2,16.45,14.37,28.58,21.62,14.18,32.47,27.48,14.59,14.88,16.31,19.37,37.88,20.61,15.29,23.57,14.69,27.9,31.97,26.27,30.18,21.4,28.32,63.88,20.16,14.59,15.62,15.46,93.99,15.9,25.64,13.26,18.27,20.56,20.9,16.22,13.4,18.28,17.9,60.29,22.33,45.9,16.45,41.43,16.45,15.27,14.1,16.09,18.75,16.97,25.49
2023-03-07,24.83,17.68,22.69,20.4,38.03,32.27,38.68,20.65,25.93,25.4,27.65,17.15,32.03,18.03,26.79,20.63,16.09,15.0,15.98,20.23,25.39,16.42,23.01,24.36,35.24,18.49,46.11,25.7,21.68,21.22,31.84,20.79,21.59,22.31,29.45,16.51,13.89,15.69,,20.22,30.17,40.57,41.23,23.19,31.2,17.21,14.21,35.47,27.17,22.17,15.02,19.19,14.17,28.4,22.6,13.96,32.21,26.9,15.57,15.35,16.54,20.64,36.93,21.67,15.66,22.99,16.44,27.44,31.78,25.79,29.44,20.87,27.6,62.53,20.38,14.4,16.14,16.49,91.61,15.7,26.14,13.97,18.69,21.24,20.85,17.89,13.06,18.56,17.55,59.86,21.79,44.79,16.9,40.78,17.04,18.25,14.73,15.7,24.45,16.87,25.86
2023-03-08,24.2,19.59,22.64,19.92,38.04,32.35,39.95,20.63,27.27,25.43,27.81,16.57,32.03,18.27,26.75,19.99,16.1,14.96,15.98,20.41,25.12,16.58,22.91,22.59,35.21,18.5,45.84,24.4,21.72,21.28,32.03,20.27,21.74,22.32,29.31,16.3,14.46,15.74,,18.22,30.08,40.49,41.08,23.51,31.69,16.96,14.17,34.07,27.03,21.28,15.01,19.11,14.03,28.31,22.87,12.07,33.17,28.86,15.57,14.79,16.55,20.2,36.93,21.66,15.78,25.19,16.38,27.37,30.76,25.58,30.11,20.48,24.8,63.51,19.95,13.41,16.12,16.31,91.74,15.69,26.97,13.72,18.7,21.79,20.67,18.64,12.6,18.13,15.69,60.0,23.58,44.05,16.89,40.83,16.47,18.22,14.75,15.82,24.63,16.93,26.37
2023-03-09,23.77,20.42,22.11,19.47,37.24,31.54,39.24,20.82,27.97,25.85,27.54,16.66,30.48,26.61,28.95,22.59,16.17,15.11,16.78,24.88,27.29,16.72,22.83,23.32,32.1,18.77,46.64,24.49,24.03,19.3,32.14,20.36,22.36,22.19,30.12,16.5,15.69,22.91,,18.71,34.37,36.98,37.29,23.89,31.68,17.14,14.82,34.44,26.6,20.14,15.24,26.18,14.42,26.43,23.43,12.43,33.26,27.29,15.78,15.55,15.62,18.9,35.76,21.9,15.49,24.82,20.87,22.82,28.26,25.5,32.66,21.09,27.68,62.73,20.74,13.7,16.69,16.17,93.64,15.77,26.22,14.68,18.83,50.7,20.67,19.2,12.41,17.41,16.32,61.99,23.45,46.1,17.3,41.35,16.64,29.13,14.6,16.97,31.66,17.01,24.33
2023-03-10,23.46,21.01,21.86,20.79,37.87,29.6,39.34,20.73,28.06,25.59,26.85,20.78,30.74,26.61,27.7,23.39,16.19,15.16,16.12,24.88,33.89,16.72,21.88,23.63,32.27,17.87,47.92,23.56,19.53,17.85,39.0,20.41,23.16,22.08,23.15,18.86,15.43,23.12,,19.09,35.82,27.26,26.81,27.33,31.54,16.53,14.78,35.17,28.0,20.15,15.29,28.1,14.35,26.67,23.33,12.42,33.33,26.71,16.67,14.38,15.56,19.32,32.72,21.88,15.52,24.64,21.99,23.21,26.85,25.29,31.92,20.2,29.25,63.23,23.28,13.67,15.98,15.92,94.7,15.64,24.77,14.67,18.95,64.44,19.9,25.24,12.71,18.09,16.55,61.22,19.69,42.53,16.55,41.64,16.46,31.26,15.53,17.17,31.8,16.94,24.49
2023-03-13,24.46,18.23,22.69,21.15,38.91,30.43,39.25,22.69,30.49,26.95,27.15,26.7,31.43,32.51,25.66,22.91,13.29,15.72,16.13,36.18,34.56,16.59,20.92,28.36,29.68,18.37,46.4,23.85,18.7,16.02,39.0,18.22,23.24,21.89,23.29,20.18,13.87,24.76,,18.56,37.01,23.35,23.13,29.32,32.01,16.0,13.89,35.67,28.4,20.74,15.62,28.85,15.17,28.28,26.24,9.94,33.77,26.67,16.94,14.3,14.62,18.98,30.72,21.18,14.18,25.31,23.23,25.1,27.99,23.45,30.76,20.69,29.96,62.06,24.12,12.12,15.94,15.73,97.7,15.85,25.21,12.24,18.71,75.47,20.42,25.8,12.57,17.53,16.69,59.36,20.55,40.72,15.5,41.81,16.67,46.78,15.85,16.6,40.18,15.82,19.06
2023-03-14,24.34,18.29,22.31,20.95,39.74,32.39,44.2,22.36,30.73,28.11,27.7,30.42,31.52,32.39,25.42,24.08,13.56,15.64,16.04,41.55,33.83,16.67,20.41,30.87,29.28,19.7,47.17,23.61,18.24,16.61,38.28,19.34,23.31,21.72,23.41,19.75,13.79,25.09,,19.02,36.08,24.96,25.24,30.25,31.21,15.6,13.6,37.44,31.7,23.77,15.48,29.85,14.84,28.6,25.85,9.76,32.91,29.67,18.87,14.38,14.78,18.52,38.13,20.67,13.83,25.61,24.61,26.36,27.6,23.67,30.34,21.36,30.76,62.28,23.53,11.82,15.67,15.92,95.23,15.47,25.95,12.44,18.43,82.82,20.7,25.47,12.71,19.92,18.36,60.93,20.39,43.89,15.21,40.76,17.14,47.71,17.26,16.87,43.61,15.64,18.83
2023-03-15,23.45,17.9,22.15,20.56,39.39,32.6,44.48,23.38,31.17,27.63,27.81,30.69,34.44,32.11,24.8,22.46,13.85,15.7,17.33,44.73,35.66,17.01,20.17,30.49,34.99,19.29,46.64,23.28,17.98,21.97,39.51,19.4,23.33,22.48,25.04,19.47,14.32,25.75,,18.48,36.42,26.36,26.45,31.0,30.1,16.55,12.33,36.58,31.44,23.78,15.44,33.43,13.88,31.08,25.32,10.53,31.61,29.71,18.69,13.54,14.23,18.42,37.42,19.86,13.03,25.49,29.1,24.76,27.39,23.74,29.98,19.43,30.57,61.92,22.05,13.03,16.24,16.02,95.15,14.74,25.07,15.11,17.42,85.79,22.04,25.57,12.12,21.21,17.28,61.01,20.46,43.27,15.19,40.99,16.68,49.46,17.18,16.65,43.76,15.14,24.71
2023-03-16,24.28,17.88,22.8,23.68,44.87,34.45,49.87,23.37,31.61,31.04,28.27,30.93,35.41,33.32,24.05,23.02,13.5,15.78,18.0,45.06,35.78,16.79,20.71,31.01,35.07,19.31,47.02,24.23,18.43,21.71,39.31,22.04,24.2,22.47,25.85,25.38,15.7,26.62,,17.54,36.32,30.6,30.21,31.58,29.85,16.53,13.46,42.2,32.95,25.15,15.42,34.34,12.59,32.04,25.32,10.53,31.76,35.7,18.72,14.56,14.06,18.8,38.88,20.79,13.63,25.38,29.81,28.48,29.68,23.89,31.32,20.74,35.26,61.91,23.76,12.37,16.37,16.02,65.64,13.69,29.64,17.16,18.19,85.65,21.93,25.56,12.27,23.4,18.36,55.23,21.21,39.73,16.24,40.99,17.94,51.21,17.3,16.86,43.98,15.19,24.65
2023-03-17,23.89,17.67,23.47,23.05,45.24,34.38,49.64,24.3,31.89,30.8,28.44,31.72,35.5,34.85,23.06,23.1,13.36,14.05,20.32,45.69,34.99,17.02,20.19,32.89,35.23,18.25,47.42,23.75,18.77,21.8,39.5,23.55,23.03,22.63,25.7,37.19,15.75,27.51,,20.26,36.53,30.05,29.5,32.73,29.79,17.94,13.28,42.47,33.15,24.8,14.85,36.14,12.73,33.06,22.05,11.76,31.7,35.88,18.89,15.29,14.4,18.23,42.54,20.7,14.67,27.32,30.91,28.53,29.76,23.66,31.42,20.27,35.15,61.7,23.78,12.69,16.29,15.98,54.88,13.7,29.52,18.85,18.17,85.59,21.99,28.9,12.69,23.98,18.58,54.39,20.93,38.97,16.28,41.23,18.09,58.61,17.32,17.13,45.19,15.25,24.67
2023-03-20,24.57,17.68,24.13,23.3,44.8,32.73,43.36,22.7,32.01,29.82,29.08,33.19,36.37,35.54,24.35,23.86,14.24,11.44,23.06,46.83,37.36,15.73,20.6,33.68,34.04,18.08,47.28,16.79,19.34,21.97,30.65,24.35,22.68,23.03,27.28,38.64,14.95,27.43,,21.72,37.37,29.83,29.16,35.11,30.53,20.86,15.59,42.68,31.91,24.85,13.42,37.31,12.14,33.31,20.78,12.06,32.52,34.06,18.51,15.37,15.13,19.72,42.02,21.42,15.38,26.52,32.87,28.41,29.34,23.51,31.51,19.24,33.63,60.04,25.4,13.8,17.93,14.7,54.14,14.06,29.27,20.53,19.2,87.52,20.8,32.1,14.67,24.04,19.63,51.52,21.96,37.95,15.1,42.04,19.46,63.88,17.09,18.24,45.94,14.24,24.94
2023-03-21,24.21,17.25,23.73,24.25,44.88,33.95,42.81,22.24,31.73,30.75,28.46,35.41,35.45,37.51,25.91,25.99,14.08,11.15,22.76,46.79,37.56,15.62,21.11,38.34,35.98,17.71,46.29,16.48,19.65,24.23,31.1,24.44,24.41,24.1,27.72,38.01,15.41,27.69,,21.18,41.18,31.36,30.55,36.09,29.8,20.59,15.47,42.64,32.15,25.73,13.1,38.03,11.98,32.5,20.46,11.78,31.72,33.53,18.93,15.0,14.75,20.85,41.29,20.92,15.08,25.86,35.37,27.71,29.28,23.1,30.86,22.73,33.8,58.52,24.88,13.46,17.48,14.67,55.68,13.76,29.22,20.15,19.06,89.28,21.7,32.46,14.41,23.79,19.22,57.64,21.48,38.72,15.02,40.98,19.94,71.68,17.85,18.24,46.68,13.89,29.45
2023-03-22,23.93,18.36,23.46,24.11,45.49,33.52,41.85,22.07,32.42,30.82,28.11,34.65,37.28,37.5,25.4,26.06,13.75,11.07,22.64,46.4,37.14,15.26,21.57,38.82,35.33,17.37,45.58,18.03,19.36,24.55,30.81,23.96,24.22,24.22,27.13,37.44,15.54,29.31,,21.21,40.79,31.4,30.57,35.26,29.84,21.08,16.16,41.85,32.15,26.56,13.97,37.86,11.81,31.87,19.97,12.27,31.94,32.74,18.74,14.95,14.62,20.89,40.81,21.84,16.36,25.43,34.63,27.19,28.69,23.21,32.18,27.96,34.31,57.11,24.31,13.51,17.64,14.33,54.98,14.86,28.89,20.08,18.98,88.24,21.3,34.43,14.21,23.25,18.9,57.2,21.4,40.02,14.9,40.44,19.63,73.16,17.65,18.03,46.27,13.64,29.63
2023-03-23,21.72,18.62,21.8,33.37,44.69,32.22,40.62,22.56,31.38,29.19,26.62,34.08,36.32,37.53,24.94,24.7,13.68,11.09,21.89,45.62,36.2,15.27,18.88,38.29,35.44,17.05,44.54,16.64,20.48,24.49,30.63,22.93,22.91,24.0,23.31,36.47,15.65,29.58,,21.85,38.53,29.68,28.93,35.11,17.62,19.82,14.38,37.52,34.2,25.7,13.31,37.56,11.68,31.81,20.0,11.96,27.18,31.77,18.47,14.99,14.58,21.44,40.93,19.32,16.67,25.42,34.66,26.44,32.72,20.45,44.24,26.42,34.27,55.12,23.9,13.62,17.56,14.34,47.93,15.49,27.53,20.03,17.89,89.46,20.6,34.1,13.95,22.58,18.44,54.43,20.44,39.86,14.53,38.38,17.21,73.55,17.53,16.27,45.98,13.8,29.76
2023-03-24,21.79,19.08,22.13,33.37,44.9,33.79,42.14,23.55,33.53,29.04,26.38,34.28,36.3,37.96,25.65,24.64,14.33,11.17,21.89,45.48,36.18,17.18,18.73,38.37,35.41,17.72,44.59,17.19,21.65,24.8,30.8,23.0,23.51,26.52,23.32,36.0,16.77,29.59,,22.36,38.62,29.65,28.93,35.06,17.56,19.97,15.63,36.25,33.52,29.96,13.92,37.73,12.83,31.52,20.23,12.98,27.08,35.39,18.63,15.12,16.96,23.29,40.65,19.39,17.34,25.53,35.09,26.32,32.43,22.1,45.12,26.19,34.22,55.87,23.91,15.09,17.68,15.69,48.02,15.81,27.56,20.15,17.88,89.63,23.29,34.43,13.89,22.58,18.44,54.08,20.38,39.66,15.3,38.45,16.67,73.52,17.68,16.55,45.93,12.39,29.59
2023-03-27,21.7,19.43,21.73,33.6,34.85,33.53,41.28,23.34,34.2,28.28,27.2,36.1,33.18,43.81,26.08,24.96,13.87,9.78,22.74,48.95,37.15,17.4,18.84,39.54,36.88,17.65,45.18,16.57,22.46,25.38,31.97,22.83,24.68,27.15,23.9,36.57,17.15,30.72,,21.24,39.07,31.15,30.35,36.62,17.37,19.78,19.8,36.33,33.65,30.58,13.94,39.84,13.18,28.01,19.53,13.27,27.91,35.81,19.18,14.75,16.92,23.61,42.02,19.82,17.64,26.7,35.99,26.04,32.61,22.25,43.99,27.62,32.48,36.83,24.26,15.43,17.7,15.95,48.92,17.74,27.22,20.76,17.11,92.37,23.67,34.81,15.15,22.45,18.28,54.77,20.41,39.5,15.34,40.19,16.12,75.08,17.87,16.09,48.86,12.88,31.22
2023-03-28,21.34,18.99,21.65,32.8,34.08,33.72,41.68,22.89,33.38,27.83,26.67,35.95,33.16,42.78,25.86,24.36,13.58,9.68,22.2,48.04,36.55,17.04,18.4,38.59,36.31,17.83,44.1,16.26,21.93,25.16,31.34,22.33,24.18,26.51,23.63,35.69,16.78,30.08,,21.56,38.13,31.41,30.44,35.79,16.95,19.31,19.33,35.47,33.45,30.36,13.93,38.96,12.86,27.34,19.21,13.01,27.24,35.85,18.72,14.5,16.56,23.04,41.5,19.42,17.26,26.38,35.27,25.6,32.0,21.77,43.2,26.95,31.76,36.13,23.71,15.07,17.32,15.56,47.77,18.56,27.29,20.26,16.71,90.15,23.1,34.37,14.98,22.5,18.02,53.62,19.92,38.83,16.36,39.65,15.73,74.19,17.61,15.7,47.69,12.66,30.86
2023-03-29,21.99,18.76,22.3,33.24,34.19,34.93,41.75,23.11,34.81,29.48,26.48,37.46,33.28,43.74,24.4,25.2,13.58,9.69,22.45,48.44,36.36,16.92,18.73,40.99,36.93,18.02,44.36,16.87,22.94,25.34,31.54,22.3,25.48,26.83,24.07,35.86,16.86,30.12,,21.58,41.42,31.4,30.43,35.89,17.37,19.43,19.36,41.44,34.62,30.37,14.41,38.77,12.98,27.23,18.35,13.18,27.0,41.26,19.23,14.54,16.79,23.07,41.58,20.12,16.84,26.4,36.03,26.06,39.42,21.72,43.65,27.93,32.5,36.51,23.65,15.18,15.75,15.53,48.59,18.66,29.14,20.53,17.81,91.11,23.31,35.6,15.51,22.46,18.19,50.9,20.67,40.14,16.84,21.82,16.56,74.87,18.14,16.29,48.66,12.41,31.49
2023-03-30,21.93,18.73,21.26,33.29,34.18,33.46,41.66,22.63,34.74,29.87,26.39,37.42,33.56,43.61,24.84,25.05,12.69,10.71,22.44,48.4,36.52,17.16,18.77,40.99,36.15,17.88,44.42,16.61,23.18,25.17,31.8,22.57,25.8,26.19,24.08,35.74,16.4,30.12,,21.5,41.46,31.62,30.62,33.96,17.58,19.37,19.15,41.37,34.45,29.98,13.44,38.51,12.76,27.02,17.32,13.11,26.86,42.23,19.23,14.54,16.71,23.03,40.82,20.1,16.83,24.77,36.04,26.01,39.56,21.15,44.03,27.96,32.4,36.0,23.51,14.2,15.71,14.73,47.91,19.71,29.73,20.24,17.98,91.68,21.9,35.94,15.41,22.87,17.62,50.97,21.27,40.37,16.33,20.59,16.62,74.69,18.2,16.37,48.59,12.71,31.49
2023-03-31,21.18,18.75,22.43,33.19,34.03,33.39,41.5,21.77,34.57,28.56,26.5,37.66,33.3,44.07,25.14,25.13,13.75,11.13,22.79,48.49,34.56,16.7,19.22,42.04,34.64,17.66,44.22,17.15,23.02,25.08,32.82,22.49,26.49,24.49,24.7,36.02,16.61,30.07,,21.8,42.13,32.37,31.54,34.73,20.04,19.56,19.49,41.4,33.96,29.88,13.76,38.93,11.89,27.23,17.27,13.11,22.69,42.23,19.47,14.4,15.38,23.81,40.57,20.07,16.77,24.78,36.99,25.3,42.69,19.95,43.16,28.77,37.14,34.43,24.4,13.3,15.73,14.81,48.66,19.82,29.66,20.34,20.11,91.76,21.18,39.05,14.85,23.83,17.45,54.99,21.37,40.83,16.44,21.27,17.19,75.35,18.52,15.81,48.63,11.99,31.34
2023-04-03,19.06,18.84,21.13,33.77,33.39,34.14,42.87,22.39,34.62,28.19,19.5,37.59,32.19,44.12,25.04,25.05,14.17,9.34,22.52,49.0,34.45,16.22,19.4,42.54,47.19,15.41,27.55,17.06,25.19,28.93,32.73,21.91,25.98,24.12,24.26,36.78,17.7,30.59,,21.59,39.6,32.51,31.74,34.12,19.6,19.73,19.96,41.65,34.72,29.97,14.24,39.04,11.19,25.91,18.53,16.59,22.83,43.8,19.27,13.8,14.95,24.08,37.31,19.9,17.25,26.58,36.55,25.51,43.54,16.41,44.06,29.17,37.39,34.21,23.74,12.43,15.73,14.39,46.24,20.0,31.5,22.6,19.41,93.18,20.72,39.38,15.17,23.34,18.29,55.33,22.07,39.68,22.89,20.8,17.49,76.44,18.31,16.32,48.83,12.44,37.66
2023-04-04,18.79,18.47,21.1,32.97,32.71,33.96,42.16,22.15,34.03,27.78,19.58,36.7,31.5,43.28,24.71,24.65,14.37,9.22,22.02,47.89,37.72,16.14,18.93,41.63,46.54,15.04,26.89,16.72,24.66,28.32,34.84,21.42,25.36,23.89,25.12,36.25,17.86,31.03,,21.7,38.76,31.74,30.98,33.4,19.4,19.63,19.54,40.67,33.94,29.25,14.26,38.21,11.09,25.28,18.21,16.23,22.36,44.5,18.99,13.48,14.59,23.51,36.41,20.51,17.26,25.94,36.4,24.97,44.85,16.09,43.11,28.98,37.27,34.52,23.18,12.31,15.81,14.05,45.15,19.56,31.49,22.4,19.15,91.01,20.35,38.48,15.3,23.01,17.92,54.12,22.89,38.73,22.37,21.03,18.14,74.61,18.02,16.26,47.89,12.88,36.94
2023-04-05,18.79,18.42,20.87,33.57,32.99,34.91,44.41,23.25,33.34,29.33,19.82,36.67,31.72,43.22,24.88,24.66,14.91,8.58,21.46,47.89,37.89,15.99,18.87,41.82,46.7,14.2,26.59,16.75,25.17,28.27,40.03,21.04,25.36,25.46,25.52,36.44,17.69,31.29,,22.48,38.9,31.56,30.84,33.36,20.71,19.73,19.53,40.18,33.88,29.37,20.16,38.27,10.43,25.04,18.98,16.19,22.99,44.92,18.28,13.46,14.83,23.11,37.06,20.34,16.4,24.27,36.35,25.5,44.88,16.59,43.22,30.0,37.98,35.09,23.28,12.57,16.71,13.88,47.67,19.77,31.39,22.48,19.33,90.96,21.8,38.57,15.6,23.05,18.51,55.14,23.15,38.36,24.61,21.11,18.28,74.64,17.49,16.51,48.05,13.7,37.25
2023-04-06,17.75,17.44,18.44,32.63,32.9,35.36,44.42,20.56,31.29,29.33,19.67,36.37,31.09,42.78,24.81,23.83,15.61,8.38,20.65,47.64,37.26,13.08,16.79,41.15,46.55,16.3,27.16,16.77,23.15,28.29,39.85,20.05,24.74,23.65,25.14,35.57,17.38,31.25,,22.15,38.8,32.64,32.08,32.09,18.82,19.78,19.31,39.12,34.06,28.5,19.79,37.24,10.06,24.77,15.47,16.13,21.89,44.7,17.16,12.37,13.89,21.1,37.3,18.73,15.86,24.29,36.06,25.81,45.11,16.21,43.12,30.02,38.09,34.55,22.52,12.29,15.25,11.12,47.96,19.55,29.92,22.08,18.52,91.53,20.95,37.79,15.47,22.3,18.32,54.11,23.06,38.2,23.87,22.28,17.21,74.98,16.9,16.24,47.77,12.97,37.08
2023-04-10,17.56,13.78,18.16,31.64,31.5,35.76,44.67,21.25,30.96,28.67,19.0,36.27,30.6,39.72,23.19,19.51,14.11,8.7,20.1,48.48,34.29,13.48,16.48,40.35,48.34,15.72,23.71,17.09,21.7,28.82,36.52,19.04,20.31,23.82,24.57,34.99,15.89,27.53,,22.65,37.71,32.7,32.13,29.35,19.06,20.38,19.22,40.97,30.83,28.08,19.93,32.58,9.34,23.61,15.88,17.13,21.28,45.86,15.4,10.75,14.79,19.92,37.65,19.09,16.52,23.09,35.09,25.9,52.54,16.29,40.42,31.21,33.78,30.19,19.33,12.77,14.25,11.71,43.34,20.19,27.31,22.75,16.72,77.05,21.37,34.13,14.59,22.1,17.43,52.32,21.57,34.1,23.63,21.22,17.58,74.32,15.68,12.44,46.08,12.21,38.02
2023-04-11,17.61,13.47,17.88,31.08,31.51,34.86,44.23,20.74,30.23,29.6,18.88,35.4,29.88,40.19,22.65,19.54,13.99,8.61,19.6,47.6,34.6,13.51,16.06,41.12,47.17,15.53,24.0,17.68,21.19,28.11,35.82,18.56,19.97,23.22,23.95,34.19,15.59,26.93,,22.1,36.85,32.34,31.95,28.73,18.78,19.9,18.89,40.23,31.06,27.5,19.49,31.84,9.27,23.04,16.41,18.12,20.88,44.71,15.34,10.5,14.65,19.55,36.98,19.62,16.86,22.54,34.66,27.37,51.22,15.96,39.53,30.59,33.21,30.59,18.88,12.55,13.9,11.65,42.77,19.68,26.82,22.18,16.47,75.13,21.06,33.34,14.25,21.54,17.04,51.09,21.02,34.0,23.11,20.69,17.42,72.44,15.45,12.14,45.58,12.21,37.09
2023-04-12,17.48,12.88,17.85,31.01,30.76,35.96,44.78,20.03,29.19,30.43,19.11,31.17,29.89,34.47,21.9,18.76,13.98,8.55,19.55,38.8,34.45,13.54,18.04,38.23,45.34,17.24,23.8,18.11,21.79,27.93,35.93,18.57,21.8,22.87,24.2,33.4,15.06,25.47,,22.22,36.96,32.81,32.31,25.35,19.29,19.99,19.72,40.24,31.17,27.67,19.47,31.26,8.91,21.59,14.43,18.09,21.06,45.42,15.3,10.5,14.62,19.02,37.07,19.53,16.94,21.4,33.92,26.83,51.7,15.96,40.72,30.47,33.14,32.59,18.92,12.4,14.18,11.63,38.85,19.28,28.65,22.41,16.4,61.96,20.51,33.39,13.68,21.4,17.17,52.71,21.27,34.38,23.18,20.6,18.31,62.63,15.12,12.39,37.45,12.63,36.73
2023-04-13,20.14,12.76,18.41,31.01,30.46,33.07,39.43,19.38,28.75,32.96,17.35,28.71,29.29,34.34,23.84,17.91,13.97,8.42,19.7,33.27,34.47,13.33,17.87,36.87,45.48,16.78,20.44,18.16,21.7,27.95,35.68,18.48,23.6,22.79,24.75,33.36,15.04,24.21,,22.27,36.95,32.8,31.92,24.47,19.31,20.54,19.61,38.71,28.46,26.41,19.77,29.86,9.05,20.51,14.86,18.25,21.18,43.46,15.01,10.74,14.33,19.14,30.61,20.14,16.98,21.2,32.86,26.42,51.81,15.16,42.9,30.75,33.3,29.27,19.06,12.6,14.18,11.26,39.95,19.49,28.12,22.27,16.76,53.09,20.12,33.3,13.76,20.57,15.61,50.87,21.18,31.18,23.18,20.67,17.72,61.86,15.38,12.25,34.19,12.67,36.74
2023-04-14,20.25,13.21,18.03,30.53,30.44,32.76,38.59,18.92,29.47,32.76,17.19,27.28,31.97,36.04,21.69,19.77,13.47,8.6,17.16,30.43,31.84,14.05,17.32,34.91,38.84,17.38,20.42,18.32,21.94,22.0,34.3,18.44,23.94,22.74,21.91,32.7,14.08,23.62,,22.31,34.71,32.24,31.48,21.71,19.13,18.21,19.09,38.9,28.33,26.18,19.85,35.03,9.06,15.98,15.09,17.99,21.01,43.16,13.95,10.81,14.94,19.62,30.24,20.21,16.95,21.28,27.69,26.69,51.91,15.34,43.31,30.64,37.31,29.35,16.89,11.64,14.19,11.03,40.68,18.91,28.07,19.97,16.68,49.38,19.42,32.68,13.3,18.29,15.57,50.58,20.96,30.94,25.95,19.76,17.83,58.73,14.6,12.44,32.04,12.92,30.89
2023-04-17,19.81,13.08,15.96,29.71,24.54,30.46,28.73,17.72,29.17,30.46,16.89,25.98,31.84,34.29,22.2,20.26,12.81,9.09,12.87,28.02,31.94,13.67,17.31,32.0,40.38,17.89,18.94,17.44,21.89,22.18,34.92,13.43,23.7,23.22,21.06,16.14,13.21,21.93,,19.03,33.38,31.42,31.0,16.16,19.79,15.95,18.99,33.81,27.22,25.01,19.63,31.87,8.96,11.28,15.77,17.3,21.46,39.41,14.27,8.34,14.73,19.91,22.87,19.9,15.35,17.78,26.6,23.72,51.47,15.24,43.79,30.69,35.16,24.25,16.62,11.37,14.28,11.19,41.25,18.7,24.57,16.83,15.06,51.97,19.77,31.24,12.51,15.06,13.68,50.85,20.65,29.46,26.86,19.37,16.95,47.38,15.06,11.18,32.0,12.79,31.35
2023-04-18,19.36,13.47,15.77,29.03,23.95,29.69,28.03,17.75,28.49,29.76,16.68,25.33,31.48,33.43,21.66,20.1,12.84,9.58,12.57,27.32,31.14,13.42,16.88,31.29,39.58,17.53,18.51,16.99,21.37,21.8,34.31,13.09,23.12,22.96,20.59,15.75,12.88,21.92,,18.56,32.55,31.02,30.72,17.62,19.65,15.8,18.52,33.28,26.54,24.43,22.23,31.12,8.75,11.03,15.99,18.4,21.41,38.48,14.0,8.15,14.36,19.63,22.56,19.53,15.74,17.48,25.95,23.14,50.43,14.95,42.69,29.93,34.39,24.82,16.24,11.08,15.08,10.92,40.48,18.58,24.11,16.86,14.96,51.47,19.27,30.48,12.26,15.08,13.4,49.89,20.13,28.98,26.25,18.97,16.54,46.5,14.71,12.48,31.35,12.48,30.86
2023-04-19,18.92,13.29,29.42,29.04,23.7,29.11,27.99,16.51,28.5,29.9,15.16,24.98,30.89,34.14,21.17,19.97,12.82,8.93,10.51,27.1,30.1,12.92,16.68,31.65,39.29,17.5,18.51,22.68,23.11,21.58,33.6,13.24,24.58,22.99,20.48,13.88,13.01,21.71,,16.46,33.55,30.94,30.7,16.84,19.86,12.98,18.03,33.24,26.41,41.67,22.22,31.17,8.38,8.28,15.79,18.06,21.32,38.36,13.94,7.48,13.09,22.86,23.04,19.14,14.96,17.29,25.48,20.87,50.93,15.1,44.54,29.96,33.88,24.89,16.03,10.32,13.98,9.94,41.3,18.07,23.86,16.35,15.2,52.51,19.13,29.31,11.58,15.57,12.12,50.06,20.06,29.14,29.29,19.23,15.11,44.69,14.96,12.12,31.05,12.21,30.33
2023-04-20,18.87,13.27,30.59,29.37,21.3,31.07,27.97,16.84,27.98,28.44,15.13,22.01,31.02,32.92,18.9,17.82,13.03,8.93,10.3,27.95,29.46,13.22,16.94,28.81,38.04,18.62,18.02,24.73,22.95,19.71,32.82,15.52,23.4,20.83,19.52,12.99,12.84,20.47,,16.33,31.65,28.16,28.27,15.09,19.91,13.09,17.94,32.07,25.33,41.57,22.23,30.31,8.01,8.2,15.26,18.43,21.3,45.52,13.31,7.4,13.33,23.0,22.78,19.71,15.47,17.17,22.45,21.17,50.81,14.76,44.56,27.5,33.87,27.27,16.83,10.33,14.3,9.36,40.87,25.3,23.03,17.15,15.21,48.75,17.06,29.04,41.02,17.8,13.81,53.81,20.03,27.77,29.23,19.19,14.39,35.11,14.21,18.06,30.78,12.04,27.38
2023-04-21,18.92,10.62,29.69,28.42,17.44,30.92,27.49,15.86,25.52,29.02,14.77,21.67,27.11,30.26,18.94,18.04,13.47,9.05,8.36,25.32,28.41,13.05,14.77,25.2,38.1,18.38,17.39,23.95,22.43,17.99,32.32,16.36,22.96,19.38,19.36,11.86,12.4,16.99,,15.83,29.94,27.59,27.74,14.23,17.67,10.42,16.52,32.55,24.18,39.8,21.06,28.38,7.58,7.78,16.79,18.87,18.32,46.01,12.51,5.91,12.89,23.57,22.23,17.16,12.84,16.46,21.91,21.03,50.75,13.13,41.79,20.93,32.25,27.09,16.83,9.64,13.57,14.3,39.68,24.08,22.64,16.46,14.06,45.11,16.69,23.83,42.54,17.98,13.44,53.59,19.62,24.87,29.14,18.93,14.04,26.46,13.74,17.59,28.13,11.5,25.59
2023-04-24,19.18,9.47,31.08,15.77,15.65,27.71,24.78,14.09,22.06,29.79,14.32,22.37,27.67,29.37,17.94,18.42,13.34,8.67,7.96,25.21,29.19,11.87,15.93,25.32,38.02,18.44,19.23,23.8,20.41,17.94,32.71,16.82,22.13,15.88,19.74,12.2,11.62,16.06,,15.53,31.55,27.59,27.48,13.99,18.0,10.5,15.93,32.58,20.1,38.42,21.47,27.96,5.98,7.57,17.69,18.8,17.95,42.99,12.1,5.94,9.75,25.79,21.54,17.48,11.1,16.72,19.43,21.01,49.45,10.4,29.12,21.42,31.91,25.49,17.15,7.2,13.95,13.3,40.11,22.77,21.9,16.47,13.76,40.78,13.0,23.11,45.58,18.42,13.43,54.85,18.44,24.82,29.41,19.19,14.33,27.9,13.6,18.0,27.11,11.64,25.89
2023-04-25,19.08,9.28,30.49,17.65,16.91,28.28,27.58,13.73,21.92,32.0,15.55,23.96,27.81,31.22,18.39,19.77,13.21,8.59,8.44,26.65,29.58,11.73,15.95,25.43,37.68,19.01,20.4,23.23,20.1,18.72,32.83,36.24,22.64,15.62,19.86,16.37,11.69,17.38,,16.23,34.0,27.85,27.71,14.98,18.99,10.47,15.58,33.12,27.02,38.54,21.02,28.97,5.99,7.65,17.27,18.78,19.53,43.18,13.67,6.69,9.84,25.23,22.93,17.29,10.9,16.3,21.21,21.97,48.79,11.85,29.21,22.21,39.77,27.0,17.94,10.03,14.44,13.01,42.07,22.19,23.09,17.04,13.52,42.1,12.81,22.93,44.43,24.38,13.89,53.47,22.01,27.23,28.72,21.57,39.86,29.01,14.41,17.64,28.23,12.03,26.25
2023-04-26,18.46,11.77,31.05,17.48,17.88,28.28,29.67,16.39,18.44,32.8,15.06,22.63,27.36,26.92,19.76,20.36,17.67,8.59,9.66,25.36,29.82,12.71,15.88,25.18,37.67,19.93,20.34,23.38,20.26,20.01,32.45,36.28,22.69,16.65,21.71,16.73,16.9,18.45,,18.21,33.62,25.93,25.78,14.54,21.58,14.29,10.63,33.14,27.39,37.81,22.06,28.71,6.15,8.07,19.67,21.45,21.97,42.98,13.69,7.09,9.98,25.23,22.35,18.08,11.27,18.78,21.12,32.34,51.21,21.19,29.24,20.38,40.67,28.47,16.45,10.5,15.54,13.71,41.62,21.58,23.08,21.18,14.36,40.53,14.75,23.18,44.34,25.99,13.61,54.56,23.62,27.27,29.23,20.73,40.22,29.02,14.66,17.61,28.42,11.25,26.05
2023-04-27,20.45,31.65,30.29,18.27,19.73,28.04,30.1,16.35,20.17,35.53,15.1,22.07,26.78,27.02,19.89,21.25,17.79,8.65,10.89,25.21,29.73,13.62,37.25,25.51,37.6,19.81,21.76,23.42,20.52,19.78,32.36,36.28,25.17,16.96,21.36,17.36,16.97,19.37,,17.44,34.19,27.97,28.05,15.1,22.52,19.62,11.19,34.49,29.67,37.17,21.59,28.94,6.15,8.05,22.42,21.61,22.55,44.56,14.86,8.53,11.72,25.29,49.53,19.69,11.61,18.3,22.05,33.66,51.28,22.82,29.38,20.82,40.58,28.57,16.84,10.53,15.55,14.07,41.81,20.97,22.46,21.97,14.36,41.11,15.12,23.97,45.3,26.63,13.58,57.38,23.71,26.59,28.78,20.15,41.84,30.69,14.39,24.7,28.19,11.03,26.03
2023-04-28,19.64,32.22,30.11,18.23,19.85,26.21,30.64,15.94,18.17,37.77,15.8,20.85,26.31,26.59,20.43,20.92,18.31,8.65,10.74,24.95,30.31,15.43,37.91,23.48,37.48,19.67,20.78,23.35,20.02,19.83,32.55,37.39,25.59,16.44,20.75,16.88,17.48,19.35,,18.45,30.52,28.01,28.11,15.05,23.48,19.62,11.17,26.6,29.83,37.3,21.47,29.0,6.17,8.39,22.1,21.49,22.87,39.37,15.11,8.48,16.83,25.24,49.24,19.33,11.69,17.95,21.57,33.29,47.17,22.75,28.24,19.76,40.13,28.36,16.84,10.5,15.41,14.14,40.59,21.19,21.49,21.82,13.86,40.19,14.67,24.09,44.92,27.75,20.13,57.44,22.86,29.49,28.29,20.02,41.38,35.38,14.69,24.39,27.42,11.16,25.81
2023-05-01,19.35,33.51,30.31,17.89,20.05,25.44,30.42,16.36,19.38,39.98,16.23,20.84,26.65,26.78,19.67,21.42,19.91,7.13,10.47,24.91,30.1,15.76,38.52,27.8,38.42,21.08,20.52,22.65,20.44,20.43,32.08,38.73,25.12,16.83,19.81,16.63,17.61,20.45,,17.98,30.49,27.36,27.2,14.88,21.37,19.9,9.85,26.55,29.79,38.1,21.89,30.15,6.28,8.18,23.37,22.42,19.91,38.91,15.14,8.66,16.82,25.7,50.32,18.19,11.94,18.36,22.9,33.92,46.89,23.13,27.39,19.17,36.67,31.75,14.76,10.58,15.5,14.39,39.12,20.87,20.46,22.3,11.81,37.2,14.82,20.22,45.85,26.7,20.61,52.68,21.41,35.11,29.01,20.55,42.35,37.94,14.28,24.96,27.68,10.42,29.31
2023-05-02,19.05,32.94,29.54,17.7,20.08,24.81,29.74,16.46,19.71,39.36,21.19,24.07,25.97,28.3,19.4,21.7,19.46,7.48,11.69,26.11,29.46,15.37,37.94,30.13,39.97,20.57,21.13,22.79,20.63,25.34,31.4,37.82,25.17,17.37,19.71,16.57,18.75,19.93,,17.95,29.83,27.38,27.35,16.61,21.24,19.96,9.78,26.32,29.41,37.48,21.44,30.25,6.5,8.5,23.17,23.19,19.93,37.94,15.38,8.45,16.39,25.33,49.7,20.18,12.9,18.15,23.31,33.08,45.81,22.87,27.36,18.86,36.04,32.28,14.4,10.31,15.12,14.08,38.79,22.23,20.09,22.42,11.67,38.01,15.46,20.25,45.26,26.11,21.2,51.36,21.22,50.61,28.38,20.47,41.92,43.88,16.51,26.17,30.82,10.26,32.21
2023-05-03,19.06,33.12,29.55,17.75,29.63,25.31,43.71,18.38,20.29,39.23,21.19,24.06,25.49,28.51,21.49,22.13,20.65,7.86,12.22,26.19,29.4,15.38,38.16,30.44,24.57,20.83,20.5,22.71,22.38,21.16,31.25,38.02,25.14,16.55,21.11,16.56,17.47,19.54,,18.24,30.12,27.24,27.28,17.41,21.03,19.68,9.91,28.57,29.63,37.08,21.88,31.42,6.74,10.66,30.18,20.67,18.84,37.83,15.26,9.22,16.94,24.55,49.97,20.13,13.94,16.91,23.99,33.07,45.98,22.92,27.23,18.65,36.31,32.63,13.98,10.35,14.73,14.11,38.77,22.39,20.88,21.08,36.74,40.25,14.92,24.58,45.1,26.42,20.52,48.08,21.19,51.27,23.92,20.32,41.98,44.4,15.61,26.16,30.78,10.04,25.32
2023-05-04,19.36,33.29,29.76,20.62,29.91,24.8,49.56,18.24,20.37,38.9,20.88,24.95,26.08,29.61,21.94,22.53,20.41,7.78,12.76,26.44,23.84,15.14,38.8,31.34,24.84,20.85,20.43,22.67,22.86,21.15,28.81,38.24,27.9,16.28,19.99,16.5,17.2,20.28,,18.11,30.7,27.41,27.37,18.72,22.53,19.43,10.01,29.84,30.13,37.41,21.75,31.44,6.58,11.02,30.69,20.5,19.28,35.94,14.97,9.24,16.94,25.55,50.43,18.84,13.59,17.29,23.77,33.06,43.6,22.8,27.4,19.99,35.11,32.11,13.98,10.19,14.51,14.28,39.33,22.94,27.26,21.21,36.72,39.2,15.12,24.46,44.64,26.13,20.92,48.28,20.49,51.52,23.96,19.55,41.93,44.83,15.5,26.36,33.31,9.31,25.71
2023-05-05,24.56,33.23,29.54,20.1,33.44,26.39,50.26,17.63,20.76,37.89,23.8,26.95,25.76,30.87,22.21,23.76,21.08,9.25,13.23,28.52,24.33,15.21,38.81,32.97,26.96,21.78,22.33,23.43,24.0,23.26,20.48,38.22,30.02,14.04,19.37,16.26,18.38,20.05,,17.72,35.55,27.6,27.51,19.68,21.86,19.41,10.56,29.84,30.33,37.39,15.25,31.98,6.0,11.89,30.56,20.77,18.75,36.69,16.62,9.22,16.69,25.53,50.02,19.54,14.02,14.86,25.28,33.05,43.63,22.04,27.39,19.75,35.09,33.9,15.37,9.9,13.31,14.18,36.72,22.95,28.52,21.3,37.5,40.95,12.74,24.82,44.69,25.97,20.58,51.58,23.04,51.15,21.61,20.52,42.41,50.59,18.18,26.44,35.16,8.0,26.61
2023-05-08,24.56,33.1,29.6,20.05,33.56,24.9,54.09,17.66,21.1,37.8,23.52,26.67,25.56,30.77,23.77,23.76,19.62,9.56,13.24,28.52,23.1,15.22,38.67,33.38,26.84,20.12,21.67,23.48,24.24,22.96,20.04,38.45,31.13,13.76,19.54,16.06,18.38,19.76,,18.23,35.62,25.2,25.24,19.68,21.95,19.65,10.01,29.87,29.46,37.46,15.24,31.94,6.07,11.93,30.43,20.85,18.98,36.81,16.29,9.24,16.4,25.5,49.64,19.69,14.07,14.91,25.34,32.33,42.75,21.99,29.02,19.54,34.95,34.2,15.0,10.21,13.6,14.25,39.82,22.9,28.46,21.52,37.49,42.39,12.53,25.29,44.62,25.95,20.62,51.81,22.97,51.49,21.4,19.22,42.43,50.59,17.79,26.44,34.15,7.88,26.28
2023-05-09,24.34,32.3,29.04,19.58,32.75,24.98,52.78,17.27,20.65,36.94,23.69,26.06,26.5,30.03,23.22,23.48,19.21,9.39,13.08,27.85,22.69,14.94,38.88,32.59,26.35,19.65,21.76,23.06,23.84,22.41,19.57,37.9,30.53,13.71,19.08,15.96,18.04,19.31,,17.89,34.93,24.61,24.66,19.31,21.65,19.18,9.79,29.86,28.79,36.82,15.06,31.3,6.68,11.72,30.3,20.46,19.07,36.85,16.24,9.06,16.2,25.22,48.46,19.92,13.87,14.98,24.73,31.67,41.72,21.52,28.35,19.89,34.24,34.32,14.85,9.99,13.28,14.45,81.67,22.37,28.41,21.21,36.63,41.46,12.23,25.09,43.55,25.64,20.62,50.73,22.45,51.08,20.9,18.78,41.43,49.61,17.39,25.85,33.35,7.69,25.66
2023-05-10,23.63,32.3,28.59,21.09,32.79,24.67,52.11,17.14,21.17,38.39,23.95,27.23,26.52,30.26,23.17,23.53,19.36,9.59,13.32,27.48,20.27,14.5,38.68,33.16,26.51,18.99,22.24,23.22,23.22,22.56,18.39,37.67,30.64,14.13,19.04,16.27,17.84,20.16,,17.87,32.77,27.21,27.36,19.26,21.52,19.1,10.08,29.81,29.0,36.84,15.08,31.31,6.62,12.16,30.27,19.69,19.74,36.46,16.14,9.09,15.75,25.27,48.37,19.47,14.54,14.99,24.87,31.84,32.33,22.39,28.58,19.99,35.88,33.91,13.99,9.53,12.9,14.09,81.83,22.39,28.15,20.53,36.63,37.81,12.67,25.1,43.62,25.64,20.56,50.72,22.17,51.04,20.78,18.97,41.2,49.65,17.72,25.88,32.82,7.74,25.9
2023-05-11,23.33,32.31,28.65,20.72,32.63,24.67,51.8,17.11,20.73,37.56,23.73,27.09,26.43,28.61,23.15,24.05,19.62,9.34,13.33,27.12,19.03,14.26,38.85,30.61,26.29,18.77,21.73,22.99,23.21,22.37,19.35,37.73,43.59,14.37,19.04,16.37,18.39,20.02,,18.18,32.75,29.84,30.12,19.14,21.31,19.6,10.31,31.98,28.95,36.77,15.12,31.37,6.78,12.33,29.91,19.07,19.7,36.46,15.87,9.48,15.52,25.4,48.35,18.37,14.12,15.06,24.84,30.7,33.73,22.61,30.09,19.95,35.85,33.69,14.01,9.45,12.83,14.05,81.7,22.38,28.65,20.62,36.61,38.04,13.64,24.98,43.4,25.55,20.69,51.13,22.18,50.46,20.23,19.03,40.81,49.69,17.49,25.83,32.13,7.68,26.17
2023-05-12,23.38,32.23,28.43,21.76,32.99,22.68,51.84,17.17,22.45,37.26,23.6,26.79,26.44,28.7,23.26,24.12,20.16,9.17,13.33,27.38,19.02,14.22,38.15,29.52,26.04,17.52,22.02,23.19,22.69,22.33,19.07,37.9,42.94,14.38,18.96,16.35,18.73,20.29,,18.23,32.71,29.51,29.86,18.85,21.26,19.55,11.27,32.04,29.02,36.59,15.12,31.89,6.85,12.59,29.96,19.06,19.48,35.59,15.72,9.52,15.83,25.38,48.53,18.41,13.94,14.8,24.78,30.81,32.83,24.17,29.54,20.64,35.9,32.51,14.01,9.29,12.68,14.35,82.08,22.37,27.84,19.55,36.64,39.18,14.01,24.95,43.41,25.42,21.1,50.54,22.18,49.68,20.38,19.09,40.74,49.98,17.45,25.8,32.91,7.41,26.18
2023-05-15,21.34,32.56,28.99,20.96,34.46,27.13,53.53,17.26,23.44,35.3,24.07,26.8,18.66,27.71,21.06,21.58,20.46,9.51,13.1,22.47,19.25,14.39,38.97,32.48,26.66,16.32,21.83,23.35,23.02,22.11,19.45,37.98,42.65,14.29,17.54,16.49,19.08,23.0,,17.9,33.52,29.26,29.76,18.58,21.79,19.44,11.58,34.7,29.16,37.24,14.77,20.33,6.69,12.59,30.49,19.12,19.99,39.53,14.41,8.84,15.64,25.36,49.3,17.67,14.3,14.39,25.07,30.33,39.12,24.53,24.97,19.35,32.89,33.77,13.43,9.83,12.75,14.48,83.3,22.54,30.28,20.27,37.27,42.38,14.82,25.26,44.04,24.49,21.5,50.45,23.89,50.83,18.49,19.51,41.28,51.96,16.3,27.26,35.61,7.73,26.63
2023-05-16,20.84,32.36,28.39,20.57,33.64,26.53,53.82,18.31,23.87,34.86,23.49,26.25,18.5,27.16,20.55,21.57,20.64,9.33,12.79,22.43,19.66,14.27,38.33,32.71,26.79,16.52,21.35,22.78,23.7,22.55,19.97,37.08,42.02,16.18,18.73,16.13,18.86,22.79,,17.48,33.62,29.62,30.0,18.14,22.44,19.53,11.32,34.33,28.64,36.55,14.41,19.93,7.69,12.66,29.76,18.76,19.91,38.66,14.44,8.95,15.33,24.95,48.13,18.85,14.44,14.08,24.78,29.62,38.55,25.06,24.45,20.83,32.31,33.0,13.48,9.89,12.44,14.18,81.35,22.25,30.16,20.1,36.62,41.77,16.27,26.68,43.38,23.91,21.04,49.27,23.47,50.48,18.53,19.64,40.37,51.43,16.26,27.2,34.89,9.13,26.88
2023-05-17,20.83,32.41,28.48,21.57,35.91,28.69,53.35,18.27,24.74,35.15,24.51,27.92,20.35,29.61,21.29,23.43,20.65,9.2,12.64,26.62,21.39,14.43,38.53,35.45,27.48,16.46,22.27,23.6,26.36,23.44,20.45,36.4,42.7,16.14,19.43,17.76,19.9,23.52,,17.4,34.53,27.37,27.94,20.72,25.34,20.98,13.02,34.18,30.02,36.55,14.41,22.47,7.36,12.48,29.45,20.47,23.61,38.55,15.5,9.02,15.86,24.66,47.97,20.29,14.22,14.61,24.12,29.63,39.0,24.96,24.5,20.92,36.31,34.36,14.27,10.34,12.39,14.32,85.27,22.11,30.67,19.87,36.54,41.27,16.14,25.2,43.73,24.06,21.29,51.65,23.85,50.34,18.73,19.77,41.94,55.86,16.59,27.1,36.72,8.87,28.31
2023-05-18,21.12,32.43,28.47,21.79,36.19,29.92,54.42,18.22,25.34,35.45,26.29,28.13,19.58,29.44,23.55,25.71,20.9,9.01,12.82,26.72,21.96,15.03,39.27,38.98,27.45,16.47,22.87,24.08,26.21,23.46,19.93,36.51,42.85,15.88,19.14,19.08,19.8,22.98,,17.4,34.92,26.79,27.21,19.95,25.2,21.27,13.08,35.82,32.46,36.58,10.91,22.28,7.54,12.61,29.12,18.13,23.28,40.32,15.91,8.87,15.91,24.44,48.05,20.7,13.25,14.77,24.15,29.76,40.83,24.96,38.37,21.92,37.82,36.87,16.19,10.45,11.84,15.57,95.51,21.37,31.9,18.92,36.83,40.41,16.1,25.25,43.61,24.25,22.49,51.94,25.92,50.81,19.01,19.75,41.83,55.9,16.65,26.91,36.41,9.84,27.5
2023-05-19,21.07,32.51,11.7,21.92,37.65,31.22,55.21,18.15,25.32,35.95,26.31,28.03,19.76,29.26,23.47,25.69,20.96,9.1,12.68,26.79,21.97,15.01,39.32,38.79,28.23,16.5,23.6,19.37,25.08,23.75,20.53,36.81,43.09,15.32,18.98,19.19,19.82,22.95,,17.65,34.36,26.84,27.11,19.92,25.57,21.29,12.73,35.39,32.41,12.93,10.39,22.29,7.5,12.93,29.05,17.9,23.75,40.81,17.16,9.0,15.95,21.11,47.88,20.75,13.13,15.28,25.29,29.78,39.89,24.79,36.86,24.52,37.8,37.41,15.84,10.42,12.47,15.61,94.57,21.58,31.88,18.95,37.1,38.99,16.17,25.04,43.65,24.57,22.61,51.93,25.34,50.96,14.53,19.23,41.52,54.94,16.58,26.84,36.24,10.52,27.66
2023-05-22,21.13,33.04,9.62,21.57,38.54,29.89,55.86,18.45,26.46,35.94,27.05,29.36,19.82,30.21,25.49,25.38,20.65,9.33,13.09,26.83,22.27,16.26,39.8,39.28,28.28,15.7,23.9,16.19,25.69,24.84,20.99,36.64,43.74,15.67,19.59,19.59,20.55,23.39,,15.16,33.81,27.77,27.92,19.91,26.0,21.7,12.86,35.86,33.75,12.84,10.29,22.98,10.22,14.0,30.28,17.66,24.66,34.61,17.56,11.86,17.57,18.72,48.55,23.15,13.2,15.53,25.59,30.1,42.31,25.36,37.98,27.64,37.95,36.24,16.25,14.69,22.79,13.67,94.69,14.35,32.59,19.14,38.71,38.97,16.33,25.62,22.15,23.72,23.49,40.74,26.01,50.2,14.72,18.6,42.6,55.46,16.96,24.49,37.73,10.78,28.34
2023-05-23,21.5,32.47,11.98,21.46,37.63,30.08,54.58,18.11,27.2,35.1,26.55,29.21,20.12,29.72,25.97,25.23,20.72,10.66,14.32,26.25,21.83,17.07,39.77,39.27,27.66,15.94,24.28,15.8,25.15,26.69,20.51,35.76,43.13,15.71,19.2,19.34,21.62,24.98,,14.86,33.54,28.82,28.88,19.44,25.95,21.47,12.62,36.08,33.12,18.87,10.05,22.66,9.97,18.0,31.35,17.25,24.88,34.89,19.85,12.05,17.26,20.72,47.61,22.82,12.89,15.56,25.15,30.5,41.36,24.77,37.97,27.07,38.06,36.17,19.89,14.38,23.68,13.66,93.81,14.0,32.02,19.25,38.57,38.47,15.99,25.55,22.01,23.18,22.93,40.51,25.44,49.69,14.39,18.44,41.6,54.26,19.23,24.12,36.86,10.52,28.31
2023-05-24,21.5,31.97,12.51,21.56,37.84,31.15,54.25,18.33,28.17,35.12,26.97,28.81,20.78,30.14,25.99,25.23,21.17,10.55,14.49,27.98,21.47,16.52,39.58,40.49,27.35,15.4,23.12,16.16,25.1,26.11,20.95,35.62,43.09,15.44,20.93,19.59,21.62,25.05,,15.15,34.54,29.63,29.7,19.39,26.18,22.09,14.48,35.84,42.46,18.9,9.7,22.79,10.22,17.91,31.18,17.28,25.32,35.27,20.41,11.93,17.27,13.59,47.55,25.8,12.14,15.48,25.48,29.96,39.95,24.77,38.61,26.25,38.05,36.23,19.92,14.54,25.12,13.7,95.01,13.75,32.01,19.15,38.3,38.5,15.78,26.14,18.73,24.32,23.09,40.52,25.86,50.38,13.91,19.71,41.52,53.92,19.42,24.26,36.94,10.23,27.71
2023-05-25,21.17,31.9,13.6,20.17,44.1,36.55,59.87,18.76,28.09,33.05,34.0,27.4,20.2,28.39,25.88,24.35,21.47,10.53,14.44,27.14,20.44,16.53,40.36,40.08,27.93,14.97,21.32,16.41,25.5,26.26,20.02,18.34,42.94,15.2,20.72,17.16,21.7,24.3,,15.58,31.8,28.55,28.6,19.78,26.0,22.09,14.69,39.68,38.74,17.72,9.84,21.66,10.38,18.04,31.18,18.28,24.83,38.29,19.66,11.82,17.19,20.41,46.2,25.79,11.84,15.73,25.94,30.23,40.83,24.56,38.35,25.9,33.54,79.04,27.11,12.24,25.62,13.7,92.69,14.4,31.38,18.86,38.35,38.26,16.39,26.13,24.55,20.99,24.29,40.08,23.15,47.86,13.82,17.59,23.67,53.03,19.1,25.91,36.13,10.42,27.91
2023-05-26,21.5,31.66,13.75,23.61,47.2,38.13,61.15,17.35,28.09,35.02,47.86,30.78,20.7,28.08,25.15,24.53,19.23,10.6,14.01,26.55,20.45,15.93,40.16,40.92,27.35,19.98,22.54,16.42,25.45,25.76,19.96,18.52,42.85,14.86,19.43,16.7,18.59,22.94,,14.35,32.23,28.35,28.41,21.62,25.24,20.29,15.61,44.38,38.67,17.97,8.73,21.02,10.35,17.98,29.81,16.43,25.04,39.65,19.95,11.71,17.15,21.57,47.12,25.48,11.75,13.41,26.23,21.41,42.4,18.74,41.6,26.01,32.96,79.01,27.06,12.13,25.0,13.41,93.18,14.48,37.99,15.41,37.48,38.35,15.32,26.52,26.12,18.92,24.2,38.06,24.04,47.77,12.76,16.6,22.54,53.03,19.21,25.93,34.79,10.43,27.86
2023-05-30,20.23,15.7,13.25,23.8,47.82,39.09,63.59,17.84,26.62,28.74,49.67,30.27,20.58,27.69,25.4,23.99,19.35,10.68,12.7,26.73,19.45,13.21,20.57,41.85,27.41,19.97,22.4,16.32,25.47,25.79,19.99,18.39,40.12,14.17,20.1,16.41,18.2,22.7,,14.19,32.48,27.39,27.51,21.29,23.52,15.21,15.67,43.75,36.35,17.46,8.53,20.84,9.98,17.91,28.17,16.54,24.28,39.02,19.41,10.03,15.29,21.8,20.6,24.15,10.64,13.42,25.45,20.01,43.94,17.52,43.73,24.87,33.99,81.04,27.44,12.19,26.03,13.23,95.79,13.26,41.92,13.88,37.23,38.57,15.03,24.4,25.06,16.45,20.29,38.56,24.45,48.82,11.71,16.71,20.17,49.17,19.22,18.64,35.75,10.56,27.26
2023-05-31,20.23,14.77,13.02,24.07,47.58,40.66,68.51,18.46,26.48,25.62,49.66,30.0,20.04,28.1,25.4,25.08,17.58,10.82,12.54,26.71,20.37,12.25,20.48,38.36,28.13,18.7,22.85,16.91,25.84,26.11,19.55,17.21,40.21,15.53,20.17,20.05,18.2,21.67,,14.54,33.65,27.74,27.76,21.56,24.63,15.9,15.9,45.97,38.42,17.37,8.85,19.73,9.78,17.57,27.13,15.92,25.42,40.29,19.49,9.66,16.1,21.96,20.48,25.65,10.34,13.84,25.19,20.21,46.25,18.02,42.71,24.04,32.98,84.65,27.42,12.18,27.69,13.08,95.94,13.28,42.17,13.68,37.14,39.27,14.65,25.3,25.33,16.43,21.27,37.5,25.18,46.14,12.72,16.04,19.91,48.11,19.21,20.67,36.89,10.67,26.02
2023-06-01,20.52,17.51,13.43,23.66,47.3,40.3,68.4,20.35,26.68,25.73,47.58,27.81,20.32,26.25,25.96,24.97,17.72,11.16,12.04,25.71,21.17,12.67,20.37,34.87,24.63,18.7,28.25,14.67,26.08,22.25,20.99,17.92,40.37,15.37,21.45,19.9,16.8,24.08,,14.35,34.32,26.49,26.33,21.81,25.24,16.2,15.77,45.63,38.33,17.41,7.91,19.71,10.28,17.71,27.39,14.9,25.72,40.09,20.18,10.41,15.99,22.01,20.86,24.86,10.05,12.9,24.67,20.39,46.15,17.79,41.41,24.09,32.14,84.44,27.39,12.4,27.67,13.99,95.1,11.22,42.83,15.54,37.13,37.21,14.32,25.52,24.49,18.42,20.74,36.8,24.36,27.64,13.5,16.52,18.65,41.93,19.64,18.94,34.11,10.79,23.15
2023-06-02,20.22,20.23,14.57,23.93,39.46,40.46,56.55,19.62,26.98,25.6,47.7,29.72,21.44,28.33,26.82,25.07,17.26,10.69,13.52,28.1,35.45,13.97,20.4,35.12,24.33,18.25,28.01,14.02,23.51,23.28,28.39,17.65,41.64,17.15,25.45,21.38,17.5,24.29,,16.18,35.96,26.39,26.21,22.94,26.8,18.56,15.73,44.61,38.64,16.99,9.3,19.48,12.78,17.53,16.71,14.71,27.57,39.82,20.36,11.05,16.35,22.51,20.23,39.19,11.27,14.09,26.02,20.26,45.53,18.27,41.84,30.11,30.87,84.3,27.41,13.12,27.31,15.86,94.98,13.07,41.54,16.41,19.96,34.66,14.39,24.34,27.24,17.74,28.57,37.12,24.35,27.13,13.77,17.22,19.13,42.81,19.87,21.14,35.27,11.34,23.86
2023-06-05,13.3,20.33,14.63,22.49,37.24,40.55,55.53,19.17,27.16,26.07,48.83,28.12,22.23,24.98,26.98,24.19,16.11,9.55,12.71,25.81,35.08,14.44,20.94,33.83,22.46,18.14,28.3,13.64,21.3,22.02,27.78,17.69,39.32,16.31,24.74,21.1,17.0,23.79,,14.96,31.43,26.38,26.33,21.16,25.66,18.6,15.54,48.05,40.26,18.03,9.97,18.5,12.91,17.04,16.88,14.79,27.97,40.21,19.2,11.24,16.56,22.24,19.24,42.89,11.26,14.48,23.12,20.29,47.4,18.75,42.85,28.63,30.17,85.89,27.56,12.94,27.95,16.09,94.71,12.8,37.54,16.04,17.96,32.76,13.19,24.2,27.78,18.01,28.32,34.98,25.52,27.94,13.17,15.72,18.7,37.74,18.09,20.28,31.27,11.38,21.86
2023-06-06,13.03,19.94,14.5,21.98,36.62,39.58,55.74,18.68,26.52,25.42,48.54,28.38,21.93,25.52,26.62,23.83,15.84,9.37,13.29,26.19,34.7,14.24,20.58,33.45,21.91,17.79,27.85,13.94,20.79,21.48,28.95,17.49,38.81,15.9,24.18,20.65,16.81,23.5,,15.92,32.42,25.72,25.66,21.33,25.2,18.19,15.21,48.65,39.42,17.77,9.72,18.03,12.69,16.83,16.53,14.71,27.27,39.22,20.93,11.78,16.63,21.69,18.99,41.85,11.01,16.71,24.23,20.13,46.29,18.29,42.44,28.63,29.8,84.31,26.89,13.28,27.38,15.85,92.62,14.31,38.0,16.78,18.17,31.93,12.86,25.21,28.26,17.57,28.84,34.13,24.87,27.36,14.92,15.85,18.23,39.74,17.82,20.17,31.02,11.09,21.54
2023-06-07,13.42,20.38,14.62,21.68,39.02,39.42,58.42,18.6,26.11,31.13,48.41,28.48,22.79,25.55,26.56,23.84,15.72,9.05,13.25,26.75,36.81,14.13,22.08,33.46,23.77,18.22,30.75,14.01,20.65,23.31,29.97,17.56,37.57,18.01,25.14,22.25,17.57,23.48,,15.26,33.39,30.4,30.06,23.23,25.77,18.35,15.32,48.7,44.97,20.27,9.76,18.28,12.69,17.05,17.14,14.31,27.83,39.1,22.26,12.04,16.75,21.67,22.57,42.89,11.76,16.68,24.24,23.28,46.33,18.52,42.14,28.99,36.83,85.74,27.89,13.39,27.72,15.97,97.21,14.63,38.2,16.64,18.12,28.98,13.74,26.96,30.27,17.92,28.83,34.12,24.7,28.29,15.34,18.15,20.01,37.87,18.29,21.31,31.38,10.84,22.92
2023-06-08,13.61,20.8,14.69,22.31,40.93,38.43,58.58,18.59,26.14,31.76,47.34,28.59,23.48,25.84,26.56,23.23,15.74,9.18,13.11,26.74,36.76,14.57,20.31,34.68,23.77,19.04,30.87,14.13,20.65,23.33,29.97,16.78,37.6,18.09,25.14,22.09,17.6,23.49,,18.76,33.33,30.38,30.03,23.11,25.7,18.36,15.04,48.28,44.98,20.5,10.21,18.15,12.65,17.03,18.08,14.37,27.45,37.75,22.39,13.22,17.66,21.77,22.5,42.54,12.0,17.94,24.26,23.14,47.55,18.77,42.38,28.91,36.83,85.07,28.2,14.05,27.68,16.52,72.09,14.6,36.97,16.55,19.01,29.68,14.75,26.7,30.25,17.62,31.13,34.23,24.45,29.63,16.45,18.16,19.81,38.07,18.39,21.45,31.39,12.04,22.95
2023-06-09,13.31,20.94,15.14,21.82,41.49,38.52,58.91,18.73,25.91,30.67,47.52,25.38,23.41,25.24,27.08,22.69,15.5,9.15,12.9,26.7,36.71,14.33,20.36,32.84,23.54,19.16,31.62,14.16,20.57,22.85,30.0,16.56,37.55,17.41,24.57,21.83,17.74,22.68,,18.54,33.22,27.88,27.39,22.89,26.08,18.37,15.03,48.62,45.38,20.56,10.14,18.15,12.65,16.52,17.19,14.46,27.09,38.09,22.5,13.33,17.64,22.11,22.41,42.66,11.5,17.92,24.06,22.56,47.06,18.02,42.73,28.88,36.35,85.11,28.62,14.07,27.64,16.49,72.67,14.68,37.53,16.55,19.12,29.31,13.85,26.79,30.26,17.8,31.38,34.46,24.8,29.78,16.62,18.1,19.7,37.57,18.29,21.44,31.34,12.19,22.64
2023-06-12,14.13,21.28,15.25,21.88,41.37,40.02,59.52,19.06,25.09,30.77,51.5,25.54,24.36,25.52,27.53,22.63,14.73,9.38,13.4,26.58,36.9,13.96,20.72,33.09,24.29,19.71,32.23,14.71,20.53,23.63,30.76,15.64,21.34,17.71,25.14,22.06,16.86,22.96,,18.7,32.65,25.38,24.4,23.3,26.74,18.26,14.02,50.76,47.6,21.03,10.29,17.55,12.39,16.57,17.65,14.87,28.47,40.03,23.91,13.67,17.75,22.93,23.01,43.96,11.93,18.46,24.38,23.17,48.18,15.58,42.45,29.91,37.4,86.38,34.61,13.87,28.99,16.22,70.7,15.06,37.28,16.57,19.6,30.63,13.49,27.62,30.93,18.29,31.61,31.73,25.66,30.65,16.94,18.46,20.07,38.83,19.3,22.1,30.89,12.65,22.47
2023-06-13,13.92,20.91,15.17,21.43,40.42,39.02,60.74,20.36,25.07,30.07,50.68,24.89,24.01,24.94,26.86,22.18,14.38,9.24,13.26,25.91,36.98,13.63,20.2,32.27,23.71,19.21,32.6,14.36,20.23,23.15,31.36,15.73,20.94,17.31,25.8,22.43,16.46,22.38,,18.42,32.57,24.74,23.79,22.79,26.12,18.26,13.71,49.88,46.39,20.55,10.18,17.18,12.33,19.54,17.2,15.75,28.3,39.14,23.55,13.33,17.32,23.39,22.53,43.1,11.77,18.06,23.87,22.62,46.96,15.39,41.76,29.21,36.51,84.53,33.81,13.53,28.34,15.81,68.91,14.96,36.5,16.15,19.54,30.03,13.22,27.02,30.18,17.9,30.82,31.36,25.59,30.16,16.54,17.99,19.72,38.06,19.21,21.55,30.49,12.6,21.9
2023-06-14,13.76,21.33,16.3,21.48,40.48,37.41,60.74,20.34,24.08,30.2,51.48,25.13,24.91,24.65,26.77,22.13,14.5,9.14,13.31,26.0,37.4,13.56,20.23,32.62,23.53,19.29,32.54,14.28,35.22,23.38,31.0,16.46,21.4,17.11,25.79,22.4,16.73,21.25,,18.43,32.87,24.46,23.49,23.36,25.96,18.32,14.01,51.34,46.39,21.83,9.87,17.19,12.77,19.48,17.23,15.73,28.48,36.57,23.76,13.33,17.59,25.07,21.93,43.22,13.52,18.03,23.94,22.68,42.99,15.81,40.87,36.04,36.7,85.14,35.86,13.97,29.69,16.38,69.29,14.97,36.47,19.23,20.26,27.51,12.63,27.02,30.22,18.28,30.82,31.09,24.95,29.98,28.2,19.11,20.03,38.67,19.01,20.6,29.49,12.6,22.34
2023-06-15,13.97,20.14,17.69,22.7,40.07,37.65,61.14,21.0,23.18,29.8,51.69,24.62,24.63,24.23,28.05,22.14,14.0,9.43,13.73,25.09,36.31,15.48,20.32,32.95,22.31,18.6,32.71,14.91,37.1,21.76,30.11,17.15,20.15,15.66,25.28,24.13,16.59,21.02,,18.98,30.77,23.16,22.27,23.23,24.51,18.06,13.97,50.32,46.62,22.17,10.71,17.15,13.45,19.3,17.72,15.5,28.45,37.2,23.98,14.2,17.73,25.08,23.3,42.48,13.16,18.35,23.41,24.55,42.62,14.92,40.28,34.82,36.71,85.59,36.77,15.03,29.68,17.39,68.68,15.73,34.75,18.98,20.18,27.19,10.45,24.27,29.55,20.58,34.06,31.49,24.38,32.72,28.64,18.92,20.58,37.78,19.37,20.69,29.08,11.33,20.56
2023-06-16,14.36,21.6,18.21,23.27,39.72,36.17,62.77,21.01,22.38,30.05,52.78,24.46,22.85,19.69,27.51,21.65,16.19,9.53,13.52,21.71,36.42,16.33,20.06,31.98,20.67,19.1,31.75,14.45,36.31,21.47,29.93,17.54,19.96,15.43,25.3,23.89,15.91,19.76,,18.9,30.18,23.54,22.58,21.37,21.82,16.67,13.78,49.72,46.05,22.16,10.63,13.99,13.76,19.31,18.53,13.9,25.78,36.87,23.17,14.23,17.7,25.3,23.43,41.97,13.02,18.06,22.67,25.65,42.84,15.86,43.01,35.02,34.39,85.61,37.43,14.94,29.46,17.68,67.59,15.66,35.2,18.67,20.22,26.35,11.54,23.58,29.39,20.59,34.02,30.39,24.52,32.72,28.75,18.94,18.59,32.53,19.57,20.66,23.41,12.63,19.32
2023-06-20,14.23,21.62,18.69,24.16,42.17,34.29,62.82,21.53,22.5,29.17,53.9,26.1,26.86,19.97,25.59,21.35,15.97,9.12,13.71,21.22,38.19,16.37,19.13,28.95,22.79,19.79,32.59,14.17,37.63,23.43,29.45,19.93,18.81,16.46,26.2,23.65,16.65,21.75,,19.72,31.66,23.43,22.49,23.19,21.4,17.34,15.04,53.49,45.53,22.58,10.78,14.31,14.16,20.46,18.97,14.16,25.9,34.3,22.57,14.49,18.14,25.88,23.37,43.75,13.88,18.02,21.6,26.64,41.64,16.44,32.4,35.48,34.15,86.45,40.31,15.32,30.96,17.4,57.14,15.49,36.96,19.15,19.5,27.26,13.74,25.11,30.29,22.11,33.95,33.25,24.23,34.18,30.67,20.44,19.3,32.74,20.29,22.16,23.93,12.11,21.05
2023-06-21,14.24,21.67,18.62,24.98,43.42,34.79,66.59,21.7,21.91,28.98,54.64,26.18,26.88,20.26,24.12,21.34,16.23,8.86,13.59,21.33,38.1,14.97,19.12,29.06,23.21,19.33,35.03,14.99,37.64,22.63,29.41,19.53,19.1,16.62,25.86,25.41,16.68,22.02,,19.7,32.11,23.24,22.58,24.04,21.44,17.44,16.66,58.89,45.24,23.18,10.52,13.91,11.99,19.91,17.4,15.23,25.26,34.65,22.65,12.26,17.48,25.98,24.07,42.84,14.23,18.2,21.73,27.15,40.77,17.08,34.03,32.46,35.52,87.05,39.8,11.82,25.31,15.05,65.58,16.37,39.56,19.57,17.66,27.23,15.12,25.12,30.37,22.1,33.44,41.64,25.6,34.25,31.18,20.69,20.87,31.96,20.17,22.15,22.71,11.49,21.14
2023-06-22,13.34,21.17,17.85,25.85,43.21,34.18,66.79,22.04,20.25,31.84,54.99,24.75,28.62,21.52,23.27,21.27,15.71,6.03,11.67,22.3,38.73,13.63,17.55,28.35,24.34,18.34,34.94,15.03,37.77,20.72,29.49,19.54,17.54,16.17,25.59,27.48,14.39,19.45,,19.83,32.3,23.51,22.92,24.78,20.92,17.13,18.25,57.96,45.11,17.57,10.87,15.23,12.17,15.0,14.29,15.29,24.68,34.41,20.27,11.68,17.83,24.09,23.66,42.85,14.31,19.68,23.31,26.61,40.83,17.27,32.83,32.13,34.21,86.48,37.64,12.3,23.9,14.52,64.68,16.4,38.73,20.3,15.55,27.29,15.2,24.85,29.86,21.99,33.9,39.84,25.86,33.64,31.22,20.29,21.1,34.99,17.2,21.96,23.25,11.61,20.53
2023-06-23,13.48,21.23,16.69,28.2,42.16,34.27,66.85,21.8,17.89,31.94,55.92,24.04,27.9,20.83,24.4,20.83,14.72,5.94,11.25,19.58,38.6,14.03,17.74,26.32,24.5,18.13,35.21,15.72,37.51,20.81,30.73,19.17,17.37,16.69,23.39,26.93,14.9,19.64,,19.92,29.6,23.11,22.49,25.04,20.24,15.94,17.41,57.35,34.3,17.66,10.87,14.94,12.4,15.27,14.28,15.72,23.88,34.76,19.56,12.53,18.02,24.06,23.74,40.5,14.56,19.83,22.74,27.2,41.05,17.95,32.31,32.25,34.76,87.1,38.57,12.34,22.42,14.67,63.15,16.15,40.2,20.19,17.83,26.8,15.74,24.15,29.83,19.62,33.95,41.84,27.38,32.55,31.24,19.43,21.1,35.0,16.72,21.91,23.39,11.43,20.12
2023-06-26,13.87,20.89,15.19,24.22,33.95,22.45,51.11,21.64,18.54,29.37,34.91,21.12,28.15,21.79,24.74,20.4,13.55,5.83,11.49,19.79,39.65,14.56,16.15,25.29,24.52,11.67,35.0,14.48,37.95,21.59,31.63,19.23,17.6,16.81,24.51,27.69,14.62,19.8,,19.68,29.53,24.78,24.41,23.26,20.04,16.69,17.44,50.58,34.86,18.35,10.44,15.04,12.26,15.62,15.75,14.16,22.37,23.93,19.85,12.92,18.53,13.7,26.29,41.64,16.41,20.05,21.67,24.49,29.64,17.22,28.37,33.69,29.43,46.73,35.6,12.69,25.67,14.81,59.07,14.64,36.86,20.66,17.81,22.73,16.31,26.09,22.82,19.0,33.67,50.28,23.29,33.9,31.9,19.94,21.61,35.92,17.88,20.31,23.81,10.91,20.95
2023-06-27,14.16,21.16,15.16,23.99,33.35,27.22,51.29,21.45,18.11,28.87,35.73,20.59,28.14,21.29,26.52,19.95,13.19,5.68,11.2,19.27,38.75,14.82,17.4,25.76,23.93,12.07,34.22,14.77,37.52,21.04,30.95,19.85,17.18,16.45,24.08,31.58,14.24,19.32,,19.33,29.28,24.13,23.77,22.75,20.3,16.25,17.14,49.53,34.06,18.34,10.32,14.64,11.99,15.74,17.26,13.78,23.19,28.43,19.72,12.8,18.44,13.36,27.34,41.38,15.98,19.52,21.4,24.74,30.37,16.87,27.62,33.19,28.67,46.56,34.67,12.56,25.33,14.71,59.75,14.42,36.83,20.12,17.43,25.13,16.28,25.79,22.68,20.38,32.96,49.78,27.97,33.82,31.16,19.51,21.37,35.0,17.47,20.11,23.38,10.87,20.42
2023-06-28,13.84,20.63,14.85,23.41,33.41,27.52,50.03,21.05,18.79,28.19,34.84,20.18,27.47,20.87,26.35,19.45,13.41,5.56,11.1,18.88,37.77,14.47,16.98,25.12,24.07,11.79,33.9,14.4,36.7,20.76,30.76,19.39,16.78,17.06,23.68,30.79,14.07,19.95,,18.86,28.88,24.51,24.01,22.2,21.9,16.0,16.82,48.97,33.22,17.97,10.2,14.38,12.23,15.43,17.81,13.75,22.8,28.06,19.3,12.48,18.23,13.76,26.9,40.34,15.6,19.28,20.95,24.15,29.77,16.59,28.31,32.47,28.48,46.01,34.32,13.26,24.7,14.35,59.98,14.29,36.8,19.83,17.0,24.68,17.17,25.3,22.17,19.88,32.13,48.66,27.39,32.98,30.96,19.03,20.9,34.29,17.05,19.69,22.91,10.64,20.11
2023-06-29,13.61,20.64,14.03,24.0,33.43,27.52,50.27,20.93,18.77,28.28,34.82,20.46,27.48,22.06,24.73,19.48,13.4,5.97,11.27,18.88,37.37,13.45,16.75,24.52,23.99,11.89,33.44,14.42,36.7,20.8,29.78,18.09,16.66,16.84,22.74,30.76,14.9,19.91,,18.54,28.92,24.58,24.06,24.79,21.86,17.08,17.71,48.81,31.18,18.44,10.27,18.53,12.26,15.54,18.08,14.9,22.65,28.08,18.99,12.64,12.93,13.34,27.56,40.22,15.7,18.32,21.43,24.09,31.19,15.79,26.2,32.18,27.49,45.05,34.33,12.62,24.19,13.16,54.46,14.35,32.69,20.71,16.75,25.86,17.46,25.56,22.37,19.45,32.15,47.72,27.64,35.02,30.98,18.8,20.46,35.39,18.43,19.6,27.54,11.01,20.24
2023-06-30,15.14,20.65,14.44,23.82,33.39,25.74,47.44,20.71,18.44,28.53,34.82,20.65,27.5,21.09,24.91,17.14,12.77,6.14,11.58,18.7,36.04,13.19,16.73,24.4,22.87,12.32,32.53,14.19,36.49,19.9,28.88,18.01,16.69,16.42,22.15,27.28,14.67,20.32,,18.96,25.89,24.6,24.1,24.36,19.69,15.77,17.49,46.5,29.7,18.51,10.44,18.15,12.26,15.36,18.19,14.95,20.71,26.91,19.1,13.24,12.33,14.02,28.06,38.7,15.82,18.7,20.01,24.44,27.19,16.73,27.5,33.45,28.65,41.06,34.38,12.77,22.8,13.73,54.51,14.27,32.19,20.4,16.78,24.65,18.36,25.3,22.33,19.58,32.11,47.75,27.73,35.1,30.65,18.39,20.08,33.8,18.68,18.53,25.2,12.3,19.02
2023-07-03,15.46,14.8,15.71,23.48,33.73,26.21,48.71,17.71,17.01,28.61,33.39,15.72,26.41,19.13,23.19,15.49,12.06,5.39,10.01,15.78,25.01,12.35,17.01,20.47,21.5,12.63,28.77,14.49,36.88,17.92,24.29,18.58,15.29,15.32,17.5,27.43,13.81,18.96,,17.51,23.68,24.83,24.33,22.46,17.86,13.62,16.35,47.47,30.56,20.52,10.98,17.06,10.57,15.72,19.02,14.42,19.37,27.45,18.97,13.63,12.5,14.82,27.23,25.94,15.88,19.04,18.61,24.77,27.8,16.43,27.39,30.65,29.19,38.34,36.03,12.5,23.04,12.69,55.78,13.86,32.35,18.55,15.61,23.75,18.58,23.22,17.79,18.74,24.71,52.36,28.2,34.59,30.68,17.67,21.7,32.05,17.25,14.0,24.53,12.47,17.52
2023-07-05,15.31,16.39,15.57,21.99,33.51,27.59,49.01,16.74,16.93,28.52,33.74,15.39,25.51,19.06,23.4,15.14,12.04,6.2,9.93,15.76,24.16,12.41,16.79,20.86,21.48,12.27,28.45,14.47,36.66,17.96,22.75,18.41,15.49,15.58,18.37,27.26,13.89,17.83,,17.67,23.4,25.33,24.7,23.56,17.3,13.69,16.4,45.72,29.34,20.2,10.84,16.8,10.58,19.22,19.18,14.42,18.17,30.13,18.5,13.6,12.57,14.92,28.64,22.01,14.55,19.12,18.52,24.76,28.65,16.56,27.44,30.11,28.76,38.29,36.38,12.62,22.76,12.58,53.31,12.19,32.31,18.5,15.7,24.89,19.3,23.19,17.59,18.74,24.65,52.36,26.92,34.41,30.98,18.23,22.62,31.24,16.82,13.74,23.14,12.46,17.55
2023-07-06,15.19,15.94,14.89,21.74,33.99,28.2,44.7,17.4,17.73,29.0,33.8,14.65,25.38,19.64,23.43,16.04,11.8,8.2,8.75,17.5,24.8,11.91,16.65,19.05,25.23,12.52,28.71,14.45,36.65,19.63,21.75,18.89,15.13,16.09,19.38,27.01,13.71,18.0,,16.81,21.56,25.3,24.62,24.03,20.38,14.41,17.39,44.67,29.54,20.6,11.27,17.35,10.63,19.16,19.29,14.17,19.86,30.33,16.66,12.79,11.69,15.42,28.92,23.58,14.53,17.33,19.57,24.81,28.83,19.11,27.91,30.71,29.49,37.92,36.5,11.31,23.83,11.84,54.76,11.3,30.91,17.5,16.64,25.44,19.82,22.18,17.27,18.81,21.92,53.72,27.23,37.16,30.17,17.82,22.7,28.22,16.85,14.51,23.08,12.83,22.05
2023-07-07,15.02,16.39,14.75,21.56,30.62,28.26,40.89,18.8,17.58,24.03,33.85,14.84,24.18,19.66,21.88,16.11,12.45,8.38,8.61,16.53,21.91,13.43,14.98,18.49,25.33,14.88,25.89,14.5,36.28,17.38,20.87,18.42,14.98,14.61,18.4,26.48,12.56,18.11,,18.95,19.97,21.32,20.77,21.74,19.25,14.17,16.71,44.58,19.34,17.41,12.56,17.25,11.71,19.01,20.61,14.14,18.93,30.39,14.81,12.82,11.24,15.01,26.62,21.56,14.38,19.07,19.3,22.26,28.83,19.19,27.97,30.59,22.77,35.59,35.89,13.06,22.96,14.53,51.66,11.26,30.78,17.12,16.63,25.13,19.48,20.04,14.19,18.68,20.79,54.11,27.18,35.31,30.46,15.39,21.48,28.02,16.54,15.19,22.17,15.75,20.27
2023-07-10,15.58,16.56,14.43,21.93,25.93,28.97,38.35,21.49,17.42,24.58,36.52,15.72,22.39,20.12,24.89,17.58,12.49,8.4,8.78,16.7,22.81,13.62,15.39,18.94,26.21,13.88,24.31,14.98,37.25,18.1,21.07,18.82,15.35,14.89,18.83,27.11,12.61,20.02,,16.99,19.67,23.89,23.1,22.41,20.94,16.27,17.14,46.03,22.42,19.58,12.25,17.78,12.26,19.66,19.85,14.41,21.64,31.17,14.58,12.59,10.56,15.37,27.43,22.0,17.14,18.96,19.84,23.71,30.95,18.96,26.54,31.66,24.16,35.96,35.65,13.05,23.53,14.44,55.87,11.5,30.35,17.41,19.77,26.09,19.53,20.7,16.38,18.82,19.27,53.31,29.94,34.34,30.33,15.89,21.92,28.55,16.39,17.69,22.91,15.56,21.64
2023-07-11,15.27,16.47,14.06,21.39,25.6,29.38,37.71,21.0,17.0,24.26,35.54,16.39,23.7,20.17,25.0,18.4,12.34,8.85,8.78,17.98,22.69,13.47,14.99,20.58,27.46,13.58,27.44,15.16,37.68,18.93,20.98,18.95,16.23,16.1,20.06,27.34,12.85,19.54,,16.72,19.19,23.51,22.68,22.63,20.61,15.86,17.26,45.11,21.91,19.26,12.07,17.97,12.03,19.17,22.35,14.77,21.1,30.81,14.72,12.26,11.84,15.2,26.87,27.58,17.45,18.9,20.61,23.08,30.95,18.69,25.92,31.29,23.8,35.01,34.76,12.72,23.44,14.22,54.44,11.34,29.55,17.11,19.5,25.52,19.28,20.61,15.95,18.4,19.05,51.91,29.22,35.53,29.54,15.73,22.28,30.05,16.13,17.3,22.56,15.16,21.6
2023-07-12,14.66,16.49,14.27,22.01,21.02,27.76,37.09,20.93,16.93,23.27,28.76,15.99,22.74,20.54,24.97,19.62,12.62,9.2,8.59,19.27,22.46,13.49,14.76,20.62,27.56,14.39,28.7,17.59,37.87,18.89,21.05,18.53,15.67,17.12,19.95,27.36,12.82,19.54,,16.75,19.14,23.88,23.01,23.25,20.64,15.91,17.42,41.54,21.03,20.59,12.12,17.96,12.1,20.44,22.38,15.0,20.48,28.35,14.03,12.14,12.19,15.13,28.4,27.21,17.34,19.13,20.23,22.98,28.67,19.85,25.89,31.15,22.57,36.33,28.07,12.8,21.13,13.95,52.73,11.28,28.59,17.6,19.74,24.56,19.65,20.46,16.08,18.58,18.86,51.54,29.19,35.14,30.5,15.87,22.29,28.52,15.9,17.29,22.7,15.01,21.45
2023-07-13,14.6,16.39,14.74,21.66,21.69,29.05,35.72,19.86,16.57,24.87,28.65,15.71,22.68,20.61,25.39,20.28,12.62,9.2,8.56,19.33,20.04,13.71,14.76,20.31,27.7,14.39,27.28,18.27,37.87,19.35,18.8,17.89,15.42,17.22,18.56,27.87,12.88,19.52,,16.58,17.37,28.66,28.65,23.15,21.0,15.42,17.38,40.6,21.13,20.74,12.08,17.9,12.4,17.52,22.84,13.97,20.44,29.72,13.13,12.17,12.42,14.13,28.4,27.09,17.33,19.43,19.98,23.51,28.95,19.8,24.59,31.15,24.06,37.37,28.4,15.17,20.6,13.89,52.3,11.89,30.91,17.63,19.62,25.51,19.54,20.73,15.97,18.51,18.54,50.69,28.52,35.68,30.53,15.96,22.53,28.71,14.78,17.39,21.98,14.9,22.43
2023-07-14,14.59,16.85,14.2,21.66,21.89,29.0,34.44,19.88,17.24,24.81,24.93,15.75,22.81,21.48,25.42,21.43,12.36,9.56,9.01,23.94,19.67,13.94,15.75,21.59,30.23,14.92,27.47,20.08,23.21,21.1,19.18,17.56,16.17,17.29,18.52,28.08,12.86,18.33,,16.71,17.85,28.76,28.74,22.95,20.99,16.15,17.39,37.01,20.99,20.31,12.19,17.77,12.58,17.54,25.9,14.13,19.89,29.63,12.99,12.18,12.46,11.31,29.44,27.01,15.68,19.74,20.01,23.45,27.93,19.42,25.33,23.47,22.87,34.43,23.34,14.94,19.97,13.76,52.86,12.72,30.81,14.8,19.02,27.15,19.56,20.91,21.43,18.14,17.79,50.61,28.94,36.64,32.21,14.78,22.37,28.21,14.81,18.28,21.37,14.46,25.25
2023-07-17,15.36,15.87,13.46,19.73,21.45,30.11,33.51,17.67,22.35,25.13,25.95,16.17,22.94,22.02,25.92,19.33,8.01,9.41,8.69,24.8,18.92,12.23,15.05,22.16,30.77,14.93,28.26,19.56,15.65,21.34,19.27,16.57,19.57,18.12,17.22,27.25,11.82,18.74,,16.42,21.5,28.85,28.94,23.53,21.33,15.88,17.59,40.02,20.63,20.47,11.29,19.54,11.56,18.15,25.67,14.73,19.22,31.4,12.56,11.37,12.73,11.49,28.6,26.78,16.09,20.87,19.85,20.17,29.12,18.24,23.85,23.89,23.3,35.73,19.62,15.51,19.4,13.3,55.82,12.36,31.63,14.49,19.44,25.61,20.29,20.92,31.56,15.46,13.31,52.61,29.87,33.82,31.96,14.21,22.29,26.53,14.57,32.13,23.58,13.8,25.76
2023-07-18,15.01,16.21,13.11,19.41,21.69,29.49,32.63,18.74,21.76,24.66,25.53,16.47,22.33,26.29,25.29,19.39,8.0,9.25,8.49,25.01,19.98,12.03,14.84,22.87,30.81,14.55,27.58,19.33,15.95,20.81,20.58,16.82,19.26,17.94,16.79,27.8,12.44,18.28,,16.41,21.15,28.23,28.3,25.58,20.76,16.4,17.45,39.02,20.16,19.92,11.0,19.03,11.31,17.74,25.19,18.31,18.83,30.78,13.15,11.12,12.44,11.18,27.84,26.55,15.67,20.4,29.7,23.92,28.35,17.9,29.52,23.61,22.76,35.33,20.18,15.26,19.76,12.96,55.73,12.45,30.83,14.22,18.93,47.66,20.41,20.44,30.73,15.06,12.96,51.23,29.08,35.65,32.83,14.45,21.92,28.26,15.36,33.3,23.64,13.44,25.09
2023-07-19,14.72,16.05,12.81,19.37,21.63,29.65,32.07,18.29,22.27,24.66,24.94,16.24,22.17,26.96,26.04,19.14,7.88,9.1,8.91,24.72,19.5,12.13,14.55,22.78,30.08,14.19,28.3,20.51,17.78,20.43,20.24,16.99,19.54,17.75,16.42,27.43,12.13,18.36,,16.35,20.62,27.76,28.02,25.16,20.33,15.99,17.02,38.04,19.76,20.46,10.73,18.55,12.73,19.56,24.61,18.11,18.36,31.51,12.85,10.85,13.34,11.01,27.25,25.94,15.29,19.89,29.2,23.87,27.64,17.48,28.77,23.04,22.34,34.78,20.4,15.29,19.6,12.86,54.37,12.15,30.36,13.87,18.84,46.56,20.74,20.33,43.07,16.82,13.02,50.13,28.35,34.94,32.01,14.22,21.47,33.98,14.97,37.91,23.33,13.1,24.65
2023-07-20,15.36,19.33,19.08,20.48,21.72,35.65,36.91,18.26,23.18,29.06,25.59,14.88,20.56,26.42,26.11,17.72,12.87,9.06,9.77,24.38,18.41,13.12,13.72,24.57,28.55,13.71,29.39,20.15,17.83,19.12,20.27,14.95,18.96,18.01,16.05,27.12,12.47,16.63,,15.95,19.49,29.22,29.11,25.68,20.38,15.83,18.17,37.35,21.19,20.52,23.58,18.47,13.15,19.43,25.58,18.48,17.99,34.59,12.59,11.35,13.6,17.17,32.01,24.9,14.33,21.46,28.46,24.96,27.45,19.94,43.08,20.69,26.78,36.29,19.86,16.19,19.48,12.64,56.53,12.46,31.11,15.15,19.02,46.53,20.1,18.6,42.86,15.49,14.12,59.65,28.93,33.04,31.27,12.91,21.22,33.95,14.65,37.59,23.45,14.2,24.19
2023-07-21,15.39,19.27,20.03,20.11,20.44,35.96,31.02,18.14,23.18,28.88,24.69,20.58,20.78,25.9,26.12,17.6,13.58,9.13,9.83,24.48,19.35,13.15,14.16,24.3,28.33,13.67,26.18,19.45,17.81,19.57,19.54,21.46,19.07,18.7,16.3,25.78,12.08,16.9,,16.12,20.46,28.46,28.36,24.63,20.31,15.73,17.01,31.09,20.6,23.3,23.78,18.85,13.13,19.5,25.64,17.44,17.92,34.48,12.68,11.4,13.57,17.05,33.49,24.68,14.03,22.18,28.31,24.68,27.42,21.15,43.02,21.28,25.26,37.06,20.75,16.23,20.44,13.38,51.52,11.78,30.31,14.44,20.06,47.79,21.36,18.63,42.87,21.29,13.87,56.46,28.56,33.12,30.96,12.64,19.47,34.94,14.72,37.72,25.5,14.29,23.93
2023-07-24,14.84,19.27,19.7,15.8,20.58,35.97,31.43,17.66,25.79,25.75,22.91,21.79,18.94,24.47,25.6,16.7,13.78,9.23,10.13,24.2,17.22,12.75,13.42,24.34,26.95,14.1,26.01,18.96,18.38,19.75,16.8,21.76,19.64,17.99,16.49,24.9,11.02,16.66,,21.36,20.49,28.43,28.3,23.35,21.13,15.81,14.4,32.02,21.57,27.75,24.2,17.36,12.63,19.8,26.16,17.66,18.4,34.74,14.1,10.71,13.28,17.48,34.08,24.96,13.76,21.26,26.74,23.94,27.52,20.99,44.08,21.58,25.52,37.26,20.16,16.09,20.71,13.05,50.08,11.76,29.31,12.88,17.71,48.14,21.28,16.12,44.21,21.93,12.75,57.61,26.61,33.87,31.65,10.43,17.93,31.21,15.1,38.62,24.44,14.48,24.79
2023-07-25,14.5,19.4,20.19,15.87,20.06,35.28,31.5,17.23,26.33,25.12,22.81,21.42,18.82,25.21,25.28,17.6,14.48,9.03,10.26,24.06,16.87,12.51,13.15,25.65,26.34,13.75,25.36,18.6,18.16,19.25,16.42,21.68,19.48,17.56,16.07,24.28,10.74,25.76,,20.92,24.29,27.85,27.66,23.63,20.64,15.42,14.05,31.53,21.45,28.2,23.68,17.63,12.4,19.94,25.53,17.32,17.93,34.26,14.36,11.11,12.95,17.05,33.37,29.91,13.54,20.96,26.25,23.93,26.84,20.47,42.97,21.08,24.92,37.03,19.65,15.68,20.54,12.72,48.86,11.6,28.59,39.4,17.27,47.93,20.86,16.35,43.21,21.45,12.53,56.44,26.06,33.12,30.85,10.8,19.49,34.58,15.2,37.77,25.61,14.13,24.16
2023-07-26,14.12,19.08,20.36,15.87,21.24,34.12,31.81,16.67,26.71,24.64,25.43,21.47,33.96,25.14,25.09,17.76,14.55,8.98,10.2,24.17,18.1,12.26,13.58,25.67,26.22,13.62,24.73,18.85,18.61,18.9,20.1,24.22,19.31,17.21,15.13,25.94,12.74,27.38,,20.48,24.05,31.19,31.25,23.15,19.74,15.26,13.5,31.45,21.46,28.15,23.19,17.58,13.07,20.22,25.28,16.61,17.7,34.15,13.98,11.08,13.48,17.67,30.76,30.65,12.06,20.62,26.71,26.82,28.22,21.12,42.62,20.05,24.89,33.96,20.24,15.43,15.9,12.72,48.9,12.04,27.63,39.42,17.89,47.96,20.08,13.86,43.05,21.25,12.52,51.48,33.46,32.26,31.0,34.83,18.67,35.1,14.39,37.25,26.06,14.09,23.48
2023-07-27,13.66,23.23,20.8,15.66,20.38,34.62,30.62,16.13,27.28,24.11,23.3,23.09,33.65,26.18,23.31,19.48,20.83,9.43,10.26,24.28,17.68,12.13,21.8,24.66,26.47,13.73,24.79,18.66,17.02,19.33,20.53,27.27,19.25,17.8,14.64,21.34,13.87,27.39,,20.57,23.74,31.16,31.23,23.71,18.92,25.71,13.87,30.55,21.32,28.34,23.14,18.48,13.59,20.15,23.56,16.91,15.84,43.22,15.72,11.5,14.5,19.38,32.43,29.82,12.06,21.18,27.07,27.17,32.93,21.69,43.38,19.53,27.52,32.8,20.17,16.47,16.3,13.29,47.46,12.03,26.62,39.47,18.24,47.82,19.85,13.98,43.49,21.48,12.73,51.6,29.99,32.36,31.08,36.67,18.69,35.32,15.1,37.63,27.04,14.09,23.49
2023-07-28,14.2,23.23,20.76,16.32,21.38,36.52,31.12,15.83,27.53,26.35,23.33,23.19,34.09,25.97,22.98,19.74,21.1,9.62,10.07,24.53,17.75,14.07,21.94,24.71,26.26,13.71,24.38,19.86,17.4,19.29,20.11,27.72,19.62,17.33,15.04,21.57,14.1,27.16,,20.61,24.5,31.59,31.77,23.88,16.46,25.74,13.56,36.96,23.18,28.35,23.08,18.1,13.05,20.37,23.35,16.71,15.64,43.61,15.71,11.6,19.01,19.1,34.92,29.8,12.1,21.63,27.0,28.34,32.93,21.67,43.37,19.89,27.59,32.06,19.83,15.89,16.3,16.22,55.9,12.58,26.9,40.91,18.27,47.86,18.89,14.03,43.49,21.44,12.89,52.89,30.03,33.88,30.41,36.63,18.73,34.95,15.16,37.95,26.66,14.07,23.69
2023-07-31,12.25,24.36,21.58,15.11,23.97,37.51,30.94,16.8,28.17,26.23,23.32,24.03,34.87,26.04,24.01,20.27,22.2,9.36,9.49,25.09,18.76,14.24,22.28,25.97,27.15,13.72,24.76,20.01,17.81,22.05,20.31,29.42,23.26,17.5,14.8,21.66,13.68,27.19,,20.79,25.09,32.04,32.23,22.71,16.83,25.04,12.87,38.59,23.35,28.04,28.14,14.98,13.43,20.6,23.32,15.74,15.74,44.77,13.83,10.3,19.63,18.9,36.18,30.73,11.65,20.61,27.47,28.56,27.98,21.01,44.68,19.09,28.12,30.74,19.92,17.2,15.66,15.75,67.29,11.88,28.15,41.13,18.73,48.45,18.14,13.62,44.33,23.77,14.66,53.98,30.11,31.76,31.16,37.66,18.55,35.3,11.58,38.74,23.43,12.63,26.09
2023-08-01,12.07,24.15,21.24,15.41,23.36,36.59,31.62,16.84,27.53,26.18,23.94,23.5,34.15,26.09,24.83,20.21,21.92,9.21,9.25,24.94,33.45,14.0,21.75,25.46,26.65,13.94,24.24,19.89,18.05,21.78,19.91,28.7,22.68,18.15,14.45,21.44,13.47,26.77,,20.35,24.55,31.61,31.79,22.13,16.69,24.41,12.98,37.63,23.12,27.34,27.55,14.96,13.16,20.2,22.74,15.94,15.75,43.75,13.69,10.28,19.15,18.42,35.36,30.34,11.51,20.33,27.03,27.84,27.77,21.12,43.55,18.87,27.66,30.15,19.54,16.82,15.85,15.37,65.61,12.83,27.52,40.14,18.32,47.45,18.56,13.31,43.39,23.32,14.34,53.33,29.53,38.34,30.44,36.83,18.47,36.35,11.67,38.16,23.32,12.46,25.51
2023-08-02,13.0,24.12,21.32,15.8,26.91,38.83,40.22,16.62,27.44,27.83,26.39,23.96,36.07,26.38,25.23,21.75,21.77,9.43,9.37,25.08,33.68,14.56,21.8,27.2,27.66,14.09,25.19,19.91,20.62,22.6,20.2,28.2,24.49,17.85,19.3,21.92,13.48,26.55,,20.31,25.04,33.1,33.33,23.39,17.3,24.27,12.91,40.5,23.87,28.71,27.11,15.79,13.07,20.53,22.15,15.89,16.34,46.67,15.09,9.62,19.49,20.12,36.96,31.01,11.27,20.45,27.82,29.2,31.33,21.09,44.11,19.41,32.56,35.47,19.81,17.01,16.0,15.33,69.37,12.49,28.95,40.8,18.5,47.47,18.58,13.81,43.15,23.54,14.7,48.17,31.76,38.29,30.31,37.04,16.94,36.56,12.13,38.08,23.47,12.28,25.84
2023-08-03,12.93,23.68,21.13,15.46,26.86,37.91,41.19,16.22,28.07,27.24,25.94,23.38,35.23,25.77,25.41,21.59,21.39,11.74,9.38,24.48,34.3,14.88,21.28,26.58,27.21,14.05,25.95,19.71,22.93,22.06,20.65,27.59,24.03,19.3,18.93,21.69,13.28,25.92,,19.82,24.7,32.31,32.53,22.84,16.89,23.87,12.61,39.76,23.42,28.07,26.47,15.45,12.93,20.25,21.94,15.5,16.58,45.64,14.98,9.58,19.04,19.96,36.17,30.97,11.11,20.0,27.19,28.5,30.82,22.11,43.07,19.32,31.82,34.63,19.6,16.77,15.9,14.96,68.16,12.31,41.25,39.83,18.06,46.33,21.46,21.56,42.36,23.38,14.36,47.75,31.0,38.45,29.59,36.21,16.88,36.3,11.96,37.18,23.03,11.98,25.96
2023-08-04,20.98,23.57,21.13,16.49,26.88,37.44,41.61,23.94,27.25,38.4,25.27,23.4,35.17,25.75,34.73,21.58,21.57,11.75,10.24,24.48,34.84,14.9,21.32,25.91,27.64,14.59,25.79,20.07,24.12,21.97,20.54,28.01,24.28,19.24,18.04,21.75,13.56,25.96,,24.23,24.28,31.95,32.3,21.27,17.47,23.83,12.72,37.84,23.22,28.07,26.69,15.17,13.77,17.61,21.64,15.53,17.45,43.72,15.03,10.18,20.09,20.0,35.29,30.12,11.19,20.02,27.14,28.54,28.58,22.07,42.9,18.18,32.18,34.6,19.32,17.31,15.86,15.53,69.23,12.52,41.06,39.83,18.83,46.13,20.86,21.3,42.35,23.39,14.39,47.89,31.11,38.76,29.11,36.0,15.31,36.17,11.77,37.12,23.22,12.16,25.92
2023-08-07,22.02,23.65,21.54,16.91,26.89,39.28,42.66,25.05,27.77,39.03,25.64,23.35,36.9,24.25,38.66,21.0,21.79,10.94,15.74,22.41,34.67,14.17,21.79,26.02,22.9,12.07,25.69,20.37,24.8,20.76,21.12,27.9,24.75,19.14,18.09,21.83,14.46,26.4,,23.73,25.47,32.98,33.4,19.51,14.04,24.33,11.37,37.95,22.93,28.55,27.41,14.71,13.19,18.7,20.82,16.24,16.64,44.58,15.56,11.27,20.0,20.54,36.23,29.29,11.49,18.72,25.15,28.91,28.46,20.82,44.29,17.59,32.44,35.59,20.2,16.92,15.61,13.89,69.47,13.36,42.12,41.24,17.35,46.79,21.12,21.97,43.31,23.5,15.84,48.73,31.73,36.96,29.1,36.59,15.75,35.92,11.95,37.83,23.05,9.63,22.68
2023-08-08,21.67,23.34,23.06,16.56,27.24,38.89,43.07,25.72,27.27,38.72,25.79,22.87,36.08,25.09,38.07,22.05,21.29,10.72,15.36,22.48,33.85,14.13,21.34,25.58,22.4,12.02,26.2,19.88,24.22,20.29,20.68,27.4,24.74,20.83,18.1,21.7,14.98,26.14,,23.47,24.88,32.24,32.65,21.04,13.97,23.86,11.33,37.22,22.92,28.48,26.78,14.71,13.01,18.62,51.06,15.84,16.68,44.01,15.58,11.19,20.01,22.33,35.79,29.0,11.32,18.32,24.8,28.47,29.77,20.35,43.26,17.49,31.69,35.38,19.91,17.2,15.24,13.57,70.95,13.03,41.44,40.56,17.5,45.9,21.1,21.54,42.67,22.97,15.47,47.57,31.24,36.08,28.82,35.89,15.7,35.11,12.17,36.97,23.12,9.4,22.16
2023-08-09,21.6,22.92,22.96,16.92,26.87,39.56,43.84,25.16,27.65,38.35,26.12,22.75,36.14,25.77,37.34,21.38,21.53,10.67,16.62,23.13,33.73,14.09,21.35,26.93,22.33,12.08,27.26,19.78,24.27,20.21,20.96,27.96,24.78,20.76,18.31,22.17,15.09,25.65,,22.97,25.19,30.85,31.53,22.17,11.89,22.55,12.63,37.26,20.63,26.5,26.81,15.77,12.67,18.67,51.05,16.02,12.37,44.35,15.3,10.85,20.07,22.43,36.81,29.06,8.61,17.99,25.2,28.24,29.09,20.4,43.76,17.11,30.68,39.22,20.92,17.07,15.29,13.61,78.14,13.03,41.43,41.3,14.34,45.83,21.09,20.35,42.34,23.78,15.88,48.19,28.9,37.09,29.08,35.86,15.56,35.95,11.95,36.58,23.67,9.07,22.31
2023-08-10,21.6,22.91,22.94,16.93,26.35,38.77,43.34,24.92,27.54,38.21,26.15,21.73,35.42,25.56,37.08,20.34,21.84,10.36,16.63,22.08,33.67,13.91,21.66,25.89,20.84,12.06,23.81,19.4,23.1,19.38,20.53,27.76,29.22,19.91,16.42,20.51,14.79,25.9,,23.0,31.02,30.88,31.57,22.13,11.53,22.46,12.34,37.05,20.68,26.6,26.8,15.14,12.7,18.73,49.64,15.37,12.57,43.95,14.8,10.84,19.06,22.1,36.54,24.39,6.48,17.7,24.56,28.25,29.51,20.32,43.78,16.61,30.77,39.21,20.72,17.07,15.02,13.59,78.12,12.66,41.52,41.35,15.91,45.93,20.9,19.38,42.36,23.79,15.28,48.54,28.94,35.18,29.05,35.83,13.71,34.81,11.51,36.82,23.51,9.04,22.06
2023-08-11,21.25,22.64,22.96,15.92,26.81,41.3,42.76,24.98,27.48,37.99,26.24,22.2,35.56,25.55,37.27,18.65,21.69,9.96,16.59,21.11,33.66,14.05,21.62,25.83,20.82,11.14,21.41,16.78,22.84,20.3,19.62,28.01,30.99,19.43,16.41,20.18,14.86,26.04,,23.01,30.35,30.64,31.39,21.54,11.03,22.97,11.2,36.52,19.08,24.53,26.75,15.16,12.65,17.48,49.64,15.51,12.72,47.87,14.67,10.87,18.98,22.13,34.61,24.41,6.45,18.42,24.42,27.74,30.1,19.51,44.06,16.87,30.81,39.08,20.38,17.0,15.31,13.61,78.06,12.71,41.21,41.51,15.73,46.0,20.41,19.35,42.73,23.67,15.19,48.38,27.88,35.82,27.29,35.89,13.87,34.88,11.25,37.08,23.2,9.14,22.52
2023-08-14,22.02,22.79,23.19,16.53,28.17,41.96,46.06,25.83,27.61,38.26,29.09,22.87,35.56,25.37,37.98,16.91,22.29,9.86,16.49,16.49,34.5,14.97,21.43,25.04,17.04,10.46,22.2,13.94,23.5,17.55,19.84,28.7,30.9,19.97,16.74,20.08,14.82,26.5,,23.55,31.2,28.25,28.52,22.06,10.66,23.3,11.86,37.06,19.96,23.43,27.49,15.42,12.42,17.75,49.66,15.63,13.05,48.95,15.29,11.15,19.7,22.49,35.23,24.91,6.67,18.77,24.96,27.74,36.65,19.83,44.76,17.34,30.33,43.96,21.12,15.14,15.49,14.29,80.03,11.26,39.87,42.38,16.04,47.63,21.11,19.76,41.44,24.37,15.69,48.16,30.03,36.14,14.72,36.75,14.21,35.75,12.18,37.56,23.48,9.53,16.87
2023-08-15,21.68,22.35,22.89,16.75,27.61,41.17,44.97,25.57,27.03,38.13,28.67,23.68,35.64,27.51,37.47,18.88,21.77,9.65,16.73,17.36,35.26,15.38,20.99,25.36,17.81,10.45,22.04,14.31,23.57,20.41,20.13,28.25,30.9,20.1,16.49,19.73,15.54,26.5,,23.02,30.88,27.99,28.24,22.39,10.52,22.81,11.65,37.52,20.54,23.23,26.92,17.67,12.33,17.52,48.53,15.88,13.08,48.21,15.3,10.89,19.76,21.96,34.68,25.51,7.12,18.34,24.87,27.1,39.17,19.98,43.76,17.26,29.82,42.95,21.34,15.26,16.46,14.24,78.41,11.61,39.35,41.38,15.99,46.8,21.11,19.52,40.52,24.12,15.47,47.54,29.55,35.76,14.87,36.68,14.34,36.6,12.65,36.76,24.3,9.59,19.47
2023-08-16,20.45,22.04,22.77,16.04,27.32,40.73,45.86,25.77,27.3,38.62,27.19,23.13,35.8,28.41,36.58,18.87,22.22,9.54,16.54,17.1,35.56,14.95,22.03,25.11,17.91,9.78,22.08,14.52,23.76,20.47,20.7,28.13,28.57,19.63,16.12,19.31,15.49,26.43,,24.2,29.85,28.13,28.32,22.64,10.44,22.29,12.28,37.7,20.08,23.85,26.86,15.62,12.33,17.26,48.4,15.21,13.25,47.12,15.3,11.31,19.75,22.22,35.57,25.46,7.32,17.3,24.78,27.05,39.2,20.07,43.55,17.05,29.24,42.24,22.01,14.65,15.92,14.52,75.35,11.66,39.27,41.31,16.23,46.93,20.59,20.37,32.58,24.25,14.93,45.95,29.16,35.33,15.0,36.65,14.43,37.11,12.58,24.66,22.56,9.6,20.66
2023-08-17,20.72,22.46,22.83,15.7,26.41,40.71,46.42,25.33,27.42,38.68,27.19,22.17,36.97,23.88,37.86,17.83,23.27,9.36,16.58,15.64,34.76,14.98,22.09,23.4,17.53,12.3,22.36,17.83,37.1,21.09,18.98,27.93,28.58,19.34,16.2,16.93,14.83,27.67,,24.85,29.46,28.08,28.27,20.01,12.41,22.05,12.14,38.8,20.82,24.83,26.89,15.91,12.28,17.16,49.13,11.52,14.02,47.1,15.01,11.91,20.05,22.23,36.81,25.3,7.26,17.28,11.25,22.57,39.33,20.0,39.39,17.2,29.05,41.3,21.17,15.33,18.34,14.81,78.6,11.66,39.3,41.53,18.15,22.2,19.98,20.67,32.6,24.61,15.58,45.64,29.13,32.13,12.31,36.5,13.76,35.22,12.07,23.43,21.49,12.58,21.23
2023-08-18,20.47,22.45,23.07,15.56,26.33,42.23,46.62,25.61,26.51,38.16,27.19,22.19,36.54,21.59,37.81,16.97,23.28,9.64,16.27,14.75,34.84,14.97,22.59,22.32,17.5,12.34,19.18,16.41,35.43,21.12,25.62,27.78,28.24,19.23,16.16,17.04,15.04,27.52,,24.67,29.64,28.61,28.67,19.73,12.16,22.16,12.17,38.88,20.44,24.82,27.17,15.86,10.82,14.9,49.2,11.46,14.1,46.38,15.01,11.87,19.25,22.22,36.34,25.25,8.1,17.28,10.02,22.49,39.33,20.14,39.32,17.16,28.6,41.28,21.12,14.81,18.3,14.69,79.14,12.23,38.85,41.74,17.89,22.14,19.27,20.39,16.45,23.53,15.46,45.61,29.25,32.79,12.45,36.46,13.39,27.48,12.09,15.32,20.65,13.42,21.56
2023-08-21,21.33,20.38,15.28,14.98,27.46,40.17,45.16,26.47,26.15,36.45,32.36,18.94,36.5,21.48,38.72,17.1,20.97,9.67,16.18,15.06,35.2,14.61,22.65,21.38,16.65,12.45,20.15,16.83,35.68,20.95,26.15,23.43,28.45,18.54,16.59,16.48,14.95,27.73,,24.45,30.28,27.39,27.89,16.46,12.97,21.74,10.54,37.92,20.16,24.29,21.82,15.44,10.39,13.67,49.98,11.21,13.57,45.75,15.42,11.37,19.36,17.83,34.42,25.78,7.66,14.57,9.26,23.17,39.97,14.29,27.2,16.18,27.69,49.07,19.2,13.43,17.84,13.9,78.85,12.34,36.61,42.08,16.62,18.46,15.78,22.11,16.51,17.94,14.12,43.75,28.0,32.92,12.61,37.29,13.88,27.4,12.27,15.19,18.12,12.12,22.19
2023-08-22,21.2,20.52,15.96,14.94,26.81,39.36,44.74,26.49,25.62,35.61,31.73,18.71,35.75,22.05,37.82,16.73,20.47,10.07,15.89,16.25,34.6,14.27,22.33,24.06,16.68,12.42,19.79,16.44,34.86,20.68,25.71,22.87,27.76,18.1,16.44,16.14,14.6,27.09,,24.03,29.57,26.75,27.23,16.19,12.66,21.22,10.58,37.07,19.67,23.91,21.43,16.41,10.26,13.34,48.78,11.0,18.93,44.71,15.61,11.16,18.98,20.09,33.68,25.22,7.6,16.04,9.7,22.67,39.09,14.56,26.97,16.22,27.5,49.01,18.74,13.18,17.48,13.57,77.18,12.05,35.77,41.08,16.22,23.72,15.49,21.93,16.75,17.68,13.79,42.95,27.33,32.14,12.76,36.51,13.65,27.87,12.07,15.03,18.96,11.88,21.84
2023-08-23,22.75,20.68,15.84,16.53,27.69,39.18,46.48,26.55,23.25,35.5,32.86,18.35,35.49,20.16,37.61,18.25,20.46,10.37,15.84,15.1,34.68,14.14,22.27,23.95,15.9,11.84,20.37,16.45,34.35,19.56,26.83,23.82,27.69,18.43,16.21,16.21,14.31,27.59,,20.8,29.53,27.73,28.06,14.86,11.8,21.34,11.31,38.6,21.41,21.72,21.47,14.85,10.39,13.37,48.63,10.96,19.1,44.34,14.53,11.48,20.07,20.1,34.49,25.63,8.43,20.0,9.41,23.28,40.32,15.02,29.56,18.1,27.75,50.02,19.1,14.22,17.51,13.91,78.8,12.12,36.49,41.15,16.34,26.33,15.48,21.94,16.04,20.71,14.14,41.35,28.18,32.86,12.69,36.51,14.4,26.98,12.13,14.97,18.45,11.95,21.6
2023-08-24,23.95,20.3,15.71,15.88,30.18,41.38,51.71,26.61,22.34,36.91,33.1,18.47,39.68,20.29,38.32,18.01,19.99,10.46,15.67,15.09,34.97,13.92,22.4,23.2,15.61,12.55,20.81,17.09,34.44,19.66,26.79,23.7,30.58,18.27,16.66,16.32,14.45,19.05,,20.95,28.18,28.97,29.17,14.69,12.37,21.28,11.23,40.83,20.81,19.75,21.29,14.78,10.38,11.91,48.85,10.89,19.88,45.62,14.52,11.19,20.19,22.29,35.42,17.49,8.96,20.46,9.58,23.12,41.04,15.04,33.96,18.25,29.63,49.45,23.95,14.1,17.65,13.97,82.59,12.09,36.75,19.52,16.26,26.05,15.48,21.98,15.81,21.05,15.35,42.02,28.58,32.97,12.51,36.44,13.61,24.37,12.46,14.85,17.58,12.22,21.79
2023-08-25,24.45,20.3,15.22,16.64,30.52,41.46,51.23,26.62,21.34,36.92,31.97,18.25,28.62,19.74,38.32,18.26,20.55,10.34,15.61,14.65,34.7,14.23,22.07,23.2,16.33,12.69,22.27,16.97,34.98,19.71,25.88,20.33,30.84,18.43,17.63,11.65,12.5,18.18,,21.1,27.77,22.44,22.18,14.12,11.35,21.63,11.77,41.39,24.87,25.48,21.95,14.46,9.35,12.3,48.48,10.89,19.88,45.44,15.19,11.64,20.35,22.06,35.03,14.43,9.29,20.49,9.5,20.07,39.92,15.63,34.75,18.57,31.0,50.2,24.93,15.05,17.73,14.16,83.4,12.07,37.55,19.36,16.35,25.03,15.74,21.85,15.55,21.07,15.2,44.47,22.86,33.23,12.51,11.94,14.55,22.59,12.91,14.78,15.23,12.33,22.41
2023-08-28,24.68,11.34,15.57,16.58,29.8,36.14,51.84,27.29,19.66,36.37,32.91,16.41,28.82,20.58,38.85,17.19,14.2,9.97,15.99,14.36,35.54,12.77,12.58,23.7,16.64,12.95,23.27,15.8,35.62,19.88,27.02,17.11,31.59,18.25,17.18,10.28,11.32,19.36,,21.35,26.76,21.57,21.24,16.45,12.0,10.99,11.35,35.43,23.3,25.96,22.49,14.4,9.25,11.59,49.72,10.7,20.23,32.57,14.09,10.95,14.8,21.87,28.04,23.99,9.95,20.18,11.6,17.36,36.94,15.58,33.03,18.57,29.43,51.3,25.48,14.26,17.28,9.65,76.96,11.65,36.31,17.64,17.64,26.46,16.09,22.03,13.74,20.1,16.07,41.39,22.74,31.44,12.86,9.08,13.31,22.66,12.42,11.99,16.21,12.64,22.51
2023-08-29,25.58,11.09,16.01,16.36,29.84,36.98,52.06,26.76,20.5,35.76,34.23,16.27,28.15,21.1,38.15,18.29,15.31,10.17,15.78,14.98,35.12,12.47,13.48,24.56,16.24,13.55,22.75,15.45,34.78,19.41,27.94,16.99,30.85,17.87,16.78,10.65,11.09,19.33,,21.44,26.73,23.1,22.7,17.96,12.33,11.27,11.09,35.55,25.3,27.68,21.96,14.54,9.03,12.16,48.62,10.88,20.77,33.47,14.06,10.7,14.45,21.74,29.4,24.07,10.02,19.91,12.8,17.84,37.02,15.23,33.7,20.06,29.39,51.92,27.08,14.08,16.88,9.43,77.8,11.53,36.48,17.26,18.93,26.14,15.99,22.72,18.92,20.75,16.33,48.49,22.72,32.42,12.63,8.92,14.93,22.86,12.21,16.44,16.0,12.67,21.99
2023-08-30,26.56,10.94,15.96,16.36,27.9,37.04,51.88,26.61,20.38,35.58,34.25,14.27,28.31,20.94,37.78,18.56,15.0,10.33,15.85,14.53,34.78,12.21,13.62,23.18,15.68,13.51,23.49,15.36,34.72,16.49,29.08,15.42,28.63,17.84,16.97,11.53,11.12,19.58,,21.32,26.29,23.34,22.91,17.59,12.56,11.26,11.02,34.44,25.35,29.23,17.31,14.18,8.64,12.03,48.71,11.08,21.7,33.51,14.1,10.77,14.04,21.82,28.83,24.25,10.38,19.9,12.76,17.72,37.86,14.9,32.22,19.03,28.82,51.98,26.92,13.36,17.04,9.45,70.54,11.77,35.41,17.68,18.89,26.27,16.0,22.69,18.91,19.14,14.66,48.46,22.47,32.23,12.33,9.08,15.03,22.72,12.02,16.45,16.1,12.88,20.1
2023-08-31,26.57,11.12,16.39,15.65,29.15,37.2,50.73,26.46,20.26,35.82,35.26,14.54,29.06,20.77,37.21,18.69,15.1,10.53,15.89,14.4,19.13,12.05,13.99,23.22,15.65,14.03,25.78,15.23,35.36,16.38,28.86,15.42,28.63,17.57,17.03,11.87,10.88,19.32,,21.91,26.63,23.04,22.63,17.34,12.43,11.26,10.74,35.03,25.16,29.85,17.46,14.53,9.22,11.91,48.54,10.49,21.54,34.54,14.1,10.67,13.98,21.93,28.35,25.37,10.47,19.76,12.71,17.72,39.01,14.3,32.22,18.93,28.5,51.92,26.99,13.69,17.23,9.49,74.93,10.98,35.87,17.72,19.79,26.35,15.85,22.41,18.07,19.09,14.87,47.84,22.41,26.0,15.88,9.57,15.46,21.63,11.83,15.1,16.0,13.02,19.91
2023-09-01,26.32,11.34,15.61,15.68,26.31,35.07,46.31,26.13,20.25,34.34,38.82,14.34,27.62,21.06,36.92,17.79,15.19,10.47,15.92,14.47,20.17,11.04,16.02,22.42,16.7,14.24,25.12,15.18,33.02,16.62,29.71,15.05,27.94,17.7,12.08,11.44,10.8,18.9,,21.92,26.27,21.13,20.8,16.51,12.11,11.29,10.83,34.81,23.97,28.0,17.34,14.39,9.39,11.17,48.51,10.27,21.32,31.18,12.34,10.6,14.49,20.73,27.25,24.9,9.49,19.86,11.97,15.26,36.81,14.37,31.77,18.73,23.1,49.12,26.07,13.88,17.47,9.46,74.09,11.0,35.72,14.64,19.64,27.9,15.94,22.99,18.43,18.48,14.64,50.19,19.91,25.96,15.87,9.56,15.3,22.33,11.56,15.1,16.23,13.27,20.12
2023-09-05,20.14,12.24,16.8,14.86,26.37,35.46,45.2,20.91,18.87,21.77,39.67,14.69,28.3,21.45,26.83,18.57,16.68,7.94,15.77,14.69,18.97,10.83,18.65,22.88,16.07,13.72,24.78,15.41,32.64,17.38,30.21,16.31,28.22,16.72,12.81,12.8,11.75,19.73,,18.18,26.73,21.62,21.22,16.8,13.13,11.63,11.04,35.31,24.41,28.63,17.48,14.67,8.58,12.7,49.09,10.64,20.76,31.71,13.06,9.82,13.83,22.32,28.34,24.15,9.21,21.71,12.62,16.36,37.25,11.91,33.2,19.51,22.7,50.34,27.42,13.7,18.0,9.99,75.74,11.14,20.61,15.51,19.74,28.24,11.9,17.49,17.95,21.03,14.83,52.98,19.14,24.92,16.76,12.53,17.12,20.33,12.65,15.45,16.01,13.76,20.06
2023-09-06,23.29,10.37,16.74,14.39,26.52,33.86,45.19,17.65,19.26,21.0,39.14,14.6,26.63,19.93,17.54,18.52,17.61,7.88,9.89,14.56,17.9,10.19,18.25,21.51,16.04,13.11,25.08,15.49,31.95,17.38,29.49,17.19,28.03,17.09,11.71,12.7,13.23,18.99,,15.56,26.05,20.31,19.8,16.43,12.95,11.76,10.23,35.36,24.07,28.63,15.45,14.39,7.89,10.95,49.15,19.69,20.84,30.88,12.38,8.82,13.67,22.23,27.36,24.19,10.17,21.74,12.62,16.23,37.14,11.91,32.56,18.29,22.69,51.54,27.15,12.8,19.44,9.09,75.89,10.81,20.45,16.35,19.4,28.09,11.84,17.14,18.13,21.14,15.59,53.26,19.44,25.39,15.54,12.76,16.76,20.07,12.23,15.48,15.99,13.21,20.06
2023-09-07,25.55,13.19,14.55,14.39,25.58,35.4,44.76,15.8,21.24,21.52,39.24,14.65,26.64,19.32,17.88,16.92,17.63,8.41,9.82,14.64,17.92,12.16,18.26,21.74,16.67,13.15,23.75,15.86,31.95,17.35,29.53,16.73,27.24,16.02,11.49,11.36,12.8,18.86,,15.51,26.05,20.36,19.86,15.47,13.12,11.27,10.32,36.65,23.6,30.31,16.45,14.48,8.1,10.94,16.63,19.84,21.05,32.09,11.69,9.75,13.53,20.1,27.13,23.89,10.25,22.21,12.54,15.93,36.08,12.4,32.57,19.34,22.56,51.58,26.87,12.91,19.44,9.82,73.98,10.81,32.47,16.43,19.33,28.1,12.03,17.23,17.76,21.08,17.66,53.21,20.14,25.48,16.76,13.0,16.77,20.08,11.68,16.15,16.1,13.83,20.26
2023-09-08,25.39,12.88,14.58,14.05,24.9,34.73,44.06,17.18,20.81,20.91,36.99,14.38,27.29,19.55,18.47,16.73,18.13,8.4,8.1,14.07,17.83,12.12,18.31,20.82,16.7,13.04,21.24,15.89,31.75,17.35,30.47,18.55,27.82,17.09,11.48,11.06,12.43,18.39,,18.88,26.44,19.75,19.24,15.5,13.12,10.84,9.13,35.63,23.43,30.29,16.59,14.12,7.98,10.69,17.75,19.58,21.31,31.96,11.7,9.82,13.24,19.8,25.95,23.81,10.63,22.41,13.27,15.81,35.63,12.81,31.56,19.27,22.37,48.69,25.64,12.91,19.26,9.89,63.26,11.0,32.43,15.25,19.29,30.15,12.66,17.25,18.48,22.18,17.28,52.23,20.09,24.68,16.67,13.24,16.78,20.86,11.68,16.68,16.63,13.83,20.08
2023-09-11,26.15,12.92,16.17,14.04,24.6,32.12,44.48,17.5,21.33,24.66,37.27,14.12,27.86,19.36,19.34,17.18,18.15,8.52,8.38,14.07,18.17,12.68,18.09,21.32,17.73,14.23,21.62,16.13,36.46,18.23,31.28,19.0,20.05,17.42,12.28,11.46,12.57,19.79,,20.19,17.76,20.22,19.69,15.77,13.28,10.89,9.29,36.66,23.71,31.51,17.37,14.36,8.91,10.89,17.51,19.6,21.49,27.1,11.44,9.98,16.05,21.37,28.65,24.86,11.06,22.15,14.57,16.25,34.96,12.93,31.43,19.78,22.99,47.81,26.16,14.48,19.45,10.79,66.6,11.71,36.37,31.85,17.7,31.2,12.97,17.71,18.33,22.75,18.93,62.99,20.59,26.11,16.51,13.29,16.65,21.51,11.96,17.22,17.44,14.1,20.72
2023-09-12,26.21,12.62,15.77,18.73,28.7,32.2,43.35,17.17,20.84,24.58,36.91,13.95,27.19,20.26,18.87,16.75,17.97,8.36,8.36,17.46,17.71,13.78,17.63,21.42,18.66,13.87,22.2,16.16,37.0,18.85,30.64,18.65,20.48,17.04,12.06,11.79,12.52,19.43,,19.69,19.75,20.39,19.82,17.02,13.13,12.17,10.6,35.74,23.41,30.72,17.19,15.09,9.11,10.74,17.07,19.13,21.13,26.88,11.23,9.86,15.67,20.87,28.8,24.44,11.16,21.62,16.93,17.45,34.07,12.66,32.03,19.28,25.12,46.78,58.09,14.15,19.23,12.05,65.1,11.41,35.62,31.32,17.51,30.85,12.89,17.45,17.94,22.24,18.46,62.19,20.66,27.08,16.15,13.88,18.02,22.84,11.66,16.8,20.23,13.74,22.3
2023-09-13,26.25,13.46,15.52,18.57,28.14,31.39,41.64,17.55,21.14,25.53,35.66,13.9,27.02,20.04,19.52,16.68,18.04,8.55,8.37,18.49,19.09,13.17,17.06,21.3,18.87,13.86,22.31,16.22,36.97,18.91,30.47,19.46,20.48,17.82,14.79,11.69,13.26,19.65,,19.91,19.77,20.26,19.6,17.36,13.08,12.75,10.02,35.29,23.36,30.74,17.28,15.04,9.21,11.08,16.4,19.42,21.1,25.8,10.99,9.99,15.45,20.94,28.58,32.02,11.06,21.46,18.35,17.68,27.73,13.07,36.76,19.32,24.69,40.79,58.0,14.48,19.19,12.17,64.71,11.82,35.9,31.39,17.79,30.02,13.17,17.54,18.06,22.22,18.54,61.97,18.51,25.95,15.89,13.89,18.64,27.87,11.04,16.83,20.31,13.4,22.66
2023-09-14,26.22,14.63,15.14,18.02,27.99,30.99,41.72,17.61,22.82,24.24,36.06,12.52,26.77,17.42,21.46,13.21,17.99,8.55,7.11,18.44,18.9,12.82,17.82,21.8,18.64,14.06,21.44,15.63,36.76,15.31,31.65,19.37,20.13,17.62,14.93,13.82,12.76,19.97,,20.32,18.01,19.81,19.13,18.85,13.5,12.68,10.09,33.67,22.24,30.71,17.28,14.38,9.67,11.41,16.95,19.54,20.98,25.1,10.57,10.74,15.86,21.14,29.07,31.28,10.34,21.79,19.0,17.51,22.36,11.95,37.87,20.01,24.23,40.78,58.05,14.16,18.3,12.63,64.39,11.52,35.34,31.42,17.63,30.5,13.34,18.99,20.19,22.41,18.7,60.77,18.42,24.83,16.17,14.42,20.04,27.35,13.71,16.55,19.88,13.22,20.8
2023-09-15,26.2,15.01,15.36,18.69,32.06,34.6,43.11,17.68,17.42,25.76,36.82,12.91,26.71,16.24,21.84,14.3,17.64,8.5,7.38,18.18,19.04,12.85,17.73,22.35,18.63,15.06,22.41,15.52,37.06,15.34,31.14,19.22,20.56,17.72,14.87,14.26,13.4,19.95,,20.48,17.33,19.56,18.92,18.62,16.03,12.4,10.16,31.62,23.4,31.05,17.76,14.34,10.01,11.44,20.06,19.47,27.02,30.63,10.54,12.97,15.93,20.45,30.67,31.61,11.14,21.91,19.22,19.96,23.77,12.52,37.45,20.04,24.21,42.84,57.79,14.43,18.23,12.46,65.4,11.42,35.09,31.6,17.56,31.64,13.31,17.89,20.27,22.19,18.97,59.24,19.13,25.43,16.35,14.75,19.64,27.37,13.7,16.8,19.39,13.35,20.62
2023-09-18,26.99,15.43,15.33,18.88,32.68,33.31,43.33,18.2,17.54,26.08,37.66,16.21,26.24,16.56,19.06,14.55,16.34,8.32,7.44,18.49,19.51,13.22,18.01,23.78,18.39,13.58,22.08,11.13,21.75,14.79,24.73,19.73,21.14,18.2,15.31,15.69,13.15,18.49,,19.63,19.01,18.26,17.45,18.5,15.93,12.76,10.7,29.8,22.7,29.27,17.85,14.23,10.23,11.48,19.18,20.38,27.12,32.19,10.5,12.6,15.86,21.43,28.84,32.23,11.2,22.48,19.15,20.0,23.78,12.98,36.96,20.29,24.27,43.93,59.25,13.68,14.89,12.52,58.43,11.62,36.03,31.71,15.71,32.3,13.74,18.55,21.0,22.56,18.94,60.44,19.54,27.11,14.98,14.97,20.27,28.2,14.56,17.29,20.16,9.95,20.05
2023-09-19,26.36,15.11,14.96,18.42,32.27,33.04,42.28,17.8,17.68,26.29,36.72,15.81,25.59,16.19,19.4,14.66,15.98,8.12,7.3,18.03,19.12,13.19,17.57,23.33,18.54,13.24,21.53,11.04,21.85,14.43,26.49,19.32,24.15,18.38,15.31,15.4,13.02,18.11,,19.14,19.54,17.88,17.11,18.21,15.72,12.47,10.84,34.15,22.79,28.55,17.4,13.88,9.97,11.28,18.75,20.09,26.43,31.83,11.02,12.3,15.57,20.91,28.17,31.55,11.29,21.95,18.73,19.53,23.19,13.14,36.08,19.84,24.15,42.98,57.8,13.53,15.38,12.26,57.54,11.35,35.78,30.96,16.18,31.48,13.43,18.08,20.52,22.04,18.78,58.94,19.08,27.41,15.01,14.66,19.76,27.49,14.34,16.92,19.75,9.72,19.66
2023-09-20,27.26,15.11,14.94,18.13,31.67,29.01,41.2,19.87,17.42,26.83,33.28,16.36,25.51,16.21,20.07,15.04,16.08,8.17,8.38,18.25,19.12,13.03,17.63,23.51,19.62,13.16,21.09,11.01,22.21,14.42,25.99,19.26,24.39,17.11,15.35,15.16,13.71,18.71,,19.14,21.18,21.53,20.99,18.86,15.86,12.69,12.93,38.38,23.35,30.18,14.33,13.89,9.88,15.28,19.11,20.12,26.61,30.42,11.53,12.18,15.43,21.52,28.14,31.72,11.14,21.89,19.44,20.69,24.17,12.57,36.82,19.19,22.91,32.55,57.8,13.31,14.8,12.12,58.43,11.37,36.06,30.95,15.98,32.03,13.31,15.66,21.48,22.11,18.72,55.19,18.83,28.73,17.35,14.89,19.25,27.5,14.51,16.89,19.99,9.61,19.3
2023-09-21,27.26,14.27,14.58,18.88,35.02,29.18,42.88,19.55,23.85,31.08,34.31,16.82,24.73,15.04,20.25,16.7,16.29,9.05,9.06,16.61,20.71,13.21,17.57,19.81,20.39,14.02,22.07,17.62,22.21,14.49,28.79,20.46,24.42,17.65,16.05,21.89,14.88,19.63,,19.23,21.52,23.32,22.91,19.88,16.31,13.89,14.26,38.24,27.28,31.61,14.31,12.07,10.95,16.4,22.8,21.14,23.69,30.62,12.83,14.27,15.92,19.42,28.43,32.08,11.24,20.54,20.97,20.71,25.98,12.6,36.45,20.45,26.15,32.67,58.68,14.39,16.14,12.53,60.99,13.27,36.09,31.49,17.57,27.05,15.16,16.07,22.43,22.0,19.57,56.32,19.04,32.58,18.04,14.91,19.49,27.82,16.35,17.13,18.68,10.66,20.01
2023-09-22,26.1,14.03,14.65,18.02,34.1,29.34,40.48,19.74,23.98,30.81,34.44,17.06,24.78,15.85,20.29,15.88,16.26,8.62,9.15,17.98,20.43,13.69,17.82,19.26,20.34,14.08,22.0,17.3,22.26,14.58,28.15,19.1,25.05,17.52,16.08,21.85,15.77,19.53,,18.96,20.38,21.28,21.08,19.84,16.09,14.21,13.72,36.98,25.91,31.73,14.19,12.29,10.83,16.38,22.8,21.07,23.45,30.41,12.59,14.17,14.62,19.42,27.6,31.81,12.04,15.48,22.02,20.17,24.78,13.13,33.83,18.83,26.01,30.77,58.46,13.54,16.14,12.13,59.01,13.8,35.63,31.03,17.52,25.56,15.42,15.96,22.82,17.75,19.51,58.49,17.89,31.99,18.1,15.03,18.81,27.31,16.2,17.13,20.87,10.49,19.56
2023-09-25,24.84,14.73,14.38,17.68,31.41,26.84,33.74,20.24,24.52,30.54,34.34,17.15,15.87,16.02,19.29,16.0,15.9,10.47,9.37,18.42,19.93,13.77,18.41,19.71,20.61,13.03,20.5,16.86,23.36,14.98,28.1,20.11,21.17,17.78,14.98,23.32,16.27,18.33,,19.01,20.35,20.59,20.56,20.1,16.29,14.31,13.49,33.92,22.04,29.01,13.32,12.75,11.25,16.81,22.85,21.63,23.78,29.12,11.61,14.28,14.65,15.61,26.44,33.31,12.04,14.61,22.6,18.94,23.67,12.41,29.78,18.19,22.32,31.52,57.16,13.02,16.55,12.23,52.77,14.35,36.2,32.27,18.02,26.16,15.49,16.0,23.42,17.8,18.02,57.62,15.48,32.3,18.63,14.94,18.5,27.77,15.46,17.49,21.48,10.16,19.18
2023-09-26,25.48,14.58,14.39,18.58,30.77,26.72,33.16,19.84,24.36,32.89,34.23,17.25,15.86,16.4,19.33,16.5,15.75,11.28,9.46,19.17,20.38,13.43,18.54,19.34,20.36,13.41,20.94,16.99,23.9,14.88,27.69,20.62,20.95,19.41,17.16,23.85,15.93,18.71,,18.86,21.61,21.39,21.21,20.47,16.3,15.96,15.33,33.47,21.71,28.4,13.14,12.92,11.15,17.06,22.32,21.18,23.86,29.29,12.89,14.03,15.03,15.76,25.95,32.57,11.81,14.27,22.31,19.3,23.51,16.42,29.26,17.73,23.62,30.74,56.59,13.1,16.73,12.24,51.79,14.78,35.36,31.69,17.71,26.29,18.91,18.44,22.92,17.42,17.57,56.36,16.11,31.93,18.61,15.38,18.45,27.52,15.84,17.13,22.35,10.06,18.71
2023-09-27,25.29,14.76,14.0,18.96,30.57,26.72,34.19,19.85,24.79,32.9,33.94,17.12,13.77,16.05,19.25,16.38,15.95,11.18,9.61,19.3,20.61,14.07,18.31,19.7,22.41,14.68,20.49,17.02,25.37,15.91,27.75,18.61,20.54,19.71,17.74,23.88,16.37,17.84,,18.83,21.54,21.89,21.69,19.61,15.69,15.69,15.21,34.16,22.07,27.96,13.16,13.05,11.25,17.08,22.31,21.09,23.9,29.53,12.12,14.71,15.25,15.73,25.49,26.13,11.48,14.48,21.75,19.3,22.17,33.48,29.06,17.21,23.42,30.37,56.44,13.96,16.78,12.87,56.26,14.51,35.12,31.41,16.61,25.53,19.49,18.42,23.29,17.04,17.28,56.63,15.91,32.6,18.67,15.47,18.6,27.02,15.6,17.99,21.67,10.16,21.13
2023-09-28,23.78,15.0,16.89,23.86,29.58,25.58,36.39,19.61,24.53,32.41,32.38,16.89,14.91,15.64,18.83,14.86,14.02,10.65,9.25,20.1,20.0,14.19,17.23,19.31,22.49,14.45,20.52,17.57,25.34,15.95,26.35,18.09,20.54,20.42,17.63,24.17,16.49,17.94,,17.96,23.03,20.02,20.02,18.6,15.22,15.42,15.54,33.91,18.55,26.48,13.14,13.48,11.22,16.47,22.55,21.3,22.96,28.89,12.08,15.14,15.26,15.56,24.86,25.24,11.46,14.0,21.25,18.48,26.5,36.64,26.5,14.63,22.89,26.55,55.29,13.8,16.83,12.94,57.4,18.18,35.03,31.43,14.06,25.37,19.93,17.52,19.4,15.74,16.9,50.78,15.35,32.15,19.06,16.12,19.07,27.06,15.87,12.98,21.64,9.91,21.44
2023-09-29,22.47,16.85,16.99,25.3,29.66,25.39,36.29,19.66,25.15,32.66,32.32,16.91,14.85,15.69,18.81,14.55,13.96,10.88,10.89,19.9,20.08,13.99,17.2,19.2,24.11,14.72,19.63,17.4,25.3,16.74,25.38,18.2,21.09,20.44,17.65,23.93,16.47,18.49,,17.94,23.1,19.79,19.94,18.64,14.38,15.92,15.66,34.01,18.21,24.62,13.25,14.7,11.4,16.45,22.72,20.79,21.72,28.81,12.07,15.12,15.24,15.5,25.03,25.4,11.09,14.4,21.3,18.7,29.63,36.86,26.0,28.44,22.36,26.52,55.2,13.77,21.51,12.88,53.75,18.09,35.01,30.66,14.12,25.41,19.92,17.64,19.36,15.73,16.86,51.14,15.26,30.91,19.58,15.91,19.11,28.19,15.77,12.97,21.34,11.22,22.4
2023-10-02,23.54,16.8,17.18,25.44,29.77,25.32,34.73,20.37,26.13,33.18,23.5,16.3,14.99,17.22,19.1,13.79,13.57,10.72,10.92,20.9,19.26,14.34,16.05,19.95,24.15,14.37,16.39,17.59,23.9,16.59,24.59,54.83,19.95,23.27,18.09,24.17,17.27,19.61,,18.01,24.1,22.34,22.52,19.85,13.93,16.69,15.79,30.89,18.47,25.01,12.91,14.68,11.39,16.72,22.77,21.27,21.61,28.07,11.93,16.79,14.22,15.36,26.74,26.17,11.74,13.92,22.07,20.52,28.55,48.45,26.0,28.92,22.83,29.46,56.71,13.05,23.09,13.03,45.02,18.86,35.49,31.11,13.06,25.03,22.56,20.25,21.36,16.96,16.94,48.95,15.15,31.2,17.13,16.0,19.14,29.06,15.77,13.71,24.04,10.82,22.95
2023-10-03,22.98,16.49,16.81,24.82,30.14,25.24,35.26,21.26,26.14,34.43,24.19,18.41,15.44,19.04,20.81,15.69,13.48,10.94,11.5,20.99,18.96,14.0,16.56,20.4,23.64,14.77,16.8,17.18,23.52,16.18,23.98,53.89,21.5,22.75,17.81,24.54,17.12,19.27,,17.89,26.06,22.26,22.37,23.45,15.47,16.42,15.39,30.23,18.96,25.47,12.62,14.47,11.44,16.63,23.57,20.81,22.33,27.86,12.11,16.63,14.53,15.7,27.06,25.64,11.87,13.65,23.45,21.86,27.83,47.97,25.35,28.38,23.57,29.96,55.5,12.94,22.51,12.83,49.47,18.78,34.66,30.33,13.7,27.53,23.55,19.94,20.98,17.18,18.08,48.3,15.55,31.57,17.39,15.97,18.73,29.06,15.57,13.95,24.58,10.74,22.37
2023-10-04,22.78,16.11,16.42,24.65,30.82,25.98,37.4,21.44,25.54,34.48,24.07,18.7,15.12,18.71,20.81,17.17,13.25,11.21,11.33,20.48,18.92,13.71,16.18,19.9,25.99,14.81,17.17,16.77,23.06,17.81,24.07,52.74,20.99,22.28,17.38,23.95,16.8,19.3,,18.92,25.56,23.1,23.08,23.2,15.33,16.34,15.22,29.63,20.11,25.14,12.35,14.26,11.36,17.26,23.53,20.31,21.84,28.88,12.27,16.57,15.3,15.32,26.87,25.02,12.62,13.55,23.7,22.36,27.23,47.94,24.88,27.98,23.77,29.81,55.18,13.02,22.54,12.69,51.76,18.91,33.83,29.62,15.44,27.08,23.31,20.07,20.71,17.16,18.12,50.97,15.42,31.09,16.97,15.63,18.33,28.4,15.95,14.0,24.29,11.32,25.53
2023-10-05,23.02,15.33,15.65,24.67,30.73,26.01,37.16,21.04,25.87,34.51,24.08,18.96,15.17,18.84,20.63,17.11,11.82,11.21,11.47,20.48,18.91,14.76,14.15,19.44,25.85,14.96,16.96,16.66,23.22,17.29,23.98,52.82,21.97,21.87,17.43,23.23,16.33,18.99,,17.7,26.44,23.11,23.08,23.18,14.94,16.27,15.28,29.6,20.06,25.07,12.96,13.91,19.39,17.86,24.54,20.37,21.99,28.92,12.09,16.89,23.75,13.43,26.59,24.98,13.05,13.04,23.61,21.65,27.71,48.07,23.02,27.32,23.26,30.45,54.49,21.85,22.52,12.85,51.77,18.71,33.55,29.57,16.1,26.99,22.92,20.09,20.67,15.2,18.15,48.68,16.19,31.01,17.04,13.98,16.87,29.67,16.26,14.07,24.6,11.72,26.58
2023-10-06,20.67,15.35,15.68,24.91,31.76,26.31,39.88,19.67,25.99,34.93,25.87,19.69,15.16,18.82,21.03,17.93,11.05,11.16,11.49,21.44,20.35,14.76,14.34,20.58,26.68,16.89,18.94,17.01,23.17,17.57,24.28,52.87,23.67,22.4,18.1,23.29,15.02,21.02,,17.13,27.36,23.81,23.65,23.23,15.25,18.51,15.4,29.63,23.34,26.12,11.75,14.87,20.43,18.17,28.75,13.78,22.04,29.06,12.55,17.07,25.01,13.12,28.87,25.48,12.41,12.78,24.3,23.42,28.2,49.05,25.46,27.83,25.11,30.21,54.87,21.78,20.69,12.95,54.22,18.41,33.45,29.8,16.08,26.83,23.04,19.76,20.65,15.13,17.0,48.23,16.94,32.06,17.08,14.09,16.92,29.65,16.44,14.23,24.67,12.64,26.77
2023-10-09,18.71,13.8,15.86,25.28,32.64,24.83,39.89,18.6,25.37,34.98,26.21,19.96,15.02,19.27,21.0,18.29,9.35,12.03,11.55,21.33,22.16,13.46,15.53,21.02,33.49,17.23,18.65,17.81,24.38,20.51,23.52,53.92,24.81,21.21,18.61,23.87,31.7,21.69,,14.66,27.58,24.28,24.1,23.35,15.62,19.25,15.77,27.91,23.82,23.88,11.24,14.92,20.84,18.27,27.32,33.55,21.37,28.34,12.87,16.89,25.71,13.69,29.56,26.36,13.38,11.57,24.31,23.5,28.82,49.07,26.8,27.45,25.87,30.19,55.88,22.09,21.24,12.55,58.39,18.79,21.58,35.22,16.22,25.33,23.25,20.48,21.39,13.03,15.75,49.2,16.21,31.85,16.69,14.37,17.25,29.72,16.66,16.06,24.25,11.88,29.78
2023-10-10,18.3,13.47,15.85,24.69,32.01,24.53,39.43,18.18,24.85,34.42,25.6,20.27,18.19,21.35,21.45,17.85,9.13,11.79,11.91,21.59,21.83,13.26,15.48,22.96,32.92,16.9,18.22,17.39,23.82,20.02,24.16,52.68,24.22,20.95,18.3,23.33,31.21,21.53,,14.89,27.64,23.72,23.54,22.98,16.43,18.8,15.39,27.57,23.54,23.65,10.97,14.68,22.14,18.59,27.1,32.78,21.61,28.03,13.74,16.95,25.1,14.47,28.97,27.2,13.15,11.52,23.8,22.97,28.19,51.92,27.68,26.92,25.39,29.73,54.53,22.9,20.73,13.0,57.0,19.4,21.07,34.59,15.99,24.83,22.91,20.32,21.37,12.73,16.21,48.22,16.07,32.45,16.55,14.57,17.16,30.03,16.73,16.17,23.71,12.47,29.08
2023-10-11,18.36,13.51,22.1,24.77,33.9,24.62,39.41,23.13,29.9,32.65,26.34,20.3,19.07,21.25,20.98,17.51,9.44,12.41,11.55,21.59,21.83,12.65,15.44,22.96,32.31,16.4,18.13,17.31,19.31,21.9,24.16,52.49,24.0,21.07,17.99,23.35,30.94,20.8,,14.82,27.92,24.4,24.25,23.02,16.39,18.64,15.58,27.37,23.56,29.62,10.74,14.65,21.7,18.4,30.59,32.69,21.61,28.33,13.57,16.8,23.46,18.9,27.71,26.05,12.76,11.5,23.71,23.05,28.76,54.05,27.54,26.95,25.01,30.42,54.53,22.1,20.55,12.37,55.61,19.47,17.29,21.59,16.4,24.51,23.18,21.82,21.88,12.76,15.06,35.02,15.74,29.85,16.44,15.58,17.16,29.94,16.73,15.35,23.49,12.5,31.17
2023-10-12,17.36,13.54,22.74,23.66,31.46,24.8,39.42,22.91,29.94,32.57,27.87,20.2,20.37,20.1,21.07,17.52,9.27,12.42,11.32,19.61,22.11,12.27,15.62,22.6,31.56,16.44,17.6,17.29,17.9,20.83,24.75,53.23,23.68,22.02,18.27,23.4,31.01,21.4,,14.81,26.78,24.27,24.23,21.96,16.93,18.83,15.57,27.19,23.51,34.8,10.46,14.04,22.06,18.39,30.65,32.67,23.33,28.9,13.59,17.18,24.88,19.81,27.05,26.16,12.42,11.38,22.01,22.22,28.82,53.84,27.05,26.92,23.46,30.27,23.73,23.54,20.44,11.44,55.25,20.03,17.08,20.9,16.21,23.66,24.0,21.68,23.23,14.14,15.87,34.61,15.8,29.45,16.42,15.22,14.56,28.49,16.88,16.04,20.87,12.64,29.08
2023-10-13,17.23,12.82,23.0,23.78,31.45,26.4,40.48,22.36,30.48,31.41,29.36,20.09,22.63,20.11,22.95,17.73,9.14,12.3,11.28,18.71,21.11,13.82,15.62,23.18,33.17,16.53,17.29,17.29,18.06,21.77,24.75,52.61,23.66,21.02,17.25,26.55,31.63,21.81,,15.14,27.16,24.47,24.39,21.3,16.88,18.18,16.7,28.15,24.28,36.31,10.5,14.9,22.03,18.27,30.67,32.96,23.33,29.17,13.61,17.58,25.15,20.19,29.07,19.16,13.02,11.07,20.37,21.99,28.78,54.99,22.16,26.95,23.99,32.08,22.74,23.87,21.9,11.73,56.81,19.85,18.52,20.89,15.9,22.27,23.99,21.66,23.05,14.16,15.56,35.47,16.07,34.4,17.92,15.02,14.26,23.43,16.93,16.1,23.66,12.86,31.45
2023-10-16,17.35,11.29,24.44,24.19,28.22,21.94,37.57,22.05,30.39,32.01,28.69,19.35,23.07,20.15,21.15,17.74,10.34,12.6,11.45,17.99,19.79,15.08,14.47,22.31,33.34,16.0,18.28,17.89,17.89,22.35,25.65,53.65,24.12,20.82,18.35,26.98,32.34,21.18,,14.28,28.11,25.17,25.05,19.93,16.67,19.03,16.93,28.89,24.38,36.29,10.03,13.7,22.66,18.17,29.44,33.55,19.09,23.46,14.15,16.45,26.04,20.13,26.16,19.69,12.46,10.37,19.7,21.22,27.55,55.83,22.27,27.93,24.1,30.2,22.49,24.32,26.04,11.64,56.61,20.15,19.31,21.69,18.36,26.88,23.94,20.87,20.62,14.69,15.62,35.95,15.16,36.63,18.53,14.67,13.52,23.35,15.46,17.92,24.03,13.46,31.09
2023-10-17,17.26,12.02,23.89,23.87,28.0,21.74,37.0,21.97,29.89,31.29,29.09,19.43,22.73,21.58,20.78,17.41,10.21,12.35,11.17,17.77,19.52,14.72,14.17,22.19,32.54,15.63,18.02,17.48,17.62,22.28,25.07,52.64,23.62,20.34,17.93,26.35,31.77,20.98,,14.7,27.89,24.58,24.48,19.88,16.27,18.58,16.88,28.49,23.84,35.52,10.16,13.39,22.74,17.85,29.29,32.74,18.69,22.92,13.84,16.4,26.38,20.83,25.6,19.66,12.47,10.14,21.09,20.72,26.88,54.54,21.98,27.35,25.95,34.02,22.01,23.73,25.89,11.43,55.72,19.7,19.64,21.17,18.07,26.26,23.39,21.47,20.63,14.44,15.29,35.17,14.82,35.78,18.25,14.35,13.28,32.9,15.18,17.88,23.67,13.16,30.81
2023-10-18,16.45,11.22,27.53,23.99,28.05,21.5,38.28,22.01,30.81,32.22,29.06,18.58,22.56,21.81,25.01,19.63,10.34,12.53,11.12,18.6,25.49,15.15,14.11,22.51,32.58,15.23,19.61,17.47,18.18,22.4,26.04,53.35,24.31,20.42,19.18,26.27,31.93,21.65,,15.3,28.67,24.92,24.82,20.77,16.85,18.86,16.81,28.6,24.86,35.29,11.86,13.87,22.53,19.75,29.11,32.65,19.71,22.45,15.11,18.28,26.83,19.95,26.94,20.6,12.41,12.01,30.48,20.79,26.7,54.55,23.23,27.11,27.98,36.67,21.61,24.3,29.04,14.68,57.61,19.18,19.94,21.11,17.96,28.32,23.45,21.14,21.25,18.06,16.83,37.07,15.44,36.56,18.24,16.76,14.5,36.08,15.11,18.29,23.48,12.96,31.11
2023-10-19,16.29,13.96,27.53,23.9,27.59,27.01,38.2,22.5,31.22,31.95,30.17,18.92,22.87,22.09,25.58,20.21,10.49,12.47,11.07,18.74,26.47,14.88,15.66,24.83,32.34,16.23,20.58,17.59,17.07,22.4,24.23,53.62,21.47,20.21,19.12,26.23,31.98,21.66,,16.47,27.38,24.93,24.82,20.79,17.0,18.73,16.81,24.53,24.88,35.18,11.85,13.92,22.73,19.56,30.81,32.39,19.94,31.1,15.44,18.72,26.9,19.91,27.33,20.83,12.85,12.77,31.06,20.82,27.74,54.57,57.35,26.98,28.52,36.55,21.5,24.34,28.67,14.74,57.12,20.98,18.97,21.15,17.48,28.39,23.43,21.86,30.53,18.21,16.81,48.57,15.35,35.33,17.97,18.33,14.9,36.55,15.83,19.42,23.56,13.04,31.12
2023-10-20,15.61,14.13,28.05,24.65,28.93,26.97,37.99,21.01,31.32,32.51,30.16,25.82,23.06,23.28,25.45,20.36,10.41,12.61,10.98,18.76,26.52,14.9,15.65,25.91,32.49,17.97,21.45,17.63,18.46,22.87,24.38,53.57,21.49,20.05,19.75,26.41,32.26,21.53,,16.79,27.41,23.16,22.9,20.74,16.8,18.73,14.29,19.97,26.44,35.05,11.86,14.84,22.71,17.5,30.86,32.71,19.94,30.96,15.51,18.74,26.82,19.98,27.0,20.72,12.88,15.33,31.21,19.62,27.39,54.51,56.62,26.88,30.36,35.6,29.56,24.28,28.94,14.74,60.01,22.23,20.18,21.83,17.49,28.48,23.44,21.86,29.72,18.36,16.88,49.51,16.43,34.96,17.18,18.29,14.9,41.08,15.73,19.25,24.46,13.55,31.5
2023-10-23,15.6,14.75,28.49,24.26,25.36,27.15,36.25,22.53,27.53,30.02,28.1,27.4,23.65,24.63,27.3,19.7,10.63,12.08,11.14,18.91,26.16,15.91,15.76,26.29,33.67,17.46,20.78,12.53,18.42,26.54,20.92,54.77,21.07,20.45,19.86,21.4,31.85,21.27,,16.92,28.08,22.02,21.57,20.6,16.87,18.54,13.94,22.73,23.63,35.53,12.24,15.38,22.9,17.02,29.35,32.05,19.77,30.93,14.97,18.2,27.34,20.45,27.48,21.04,13.17,15.91,31.32,19.9,26.13,55.18,57.9,24.8,28.17,37.03,29.62,24.52,29.02,14.84,58.07,22.51,20.24,20.18,16.01,30.26,23.35,21.75,31.28,18.66,16.72,48.87,16.77,32.89,17.07,19.18,16.55,41.45,14.41,19.59,24.13,14.27,32.28
2023-10-24,15.26,15.04,27.98,23.8,24.79,26.57,35.72,22.26,28.27,29.83,28.23,26.74,23.41,24.04,26.83,19.22,10.47,12.69,11.24,18.49,25.93,16.07,16.12,25.85,33.13,17.04,20.68,13.41,17.98,27.12,20.42,54.2,20.72,21.09,19.67,21.94,31.12,30.22,,16.63,28.05,21.97,21.62,20.16,16.49,18.27,14.39,23.41,23.1,35.34,11.96,15.03,24.75,16.73,29.85,31.71,19.3,30.33,15.04,18.3,28.35,19.96,26.93,28.28,13.29,15.54,30.62,19.43,26.3,60.35,56.69,24.87,28.75,36.46,28.92,24.64,28.55,15.09,57.09,21.97,19.86,30.37,15.69,29.98,23.61,21.5,33.09,18.25,18.3,48.59,16.61,33.45,16.75,19.08,16.47,40.51,14.85,36.08,23.57,14.73,31.6
2023-10-25,15.63,14.31,28.21,23.89,27.76,29.14,40.75,22.85,28.38,34.91,31.14,26.74,24.31,24.14,26.33,19.24,10.86,12.22,10.98,18.52,26.22,16.19,16.7,25.85,32.71,17.07,23.86,13.95,16.46,26.43,20.15,53.57,22.35,21.21,19.99,21.64,33.46,31.12,,16.57,28.14,41.38,40.9,20.04,16.43,18.51,14.41,29.4,27.84,36.87,12.07,14.94,24.77,16.48,30.2,31.93,18.65,32.36,15.02,18.25,28.28,19.98,30.8,27.43,13.28,15.68,30.63,21.66,27.4,61.38,56.69,25.83,32.23,39.36,29.33,24.68,28.6,15.03,62.16,21.76,22.96,30.38,15.45,29.88,23.66,21.5,34.04,25.01,18.24,48.53,19.5,36.09,16.83,19.05,17.11,40.4,14.94,36.69,23.33,14.69,31.27
2023-10-26,15.85,14.3,27.99,23.13,27.91,28.66,41.34,22.94,38.26,32.59,31.7,26.45,24.36,25.21,27.16,18.67,24.43,11.24,10.93,18.86,25.92,16.24,33.47,26.05,33.15,16.79,23.13,14.69,15.73,26.45,19.85,53.82,22.25,20.36,18.52,22.93,33.56,31.52,,16.37,27.61,41.69,41.34,19.75,16.29,17.69,21.05,29.24,27.77,37.65,12.94,14.66,24.7,16.85,32.33,31.68,18.08,31.54,23.73,18.28,27.81,20.07,33.33,27.39,32.5,16.93,31.08,24.96,28.98,61.45,56.87,29.1,33.83,41.06,27.59,24.57,28.68,14.81,62.2,21.27,23.17,30.44,16.01,33.11,21.3,20.35,34.08,26.19,18.73,49.24,20.22,38.27,16.47,18.76,26.01,40.48,16.17,37.28,23.09,14.79,31.29
2023-10-27,15.91,20.16,28.17,22.56,28.12,28.55,41.89,25.19,38.1,40.0,32.03,26.7,24.47,27.79,26.92,19.11,26.85,11.25,11.46,20.82,25.52,16.78,33.71,40.08,31.46,15.5,23.14,14.35,16.26,33.39,20.57,54.04,22.32,20.97,17.58,22.87,33.77,32.22,,18.59,30.88,41.23,40.88,20.9,16.29,17.89,21.26,41.76,27.45,37.57,14.33,18.77,24.68,16.83,32.75,31.83,18.07,31.12,23.71,17.67,27.85,20.22,34.84,27.61,32.51,18.58,31.64,24.99,29.66,54.96,57.12,30.04,33.86,40.78,27.71,24.23,30.64,15.37,58.99,22.73,23.37,30.43,15.88,33.97,20.95,20.89,34.64,26.63,19.95,49.43,20.14,37.97,16.66,18.34,26.75,41.96,16.45,38.33,24.09,14.75,29.02
2023-10-30,16.85,21.36,26.79,16.29,31.23,27.84,39.28,25.69,38.61,42.93,32.22,27.84,24.3,29.26,28.16,20.42,27.5,11.32,12.34,21.3,26.26,19.66,35.36,41.85,31.24,17.36,24.25,13.84,19.13,34.82,21.27,54.88,23.27,20.84,18.18,26.49,34.4,34.28,,19.45,29.75,42.52,42.07,25.42,18.09,18.96,21.15,42.31,28.69,37.65,15.3,18.52,25.92,18.84,33.0,32.46,20.52,30.65,25.47,18.8,29.19,20.84,35.36,29.58,34.49,18.46,32.96,26.51,21.16,54.07,59.27,25.06,35.42,41.66,27.96,25.7,29.28,16.16,56.68,22.03,23.55,30.88,16.76,35.01,20.48,21.38,36.75,26.66,20.79,50.55,20.26,40.34,16.18,19.84,28.46,42.88,17.32,40.74,25.57,14.37,29.65
2023-10-31,16.48,20.88,26.86,16.91,30.6,27.51,39.41,26.79,38.93,41.9,31.44,28.07,25.36,30.09,27.54,20.3,27.09,12.3,12.86,21.56,33.42,19.8,35.5,40.89,30.56,16.99,23.85,14.14,19.39,34.01,20.84,56.23,23.04,20.7,18.06,26.64,33.62,33.64,,19.17,31.91,41.49,41.06,25.17,18.34,19.78,21.12,41.97,28.6,37.37,15.44,18.69,25.37,18.58,33.17,32.11,21.1,30.16,25.26,18.56,28.56,20.87,34.55,29.5,33.66,18.01,32.33,25.88,21.13,53.16,57.84,24.56,35.38,40.72,28.02,25.23,28.61,15.82,55.45,21.5,23.34,31.92,16.76,35.53,20.1,25.55,35.95,28.12,20.96,50.28,20.51,39.75,16.02,19.56,28.86,42.43,17.12,39.91,25.2,14.04,28.98
2023-11-01,16.94,21.17,26.64,17.41,30.71,28.52,50.75,27.68,38.24,42.55,31.72,28.08,24.89,28.94,27.43,20.49,27.08,12.61,13.02,21.06,35.3,19.71,35.84,40.38,30.19,16.74,24.38,13.44,19.43,34.01,21.26,28.09,22.99,17.22,18.32,27.25,33.59,33.48,,19.55,31.78,41.01,40.62,25.19,18.52,19.41,21.14,42.49,28.31,39.05,15.5,18.52,25.16,18.81,33.17,32.18,21.11,32.14,25.34,16.91,28.52,21.06,35.76,26.7,33.55,17.97,32.24,26.23,24.71,41.21,58.1,25.2,35.75,41.57,29.0,25.52,27.02,15.75,55.56,21.14,24.14,31.52,17.1,35.06,16.87,23.85,34.91,27.65,20.94,51.32,20.67,40.06,15.09,19.46,28.93,41.37,17.68,38.93,22.92,14.29,28.68
2023-11-02,18.03,21.24,26.86,19.3,29.86,28.9,49.38,27.83,37.98,40.14,31.1,27.86,25.24,30.87,28.16,23.97,27.0,12.62,13.07,25.16,37.52,19.62,35.99,41.62,33.81,16.37,24.31,13.93,19.81,36.43,21.44,28.57,22.83,17.23,19.4,27.54,33.22,33.38,,19.05,32.32,40.96,40.61,22.46,18.89,19.64,21.32,42.57,28.81,39.73,16.03,19.44,25.06,18.8,35.02,31.85,20.15,32.84,25.55,17.22,28.83,21.83,35.08,26.79,34.11,17.76,33.65,24.02,25.12,41.7,57.92,28.27,34.34,41.69,28.28,25.74,27.04,16.15,81.13,22.07,30.64,30.93,34.19,34.18,17.33,24.75,34.94,28.13,19.52,56.28,23.0,44.0,14.7,20.27,29.68,47.58,18.13,39.03,23.56,14.05,31.19
2023-11-03,18.04,21.6,26.86,19.86,29.24,28.35,49.48,27.56,38.85,39.86,31.17,27.94,25.33,32.05,27.92,24.24,29.73,13.79,13.29,27.42,37.57,19.64,36.44,41.6,31.81,16.12,24.18,14.02,19.92,35.86,22.5,30.26,23.64,17.23,19.73,27.55,33.11,33.39,,18.28,34.54,40.48,40.14,26.54,18.92,19.98,21.35,42.66,27.93,39.62,16.28,19.75,25.19,18.3,36.01,32.07,20.19,32.43,25.63,17.2,28.63,22.05,34.94,26.98,33.8,17.79,35.88,23.76,26.86,38.56,58.04,28.65,34.3,43.08,27.32,25.61,28.38,16.58,80.85,21.81,30.99,30.68,34.64,34.46,17.24,25.04,34.7,28.8,19.32,51.89,24.1,44.75,15.26,20.01,29.85,48.48,17.93,38.39,24.94,13.76,28.81
2023-11-06,18.32,21.99,27.49,20.18,29.3,28.98,48.64,28.31,41.1,40.42,30.9,28.15,26.25,32.92,31.66,24.62,30.25,13.91,14.58,27.78,37.34,18.55,37.41,42.6,32.48,15.6,23.06,14.05,20.45,36.53,23.19,30.91,22.45,16.76,18.99,28.26,33.55,34.3,,18.92,34.44,40.89,40.66,27.55,19.38,18.09,21.94,43.67,25.92,39.87,16.11,19.62,17.59,16.2,37.07,32.58,20.7,33.08,25.96,15.13,19.49,23.11,33.75,27.65,34.45,17.84,36.31,23.36,26.9,38.14,58.81,29.14,34.32,43.44,27.42,17.84,28.84,15.93,81.96,22.27,31.65,31.03,35.5,35.16,18.98,25.88,35.5,29.46,19.43,53.07,24.17,45.01,14.32,20.05,30.4,49.53,18.12,39.39,25.59,11.45,28.57
2023-11-07,18.49,21.66,26.84,19.81,30.45,28.47,47.67,27.73,40.42,39.86,30.71,27.48,25.81,32.3,31.3,24.16,29.59,14.59,14.24,27.15,36.57,18.15,36.63,41.71,33.17,15.24,23.61,13.74,20.43,35.92,24.05,30.83,22.01,16.5,31.52,27.59,32.91,33.48,,18.8,34.39,40.04,39.77,26.89,18.91,17.75,21.44,43.1,27.19,39.01,15.77,19.15,17.17,15.83,36.22,31.91,20.22,32.3,25.49,14.85,19.02,22.87,33.09,27.08,33.63,17.45,35.45,22.92,26.28,37.69,57.44,28.87,33.51,42.42,26.76,17.42,28.2,15.64,80.04,21.78,30.9,30.32,34.77,34.51,18.85,26.26,34.65,29.11,19.01,52.29,23.62,45.4,14.2,19.88,29.67,48.72,17.72,38.44,25.18,11.19,28.35
2023-11-08,18.38,21.5,26.83,19.98,30.49,29.03,47.64,27.39,40.54,39.98,30.8,27.44,25.76,32.53,31.0,24.23,29.65,15.67,14.21,27.2,35.54,18.09,36.37,41.72,26.92,15.46,23.62,13.38,20.65,34.1,23.64,30.67,20.83,16.2,31.16,27.61,18.71,33.77,,22.7,35.44,40.07,39.79,26.89,18.73,17.8,21.58,43.91,27.83,39.01,15.54,19.22,17.01,15.88,37.42,15.15,20.08,32.43,25.39,15.04,19.05,22.75,32.96,27.28,33.15,17.38,35.54,22.91,26.29,37.54,57.4,28.8,33.86,42.46,28.66,17.34,28.39,15.57,78.1,22.11,31.01,27.27,34.69,34.64,18.43,26.21,34.64,29.21,19.02,52.33,23.73,45.44,14.22,19.72,29.67,48.9,17.69,38.38,25.2,11.6,25.57
2023-11-09,18.37,23.33,26.93,20.41,31.05,29.04,47.31,29.78,40.69,40.26,30.82,27.11,24.27,31.82,30.45,24.28,32.01,16.29,14.0,26.81,35.25,18.18,36.38,41.06,26.73,15.6,23.76,14.74,22.55,34.06,22.33,30.6,30.79,16.01,31.17,27.99,18.73,33.7,,26.07,35.85,40.2,39.93,27.19,20.34,17.81,21.57,43.86,27.95,39.11,16.59,19.12,16.14,15.42,40.81,15.22,20.84,32.28,24.87,15.1,19.01,23.04,32.76,26.8,33.14,18.4,36.26,23.05,26.67,39.66,55.85,30.26,33.75,42.38,28.58,16.49,29.21,15.34,78.18,20.99,31.03,27.75,35.33,34.86,18.59,26.92,34.36,29.81,18.36,54.22,23.75,44.86,14.14,19.77,29.57,49.11,17.89,38.5,25.78,11.26,25.6
2023-11-10,19.7,23.36,20.28,21.15,31.21,33.71,49.28,25.53,38.53,40.39,34.28,27.43,24.56,31.85,31.31,25.15,31.99,16.16,14.19,27.19,36.67,17.6,37.65,41.07,27.22,17.52,24.39,15.34,23.26,33.09,22.84,30.85,32.0,15.62,31.66,29.01,19.25,33.89,,26.04,36.07,40.21,39.93,27.48,20.91,18.59,22.03,44.6,29.68,35.29,16.16,19.76,15.89,16.95,38.08,15.27,22.31,36.59,25.59,14.99,18.25,18.39,33.31,27.05,33.11,18.66,36.48,23.93,27.26,37.78,55.4,30.45,34.33,42.87,28.67,16.04,29.21,14.55,81.96,20.82,32.28,27.81,35.14,34.87,18.32,26.49,33.97,30.19,18.35,55.27,25.96,45.76,14.16,19.22,29.57,49.14,18.38,38.16,25.99,11.95,22.93
2023-11-13,20.03,23.87,20.01,19.59,30.97,32.49,49.06,26.01,39.04,40.72,32.18,28.08,23.36,32.49,29.88,24.94,32.64,16.42,14.22,28.2,37.8,17.16,38.63,41.35,25.04,17.83,24.8,15.76,23.33,33.14,22.88,29.88,32.88,14.85,32.29,26.36,18.47,33.38,,26.64,36.15,40.95,40.66,27.78,21.0,17.78,20.43,45.2,29.75,29.05,16.48,19.56,14.67,17.28,39.88,14.52,19.99,37.12,26.18,13.02,13.96,18.33,32.03,27.01,33.59,19.45,37.12,24.14,27.7,37.56,55.75,32.02,33.98,42.22,29.19,12.01,29.38,14.79,82.89,20.85,31.32,28.48,36.05,35.69,17.09,26.7,33.57,30.35,18.03,58.58,25.95,40.77,11.43,19.85,30.28,50.27,18.85,37.83,24.56,12.39,20.78
2023-11-14,20.0,23.3,19.87,19.63,30.97,32.89,48.4,25.92,41.89,40.19,32.42,27.9,23.01,36.23,29.58,29.71,32.15,17.7,14.4,30.11,38.26,16.86,37.9,40.94,24.5,18.73,25.6,16.7,23.15,32.66,22.93,32.28,32.5,18.28,32.77,28.28,18.09,32.84,,26.0,39.4,40.28,39.94,29.31,27.29,18.48,20.33,45.07,32.47,30.14,16.11,20.12,14.31,17.05,38.92,14.19,24.26,37.56,25.72,12.8,13.77,18.04,31.93,27.41,32.91,19.0,39.14,23.61,28.62,41.03,54.41,31.54,33.67,41.64,28.9,11.72,29.05,14.53,80.91,20.43,31.43,28.76,35.49,35.09,18.99,29.49,32.76,31.91,17.63,61.24,27.19,40.48,11.24,21.75,32.58,52.93,18.58,36.97,26.23,12.12,20.38
2023-11-15,19.98,23.29,19.6,19.89,31.66,32.87,48.88,25.99,41.84,40.53,31.83,28.15,22.94,36.34,30.33,29.86,32.8,17.53,14.53,29.72,38.37,17.43,38.17,40.89,24.38,18.76,25.26,16.5,23.44,32.46,21.77,33.23,33.56,18.08,32.02,27.88,18.36,33.02,,24.97,39.01,40.05,39.76,29.08,27.06,18.01,20.61,45.74,32.16,30.16,16.33,20.32,14.12,17.15,40.65,14.19,24.27,37.52,25.58,13.06,13.34,19.11,31.65,27.71,33.25,19.14,39.37,23.43,28.58,41.21,54.76,31.43,33.93,42.0,29.75,11.87,28.4,14.51,80.91,20.83,31.3,28.74,35.0,32.59,18.65,29.5,32.8,32.84,17.31,61.68,27.33,40.15,11.29,21.52,33.94,53.42,18.38,36.75,26.31,12.45,20.41
2023-11-16,19.69,22.76,20.69,19.78,31.44,32.86,48.62,25.95,41.33,40.38,31.5,28.02,23.55,35.78,30.32,29.85,32.82,17.46,14.66,29.88,38.3,17.45,38.14,41.11,25.52,21.8,25.34,38.53,23.56,31.91,21.81,33.17,33.57,18.89,32.02,28.15,18.21,33.64,,24.12,39.37,40.5,40.21,28.35,27.09,18.09,20.59,49.53,32.11,32.15,16.58,20.61,13.83,17.55,40.45,14.18,24.75,37.49,25.57,14.32,12.99,18.88,31.56,27.69,33.08,19.3,38.79,23.67,28.76,41.28,54.01,31.36,33.0,38.05,29.77,11.67,28.32,14.71,80.71,20.83,31.29,28.69,35.04,32.74,19.75,29.26,32.71,32.82,17.24,62.87,27.33,39.77,11.28,21.57,33.88,48.8,18.35,36.75,26.38,31.9,19.89
2023-11-17,19.37,22.75,17.45,18.81,31.35,35.98,47.05,26.24,40.02,39.18,31.91,27.89,23.5,35.62,25.52,26.98,32.85,16.9,13.77,29.03,35.31,17.2,38.09,40.72,26.84,21.83,23.57,38.53,23.48,32.72,21.07,31.05,32.79,18.61,32.18,27.32,18.09,32.37,,24.58,39.24,40.52,40.19,26.56,26.04,17.09,20.54,49.01,31.09,32.12,15.0,20.3,13.8,14.38,40.5,13.68,23.14,37.12,24.59,13.41,12.97,18.88,30.45,26.1,33.13,17.94,29.71,24.6,28.83,40.86,52.46,31.84,30.17,34.61,29.59,11.56,25.0,12.95,79.99,21.02,30.7,28.93,35.63,30.5,19.45,28.56,31.8,30.63,15.14,60.84,27.4,37.22,11.51,19.25,33.33,45.8,17.33,36.04,26.21,31.91,21.21
2023-11-20,18.61,21.76,18.08,17.18,30.23,32.16,47.92,26.7,39.51,38.48,30.47,17.87,25.24,34.38,23.48,26.75,35.58,16.9,13.19,28.78,35.16,17.52,38.56,37.41,27.25,19.83,22.31,39.84,22.93,33.4,21.05,31.86,32.32,18.89,32.44,27.58,17.55,32.61,,24.82,40.51,41.2,40.89,26.74,26.1,16.99,19.51,48.93,29.23,31.13,15.61,19.53,14.09,13.51,40.32,13.24,22.73,29.2,24.51,13.81,13.04,19.23,30.29,25.7,33.75,16.04,28.71,24.67,27.42,41.06,21.75,32.45,27.46,34.47,19.25,11.13,24.88,13.23,78.78,18.05,29.43,28.63,36.92,30.11,19.43,27.69,24.79,31.13,13.99,49.51,26.75,37.62,10.96,18.68,34.18,39.98,16.44,36.75,25.16,32.43,21.08
2023-11-21,18.43,21.32,17.72,16.94,29.65,32.8,47.72,26.18,39.21,38.33,30.65,18.31,24.73,34.1,23.19,26.11,34.72,16.51,12.95,28.32,34.34,17.66,37.73,37.22,26.6,19.39,21.95,38.92,22.39,32.62,20.62,32.78,31.83,18.51,31.66,26.92,17.13,31.92,,24.84,40.11,40.24,39.94,26.89,25.84,16.7,19.29,49.36,28.7,30.44,15.51,19.15,14.04,13.24,39.48,13.33,25.2,29.74,24.11,13.49,12.79,23.84,29.91,25.63,32.94,15.73,28.85,24.89,28.87,40.13,21.36,31.67,26.92,34.22,19.35,11.03,24.56,13.03,82.48,17.69,30.22,28.56,36.22,29.84,18.96,27.5,24.22,31.78,13.7,48.72,26.7,36.86,11.0,18.24,33.36,39.99,16.16,35.94,24.69,31.69,20.59
2023-11-22,18.38,21.14,17.21,16.45,29.69,32.77,47.35,25.49,38.9,38.55,31.08,17.58,24.71,32.02,22.69,26.02,35.83,16.18,12.96,26.89,34.57,16.31,37.73,37.16,25.73,19.43,21.6,38.93,23.05,30.75,23.32,32.81,31.83,18.18,31.33,26.47,16.79,32.03,,25.36,40.01,40.28,40.05,26.82,25.89,16.53,18.86,47.28,28.48,30.11,15.09,18.2,13.45,13.12,39.16,13.36,24.76,29.65,24.05,12.09,12.62,23.8,29.73,25.24,32.94,15.62,27.66,24.98,28.61,39.9,21.22,31.89,26.75,34.38,18.95,11.21,24.47,13.37,82.63,16.84,30.15,29.14,36.27,27.2,18.83,27.29,21.71,31.81,13.69,50.15,26.35,36.72,10.43,16.95,32.19,40.22,15.64,35.68,23.33,31.32,20.13
2023-11-24,18.14,21.12,15.83,15.7,26.49,30.07,42.41,25.36,39.09,32.0,27.5,17.3,22.24,32.58,23.04,25.87,36.51,14.79,12.92,26.89,34.7,16.31,38.0,37.29,26.21,19.72,16.57,39.35,23.53,30.67,23.85,28.82,30.29,17.94,31.15,24.45,10.78,23.69,,25.76,39.86,19.11,19.26,26.98,25.88,14.96,18.96,42.53,22.6,25.67,15.89,18.34,10.14,12.55,38.99,11.9,25.16,26.29,24.53,12.26,10.93,23.77,25.7,19.35,33.53,15.84,28.14,24.18,27.25,33.15,21.01,31.25,18.64,31.54,17.34,10.83,24.46,13.05,81.12,16.85,25.02,18.27,37.16,27.31,18.79,27.56,16.16,24.18,11.9,50.37,23.26,32.18,10.26,16.44,32.39,41.02,15.55,20.33,23.35,31.83,20.54
2023-11-27,15.1,15.03,15.2,15.57,25.0,30.85,41.04,23.32,29.7,23.69,28.48,16.06,23.18,29.13,20.72,24.84,27.48,15.0,11.79,24.2,34.8,14.81,21.61,24.52,26.26,19.49,16.55,39.9,22.25,19.16,24.21,26.65,30.57,16.35,31.93,22.6,10.13,19.98,,25.13,36.67,16.15,16.11,25.48,25.67,14.42,10.94,32.87,22.83,23.47,12.33,11.33,9.03,12.61,38.19,13.08,25.25,26.5,11.67,11.78,10.05,22.28,20.16,18.27,13.12,11.47,27.36,18.9,24.11,32.12,17.62,27.59,17.05,28.31,16.77,10.02,21.58,11.36,82.21,13.88,25.75,18.67,37.36,22.69,18.79,26.82,13.87,22.78,8.15,49.84,23.51,26.03,10.29,17.57,22.04,39.37,11.41,15.23,21.37,32.69,19.83
2023-11-28,14.75,14.87,15.34,15.34,24.4,31.33,40.44,22.77,28.96,23.46,27.99,15.67,22.63,28.57,20.22,24.22,26.78,15.21,11.81,24.06,33.92,14.59,21.25,24.69,25.61,19.11,16.27,38.9,21.81,18.85,23.7,26.4,32.51,15.94,31.12,22.13,10.12,20.19,,24.54,35.96,15.74,15.7,24.98,25.03,14.07,10.77,32.15,22.26,24.19,12.02,11.12,8.8,12.81,37.23,12.92,24.64,27.53,11.54,11.56,9.98,22.05,19.79,18.07,12.98,11.9,27.51,18.47,25.21,31.45,17.5,26.91,17.68,28.25,16.64,9.76,21.73,11.24,80.45,13.56,26.22,18.44,36.9,22.35,18.32,26.18,13.69,22.8,8.2,50.29,22.92,25.75,10.36,17.14,21.5,38.38,11.64,14.87,20.85,32.19,19.33
2023-11-29,15.07,12.77,15.74,15.38,23.24,31.21,40.14,22.72,29.0,20.77,28.27,15.55,22.58,28.95,20.32,24.2,26.69,15.52,11.07,24.16,33.66,11.5,20.43,23.49,25.72,18.69,17.2,38.97,23.72,18.83,23.11,25.32,32.41,16.11,31.12,19.37,10.15,17.75,,24.16,46.9,16.66,16.66,22.79,24.73,13.6,10.68,32.11,22.55,24.12,11.72,10.85,7.82,11.18,37.15,13.06,23.79,27.33,9.77,11.22,11.14,22.07,21.17,17.2,10.58,12.46,27.92,18.52,25.21,30.98,16.17,24.36,17.1,28.09,16.82,9.36,21.61,10.7,79.29,12.14,26.34,18.39,37.31,30.62,18.47,26.19,10.33,23.0,7.85,46.36,22.45,24.86,10.61,16.19,19.89,38.32,10.84,10.46,20.49,32.3,19.95
2023-11-30,15.07,16.11,15.19,15.21,24.03,31.21,41.56,20.19,27.8,20.87,29.2,15.62,23.3,28.37,20.34,24.25,27.12,15.54,10.63,24.06,21.91,10.81,19.3,23.69,26.16,18.58,33.38,38.81,23.8,18.83,23.0,23.23,32.4,16.66,31.14,19.82,10.05,18.29,,24.81,46.13,18.2,18.24,22.78,24.65,12.54,10.64,32.32,23.23,24.2,12.57,10.81,8.4,11.07,36.21,12.0,23.54,27.43,9.71,11.43,11.31,22.05,22.05,16.77,10.62,13.37,27.96,18.58,25.63,30.31,16.86,24.32,16.27,30.29,16.48,10.25,22.08,11.83,79.26,12.17,26.33,13.96,37.14,30.86,18.6,23.22,11.14,22.02,6.79,47.19,22.45,25.3,15.2,16.77,19.59,38.17,10.9,10.51,20.95,32.26,20.02
2023-12-01,14.28,15.99,15.2,15.38,23.3,30.75,28.75,19.44,27.7,18.9,29.01,15.88,23.26,28.43,19.78,24.24,27.69,15.88,11.11,24.62,21.74,10.73,18.98,23.59,25.44,18.54,34.13,38.82,23.94,18.53,22.87,22.45,32.2,16.57,31.4,20.52,10.5,17.05,,24.12,46.3,17.55,17.5,23.22,25.15,12.71,10.96,33.79,22.24,22.86,14.59,10.57,8.34,10.96,36.58,11.95,24.88,26.29,9.78,11.89,11.33,22.07,19.32,16.46,10.76,13.77,28.33,18.32,23.16,30.53,18.05,24.88,15.67,28.22,15.34,9.84,28.74,11.98,79.24,12.21,26.15,14.04,36.86,31.68,18.02,24.07,11.12,21.55,7.29,47.08,22.84,25.35,15.18,18.45,19.78,38.89,10.34,10.47,20.67,32.07,20.05
2023-12-04,13.85,15.63,15.34,13.65,23.46,32.19,28.19,18.16,25.39,20.37,29.02,14.46,23.8,24.47,19.5,20.76,25.49,15.8,9.94,19.34,20.43,10.87,19.16,19.66,19.05,18.89,38.51,39.36,23.79,14.6,21.54,22.32,31.79,16.97,31.76,20.49,10.98,18.12,,24.37,46.13,18.92,18.86,18.43,24.72,11.94,11.04,37.37,22.35,23.03,14.66,9.67,7.35,12.23,32.91,10.81,25.66,27.12,11.46,11.08,9.68,22.41,20.27,19.03,9.4,15.03,24.16,19.5,22.96,30.0,20.61,21.6,16.44,27.31,16.44,9.34,28.34,11.14,59.34,11.28,19.06,14.56,17.98,30.73,16.66,23.05,11.37,21.59,6.76,44.44,21.06,19.09,14.8,18.42,19.94,30.2,9.58,11.88,17.33,32.81,16.09
2023-12-05,14.77,15.25,15.58,13.43,23.01,31.96,27.52,17.86,24.78,20.27,28.7,15.9,23.59,24.23,19.01,20.52,24.99,15.57,9.86,20.08,19.91,12.53,22.19,19.16,18.9,18.57,37.64,38.37,26.61,14.99,22.06,22.63,31.56,16.62,31.0,19.98,10.98,18.54,,24.04,45.36,19.01,18.94,20.05,24.2,12.12,10.81,36.82,21.83,22.91,14.39,9.59,7.17,12.26,32.09,11.09,25.3,27.71,11.18,10.83,9.98,22.58,19.87,20.15,9.16,15.07,24.19,19.15,22.61,29.35,20.08,21.06,16.14,27.73,16.77,9.53,27.66,16.57,57.85,11.13,18.58,14.33,18.73,30.27,16.37,22.55,15.35,21.44,6.89,43.45,20.56,20.05,14.44,18.45,20.24,29.56,9.36,11.84,18.01,32.27,16.82
2023-12-06,14.68,15.72,14.86,13.43,23.51,32.22,27.96,17.57,23.07,21.18,28.98,17.92,22.5,24.18,14.44,20.61,25.03,15.62,8.69,20.85,19.34,12.56,21.52,19.68,20.07,18.04,37.95,38.19,28.87,14.96,22.44,21.78,31.08,17.05,31.06,19.59,11.01,17.03,,24.08,44.29,19.0,18.9,19.43,24.04,11.56,11.48,37.44,22.54,22.67,15.28,10.89,7.2,12.79,27.54,11.26,25.46,27.81,11.16,10.86,9.62,22.4,19.87,20.03,14.06,14.97,24.43,19.41,22.74,31.51,21.33,21.07,16.42,28.45,18.62,9.59,27.78,16.38,61.82,12.29,18.95,14.25,18.96,30.18,16.18,22.15,16.39,21.41,7.24,43.37,19.52,21.32,14.44,18.46,20.04,29.66,9.39,10.76,17.69,32.35,16.37
2023-12-07,14.36,15.94,15.39,13.45,21.7,33.15,42.35,17.6,22.73,20.68,29.09,17.87,21.77,23.91,16.45,20.06,25.06,15.19,8.65,20.77,18.25,12.55,21.66,19.75,18.07,18.07,37.82,38.64,28.5,13.65,21.27,22.1,31.12,16.84,15.13,19.36,10.83,17.13,,24.61,43.05,26.14,26.06,19.47,24.05,11.28,11.46,37.42,21.32,22.67,15.45,10.78,7.17,12.91,27.38,11.38,25.52,28.28,11.15,10.83,9.64,21.61,21.94,19.75,14.06,16.09,24.49,19.17,22.85,31.36,21.62,20.9,16.45,29.61,18.72,9.56,27.72,16.38,61.58,12.23,20.0,15.15,18.99,29.92,16.27,20.79,16.47,21.35,7.13,43.38,19.42,19.51,14.29,18.02,19.86,29.16,9.42,10.63,18.11,32.24,15.76
2023-12-08,14.4,16.08,15.28,13.36,21.69,32.75,42.32,17.62,24.23,20.59,29.76,17.91,22.65,23.41,16.67,20.21,25.07,14.13,8.65,20.43,18.21,12.8,21.19,20.68,18.46,17.75,37.66,38.71,27.39,13.42,21.44,22.05,31.06,16.18,15.22,20.26,10.71,16.41,,21.97,40.74,26.61,26.61,20.1,24.1,12.24,11.14,36.29,20.92,22.71,15.6,11.04,7.21,13.02,25.57,10.48,25.58,28.49,11.29,10.83,9.94,21.06,22.77,19.11,13.72,16.03,25.52,19.23,23.4,30.72,21.61,21.02,16.26,30.0,15.74,10.3,27.61,16.59,62.59,11.46,19.72,14.96,18.79,29.8,16.28,20.76,16.24,21.19,6.82,43.35,19.06,18.39,14.25,18.49,19.93,28.87,9.38,11.34,18.31,32.29,15.99
2023-12-11,13.85,12.24,14.77,12.33,20.1,33.04,43.09,12.8,23.99,19.88,39.58,17.91,23.12,23.28,16.97,19.77,22.32,13.42,9.25,21.7,17.17,13.18,19.52,20.79,18.27,17.32,38.12,39.94,26.27,13.51,21.58,22.64,20.02,16.45,14.89,18.6,9.36,15.46,,17.33,38.98,26.75,26.6,19.43,21.61,14.98,10.72,38.54,19.46,21.13,13.82,10.34,6.79,12.26,21.71,10.66,24.01,27.63,10.35,11.36,10.52,18.97,23.18,19.15,13.95,14.37,23.8,17.81,25.34,24.94,20.45,19.95,14.38,29.44,16.56,11.06,27.14,16.82,57.65,13.11,18.49,15.21,18.1,30.09,16.3,19.72,18.27,19.52,8.2,38.83,17.31,17.41,15.17,18.48,19.24,28.2,7.34,13.13,17.41,32.57,16.09
2023-12-12,13.66,12.32,14.41,12.03,19.97,32.46,42.42,12.62,23.56,19.69,40.69,17.89,22.77,22.92,17.08,19.29,22.14,13.39,9.36,21.36,16.76,13.37,19.02,20.37,18.05,16.97,37.28,38.94,25.71,14.02,21.06,22.52,20.15,16.12,14.65,18.13,9.14,15.9,,17.03,38.4,26.23,26.01,18.95,21.07,14.61,10.49,38.08,19.15,20.89,13.5,10.21,6.76,19.16,21.18,10.39,23.58,27.03,10.6,11.15,10.42,18.5,24.54,19.12,13.62,14.02,23.25,17.57,24.73,24.45,20.02,19.47,14.5,29.84,49.06,10.84,26.46,16.42,56.3,12.82,18.03,15.27,17.68,29.33,16.76,19.57,18.62,19.02,8.27,38.31,17.88,17.07,14.83,18.01,18.99,27.72,7.88,13.52,17.03,31.79,16.44
2023-12-13,13.96,12.23,13.59,10.54,20.3,32.35,41.66,15.38,24.8,19.64,40.39,18.56,20.34,26.01,16.73,19.19,23.68,13.41,9.42,22.29,18.17,13.57,20.07,22.98,18.25,17.77,37.33,39.07,26.5,14.7,26.89,23.98,20.69,16.73,15.8,17.93,8.83,16.46,,18.01,38.33,26.22,25.98,20.7,21.4,14.58,10.55,37.25,20.5,21.55,13.52,9.71,7.07,24.96,20.7,10.4,25.38,25.94,10.74,11.79,10.92,18.79,24.54,19.27,14.46,16.15,23.91,17.28,25.3,28.27,23.07,17.51,14.7,29.95,49.68,12.81,35.16,17.55,57.0,13.78,18.15,17.85,17.61,29.34,19.82,21.5,18.49,22.33,8.62,35.99,18.69,18.54,14.94,17.57,19.02,30.66,8.13,13.98,18.2,32.39,16.29
2023-12-14,13.4,11.77,13.53,9.95,29.95,32.47,41.24,16.74,17.11,18.58,39.84,19.31,20.66,26.97,16.07,16.27,23.78,11.86,9.56,19.67,26.14,19.68,21.08,23.76,20.79,18.35,36.82,38.38,26.97,19.07,28.38,21.27,20.18,13.89,20.67,15.39,11.19,15.81,,18.28,40.74,25.84,25.69,25.1,15.5,13.42,10.24,36.38,17.06,20.24,13.55,9.7,9.37,24.76,24.84,11.56,26.02,27.78,12.26,14.52,16.15,19.28,23.42,19.6,14.41,16.21,28.0,18.84,25.05,22.37,24.53,17.53,23.06,29.0,49.55,15.2,35.22,19.66,57.32,13.76,17.02,17.86,15.59,35.53,19.95,22.97,18.78,20.56,11.16,33.89,21.42,16.59,17.77,16.96,18.35,31.38,9.81,15.92,23.46,32.48,19.04
2023-12-15,13.53,11.99,14.72,8.9,29.55,32.4,40.42,16.44,17.09,18.15,40.13,19.02,21.81,27.54,14.39,16.16,23.01,11.9,9.4,20.14,26.09,19.11,20.68,22.9,20.77,23.01,36.54,38.56,26.95,19.17,28.02,20.91,17.2,15.68,21.1,15.13,10.8,16.07,,19.89,41.5,25.77,25.61,25.36,15.26,13.24,9.84,35.8,17.24,20.59,14.3,9.64,9.93,24.83,21.51,11.89,25.92,27.8,12.19,14.99,16.14,19.49,23.19,19.16,14.3,16.16,27.75,19.41,25.41,23.54,22.52,16.91,24.35,28.82,50.94,15.33,33.84,19.66,57.31,13.06,16.99,19.22,15.53,35.52,20.11,24.26,19.04,19.9,11.48,33.22,21.36,17.38,17.84,17.16,16.59,31.3,9.91,16.84,23.6,32.04,19.07
2023-12-18,14.15,12.62,12.9,9.63,31.35,29.41,41.5,15.69,16.9,19.93,40.13,18.54,22.95,28.19,14.95,20.71,23.26,11.0,9.62,20.23,25.63,19.9,21.14,21.89,17.05,21.38,37.32,12.53,26.94,17.54,28.36,21.29,17.57,15.16,20.64,14.64,10.92,14.57,,20.41,41.11,26.88,26.64,26.53,15.98,13.66,9.99,29.57,18.16,17.94,14.4,9.44,10.33,25.03,22.58,12.83,26.16,28.67,12.99,14.08,16.35,19.71,25.8,20.2,15.02,16.6,28.91,17.93,25.67,23.96,24.96,15.53,25.02,30.46,52.54,16.02,35.25,20.43,57.05,13.07,18.14,19.6,14.39,37.83,19.43,25.15,19.53,19.4,11.79,30.67,21.74,17.84,18.37,17.77,17.5,33.88,10.14,17.38,24.74,15.06,17.11
2023-12-19,13.85,12.38,12.58,9.45,30.73,28.81,40.46,15.6,16.48,19.49,39.27,18.42,22.37,27.5,14.81,20.18,23.22,10.72,9.59,20.98,25.83,19.4,20.62,21.35,17.27,21.35,36.43,12.28,26.7,17.53,29.41,20.91,17.63,15.01,20.26,14.85,10.68,15.36,,19.92,40.07,26.3,26.05,26.11,15.62,13.48,10.38,29.56,17.7,18.6,14.11,9.72,10.22,24.52,22.01,12.52,25.5,28.14,12.66,13.73,15.94,19.45,25.69,19.7,14.7,16.19,28.27,17.48,25.08,23.44,24.95,15.26,24.4,29.9,51.53,15.79,37.71,19.92,55.79,12.77,17.82,20.7,15.13,36.9,18.98,24.52,19.21,19.43,11.65,30.44,21.21,17.39,17.96,17.33,17.11,33.06,10.01,17.01,24.12,14.73,17.43
2023-12-20,14.22,13.71,12.57,9.43,30.52,30.5,42.89,16.33,16.33,20.0,40.7,21.88,20.1,28.47,16.13,21.44,20.11,10.68,11.22,22.26,25.89,19.79,20.83,24.8,17.13,24.17,37.2,12.35,26.4,17.96,29.85,21.13,19.86,15.43,20.68,48.44,12.47,17.3,,20.45,40.79,26.47,26.29,26.88,16.6,14.06,10.86,29.78,18.33,21.49,16.0,11.19,12.87,25.03,22.28,13.2,26.43,30.13,13.68,13.64,18.02,20.99,25.33,22.06,17.93,16.62,28.35,16.07,29.35,25.95,24.79,16.33,25.04,30.6,51.41,16.53,38.06,20.47,54.2,14.93,19.74,21.06,17.71,40.27,20.55,25.17,19.47,20.95,12.24,34.1,22.76,20.22,18.66,19.32,20.47,36.96,10.99,16.7,25.07,15.31,18.26
2023-12-21,14.12,13.71,12.73,12.87,30.64,30.58,42.87,16.4,16.11,19.21,40.16,22.09,20.0,27.83,16.17,21.61,19.77,10.69,11.27,22.12,25.67,19.33,20.66,23.65,17.11,24.17,37.59,11.73,26.52,17.9,30.24,19.01,20.09,15.44,20.77,48.47,13.0,19.7,,19.2,39.18,26.92,26.71,26.01,15.76,14.16,10.76,29.65,18.14,22.83,16.13,10.98,12.51,24.94,22.24,13.45,23.04,30.61,13.54,13.77,18.98,15.56,25.4,21.89,17.9,16.69,27.37,15.84,39.73,25.84,24.81,16.27,25.2,31.27,51.96,16.54,39.0,20.51,49.66,15.16,18.04,20.41,18.12,39.79,20.59,25.64,19.47,19.48,12.23,34.61,22.05,20.36,18.61,19.93,20.47,36.33,11.02,16.02,24.79,15.47,18.38
2023-12-22,14.26,13.98,12.64,13.56,30.15,30.58,42.35,17.09,16.09,18.37,39.95,22.07,20.64,27.72,15.75,21.61,19.85,11.25,11.24,21.97,24.64,19.24,20.61,23.85,17.2,24.19,37.64,11.84,26.38,17.9,27.84,18.42,20.15,15.44,20.81,48.48,13.11,19.69,,18.97,39.69,26.79,26.57,26.04,15.83,14.13,10.8,30.12,18.14,22.65,16.12,11.1,12.45,24.98,22.14,13.34,23.19,30.41,13.53,13.73,19.18,15.46,25.12,21.66,17.54,16.8,27.48,15.2,39.79,25.83,25.06,48.61,25.31,30.05,51.99,16.33,39.05,20.37,49.69,14.7,18.03,19.78,18.15,39.63,20.59,25.33,19.47,19.34,12.27,32.86,22.11,20.31,18.33,19.92,20.48,36.07,11.06,16.01,25.16,15.75,18.37
2023-12-26,14.06,14.16,12.64,13.71,30.15,30.77,42.84,17.15,16.09,18.38,39.95,22.1,20.45,27.79,15.31,21.61,20.82,11.47,11.2,22.0,24.87,19.36,20.64,23.51,17.51,24.19,37.7,11.78,26.39,18.04,27.92,18.44,19.65,15.52,20.76,48.81,13.33,19.73,,18.79,39.69,26.32,26.08,26.02,15.88,14.41,10.89,34.13,18.09,22.61,15.78,11.06,12.5,24.88,21.73,13.37,23.28,30.86,13.48,13.75,19.34,15.37,24.79,22.01,17.38,16.85,27.43,15.2,39.67,25.9,25.21,48.59,25.29,29.33,51.98,16.52,38.93,20.44,49.69,14.62,18.16,19.96,18.33,39.66,20.59,25.04,19.47,19.34,12.36,33.14,22.29,20.2,18.11,19.94,20.39,36.11,11.07,16.0,25.15,15.48,18.27
2023-12-27,14.04,14.19,12.56,13.46,30.15,30.81,42.96,17.04,16.11,18.32,37.95,21.9,20.41,27.56,16.22,21.57,20.08,11.3,11.15,21.78,24.68,19.32,20.09,23.14,17.44,24.23,37.7,11.11,25.94,18.03,26.35,18.22,19.55,15.73,20.46,48.53,13.09,19.73,,18.49,39.96,26.59,26.27,25.76,16.04,14.26,10.89,34.1,17.73,22.18,15.42,10.8,12.49,24.89,22.33,12.32,23.34,30.92,13.0,13.71,19.46,15.36,24.43,21.91,17.43,16.64,26.74,15.15,39.83,25.93,25.2,48.67,25.17,29.18,51.94,16.38,38.96,20.46,49.76,14.7,18.21,19.71,18.33,39.21,20.31,25.22,19.46,19.25,12.37,33.51,21.92,20.72,18.22,17.88,19.64,35.67,11.07,16.07,25.52,15.74,18.23
2023-12-28,14.03,13.64,12.09,13.81,30.0,29.99,42.8,17.06,15.97,18.18,37.92,21.87,20.96,27.49,16.2,21.59,20.04,11.46,11.12,21.49,24.93,19.06,19.91,22.72,18.57,24.44,37.86,11.02,25.98,18.79,26.19,17.97,17.11,15.78,20.67,48.67,12.86,19.22,,18.27,40.04,26.58,26.23,25.65,16.32,14.26,10.87,34.43,17.9,21.39,15.42,10.76,12.48,24.85,22.33,12.26,23.37,30.22,13.02,13.71,19.57,15.14,24.18,21.68,17.09,15.66,25.68,14.66,39.21,25.85,25.23,48.92,24.94,28.96,52.0,16.35,38.8,20.22,48.09,14.72,16.98,19.6,18.4,38.97,20.65,25.2,19.65,18.72,12.23,32.66,21.9,20.88,18.26,17.95,19.54,35.7,10.99,16.12,25.54,15.2,18.82
2023-12-29,14.03,13.69,11.54,13.9,29.91,30.19,43.22,17.17,15.77,18.46,37.91,21.99,21.07,26.93,15.92,21.51,19.91,10.22,11.08,21.12,25.32,19.14,19.93,23.31,18.32,24.02,37.84,11.02,21.28,18.36,26.13,17.59,17.11,15.56,20.68,48.67,12.82,19.44,,18.29,28.43,25.89,25.55,25.59,16.41,14.21,10.91,34.38,17.18,21.47,15.41,10.97,12.28,24.86,22.38,11.97,23.4,30.57,13.03,13.35,18.82,15.34,23.38,21.8,17.16,15.56,25.7,14.3,39.43,25.95,25.35,48.64,24.13,28.9,51.99,15.9,38.44,20.28,48.23,14.57,17.42,19.44,18.01,33.97,20.61,26.13,19.54,18.58,12.27,33.15,22.32,23.44,18.01,18.06,19.33,35.86,10.92,16.01,25.82,14.02,18.18
2024-01-02,19.28,14.72,11.82,14.3,31.92,35.96,49.83,20.04,16.14,19.57,40.08,21.39,24.25,27.19,18.38,22.98,21.62,8.98,12.33,22.49,26.05,19.71,20.3,23.4,18.66,25.73,22.82,11.22,22.39,18.62,26.65,18.61,17.64,15.21,22.0,48.72,12.77,19.1,,19.61,28.42,25.76,25.45,25.73,16.21,14.47,10.64,39.19,21.82,23.13,14.09,11.27,13.01,25.37,23.26,11.58,23.86,35.78,13.77,12.59,20.06,15.56,24.48,22.35,20.08,19.76,26.02,14.91,42.75,26.75,28.78,48.74,26.47,29.5,53.16,16.75,36.21,20.66,49.44,15.6,22.07,20.03,20.14,32.74,20.93,25.1,21.21,20.46,12.15,33.28,22.74,31.01,16.33,16.58,18.41,35.66,10.98,18.98,26.01,14.26,20.54
2024-01-03,19.18,14.73,11.97,17.24,31.98,35.72,49.85,20.12,17.47,19.08,41.48,21.89,27.3,27.57,20.04,24.45,21.93,9.02,12.9,22.55,28.58,20.11,19.39,24.24,19.59,26.25,19.56,10.63,22.37,19.6,27.9,19.66,17.97,15.4,21.91,48.99,12.82,19.73,,19.53,29.3,24.34,24.07,26.92,17.81,16.86,11.04,37.54,23.19,25.02,14.21,11.66,13.0,24.98,27.54,11.74,25.95,35.77,12.86,13.16,20.33,15.46,23.77,20.96,20.12,19.64,27.96,13.97,41.7,26.5,27.1,48.8,27.17,28.03,53.23,16.74,35.96,20.71,38.33,14.83,23.52,19.84,19.53,34.73,22.05,26.52,21.06,23.56,12.17,36.26,23.42,29.99,16.43,16.65,18.42,37.51,10.64,18.31,26.77,14.25,20.67
2024-01-04,17.67,14.7,11.99,17.26,32.04,35.71,49.76,19.71,17.33,20.85,41.32,20.79,27.25,27.22,20.04,24.38,21.96,9.07,13.2,21.28,28.55,19.12,15.62,24.71,22.03,26.17,19.57,11.23,20.17,19.29,26.44,19.03,17.84,15.41,21.62,49.0,12.65,19.26,,19.67,28.76,25.07,24.99,25.05,17.77,16.54,11.16,37.26,23.41,24.79,14.21,11.58,13.09,24.85,27.67,11.12,25.83,35.18,12.86,13.67,20.04,14.62,23.55,19.71,20.14,20.2,27.08,13.79,41.4,26.32,27.23,48.89,27.2,27.07,53.26,16.84,36.77,16.44,38.78,14.64,23.94,19.73,18.27,34.6,22.15,26.49,17.57,23.6,12.04,35.96,24.12,29.84,16.54,16.38,17.95,37.48,10.83,18.1,26.06,14.52,19.6
2024-01-05,17.65,14.48,12.06,17.26,31.91,35.49,49.33,19.41,17.51,20.1,40.89,18.9,27.52,27.51,20.19,24.17,21.69,8.97,12.86,20.31,28.57,19.18,15.88,24.08,19.99,26.29,19.37,10.93,17.38,19.27,26.35,19.53,17.66,14.68,21.22,49.05,13.07,19.54,,20.65,28.96,24.96,24.88,25.0,18.05,16.8,11.53,36.48,23.05,24.84,13.38,10.15,13.1,24.59,27.71,11.0,25.51,35.11,12.84,14.16,19.96,14.69,23.63,19.5,17.05,19.84,26.41,13.34,41.1,23.79,26.15,48.71,27.33,26.42,52.94,17.74,36.83,16.74,32.0,13.24,23.76,19.74,17.27,34.56,21.1,26.47,17.67,24.27,11.85,35.94,23.84,27.61,17.32,16.55,18.17,37.26,10.8,19.4,26.13,14.14,18.87
2024-01-08,19.77,14.99,12.29,18.03,33.45,35.78,42.53,20.42,16.06,21.99,41.75,19.33,40.43,28.66,19.01,25.43,22.63,9.23,13.34,21.12,29.4,19.54,16.69,23.87,21.52,26.96,24.07,10.86,18.15,19.59,26.35,20.23,17.88,15.16,21.52,49.59,13.36,20.38,,19.66,29.84,18.26,18.12,25.27,18.99,16.04,12.06,38.28,24.07,26.2,12.9,10.43,13.6,25.13,28.17,11.14,27.18,37.12,13.18,14.82,20.34,16.46,22.6,20.01,17.75,18.37,26.44,14.87,42.23,24.56,27.67,50.28,29.52,33.5,54.74,17.71,37.73,17.02,34.53,13.81,23.8,19.23,18.44,34.99,21.62,27.04,17.82,24.98,12.12,36.81,25.04,28.4,17.72,16.6,18.63,37.81,11.52,19.43,26.03,13.75,19.94
2024-01-09,19.24,14.6,11.96,17.7,32.85,34.86,41.7,21.02,17.56,22.01,40.64,20.02,39.54,28.86,18.58,24.87,22.43,9.17,13.14,21.24,28.7,19.05,16.86,23.65,21.74,26.26,23.43,11.62,17.88,21.44,26.34,21.09,18.8,14.9,21.67,48.27,13.53,19.84,,20.49,29.21,18.35,18.29,25.48,18.72,15.82,11.95,37.63,23.73,25.51,12.57,11.08,13.28,24.52,27.44,11.07,26.47,36.34,12.83,14.53,19.81,16.08,22.15,19.48,17.31,17.89,26.93,14.51,42.12,24.69,27.15,48.95,28.76,32.88,53.31,17.81,36.83,16.6,33.95,13.98,23.2,18.75,18.33,34.69,21.11,26.37,17.5,24.37,11.87,36.7,24.4,28.92,17.33,17.11,18.14,37.26,11.23,19.42,26.04,13.46,19.96
2024-01-10,19.06,14.85,11.76,17.1,31.58,30.01,39.85,21.64,18.29,22.1,27.95,20.64,39.3,28.78,17.42,24.81,22.31,9.16,12.68,20.55,28.71,19.1,16.35,26.95,22.34,25.63,23.61,9.49,17.3,21.66,26.03,20.55,18.73,14.61,21.67,48.74,13.53,19.75,,21.76,29.26,17.42,17.58,25.68,20.71,12.1,11.72,35.57,22.65,42.05,12.56,11.1,13.11,23.73,25.71,10.85,26.58,32.89,13.29,14.37,19.99,16.08,22.68,19.74,18.87,17.93,27.26,15.53,40.78,24.69,27.12,48.14,29.68,32.08,53.07,17.2,37.16,16.59,35.38,13.69,21.96,18.69,17.33,35.15,21.09,26.59,16.21,24.28,10.76,36.28,24.07,31.26,16.92,16.95,18.21,37.31,11.27,18.34,26.11,13.89,20.27
2024-01-11,18.72,14.96,12.0,17.28,31.42,30.07,39.33,21.95,18.44,22.03,24.77,20.29,39.76,29.35,16.8,24.7,22.14,9.21,13.34,21.97,28.92,18.71,16.49,26.93,22.07,25.62,24.67,9.49,17.38,21.18,26.27,20.56,18.32,16.86,21.6,48.63,13.58,19.16,,21.81,29.69,16.99,17.34,25.91,20.75,12.02,11.59,35.15,22.29,42.14,12.76,11.3,13.2,16.94,25.75,11.02,26.43,33.15,12.8,14.13,19.95,16.17,21.5,19.52,19.35,18.15,27.75,15.38,40.91,26.51,28.7,48.8,29.75,31.65,23.19,17.2,37.91,16.61,35.11,13.8,21.96,18.55,17.34,35.21,21.57,26.59,21.11,24.29,10.64,37.47,23.84,31.8,16.92,17.49,18.83,37.77,10.66,21.45,26.01,13.95,19.43
2024-01-12,17.42,14.92,11.98,19.12,31.1,30.09,39.62,20.45,15.57,21.99,24.27,20.56,39.81,26.13,17.67,24.08,19.91,8.96,13.2,20.51,28.25,18.45,14.45,23.46,22.03,25.26,24.68,9.31,19.67,21.09,21.03,17.79,17.25,14.25,20.61,48.58,14.85,18.65,,20.09,30.09,16.99,17.3,24.38,18.25,11.71,13.94,35.4,20.26,41.52,12.89,11.91,13.3,8.05,25.08,13.45,24.2,33.15,12.54,13.01,19.59,14.72,21.64,19.24,18.76,16.71,27.06,15.67,40.72,19.66,25.92,48.3,29.76,31.8,22.78,15.52,27.84,15.44,34.14,12.72,21.48,16.66,17.52,33.85,17.46,24.35,21.77,20.08,10.4,39.19,22.48,31.51,20.5,16.64,18.54,34.2,9.99,21.79,27.38,12.86,19.72
2024-01-16,18.14,15.35,10.46,19.71,20.75,29.31,49.35,19.6,16.04,21.82,23.17,19.25,44.76,17.09,17.67,18.49,20.0,7.7,13.05,20.85,19.03,10.75,12.15,20.83,22.21,19.82,25.14,8.96,20.01,18.99,18.55,17.73,20.42,13.16,13.65,48.8,14.76,19.6,,18.97,18.89,17.18,17.58,14.32,16.73,13.35,14.21,35.38,20.14,42.28,13.2,10.9,12.25,8.2,20.32,13.04,18.16,29.89,11.55,10.83,15.51,14.05,23.71,17.35,19.29,16.22,21.92,12.48,41.35,19.12,26.73,50.14,21.78,33.76,18.15,13.76,27.32,11.92,34.18,13.42,20.54,13.97,18.16,22.96,16.75,15.86,21.76,20.44,7.82,34.57,16.9,32.04,18.77,14.11,15.87,25.49,8.59,20.96,18.27,11.96,19.28
2024-01-17,18.05,15.11,10.37,19.46,18.74,29.18,49.24,19.55,16.74,19.71,22.61,18.68,45.83,17.3,17.71,15.61,19.69,8.6,12.82,21.22,22.07,9.94,13.2,21.13,22.23,16.01,25.17,8.96,20.13,18.93,19.41,18.03,22.98,13.84,13.75,48.66,14.77,19.97,,18.2,19.07,15.71,16.2,14.1,16.62,12.85,14.4,36.11,19.21,42.56,13.23,10.99,12.04,8.04,20.73,12.61,18.39,30.09,10.53,10.19,15.55,14.34,21.9,17.77,18.97,16.53,22.51,12.55,41.86,22.71,24.41,50.09,21.68,33.46,17.32,13.05,27.05,10.8,33.73,13.75,20.72,14.29,18.38,22.08,16.77,18.06,21.72,20.62,8.0,34.86,16.99,32.22,19.05,14.08,15.74,24.88,8.7,21.5,17.92,11.42,19.05
2024-01-18,22.09,15.16,10.4,20.12,18.43,33.47,49.33,19.48,16.77,20.22,26.43,17.67,49.2,17.19,17.55,15.9,18.79,8.55,13.02,19.31,20.29,10.02,13.42,20.65,21.23,15.85,25.41,9.44,24.39,18.12,16.21,17.7,23.91,14.25,14.86,48.82,15.11,19.42,,18.23,18.86,16.29,16.72,12.72,16.71,13.67,14.08,35.67,20.52,43.62,13.15,9.88,11.96,7.59,21.23,12.77,18.19,33.68,10.84,10.91,15.76,14.16,22.31,17.76,18.96,16.54,21.6,12.96,42.27,22.43,23.73,49.57,23.26,33.22,18.43,13.03,22.84,11.09,33.54,13.8,25.67,11.89,19.02,21.81,17.25,17.54,21.48,19.9,7.76,33.21,19.84,33.59,19.91,14.33,16.65,25.16,8.66,21.41,17.33,12.14,18.1
2024-01-19,22.73,13.91,9.29,20.08,20.77,35.03,51.27,18.52,16.76,20.22,31.72,16.02,50.2,17.63,18.85,15.49,17.0,8.68,11.79,18.31,21.03,8.96,14.99,20.2,21.67,12.32,25.57,9.39,23.77,18.12,15.13,18.89,21.63,13.64,15.17,15.07,13.89,17.73,,17.29,21.13,17.28,17.57,12.88,16.7,13.46,16.25,36.39,21.28,41.3,10.02,10.7,8.88,5.58,19.76,11.95,17.74,35.63,10.24,12.81,12.22,11.76,22.84,15.53,16.04,15.37,22.95,12.79,39.8,20.33,23.43,50.03,21.57,31.95,16.66,12.41,21.76,9.31,32.12,11.89,29.03,10.68,15.62,19.32,15.41,17.39,21.64,19.03,6.41,31.39,23.23,32.1,21.16,12.48,12.87,27.3,7.69,21.2,21.97,11.27,17.39
2024-01-22,23.8,13.69,9.64,17.95,21.89,34.71,54.97,18.16,15.83,20.44,32.21,14.49,51.35,18.14,22.32,16.16,15.67,8.58,12.13,20.59,22.13,8.77,15.56,20.62,21.88,12.68,24.71,9.39,23.58,18.48,13.88,18.63,22.87,13.66,15.54,16.64,13.33,15.41,,45.64,19.95,17.1,17.41,13.41,18.43,13.08,16.69,35.31,22.17,41.98,9.91,10.9,9.09,4.87,20.07,11.59,18.01,35.47,10.3,13.37,10.95,10.96,23.36,14.48,16.56,15.58,22.55,13.5,27.92,20.9,23.86,22.63,21.82,32.45,16.32,12.33,20.41,9.34,36.91,11.72,29.58,10.19,16.08,18.13,15.78,17.26,22.33,19.13,7.24,28.79,23.67,33.13,22.78,12.26,13.62,26.93,7.01,21.82,22.81,10.91,17.61
2024-01-23,23.25,13.66,9.51,17.54,21.66,33.91,53.52,17.77,15.55,20.05,31.3,14.11,49.95,17.88,21.73,15.71,15.98,8.37,12.26,20.15,21.5,9.35,15.38,20.04,21.31,12.86,24.67,9.15,23.91,17.96,13.88,18.11,23.01,13.51,15.16,16.18,12.96,15.58,,44.65,19.39,16.7,17.03,14.04,19.07,13.29,16.25,34.67,21.72,41.32,11.85,10.98,8.92,4.96,19.7,19.53,18.81,34.58,10.14,13.08,12.08,10.77,22.76,45.15,16.1,15.16,22.66,13.16,28.21,20.78,23.69,22.87,21.24,31.66,16.59,13.34,19.9,16.92,36.35,11.64,28.75,20.96,16.1,17.9,15.33,16.84,23.04,18.78,7.47,28.33,23.08,32.27,22.24,11.92,13.64,26.26,6.87,30.67,22.65,10.6,17.86
2024-01-24,22.67,15.86,14.47,17.16,21.79,35.93,54.71,18.55,17.49,19.58,31.1,13.75,49.31,17.61,21.17,15.56,15.62,8.15,12.41,19.64,21.06,11.26,15.03,19.84,21.92,12.59,24.02,9.7,23.55,19.28,13.57,18.47,22.45,13.67,15.6,15.85,20.91,15.17,,43.46,19.52,16.57,16.9,13.72,18.93,13.93,15.87,33.76,21.15,40.34,11.78,11.06,10.61,7.45,19.18,19.99,19.24,34.25,9.89,12.73,12.17,13.01,22.42,44.83,16.31,15.53,22.52,12.97,27.53,20.28,42.66,22.45,20.92,31.2,17.5,13.69,19.41,17.37,37.36,11.81,27.99,20.47,15.69,17.46,15.24,16.63,25.29,19.85,8.68,27.6,24.38,31.65,21.69,11.69,15.51,26.0,6.7,31.69,22.21,11.82,18.68
2024-01-25,22.65,15.75,15.31,17.18,23.59,35.97,54.43,18.92,18.85,19.64,32.28,14.37,51.71,17.56,20.91,15.6,15.22,8.47,12.75,19.62,23.49,12.01,19.0,20.04,23.08,13.24,24.09,11.63,25.38,21.22,13.64,18.46,22.9,14.51,16.7,15.56,21.57,15.07,,43.56,20.17,17.87,18.11,14.05,19.3,14.16,34.79,28.47,21.3,40.44,11.76,11.89,10.62,7.8,19.84,19.85,19.55,34.27,10.09,13.41,12.19,13.54,22.42,45.88,16.53,15.51,22.55,12.93,27.78,21.13,43.59,22.45,20.92,31.3,17.45,13.6,20.17,18.79,37.15,11.83,27.76,20.83,15.81,17.35,16.27,16.62,27.22,19.91,8.48,49.28,24.38,33.74,25.68,11.41,17.09,25.71,6.71,32.26,22.14,12.67,20.86
2024-01-26,22.89,16.0,15.38,17.27,24.2,38.2,55.29,18.84,18.55,19.79,33.32,28.08,52.75,17.58,20.77,15.24,15.2,8.53,13.06,19.65,23.41,13.59,20.26,25.6,23.13,13.21,24.09,11.82,26.18,21.28,13.66,20.4,22.71,14.45,17.19,15.66,21.62,15.27,,43.63,20.19,17.2,17.59,14.5,19.74,14.0,35.74,52.82,21.21,40.46,11.77,11.92,10.65,7.71,19.8,19.85,19.54,36.48,10.12,14.62,12.29,13.74,22.4,45.73,16.47,15.48,22.13,12.97,28.17,21.27,43.63,23.78,20.92,32.04,17.49,13.87,19.96,18.76,37.04,11.58,29.44,21.11,15.84,17.39,16.28,16.75,27.24,20.69,8.37,48.1,25.26,33.26,26.75,11.45,16.87,25.73,9.68,32.03,22.19,12.62,20.99
2024-01-29,23.46,16.52,16.19,17.34,26.41,39.14,56.33,19.22,19.57,20.23,34.03,28.86,54.08,18.04,21.58,15.66,15.66,8.5,13.66,20.25,24.29,14.47,20.66,26.07,23.16,13.4,25.77,12.12,27.05,21.21,14.57,20.78,24.27,14.61,17.54,16.36,22.17,15.5,,44.69,20.69,17.36,17.75,15.04,20.16,14.57,36.68,54.42,22.44,41.48,12.11,12.13,11.09,7.96,20.25,20.03,20.06,37.09,10.39,14.88,12.69,14.15,22.38,46.79,17.12,15.86,22.72,13.82,28.82,22.83,44.27,24.01,22.35,32.76,17.97,14.23,20.3,19.18,40.98,12.43,30.19,21.77,16.6,17.44,16.21,16.62,27.93,22.06,8.07,53.45,26.3,33.2,27.38,13.98,17.6,26.4,12.12,33.38,22.67,12.89,20.71
2024-01-30,23.83,16.11,15.77,17.17,25.81,38.49,56.9,18.7,19.66,20.62,33.42,28.43,52.77,21.43,21.01,15.46,15.56,8.3,13.49,26.75,23.67,14.09,20.35,25.38,24.07,13.27,25.15,11.85,26.5,20.79,14.19,25.87,23.88,14.24,17.08,16.94,22.09,16.67,,43.53,33.63,17.89,18.47,15.85,19.65,15.23,35.72,53.2,22.15,40.57,11.9,13.63,10.82,8.05,19.81,19.93,20.23,36.54,10.56,14.81,12.52,14.11,22.02,45.54,16.68,15.46,22.59,13.7,30.75,22.26,44.52,23.44,21.92,31.99,17.49,14.23,20.49,18.74,40.54,12.12,30.86,21.2,16.22,17.4,15.78,17.32,27.62,22.04,8.54,52.39,26.14,32.4,26.65,13.79,34.95,25.91,12.32,32.51,22.73,12.55,20.85
2024-01-31,24.08,15.87,15.45,18.56,25.99,37.78,56.66,18.33,19.25,22.09,33.94,28.68,56.1,22.52,21.01,15.3,15.5,8.52,13.9,27.11,23.77,13.78,19.93,26.42,24.32,13.53,26.34,18.66,26.05,21.25,14.11,26.51,23.69,13.94,19.82,16.77,22.21,16.93,,42.44,33.13,32.88,33.63,15.67,19.69,15.96,36.29,52.01,23.59,39.56,11.6,14.02,10.88,8.22,19.36,19.45,19.84,36.04,10.56,14.59,13.51,13.81,24.03,44.48,16.53,15.7,22.02,17.24,30.03,21.96,43.43,24.28,24.0,33.08,19.27,14.04,20.03,18.39,41.68,12.2,30.63,20.67,16.2,18.27,15.46,16.92,27.0,28.53,8.4,51.17,25.71,33.02,26.73,14.02,34.63,29.23,13.41,31.86,23.41,12.33,21.7
2024-02-01,21.11,13.69,15.79,18.82,24.06,33.55,51.04,18.38,19.31,23.05,32.35,28.84,55.39,22.91,20.5,15.59,11.14,9.32,13.19,25.4,24.72,15.04,19.93,26.44,23.72,12.74,24.01,18.66,24.28,21.27,14.07,27.03,23.83,15.46,21.05,16.85,22.21,17.43,,41.13,33.13,32.74,33.47,15.48,20.65,17.85,35.89,49.81,19.83,38.64,9.17,13.63,12.86,8.89,19.98,19.22,22.57,31.8,12.18,15.97,13.12,13.83,22.1,44.99,18.72,17.73,21.75,16.68,27.05,22.5,40.17,23.67,21.19,30.32,21.1,14.16,16.18,18.25,40.44,14.51,33.93,20.61,13.91,18.11,15.83,17.04,26.22,28.47,8.15,51.54,25.66,26.62,25.17,15.57,34.51,28.97,13.64,30.6,24.73,13.27,20.2
2024-02-02,21.02,13.75,17.66,15.42,23.24,32.52,50.61,18.42,19.96,33.7,30.86,28.62,54.79,22.6,18.91,13.95,11.04,9.53,13.14,25.22,22.88,16.05,23.82,26.48,22.32,11.86,22.66,18.45,24.36,22.67,12.45,26.12,23.7,15.99,20.65,15.79,22.11,16.13,,41.29,31.84,32.74,33.55,14.71,19.42,16.54,35.76,49.86,18.07,36.72,9.53,13.6,13.16,8.95,15.01,19.01,19.81,30.81,11.57,15.68,12.69,14.1,65.42,44.75,18.91,17.55,20.89,17.28,27.17,23.96,40.43,22.55,19.54,31.26,19.77,14.23,16.48,18.31,41.47,14.52,33.21,20.7,13.88,16.4,16.63,15.89,26.68,26.42,8.29,50.58,25.25,26.83,25.22,15.39,34.51,27.69,13.47,30.94,24.44,13.34,20.01
2024-02-05,21.13,14.74,17.63,16.02,23.47,32.67,53.08,18.93,20.98,32.79,31.07,29.38,55.33,22.35,20.05,14.4,11.23,9.78,12.83,26.7,24.01,16.55,23.53,26.39,20.86,11.88,22.91,19.29,24.34,22.88,13.61,26.38,23.87,16.68,21.13,16.67,22.29,16.32,,41.81,34.56,32.94,33.61,15.42,19.76,17.54,36.83,51.22,18.09,37.53,9.73,13.74,13.78,10.74,23.82,19.64,20.35,31.23,12.59,20.68,15.21,14.76,69.28,45.95,20.68,17.25,21.22,18.35,27.78,27.36,41.6,22.67,19.56,33.74,20.13,13.19,14.74,18.29,42.53,15.56,34.17,21.08,14.14,16.67,18.31,16.44,26.74,26.18,8.14,52.39,25.45,26.61,25.62,15.85,35.23,27.79,14.12,32.04,24.46,12.71,20.31
2024-02-06,20.73,14.67,18.55,17.13,27.35,32.66,54.4,19.9,21.35,32.37,31.5,28.7,54.31,21.82,19.56,14.19,15.23,9.7,12.59,26.05,23.4,16.31,23.32,25.86,21.16,11.69,22.91,19.12,25.07,22.3,13.6,25.8,24.7,16.26,20.9,16.98,21.81,16.01,,41.19,33.71,32.1,32.76,15.15,19.27,17.22,35.98,49.98,18.16,36.64,11.0,13.43,13.45,16.72,23.4,19.96,19.83,31.88,12.34,20.2,14.86,14.8,68.02,45.26,20.18,16.83,20.78,17.98,28.98,26.89,41.11,24.44,19.95,34.86,20.37,12.88,19.68,17.83,101.12,15.18,33.31,20.58,18.09,16.31,17.99,23.22,26.22,25.96,8.19,52.54,24.81,26.28,25.78,15.96,39.21,27.13,13.77,31.38,23.99,12.44,19.96
2024-02-07,19.15,14.52,18.13,16.95,26.2,32.52,52.11,29.3,21.5,31.63,31.77,29.0,47.44,21.81,19.69,13.0,15.49,9.62,12.73,25.97,23.32,16.28,26.01,25.67,20.6,11.97,19.85,18.97,27.74,22.18,13.61,25.33,24.75,16.0,40.43,16.8,21.79,15.49,,43.2,33.62,31.37,32.08,15.06,19.59,17.28,35.96,48.2,17.91,36.47,10.93,13.41,13.2,16.7,24.57,20.12,19.23,30.6,12.29,20.16,14.99,12.79,68.34,45.22,19.91,16.81,20.68,18.21,28.4,26.22,40.73,24.2,18.56,30.82,20.25,12.88,19.62,17.77,102.93,14.52,33.11,20.73,17.68,16.33,17.61,22.89,26.69,25.87,8.4,52.59,23.53,25.8,26.64,16.04,39.26,26.99,13.67,32.01,24.05,12.42,19.03
2024-02-08,19.26,14.64,18.34,16.91,26.1,32.57,52.18,29.11,20.9,31.67,31.85,28.31,47.4,21.19,22.5,12.97,15.35,9.56,12.56,25.76,23.52,16.28,28.92,25.82,20.52,11.9,19.92,18.64,27.97,20.29,13.06,24.42,42.74,18.79,40.68,16.73,21.3,15.49,,41.79,33.56,31.06,31.74,14.39,19.42,17.25,35.7,48.19,18.09,37.1,11.34,13.13,13.22,16.84,24.51,20.16,19.38,30.58,12.98,20.93,15.0,13.41,68.23,45.1,19.93,17.1,20.21,18.27,27.56,26.02,40.58,24.0,18.62,31.61,19.84,12.84,19.61,17.91,102.44,16.77,33.41,21.18,18.21,16.01,17.65,22.93,28.68,25.89,8.56,52.97,23.85,25.44,26.6,15.13,39.35,27.42,14.52,32.15,23.69,12.41,19.21
2024-02-09,19.22,14.23,17.63,16.95,26.61,38.08,52.19,29.26,20.8,32.35,31.67,27.75,47.2,21.19,24.17,13.05,17.15,9.52,12.57,25.63,24.52,16.68,29.83,23.17,21.71,11.91,19.98,18.53,28.41,21.43,13.56,24.81,43.7,18.85,40.7,15.88,21.26,15.45,,41.64,33.46,31.64,32.35,14.31,16.6,17.43,35.72,48.86,18.13,17.38,11.37,13.13,13.24,17.32,24.52,20.17,18.95,34.31,12.6,20.75,16.56,14.06,67.95,45.12,18.92,17.62,20.27,18.02,27.28,26.06,40.23,23.87,18.14,32.39,19.96,18.41,19.15,18.3,102.76,16.55,33.76,21.39,18.28,16.54,17.65,23.1,28.64,25.87,9.05,54.04,24.33,24.28,26.61,15.05,39.2,27.41,14.49,32.21,23.73,11.97,20.48
2024-02-12,19.98,14.5,18.19,16.35,28.79,38.9,53.16,30.01,21.15,33.63,33.24,27.21,47.36,21.62,23.94,13.17,17.32,9.7,11.5,25.15,24.89,17.08,30.92,23.94,22.14,11.63,19.7,18.97,27.36,21.61,15.35,24.89,44.75,17.82,41.77,16.34,20.91,15.79,,42.19,33.33,32.72,33.44,16.11,17.08,18.59,36.33,50.53,18.66,18.8,11.54,12.95,12.92,17.64,25.44,18.67,22.48,35.3,12.66,21.28,16.91,14.32,69.63,46.98,19.13,17.98,20.94,19.32,27.27,26.44,40.71,24.89,22.56,32.97,20.38,19.62,17.94,18.82,104.94,17.15,34.71,21.35,19.53,18.08,18.55,23.25,25.34,26.63,8.96,54.39,24.85,26.78,24.42,15.1,40.35,28.82,15.0,30.52,21.73,12.27,21.06
2024-02-13,19.89,14.15,18.06,16.69,28.72,40.23,51.93,29.52,21.11,34.1,32.94,27.4,46.76,23.12,23.92,16.54,18.33,9.94,11.94,25.82,26.83,16.68,30.74,25.99,21.97,12.36,20.99,18.63,26.89,21.43,17.59,25.91,43.62,17.61,40.71,19.53,20.76,15.61,,41.15,34.15,32.47,33.18,20.48,18.47,18.96,36.05,49.59,21.38,18.72,11.54,13.15,12.73,17.49,24.8,18.2,23.22,35.56,12.35,20.9,18.04,15.05,68.66,46.06,18.8,17.54,23.36,20.74,32.08,28.92,39.91,25.38,23.19,32.59,21.4,19.52,19.38,18.55,104.55,16.85,34.89,21.03,20.15,20.07,18.38,23.23,24.88,26.5,8.75,53.25,25.82,26.19,23.8,15.06,39.62,29.59,14.62,29.75,21.89,12.4,20.83
2024-02-14,19.48,13.86,17.81,17.8,28.07,40.07,51.93,28.81,20.69,33.43,32.16,26.74,45.64,22.9,23.43,16.54,17.97,9.7,11.82,26.3,26.34,16.28,30.05,25.57,21.48,12.43,22.36,18.74,26.26,20.92,17.94,26.46,42.57,17.18,39.88,19.12,20.31,18.05,,40.16,33.34,31.72,32.42,19.99,18.03,18.62,35.24,49.29,22.78,18.37,11.3,13.17,12.42,17.13,24.65,18.55,22.72,35.23,12.27,20.46,17.77,14.72,67.29,44.98,18.44,17.12,22.82,20.4,31.34,28.9,41.02,25.13,23.67,32.02,20.89,19.26,19.08,18.22,102.56,16.49,34.88,20.64,19.67,19.72,18.1,22.7,24.28,26.59,8.54,53.19,25.37,51.83,23.23,15.74,38.66,29.43,14.34,29.04,21.42,12.25,20.43
2024-02-15,19.01,13.81,18.49,17.63,29.25,40.0,45.8,28.77,20.94,33.32,32.18,26.37,36.13,23.39,23.41,17.11,18.36,10.0,11.4,26.58,26.28,16.1,30.06,25.61,19.81,12.3,21.98,20.39,25.99,21.5,25.5,26.45,41.99,19.23,39.15,18.63,19.14,16.79,,40.36,33.59,32.66,33.34,20.92,18.05,18.66,35.5,49.29,22.15,18.38,11.95,14.42,12.28,18.66,23.7,19.17,22.7,35.35,12.5,20.78,17.79,15.19,66.57,45.64,18.3,17.09,19.18,20.64,29.85,30.07,39.97,22.33,24.46,33.07,21.58,19.13,19.42,18.18,101.99,16.39,35.01,20.18,19.82,21.09,18.02,25.71,24.45,26.54,8.45,57.76,26.14,52.15,23.33,15.44,39.06,30.21,14.72,28.61,31.01,12.26,20.64
2024-02-16,19.15,13.81,18.52,17.83,39.07,43.5,46.33,29.29,20.8,33.02,32.56,26.37,35.99,22.98,23.65,17.12,18.61,9.08,10.83,26.4,23.27,16.05,29.84,25.09,19.5,12.35,22.24,20.7,26.01,21.35,25.12,25.99,40.21,18.93,38.79,18.63,19.12,15.91,,40.51,33.43,32.95,33.7,20.7,17.85,18.7,35.3,48.97,22.62,18.05,11.95,14.37,12.28,18.7,24.15,19.27,22.46,34.71,12.87,20.78,17.75,15.13,67.54,45.6,18.23,17.1,18.23,20.78,30.66,27.77,40.74,23.78,25.62,32.78,22.2,19.4,19.38,18.18,103.5,16.61,35.62,20.38,19.47,20.57,17.98,24.49,24.6,26.48,8.29,57.49,25.98,54.33,23.01,16.63,39.81,29.82,15.18,28.32,30.99,12.1,20.34
2024-02-20,14.55,14.74,20.48,18.22,38.15,46.29,44.11,29.57,21.6,34.27,25.53,26.39,33.11,23.17,22.76,16.68,19.05,8.74,10.75,26.95,25.95,16.88,29.92,24.25,20.0,12.24,21.8,20.36,22.35,21.56,25.5,26.35,42.19,19.17,40.12,18.9,19.26,16.55,,41.21,32.83,32.45,33.33,20.67,17.66,18.99,36.59,49.28,22.78,13.81,12.44,13.83,14.59,19.27,28.49,19.46,23.06,31.87,18.5,19.5,19.08,16.61,69.22,46.33,18.51,17.68,18.35,20.68,28.7,28.26,42.32,24.25,25.59,36.93,23.4,20.16,19.69,18.25,108.04,16.76,30.13,20.89,19.01,20.36,18.26,25.24,24.67,26.52,9.17,59.5,20.61,56.41,20.88,16.79,40.47,25.47,15.93,28.87,29.7,15.32,21.25
2024-02-21,13.78,14.91,20.66,18.0,38.06,46.28,42.54,29.32,21.57,34.22,25.41,26.84,33.16,23.25,19.73,16.19,19.97,8.68,10.73,25.85,25.92,16.98,29.87,25.04,22.37,12.25,22.11,20.28,22.41,21.61,25.36,26.51,42.67,19.6,40.03,18.05,19.41,16.51,,21.9,32.73,32.78,33.58,20.66,16.73,19.01,37.49,49.73,22.84,13.97,12.46,13.83,14.73,19.23,29.43,19.76,23.24,31.84,19.1,19.47,19.25,16.62,69.29,46.26,18.56,17.7,18.29,20.59,27.87,28.32,42.5,24.56,25.64,39.0,23.35,20.08,19.72,18.47,108.43,17.23,30.05,21.04,19.56,20.56,18.66,25.35,24.6,26.68,10.12,59.43,20.7,56.22,19.95,16.88,40.2,25.53,16.03,29.19,30.02,16.27,21.97
2024-02-22,14.26,14.67,20.81,20.51,38.03,48.22,55.48,29.51,21.51,35.84,33.04,26.96,32.83,23.22,23.69,16.47,19.82,8.62,11.02,25.9,26.15,16.74,29.7,25.11,22.53,12.62,24.55,20.22,21.86,21.51,25.06,26.53,42.13,19.68,39.92,18.61,19.33,15.88,,21.06,32.77,32.92,33.72,20.11,16.62,18.85,38.28,49.3,24.95,15.24,11.71,13.7,14.71,19.78,30.26,13.78,22.08,34.87,20.86,19.53,18.3,16.94,69.97,23.41,18.92,17.8,17.89,21.96,33.6,28.24,42.93,24.26,27.46,63.83,24.52,19.46,19.69,12.77,108.26,17.29,30.68,11.14,19.08,20.66,18.79,25.41,24.64,27.03,10.08,59.69,21.03,56.21,20.09,17.31,40.22,25.93,18.03,18.28,30.06,16.43,21.88
2024-02-23,14.49,12.28,17.54,21.2,39.23,47.21,53.06,29.83,20.11,35.86,32.42,26.94,32.4,23.32,45.59,16.08,19.9,8.6,10.75,25.88,26.14,15.24,29.71,25.0,22.17,12.51,24.62,20.33,21.31,21.04,26.54,25.59,42.04,19.5,39.29,18.58,11.85,15.68,,21.62,31.92,32.62,33.42,20.03,15.97,18.07,38.3,49.22,24.95,15.1,11.82,13.59,13.37,18.35,30.43,12.43,20.65,35.3,20.82,19.67,18.18,15.77,70.17,20.93,18.36,17.32,17.81,21.84,33.5,28.17,26.69,23.84,27.11,63.76,23.4,19.09,19.87,11.69,107.87,16.97,30.62,11.27,19.12,20.53,18.65,25.41,22.8,26.05,9.43,60.32,19.63,55.9,19.99,17.32,39.65,25.51,18.05,16.6,30.09,15.15,21.72
2024-02-26,14.79,12.21,17.64,21.56,39.01,46.42,53.93,29.82,19.15,36.84,31.22,15.18,25.01,23.83,46.74,16.76,21.55,8.36,13.39,26.82,24.36,13.84,26.17,19.47,21.63,11.84,26.5,19.3,18.48,20.12,26.59,25.43,43.11,20.85,39.48,18.4,10.68,15.82,,21.67,32.6,35.72,36.45,19.74,15.82,18.0,21.57,22.64,25.53,15.09,12.39,13.34,14.09,19.19,30.35,12.81,21.39,33.35,21.16,18.8,18.4,17.27,72.12,18.82,19.15,17.84,18.48,22.48,36.69,28.7,24.98,23.96,28.03,64.94,24.0,19.57,21.02,9.66,109.69,17.9,30.33,9.78,20.37,20.97,19.75,25.93,20.85,26.13,9.63,42.39,18.07,56.35,12.56,18.81,39.9,26.24,17.05,16.17,30.8,15.85,20.47
2024-02-27,14.91,11.95,17.22,21.01,38.17,45.48,52.72,30.23,18.7,36.13,30.82,14.8,24.45,24.19,45.6,16.57,21.01,8.18,13.11,26.18,23.76,13.5,25.61,20.03,21.25,11.67,25.93,18.82,18.08,20.49,25.94,24.97,42.16,20.38,38.54,17.97,10.41,16.09,,21.2,31.8,35.2,35.88,19.24,15.69,17.61,21.08,22.15,24.99,14.87,12.07,13.04,13.96,18.79,30.27,12.53,21.33,32.87,20.66,18.81,17.94,16.88,70.3,18.48,18.72,17.4,18.01,21.91,36.84,28.19,25.52,23.42,27.94,63.6,23.47,19.08,20.79,9.72,107.19,17.47,29.64,9.65,19.87,21.02,19.32,25.28,21.04,25.5,9.48,41.32,17.65,54.94,15.0,18.33,39.0,26.1,16.77,16.09,30.16,15.53,19.98
2024-02-28,14.98,12.17,16.88,20.92,36.49,47.15,52.79,30.0,22.97,36.03,30.85,14.67,26.35,24.14,45.5,16.97,21.15,7.8,12.83,26.53,23.57,12.87,25.61,20.14,21.18,11.43,24.33,18.67,18.85,20.48,26.02,24.97,41.85,20.38,38.67,18.04,10.37,15.83,,21.19,31.84,35.3,35.86,19.55,15.7,17.44,21.09,22.78,24.99,14.4,12.09,13.06,13.83,19.09,30.92,12.52,21.47,33.18,20.72,18.88,17.66,16.37,70.47,18.59,18.53,17.71,18.19,21.34,37.7,27.27,25.68,23.32,26.81,64.05,23.39,19.21,20.91,9.8,107.09,17.15,29.79,9.77,20.03,21.03,19.43,25.24,21.27,24.93,9.49,39.21,17.64,55.21,18.4,17.37,38.95,25.92,15.56,16.14,30.21,15.57,19.99
2024-02-29,13.68,13.19,17.61,21.07,37.24,46.7,59.34,29.93,23.97,35.91,30.66,14.01,25.62,21.37,45.56,16.57,20.86,7.76,13.04,18.76,23.79,12.97,26.04,20.14,19.8,11.63,26.13,19.0,19.24,20.42,26.07,20.26,41.63,20.94,38.63,18.17,9.4,15.08,,21.24,20.03,36.08,36.44,19.26,15.8,17.17,21.05,23.45,24.86,14.3,12.0,11.71,14.0,19.42,31.14,12.2,21.34,32.92,21.02,18.74,17.3,16.34,70.35,18.74,18.54,18.1,17.82,21.9,35.78,27.35,24.24,23.35,27.43,64.08,23.33,18.94,21.01,9.81,106.24,17.21,28.3,9.61,21.22,21.65,19.61,24.69,20.36,24.33,8.94,39.22,18.9,55.35,18.65,17.33,24.67,26.55,15.65,15.53,30.17,17.18,19.18
2024-03-01,12.2,13.71,17.53,20.36,37.93,47.36,60.24,31.62,24.43,34.3,37.45,11.96,18.68,19.83,45.45,16.06,20.41,7.38,12.72,17.92,22.78,12.97,26.05,18.34,19.21,10.96,25.33,13.59,19.25,19.23,26.31,18.77,41.25,21.11,36.05,18.12,8.06,13.46,,21.37,19.45,25.12,24.88,19.07,15.02,16.1,20.2,24.2,22.9,17.76,12.05,10.94,14.09,18.98,32.66,12.15,21.09,34.91,20.91,18.69,16.97,16.15,69.35,18.09,18.26,17.83,17.89,19.4,39.1,27.21,25.58,22.24,25.85,63.75,23.01,18.88,21.0,9.77,104.52,16.9,29.73,9.39,21.88,19.86,19.6,24.9,20.06,15.91,8.85,38.14,19.49,54.21,17.74,16.77,23.17,22.49,14.65,15.73,29.33,17.09,18.18
2024-03-04,14.08,13.69,15.77,19.96,37.75,48.84,60.57,29.31,23.69,22.45,38.04,11.33,19.21,20.98,46.45,17.74,20.82,6.09,13.2,18.69,21.11,8.42,24.84,18.13,21.29,10.89,26.33,15.15,19.18,19.47,27.05,17.96,42.33,20.59,36.62,18.58,8.17,13.06,,21.5,20.0,27.14,26.7,19.58,14.55,13.62,21.51,27.4,23.31,17.7,12.7,11.02,11.08,19.4,33.15,12.78,19.65,36.09,20.79,17.91,16.05,17.69,30.11,17.14,15.3,12.12,23.24,18.25,40.0,25.26,26.26,24.02,25.98,64.51,20.18,18.08,22.78,8.66,108.8,14.32,22.75,8.59,22.53,20.24,18.49,25.15,18.88,14.47,8.5,47.84,19.79,55.35,18.42,15.46,24.18,24.68,14.82,15.96,28.47,16.66,19.29
2024-03-05,16.41,13.74,16.39,20.58,38.84,48.17,59.11,28.59,23.21,23.1,40.94,11.66,18.8,20.49,45.35,17.78,20.97,6.19,13.17,18.22,21.59,8.25,24.4,18.11,20.81,10.64,32.31,14.79,18.72,19.07,26.59,17.78,41.59,20.13,35.95,18.27,8.21,16.0,,21.46,19.77,26.45,26.03,19.14,14.46,13.77,21.16,33.58,27.76,21.26,12.38,10.99,10.9,19.03,33.68,12.46,19.48,36.03,20.29,17.59,15.77,17.3,30.04,17.46,15.12,12.21,23.01,20.7,39.52,24.87,28.02,23.78,30.12,62.89,21.77,18.82,22.43,8.47,106.46,14.04,26.06,8.41,22.46,19.75,18.06,25.65,20.31,14.13,9.76,48.66,19.93,55.41,18.73,15.07,23.82,24.33,14.54,15.59,27.88,16.6,19.15
2024-03-06,15.61,13.3,16.28,20.66,38.87,48.31,58.67,28.67,21.52,22.9,40.76,11.58,18.35,19.52,44.8,17.71,21.83,6.34,13.37,17.74,20.73,7.89,24.46,18.45,20.78,11.69,32.63,14.21,18.6,19.27,26.14,17.92,42.9,20.59,35.61,17.08,8.22,16.04,,21.47,17.08,26.09,25.71,18.6,14.12,13.37,21.49,35.16,28.33,21.26,12.3,10.85,10.56,17.28,28.63,11.81,19.09,36.19,20.19,11.09,15.4,17.56,27.39,15.45,18.8,12.59,26.43,20.18,39.6,21.08,27.93,23.65,30.04,62.05,22.18,19.02,26.5,8.48,109.01,13.33,28.25,8.38,22.46,19.24,16.46,25.58,20.27,14.41,10.12,47.64,19.88,55.53,18.33,15.39,22.92,23.24,14.4,14.83,27.26,16.44,19.23
2024-03-07,14.91,12.99,15.42,20.31,38.58,47.6,56.28,28.46,21.61,23.53,42.01,13.31,18.4,19.51,45.24,17.68,20.52,6.05,13.31,17.72,21.1,8.2,24.45,18.84,20.36,12.26,32.51,13.86,17.56,19.45,27.45,17.72,42.25,20.63,35.63,16.77,7.94,20.01,,21.57,18.8,27.31,27.24,18.59,14.25,13.68,21.46,37.09,28.16,21.01,11.44,11.71,10.57,13.52,28.58,11.6,19.05,34.91,20.34,11.21,15.54,17.05,28.56,14.99,18.8,12.42,26.5,21.09,39.15,21.5,27.91,21.2,32.74,62.13,23.21,18.96,24.08,8.62,61.65,13.44,31.01,8.49,18.92,18.77,16.7,20.68,20.3,13.96,12.0,47.14,20.43,55.28,18.07,15.04,16.75,23.22,14.65,15.01,26.87,16.57,19.2
2024-03-08,15.74,13.24,15.11,22.14,38.0,50.05,57.15,18.68,21.72,23.69,49.37,12.56,18.7,19.58,44.71,17.59,19.71,5.79,12.92,17.86,21.19,8.27,22.58,18.85,20.24,31.41,32.48,14.53,14.26,19.49,27.38,17.55,42.21,20.64,12.82,16.93,7.88,19.99,,17.12,17.88,27.26,27.11,18.6,13.68,14.26,21.57,41.15,27.88,20.98,11.49,11.71,10.58,14.06,28.83,11.56,18.63,38.38,20.35,10.91,16.19,16.95,27.5,15.7,18.6,12.27,26.73,19.88,39.84,23.43,28.13,21.08,32.42,66.67,23.15,18.96,24.79,8.65,57.11,14.11,33.85,8.52,18.95,19.92,16.53,20.75,19.88,12.52,11.98,47.16,21.8,55.51,16.58,15.23,16.6,23.11,14.45,14.01,26.93,16.64,19.3
2024-03-11,16.92,13.45,15.04,23.06,38.74,47.36,61.23,19.09,22.36,23.4,50.62,13.93,21.27,19.93,43.33,18.82,19.25,5.93,13.29,17.94,21.31,7.25,18.69,19.24,19.16,32.65,33.15,15.71,13.24,18.74,27.85,17.32,18.96,17.43,11.24,18.55,8.04,21.22,,17.24,18.27,27.74,27.24,19.01,14.17,14.46,23.37,42.14,27.92,24.3,11.55,11.76,11.52,13.89,32.29,11.51,18.94,36.25,20.61,9.49,15.17,16.29,33.07,15.77,19.87,12.21,27.37,19.48,43.03,23.98,29.03,22.7,32.08,68.38,24.48,14.28,29.48,8.54,58.19,11.74,34.36,7.88,18.1,20.17,17.21,20.67,17.32,12.53,11.9,47.69,22.14,57.1,20.02,15.69,16.23,23.35,14.2,14.73,27.0,17.09,16.92
2024-03-12,16.68,13.26,14.66,23.42,40.05,46.39,59.9,18.75,22.45,23.88,49.34,13.96,24.87,19.44,42.24,18.38,18.8,5.78,12.96,17.51,20.81,7.23,18.54,19.19,18.73,33.71,32.31,15.35,13.31,18.28,27.21,16.88,18.48,17.45,11.11,18.12,7.98,20.72,,16.87,18.11,27.2,26.77,18.6,14.01,14.33,24.98,41.14,27.96,25.67,11.56,11.57,11.31,13.55,32.93,11.22,18.56,36.14,20.22,9.3,15.09,15.9,33.99,22.4,19.46,11.9,26.68,21.34,42.85,23.88,28.67,22.28,35.1,69.86,45.6,13.92,29.16,8.33,57.54,11.44,33.53,9.64,17.78,19.93,17.05,20.19,17.17,12.51,11.89,46.49,21.58,55.7,19.54,15.38,16.49,23.09,14.37,14.36,26.32,16.93,16.88
2024-03-13,16.83,13.26,14.92,23.08,39.38,47.25,62.07,18.11,22.07,23.54,49.98,13.92,24.79,18.93,42.04,18.47,22.7,5.58,13.14,17.46,20.73,7.23,18.07,18.39,19.91,33.74,31.9,15.32,12.39,18.66,26.79,16.32,18.33,17.23,10.99,18.04,7.91,20.85,,16.93,19.25,27.39,27.02,17.4,14.36,13.73,25.12,43.91,28.25,25.73,12.16,11.66,11.76,13.43,32.89,11.21,15.95,37.36,20.28,16.91,14.98,16.15,34.23,27.77,19.31,11.95,27.88,20.88,45.05,27.13,28.54,20.62,33.77,70.23,45.99,12.48,29.24,8.25,56.9,11.26,34.89,9.62,16.9,19.32,15.86,19.88,16.81,12.46,11.85,48.07,21.9,54.66,19.54,15.35,17.91,22.12,14.22,14.02,26.16,17.04,16.7
2024-03-14,17.4,13.4,14.96,22.53,39.1,45.78,64.09,18.34,21.86,22.29,49.85,13.71,24.01,16.46,42.01,16.71,21.12,4.71,12.89,15.92,17.53,8.36,17.27,15.22,19.84,33.48,30.76,15.28,13.7,18.57,25.23,14.47,18.09,16.74,11.02,12.53,7.16,23.19,,16.96,18.77,28.53,27.96,12.03,12.33,13.73,25.42,43.53,26.43,25.56,12.52,13.27,11.56,12.79,32.83,11.08,14.67,36.78,20.39,16.75,13.4,15.16,33.54,26.63,19.83,12.1,24.84,20.88,42.42,22.26,28.3,19.81,33.23,71.76,45.28,12.07,27.7,8.2,55.46,12.1,33.88,10.37,16.02,16.41,15.51,19.78,17.05,12.16,12.17,49.44,19.59,54.8,19.6,15.82,16.65,21.77,14.25,14.66,25.59,16.7,16.82
2024-03-15,17.4,15.06,18.5,21.6,63.35,45.0,63.02,18.49,22.25,23.81,50.31,14.21,24.45,16.78,42.91,16.83,21.24,4.67,12.55,14.48,17.68,8.38,17.25,18.05,19.85,33.45,31.54,15.71,14.37,18.6,24.88,12.81,17.78,16.77,10.11,13.28,6.9,21.43,,16.98,21.67,28.87,28.2,12.1,12.64,13.83,25.91,42.64,27.67,27.52,12.64,13.43,12.22,14.28,32.19,8.04,14.68,36.28,20.41,16.93,13.17,15.56,32.87,26.77,20.41,12.49,25.11,22.16,42.7,22.06,25.0,19.13,35.88,71.64,45.3,11.78,27.84,7.99,54.34,12.08,33.36,10.82,16.87,16.45,15.62,19.74,17.06,11.18,12.42,48.38,19.62,27.43,19.7,14.66,16.57,21.58,14.9,14.84,25.66,16.85,16.63
2024-03-18,18.03,14.8,20.79,22.15,62.0,40.78,64.04,18.26,22.44,24.23,51.33,14.82,24.69,15.45,44.23,16.29,22.32,4.08,12.05,13.64,17.36,8.51,16.83,18.16,19.79,34.41,32.82,12.93,14.57,15.13,15.08,13.32,18.76,15.33,10.35,13.58,7.43,21.87,,14.81,21.38,32.02,31.61,10.8,12.92,13.11,25.9,43.57,27.95,28.36,12.51,12.16,12.58,13.17,31.16,7.97,14.92,37.38,20.38,16.54,13.65,15.25,32.91,26.55,20.86,11.79,24.85,22.37,41.91,21.41,24.34,18.12,36.49,72.81,45.68,18.18,28.27,7.77,54.65,12.48,32.84,10.56,17.58,14.62,14.86,15.92,17.64,11.9,12.54,49.66,21.05,22.56,19.89,13.94,15.2,20.49,14.47,15.23,12.41,17.26,14.69
2024-03-19,18.42,14.58,20.41,22.12,60.72,39.76,65.18,17.9,21.88,23.73,50.03,14.46,24.51,15.08,43.63,15.9,21.77,4.04,12.05,13.29,16.93,8.36,16.5,17.77,19.61,33.54,31.99,12.67,14.35,14.98,15.34,13.32,18.36,14.94,10.08,13.69,7.54,21.87,,14.43,21.4,31.28,30.9,11.17,14.11,13.37,25.38,42.77,27.4,27.75,12.26,11.88,12.26,12.87,30.78,8.22,15.43,36.5,20.14,17.21,14.11,15.0,32.1,25.89,20.35,11.86,24.27,21.99,40.9,21.5,23.73,18.36,35.58,70.96,44.54,17.73,27.58,7.63,53.33,12.39,32.88,11.26,17.34,14.82,14.83,16.13,17.44,11.61,12.27,48.47,21.37,23.04,20.16,13.78,15.13,20.13,14.3,14.85,13.71,16.87,14.36
2024-03-20,18.8,15.71,20.51,21.66,59.26,39.26,63.73,17.62,21.77,23.45,50.21,16.57,27.76,15.78,43.29,16.72,21.24,3.96,12.23,14.33,16.54,8.56,16.11,21.09,19.24,32.95,31.54,12.63,14.5,15.35,14.99,13.34,18.68,14.59,9.95,13.71,7.88,21.4,,14.23,22.97,30.71,30.32,12.66,14.23,13.48,24.78,41.78,26.94,27.09,12.0,12.01,12.24,12.62,30.04,8.23,15.56,36.18,19.78,16.95,13.89,14.64,31.81,26.1,19.87,12.67,25.98,21.59,40.27,21.32,23.32,17.98,35.06,69.25,43.53,17.31,26.93,7.45,53.24,12.14,32.65,11.02,17.38,15.48,14.49,15.9,17.03,11.62,12.0,48.56,21.66,23.56,19.73,14.4,15.05,21.82,14.07,14.57,13.38,16.49,14.11
2024-03-21,23.33,15.51,18.71,39.59,59.39,35.01,61.33,18.43,21.77,22.71,52.97,16.54,27.78,16.51,43.84,19.12,21.38,4.4,12.42,15.15,13.74,7.69,16.0,21.28,18.8,32.95,31.18,12.67,14.39,15.3,14.32,13.28,17.06,14.75,8.38,14.49,8.07,21.24,,14.9,23.13,30.85,30.51,18.72,16.47,13.2,23.69,40.96,27.21,27.07,11.61,12.44,10.01,12.5,27.59,8.33,18.18,36.33,14.67,16.93,12.7,13.36,31.73,26.31,19.84,12.65,26.17,21.64,58.06,21.83,22.75,18.12,34.66,66.51,42.09,16.79,26.93,7.26,50.97,13.58,32.83,11.36,17.67,16.91,14.53,15.55,17.01,11.68,11.49,47.87,21.7,22.96,19.75,14.59,15.06,22.53,13.17,15.02,13.23,13.12,13.29
2024-03-22,23.37,15.53,18.28,40.14,59.79,35.09,61.19,18.43,21.89,22.61,52.95,17.17,27.9,17.0,43.69,20.53,20.36,4.2,12.47,15.64,15.99,7.45,16.03,20.95,16.9,33.15,30.88,12.68,13.98,14.96,14.22,12.77,16.08,14.41,8.5,26.68,7.46,21.9,,14.14,23.4,31.31,31.09,19.81,17.41,13.24,22.47,40.27,27.2,27.04,11.46,13.67,9.53,12.38,27.15,8.22,18.94,36.44,15.17,16.83,12.36,13.39,31.52,26.83,21.88,12.46,27.0,21.64,58.16,21.8,22.68,28.89,34.55,65.1,42.35,16.84,27.16,6.17,50.1,14.3,32.95,11.38,16.81,17.14,14.26,18.06,17.34,11.61,10.63,47.76,21.64,22.93,19.69,14.02,15.04,23.56,16.0,14.15,13.79,12.77,12.13
2024-03-25,23.36,15.41,17.98,38.84,60.52,32.03,50.67,19.02,22.67,20.03,50.14,17.11,29.15,17.49,18.31,21.19,20.68,4.55,11.61,15.85,16.43,7.81,16.46,21.42,18.0,33.53,29.62,12.92,14.44,15.76,13.26,16.0,18.71,14.19,9.25,27.49,8.16,22.79,,13.85,23.91,32.02,31.79,20.4,18.24,13.98,21.87,41.51,25.7,26.69,10.26,14.35,9.76,11.72,25.65,8.36,20.8,33.52,13.38,17.23,14.4,13.08,30.22,28.84,22.3,13.05,27.91,21.54,60.14,22.12,21.49,29.38,34.06,44.51,43.44,17.02,27.67,7.03,48.94,14.46,34.16,11.56,16.84,17.58,14.25,18.21,15.06,12.65,10.77,48.16,21.99,22.88,19.76,12.93,14.78,23.89,14.13,14.84,13.95,13.03,11.61
2024-03-26,22.83,15.09,18.5,38.18,59.08,31.49,49.48,18.63,22.33,19.79,49.28,17.0,29.11,17.08,18.05,20.73,20.26,4.44,11.45,15.67,16.07,7.64,16.14,20.91,17.76,32.73,28.92,12.66,14.14,15.63,12.98,15.67,18.26,14.58,9.03,27.31,8.04,22.32,,13.54,23.41,31.25,31.04,19.92,18.19,14.32,21.36,40.55,25.1,26.52,10.18,14.02,9.56,11.44,25.04,8.21,20.88,32.79,13.06,16.84,14.41,12.95,29.99,29.62,21.88,12.77,27.24,21.07,58.69,23.08,20.98,28.77,33.28,45.02,42.4,16.61,27.09,6.91,47.95,14.43,33.41,11.3,16.44,17.46,14.2,17.81,14.73,12.72,10.51,48.37,22.44,23.31,20.11,13.13,32.98,23.34,13.8,14.49,13.66,12.75,12.06
2024-03-27,24.2,15.18,19.73,38.66,58.79,29.73,49.56,19.23,22.46,19.94,49.32,17.26,30.47,17.08,18.0,21.21,18.93,4.45,10.22,15.37,17.26,8.34,16.63,22.13,17.74,32.53,28.19,12.19,13.56,15.79,15.32,15.46,18.2,14.52,9.74,26.93,8.89,24.73,,13.53,23.58,26.22,26.09,20.97,18.8,15.56,21.43,43.04,25.49,26.52,11.33,14.88,9.52,11.23,25.06,10.79,20.68,32.65,13.07,17.58,14.53,16.16,29.98,29.62,21.56,21.0,27.79,20.89,58.12,24.14,23.06,29.69,34.16,46.35,42.43,16.33,26.15,7.94,47.71,15.25,33.37,11.88,16.67,18.06,14.13,19.31,15.49,14.06,10.7,46.46,24.36,23.32,20.17,13.64,34.02,23.6,13.88,12.74,14.43,11.34,12.24
2024-03-28,24.09,15.5,19.58,39.28,58.72,29.88,49.45,16.73,22.3,19.74,49.2,17.25,30.5,16.35,18.48,21.03,19.64,4.32,10.53,15.38,17.25,8.34,16.73,23.46,17.19,32.53,28.17,12.15,13.51,15.02,14.67,14.84,17.94,14.58,9.73,26.82,8.88,26.84,,13.56,23.86,26.16,26.05,20.98,18.73,15.39,21.41,43.05,25.3,26.47,11.33,14.83,9.23,11.41,24.84,11.07,20.14,32.49,13.29,17.28,14.53,16.17,30.36,29.75,21.62,21.0,27.72,20.91,58.45,24.19,22.07,29.48,33.79,46.22,42.44,16.45,25.83,7.69,50.46,15.44,33.34,11.91,16.67,17.84,14.3,19.72,14.97,14.02,10.91,46.79,24.42,23.73,18.92,13.77,34.11,23.75,13.85,12.96,14.08,11.85,12.2
2024-04-01,25.34,14.81,20.5,40.95,60.63,24.99,36.28,14.7,18.11,19.33,44.68,18.07,29.76,17.41,20.01,22.1,22.49,4.94,10.12,14.71,18.31,9.66,18.92,26.4,17.83,34.35,25.68,12.41,11.32,15.86,17.09,14.73,19.07,14.48,8.55,31.04,13.7,28.17,,13.88,24.88,26.21,26.81,21.62,24.18,16.89,21.87,43.56,26.37,25.76,11.63,15.67,9.31,10.87,23.42,11.48,21.77,29.6,13.44,18.01,14.98,16.78,30.47,34.56,23.05,21.8,29.36,21.61,60.38,25.2,20.85,30.93,35.01,46.31,44.35,17.46,26.18,8.45,51.89,16.07,33.01,11.79,13.84,17.94,15.26,21.05,15.77,14.02,11.39,48.58,22.57,21.73,16.62,14.45,35.9,24.69,13.69,13.63,13.55,10.66,12.47
2024-04-02,24.74,14.44,19.99,39.92,59.09,24.71,36.08,16.72,17.66,18.86,43.61,18.02,29.06,17.34,19.51,22.03,22.04,4.84,9.99,15.42,17.84,9.43,18.47,25.92,17.68,33.74,25.18,13.21,29.38,15.48,16.75,14.5,18.72,14.13,8.5,31.38,13.57,29.27,,14.13,24.91,25.79,26.47,21.44,23.92,16.8,21.4,42.73,26.52,27.42,11.34,15.34,9.73,10.8,22.91,11.22,22.37,29.32,13.12,17.72,14.73,18.27,30.05,34.57,22.77,21.38,28.95,21.27,59.53,25.09,20.32,30.47,34.5,45.43,43.5,17.47,25.67,8.23,50.58,15.68,32.25,11.57,15.81,18.44,14.88,22.18,15.37,14.13,11.16,49.64,22.77,21.49,28.26,14.09,35.18,25.05,13.35,13.34,13.41,11.67,13.13
2024-04-03,23.43,15.48,19.3,39.7,59.1,24.81,35.96,16.82,15.45,19.03,44.14,17.98,29.36,15.89,19.89,20.33,22.46,5.82,9.24,17.48,19.96,10.28,16.88,26.02,14.08,33.31,25.15,12.3,29.61,11.6,15.96,14.54,22.06,13.46,7.62,31.4,13.33,36.05,,15.33,24.82,22.63,23.53,21.38,23.84,17.25,19.73,49.59,26.45,27.3,12.75,15.4,9.85,9.75,23.14,11.72,22.72,29.57,11.62,17.8,15.5,17.35,30.61,34.28,21.37,19.51,25.64,21.28,60.37,25.14,22.1,29.78,34.49,44.06,43.66,17.94,24.09,12.7,49.24,16.04,31.96,12.59,15.77,17.76,13.81,21.72,14.76,14.02,11.47,44.03,22.57,21.39,27.94,14.03,35.42,22.95,13.1,13.43,12.86,11.34,11.21
2024-04-04,21.28,23.94,19.17,39.49,57.95,25.47,45.35,18.31,15.66,18.26,43.13,20.56,29.3,16.86,22.71,22.3,21.69,6.01,9.98,18.46,20.07,10.7,17.13,26.05,13.68,33.28,21.37,13.05,29.79,11.61,15.98,14.71,22.73,13.45,7.61,31.92,13.11,34.85,,16.11,27.92,25.65,26.33,22.57,23.86,17.26,20.35,46.4,21.97,25.07,13.15,15.59,10.22,9.75,22.5,12.4,22.98,30.71,13.01,18.51,15.38,17.84,30.07,36.67,22.24,20.27,25.51,18.36,61.66,25.51,20.91,29.84,30.11,45.8,42.76,16.16,25.34,12.76,49.24,16.47,31.13,13.46,15.66,17.74,14.68,21.32,13.0,14.19,10.49,42.71,22.58,21.02,27.47,13.99,35.76,22.6,13.52,14.05,12.32,10.46,11.05
2024-04-05,21.24,24.08,19.37,39.35,57.94,25.34,45.44,18.54,15.52,20.26,43.5,20.94,29.3,16.89,23.83,22.1,18.86,6.09,9.98,17.94,21.29,10.71,17.16,25.61,13.79,32.94,22.54,13.36,29.82,10.79,16.09,15.22,20.69,12.64,8.4,32.13,13.12,39.11,,16.09,27.47,25.14,25.8,22.5,23.8,16.4,18.83,45.19,22.75,26.6,13.15,15.75,10.28,11.14,23.67,12.39,23.07,30.58,13.77,18.66,14.7,17.6,31.63,36.53,18.46,20.18,20.61,19.16,61.94,25.46,23.14,29.84,32.16,45.25,42.69,16.19,20.59,12.86,35.8,16.53,28.32,14.94,15.65,17.81,14.47,21.18,13.42,14.66,9.8,43.79,22.48,23.72,27.48,13.92,35.25,22.57,14.1,13.77,12.71,10.19,11.26
2024-04-08,21.59,24.59,18.83,39.11,58.48,23.02,46.31,18.41,14.84,19.55,32.66,20.1,28.88,17.49,23.86,22.72,18.94,6.25,10.45,18.17,22.72,10.28,15.53,25.87,15.21,17.6,22.81,12.95,30.36,11.22,15.22,15.45,21.64,12.88,8.5,32.76,13.64,38.24,,13.09,26.65,25.48,26.04,22.92,24.81,16.09,19.36,41.26,23.98,26.97,13.33,15.64,10.63,11.4,22.93,12.46,24.16,27.6,13.75,19.03,14.02,19.3,30.8,37.34,18.92,21.13,21.05,18.64,62.59,24.91,23.48,30.6,30.09,38.5,42.73,16.59,19.58,12.89,36.11,16.56,21.72,15.35,16.05,17.06,14.41,21.45,13.63,14.43,7.95,47.8,21.5,25.69,27.68,13.8,36.15,23.72,14.03,13.99,13.21,10.3,12.35
2024-04-09,21.22,24.02,19.84,38.45,57.58,22.52,45.44,18.03,17.61,19.05,31.84,20.73,28.61,17.09,23.39,22.17,18.9,6.18,10.31,17.78,22.36,10.02,15.7,25.27,15.16,17.53,22.25,17.97,30.0,10.94,14.88,17.25,21.11,12.99,8.52,31.94,14.74,37.97,,13.3,25.99,24.92,25.43,22.36,24.18,15.74,18.88,40.62,23.37,26.56,13.22,15.61,10.67,11.45,24.24,12.94,23.69,26.97,14.39,18.97,13.85,19.23,30.09,36.4,18.46,20.6,20.62,18.18,61.2,24.29,23.74,30.33,29.41,38.19,41.82,16.23,19.32,12.7,35.2,16.43,21.46,15.24,15.65,16.72,14.24,20.91,13.37,15.58,7.77,47.26,22.57,25.08,27.21,13.53,35.27,23.16,13.73,13.93,12.96,10.04,12.03
2024-04-10,21.06,23.93,20.0,39.05,57.09,21.26,43.88,18.49,25.79,17.27,31.7,20.42,27.61,20.19,23.35,23.34,20.14,6.86,11.47,20.15,21.57,10.87,13.1,26.84,14.52,16.7,22.42,18.18,31.28,10.28,14.91,18.02,20.66,14.51,8.3,32.81,14.75,37.62,,15.41,27.22,24.75,25.4,24.25,26.17,16.41,18.35,40.24,24.84,23.76,12.94,16.06,10.87,11.29,20.27,13.18,25.92,25.49,14.58,18.5,14.29,20.05,24.97,36.43,17.68,20.43,23.04,18.34,59.42,26.01,23.59,29.71,30.08,38.17,42.01,16.46,12.77,12.44,34.65,15.71,23.61,15.47,15.37,17.97,14.41,23.43,13.5,17.92,7.56,48.08,24.03,24.79,26.04,14.43,35.93,27.95,13.94,13.48,13.57,10.71,12.08
2024-04-11,25.95,23.73,19.9,38.07,55.25,21.27,43.72,19.1,25.72,16.93,35.02,20.03,23.71,20.44,23.78,23.25,21.27,6.87,11.56,20.26,21.63,10.63,13.92,26.48,14.34,13.33,22.4,18.32,31.76,10.57,14.39,18.13,20.68,14.19,8.24,32.82,14.9,37.62,,15.96,26.94,25.19,25.9,24.45,25.95,16.51,14.05,40.42,23.8,22.04,12.23,15.92,10.77,11.39,18.0,13.17,25.73,25.43,14.31,18.54,14.24,20.0,22.61,33.25,17.5,20.53,30.22,16.48,60.04,25.34,23.56,32.63,26.02,32.55,15.83,16.52,12.39,12.64,34.82,15.63,24.84,14.07,15.2,17.97,14.27,23.6,14.69,17.95,7.38,48.49,24.53,26.06,26.47,14.15,35.63,27.87,13.29,13.93,13.22,10.17,11.74
2024-04-12,25.66,24.59,20.36,38.89,55.43,21.67,44.02,19.35,25.88,18.13,35.19,20.02,24.52,21.14,26.16,25.01,19.25,6.96,11.83,21.35,22.69,10.37,14.86,26.52,14.85,13.28,22.98,19.71,32.03,12.26,20.27,18.42,23.01,14.14,8.73,33.5,14.91,38.51,,15.04,26.9,25.83,26.56,25.28,25.52,16.49,15.19,41.35,23.76,22.31,12.15,28.39,10.81,11.44,18.32,13.31,25.18,25.65,14.26,13.38,14.26,21.52,23.84,29.6,17.5,20.51,28.76,17.34,60.65,22.57,23.82,32.17,25.46,33.65,16.01,16.49,12.89,12.56,34.36,15.35,24.82,14.67,15.36,18.21,14.56,23.85,14.8,18.59,7.35,46.19,26.12,26.32,26.46,14.14,36.39,27.86,13.16,14.48,13.16,10.17,12.98
2024-04-15,27.35,24.32,18.58,39.82,24.25,22.23,42.43,18.91,26.22,16.44,36.46,19.95,24.9,21.17,25.18,24.78,19.97,7.2,12.25,22.44,23.03,10.37,15.14,24.94,14.96,14.72,34.06,19.25,31.34,12.47,21.03,18.19,23.82,14.65,9.49,34.2,15.97,38.49,,15.11,24.07,25.85,26.94,27.59,26.35,16.03,14.43,43.39,20.8,20.79,12.18,28.08,10.64,11.29,18.5,13.72,25.72,25.84,14.57,13.51,14.92,21.82,25.05,29.53,15.62,20.65,29.64,15.32,60.78,23.19,25.77,33.4,25.39,33.68,16.67,17.08,13.36,12.87,33.98,14.99,25.43,14.49,15.05,18.98,14.72,24.28,14.8,19.03,6.85,49.44,26.44,27.4,27.77,13.87,37.34,27.02,13.95,14.15,13.66,10.34,12.71
2024-04-16,27.49,23.94,18.22,38.99,24.22,22.41,42.49,18.43,27.47,16.09,35.73,19.45,25.28,24.24,24.63,24.71,19.48,7.03,12.21,23.85,22.93,10.12,14.83,25.42,14.95,14.38,33.92,18.89,30.64,12.54,20.53,17.81,23.37,14.99,9.31,33.49,15.56,37.79,,14.75,23.49,25.31,26.39,27.2,25.73,16.61,15.16,42.35,20.28,20.36,13.42,27.57,10.37,11.13,18.12,13.38,25.11,25.79,14.22,13.17,14.65,21.58,24.43,28.82,15.25,20.48,30.18,14.96,59.34,23.54,25.78,32.63,25.14,33.37,16.51,16.67,13.12,12.67,33.13,15.24,24.95,14.21,14.8,20.07,14.65,24.0,14.67,18.59,6.68,49.07,25.97,27.02,33.24,13.91,36.58,26.58,13.62,14.23,13.71,10.08,13.06
2024-04-17,27.47,24.33,18.93,39.14,18.14,27.97,46.08,18.28,27.52,16.76,38.24,19.03,24.92,24.14,24.49,24.9,19.17,6.74,12.25,24.09,22.57,10.48,14.17,25.37,15.61,14.02,32.82,18.7,30.51,12.54,20.71,17.44,22.82,16.26,10.63,33.64,15.45,38.11,,14.74,23.61,20.98,21.9,27.59,25.72,16.58,15.05,42.3,20.08,20.48,13.49,27.07,10.68,11.21,17.75,13.07,25.17,31.95,13.95,14.77,14.66,21.55,23.06,28.81,14.55,20.47,30.32,15.09,62.69,26.03,24.87,33.16,24.74,35.89,15.61,10.09,13.25,12.98,32.75,15.33,26.53,14.29,14.74,20.48,17.99,23.82,13.47,18.9,6.61,43.52,25.41,28.79,34.14,14.01,36.48,29.07,13.46,13.76,14.49,10.02,12.92
2024-04-18,26.94,24.16,18.67,38.58,16.93,29.57,44.1,18.25,27.3,17.2,38.89,18.98,24.69,24.79,23.82,24.89,19.51,6.76,12.01,24.07,22.51,10.21,15.85,28.07,15.21,14.08,32.97,18.88,30.82,12.52,20.25,17.3,22.74,17.08,10.67,33.37,15.3,38.65,,14.76,22.98,20.86,21.75,27.44,24.14,16.01,14.69,42.36,20.0,20.46,13.97,27.1,11.01,11.15,17.1,12.86,23.97,33.0,13.6,13.62,14.25,21.42,23.67,28.82,14.67,20.41,30.28,15.81,64.9,25.43,24.88,33.03,24.79,35.76,16.09,11.61,13.29,13.3,32.75,15.59,26.58,13.73,15.16,20.14,17.96,22.94,14.36,18.89,6.78,44.73,25.27,27.87,35.41,14.07,36.26,29.05,12.97,14.05,16.57,10.2,12.87
2024-04-19,26.39,23.97,19.66,38.43,17.5,29.57,47.2,20.09,27.4,18.97,39.89,26.89,20.24,26.51,22.51,23.66,20.22,6.85,12.33,23.35,22.47,10.88,17.07,25.45,15.55,13.27,32.14,18.69,31.05,12.52,20.17,17.21,21.84,18.91,10.5,33.4,15.42,40.76,,14.91,20.09,21.14,22.12,26.64,23.64,16.7,14.58,42.45,19.69,21.07,15.31,28.25,13.06,11.14,19.14,13.75,23.21,32.67,13.08,13.5,15.4,21.52,26.97,27.55,16.35,19.97,28.07,15.7,67.39,25.01,40.74,33.17,25.29,50.07,16.05,12.18,16.3,13.47,30.93,18.57,26.43,13.82,14.65,19.34,19.5,22.54,14.96,19.16,7.44,43.43,25.45,27.87,35.84,13.39,35.95,28.57,12.54,14.29,18.78,10.06,13.2
2024-04-22,23.07,24.53,20.01,20.13,16.37,28.01,48.83,20.33,28.4,20.19,35.54,27.12,20.55,26.77,22.48,21.14,20.6,6.8,12.94,25.2,20.76,11.99,17.92,27.37,15.36,13.64,33.27,18.99,31.72,13.3,20.46,16.99,22.32,19.19,10.52,21.6,15.9,41.55,,15.25,21.08,20.92,21.75,24.64,20.88,17.36,14.74,43.3,18.83,21.56,16.13,29.2,13.51,11.27,19.92,14.22,19.0,30.25,12.85,14.84,17.28,22.76,27.5,27.96,15.5,20.67,27.64,15.66,50.93,25.43,41.5,22.34,26.14,52.23,16.36,13.19,17.05,14.93,33.73,17.23,26.84,13.28,14.74,17.09,20.14,22.58,15.48,19.63,7.55,45.44,26.98,26.77,37.43,13.56,37.46,27.89,10.7,22.36,18.59,10.54,13.52
2024-04-23,22.67,24.29,19.62,19.62,16.91,28.64,48.99,19.95,28.23,20.22,35.7,27.67,20.05,26.67,23.26,21.07,20.08,6.92,12.61,26.37,20.94,11.73,17.5,26.69,14.97,13.87,32.92,18.59,31.14,13.02,20.06,30.35,22.53,18.71,11.08,21.26,15.53,48.26,,14.98,25.3,20.7,21.53,24.54,21.1,16.99,14.43,42.27,22.32,22.74,15.82,28.99,13.18,11.0,20.86,13.95,19.81,31.04,13.67,14.62,18.34,22.47,29.03,27.26,15.33,20.16,27.65,16.72,50.76,25.06,43.61,21.78,27.45,53.18,16.34,16.84,16.69,14.7,35.48,20.88,26.4,13.06,14.38,17.1,19.64,22.45,15.73,25.75,7.55,45.31,26.81,28.57,36.66,13.65,37.73,27.18,10.83,24.08,18.24,11.84,13.19
2024-04-24,23.04,24.44,19.66,19.59,16.19,29.28,49.01,18.95,27.4,20.95,35.86,27.66,20.46,26.58,23.28,20.92,19.85,6.72,12.75,26.42,20.79,11.55,17.5,26.62,12.55,13.8,32.94,18.6,30.85,12.61,20.18,28.93,19.65,18.82,10.92,22.22,21.24,48.95,,15.02,25.1,20.62,21.4,24.47,21.12,16.73,14.71,42.57,22.37,22.73,15.9,28.88,14.12,11.01,21.56,14.0,19.56,31.04,13.18,13.79,16.91,22.72,28.76,26.67,15.15,19.79,27.42,16.31,45.87,24.81,45.33,21.89,27.62,53.75,16.19,20.9,16.61,14.45,34.84,21.19,26.57,13.23,14.92,16.99,19.74,22.47,16.83,25.16,7.7,61.77,33.08,28.99,36.55,14.81,37.96,27.88,10.75,23.71,18.14,12.78,12.96
2024-04-25,23.0,24.34,18.94,19.61,16.21,29.41,49.54,19.31,27.4,21.53,37.34,27.73,21.24,26.88,22.96,20.74,35.65,6.71,12.67,26.45,32.99,11.62,26.53,27.73,12.63,13.8,32.97,18.65,30.58,12.39,20.18,29.66,19.67,18.09,10.87,20.24,21.66,48.93,,17.08,25.17,22.08,22.78,24.67,21.13,16.2,32.89,43.35,22.89,21.88,16.09,28.84,14.13,10.93,21.63,14.47,19.47,32.04,13.14,13.85,16.58,22.95,47.88,25.51,15.94,22.08,27.92,18.19,45.49,23.49,45.95,21.58,30.64,55.49,15.98,20.98,20.73,14.45,34.24,23.92,26.56,13.3,15.25,16.95,19.45,22.49,17.42,25.23,7.72,63.4,32.4,28.67,36.56,22.59,23.51,28.26,10.76,23.8,18.77,12.96,12.43
2024-04-26,21.72,28.45,17.85,18.58,16.69,31.27,50.34,18.25,26.23,24.53,39.54,27.55,18.72,26.06,23.03,19.59,35.09,6.67,11.8,26.19,32.39,12.74,26.98,26.32,12.49,14.27,32.95,18.59,30.48,12.31,16.91,29.68,19.23,16.88,9.66,20.32,21.29,47.72,,16.62,24.85,39.07,40.22,24.26,20.41,14.15,32.32,49.25,23.11,21.87,14.89,27.96,13.89,10.94,22.11,12.41,19.07,33.64,13.09,13.36,16.47,18.04,48.0,24.84,15.38,14.26,26.62,19.55,46.76,20.81,45.37,20.8,29.97,59.36,17.94,21.08,20.65,14.07,37.16,23.53,26.71,12.73,14.57,15.83,18.79,20.31,16.0,24.39,7.53,63.25,31.14,28.53,36.57,21.89,21.96,26.96,10.63,23.38,18.12,12.89,16.18
2024-04-29,23.14,28.61,17.8,17.28,16.81,31.34,50.89,20.29,27.56,24.65,39.55,27.85,23.74,26.16,22.71,19.59,33.84,6.91,11.19,26.11,33.13,12.94,27.02,24.1,12.47,14.32,33.1,18.52,30.47,12.11,18.34,29.64,18.49,17.1,9.65,20.03,21.63,46.34,,16.99,24.23,41.48,42.58,24.31,20.82,14.19,32.35,48.45,23.13,21.87,15.07,27.9,13.96,11.15,22.27,13.07,19.01,33.58,13.1,13.4,17.45,18.97,48.3,24.47,15.79,14.51,26.5,19.76,46.66,21.92,45.32,20.79,29.87,59.35,17.85,20.92,21.17,14.07,30.73,23.39,27.78,13.03,14.6,16.02,19.26,20.7,17.06,24.45,7.13,80.37,31.22,29.09,36.83,21.92,21.86,26.21,11.07,23.39,18.09,12.51,16.45
2024-04-30,23.48,28.22,17.67,16.87,17.6,32.5,49.7,19.97,27.34,26.61,39.87,28.29,25.03,25.97,22.86,19.17,33.11,6.78,11.28,25.94,35.39,13.63,26.82,23.94,17.47,14.06,33.06,18.79,29.98,16.36,19.51,28.93,18.11,16.8,10.97,19.92,21.15,45.96,,16.72,26.31,41.31,42.41,24.02,20.32,13.88,31.57,47.47,23.51,21.45,15.23,27.32,13.73,11.16,29.84,12.97,18.77,34.91,13.28,13.08,17.03,18.57,47.13,28.24,15.41,14.32,26.25,21.88,45.69,21.62,44.42,21.32,31.69,58.12,18.73,20.43,20.68,14.09,32.64,23.03,27.94,13.28,14.3,15.97,19.37,22.1,16.81,24.32,6.96,81.18,31.03,28.62,36.11,21.98,21.47,25.92,11.4,23.29,17.95,13.21,16.64
2024-05-01,23.4,28.21,17.34,15.97,18.61,32.95,57.14,20.5,29.21,27.79,41.92,28.59,26.33,25.75,22.51,19.13,33.1,7.61,11.53,25.89,35.44,12.94,26.02,22.91,17.26,13.0,32.95,18.71,67.01,16.56,19.09,28.82,18.09,17.28,11.42,17.04,18.15,46.39,,17.06,26.3,40.44,41.4,23.7,16.06,14.09,31.61,46.92,23.58,21.39,22.44,27.27,13.39,11.35,28.81,13.11,17.81,35.6,14.51,13.14,18.12,18.98,47.62,22.96,15.05,14.17,26.34,22.3,42.17,22.52,44.12,21.88,31.47,59.49,19.15,20.06,29.66,13.55,32.73,23.23,27.59,13.38,59.7,16.16,19.48,21.49,16.76,24.57,7.29,81.45,31.06,30.3,35.97,21.91,21.65,25.97,11.44,23.1,17.79,13.46,17.81
2024-05-02,24.4,28.17,17.34,16.38,19.57,33.69,57.44,18.76,29.93,29.81,41.89,28.39,30.67,25.69,23.38,19.28,33.11,7.61,11.8,25.76,35.84,13.29,26.18,22.85,16.93,12.82,33.31,18.3,63.66,16.66,20.68,28.7,19.15,17.38,11.45,16.48,18.16,45.26,57.05,16.93,26.1,40.67,41.56,23.75,16.53,14.07,31.72,47.5,22.58,19.56,22.54,27.27,12.94,20.75,30.3,13.13,17.42,36.29,14.38,12.9,17.95,17.93,47.39,23.31,14.85,14.15,26.5,22.53,43.24,22.14,45.18,22.48,31.96,60.71,19.19,19.78,30.33,13.56,33.42,23.51,42.35,13.3,59.68,15.62,19.7,20.84,16.83,24.42,7.27,79.38,30.49,30.53,27.79,22.35,21.57,25.53,11.45,22.92,17.7,13.57,16.4
2024-05-03,31.11,28.76,17.28,17.02,20.92,35.38,58.56,41.93,30.3,29.77,42.94,28.52,30.32,25.9,24.77,19.74,33.45,8.46,11.7,25.16,33.99,12.51,26.49,22.77,16.56,13.23,33.42,18.53,63.8,16.63,21.1,28.67,16.89,17.4,11.39,15.76,18.13,40.54,61.52,16.43,26.05,40.67,41.56,23.91,18.47,14.25,31.47,41.62,24.07,19.84,21.43,27.31,12.73,21.16,31.12,12.41,17.39,37.53,14.72,13.13,16.93,18.37,47.68,23.31,13.54,14.22,26.71,24.02,41.08,22.4,45.13,22.35,33.86,61.89,18.45,19.38,30.04,8.79,35.38,23.16,42.07,12.85,59.94,15.76,19.56,21.35,16.72,24.27,6.95,79.35,30.96,30.93,27.83,22.68,20.24,25.91,11.51,22.65,17.58,13.5,16.4
2024-05-06,32.05,22.35,16.93,17.44,20.89,35.72,53.44,44.57,31.34,28.87,43.06,27.34,31.05,26.32,21.6,18.6,34.24,8.36,11.71,26.04,33.7,12.19,27.03,23.01,16.59,13.95,30.85,18.16,65.08,17.51,21.01,29.0,18.38,17.76,10.11,15.82,18.76,37.33,50.83,16.73,23.48,39.88,40.84,23.42,18.85,14.12,32.83,42.76,23.46,17.9,21.69,27.84,12.45,20.68,34.46,11.9,17.31,37.41,13.94,10.67,17.25,18.13,48.44,21.33,12.75,13.24,27.47,24.42,44.52,22.74,45.8,22.54,32.69,62.89,20.07,19.81,29.92,8.68,44.21,22.97,42.14,8.62,61.44,16.24,19.3,21.22,17.21,24.04,7.74,80.05,31.48,31.24,28.12,23.17,19.87,26.8,11.92,23.6,17.27,13.68,16.06
2024-05-07,31.28,21.81,16.7,18.16,20.42,34.96,52.18,43.5,31.12,28.17,42.05,26.68,30.42,25.7,21.09,18.43,33.61,8.3,11.54,25.87,33.19,12.11,26.39,22.53,16.24,14.73,30.3,17.81,63.59,17.1,20.81,28.34,38.06,18.15,11.01,15.44,18.46,36.43,50.37,16.34,22.96,39.2,40.13,22.89,18.41,14.19,32.07,41.73,23.16,18.21,21.18,27.16,12.17,20.58,34.03,11.89,16.89,36.62,14.1,10.69,17.34,17.73,47.43,21.33,12.61,14.91,26.97,24.02,43.5,22.25,45.11,22.01,32.3,61.73,19.59,19.67,29.73,8.66,71.46,22.44,41.33,9.45,59.96,17.3,19.58,22.48,16.91,23.46,7.57,79.51,30.86,30.74,27.62,23.09,19.44,26.2,12.64,23.04,16.86,14.0,15.71
2024-05-08,31.08,22.15,16.97,18.33,20.64,34.9,52.18,43.83,30.97,28.22,42.49,26.67,31.19,25.51,21.69,18.21,33.6,8.45,11.41,26.15,32.95,12.44,27.01,22.52,16.15,15.33,30.48,18.53,63.47,17.08,20.78,28.35,38.09,18.16,20.38,15.07,18.32,36.44,49.2,16.44,23.05,39.42,40.33,22.91,17.77,14.3,32.3,41.83,23.04,19.59,21.14,28.05,11.97,20.56,33.92,11.61,16.12,36.62,14.04,10.71,17.39,16.55,47.54,21.27,12.77,14.52,26.91,24.07,43.49,22.32,45.04,21.73,32.62,61.61,19.59,19.76,30.16,8.93,71.53,22.4,41.18,9.68,60.29,17.51,19.62,22.47,16.56,23.47,7.64,78.2,30.77,35.1,27.59,23.43,19.38,25.51,12.65,23.01,17.44,14.13,15.63
2024-05-09,31.13,22.11,15.52,18.58,20.12,34.84,52.07,44.01,31.31,28.33,42.78,25.71,30.51,25.93,24.03,18.92,34.81,8.5,11.63,26.27,33.97,12.41,26.98,22.51,16.27,16.27,30.6,13.37,64.14,18.03,21.01,27.43,38.03,18.0,22.23,16.23,17.87,36.21,49.17,16.02,22.97,39.3,40.25,23.43,20.16,14.92,32.36,41.53,23.19,19.82,21.19,28.16,11.86,20.69,32.7,10.84,17.12,36.5,13.46,10.45,17.46,16.94,47.67,21.37,12.98,14.59,28.01,24.08,43.66,23.14,44.75,21.51,32.69,61.52,19.61,19.72,30.26,8.98,71.74,22.53,41.05,11.03,61.55,17.93,19.63,22.68,16.53,22.75,8.47,77.99,30.04,36.33,27.58,23.44,19.35,25.39,12.68,23.2,17.34,14.25,17.07
2024-05-10,30.92,22.1,15.28,16.74,19.81,35.27,51.75,43.71,24.3,28.6,43.29,25.41,30.18,23.71,24.07,17.06,34.3,7.59,11.03,24.62,34.16,11.26,27.74,20.75,16.07,16.41,30.72,12.63,63.97,18.0,21.01,26.92,38.06,16.33,22.22,15.53,17.84,37.28,47.56,16.0,22.08,39.43,40.38,21.19,17.42,14.42,32.26,40.98,21.85,19.75,20.68,28.07,10.5,20.58,33.07,10.54,13.87,36.57,13.45,13.65,16.57,15.82,47.59,21.88,12.14,14.61,26.13,24.12,44.85,21.9,44.75,22.12,32.62,61.33,19.32,19.43,29.59,9.0,72.0,21.53,39.84,10.99,61.62,16.79,18.89,20.15,16.08,22.55,8.41,77.66,28.15,36.41,26.11,22.6,17.91,20.77,12.56,23.71,16.71,13.46,16.76
2024-05-13,28.87,21.23,14.78,13.87,18.69,34.93,50.49,44.55,24.61,28.23,40.26,26.91,29.57,23.32,22.45,14.15,34.25,7.58,10.49,24.17,34.63,11.34,27.55,21.17,16.05,17.66,31.21,11.37,65.85,17.26,16.53,26.76,38.14,16.43,22.62,14.77,18.61,38.62,49.58,18.12,21.54,39.7,40.61,19.08,17.87,14.6,32.64,39.77,22.25,19.48,20.84,14.95,8.95,20.6,33.68,10.59,13.34,35.52,13.68,14.76,16.97,13.45,48.45,20.78,10.99,14.95,16.04,23.9,41.35,21.03,45.49,20.62,33.39,60.48,18.35,19.73,29.45,8.46,73.68,21.7,39.19,10.7,63.13,18.09,18.02,19.86,14.49,22.28,8.71,79.36,25.99,35.85,25.01,23.06,16.33,21.29,12.97,23.75,17.38,13.43,16.76
2024-05-14,28.2,20.74,14.54,13.53,19.01,34.5,49.78,43.48,24.21,27.56,40.71,26.39,29.07,22.8,21.97,14.62,33.46,7.53,10.3,23.59,33.84,11.14,26.89,20.74,15.66,17.24,30.45,11.24,64.26,17.02,16.51,27.75,37.23,16.35,22.14,17.57,18.16,37.7,48.69,17.7,21.1,38.76,39.66,18.66,17.44,14.34,31.87,39.71,22.13,19.26,20.34,14.97,9.59,20.16,32.97,10.8,13.2,34.91,13.56,14.44,16.56,13.36,47.47,20.28,10.9,14.74,15.66,23.47,40.65,20.55,44.42,20.12,32.74,59.11,22.42,19.5,28.85,8.37,72.5,21.18,38.97,10.52,61.61,20.03,17.71,20.19,14.14,21.8,8.8,78.21,25.65,35.02,24.43,22.57,17.34,21.11,12.84,23.19,17.08,13.5,16.52
2024-05-15,26.93,21.2,14.77,13.55,19.83,36.26,51.65,43.58,25.43,27.22,41.6,26.39,29.88,22.94,21.21,15.27,33.33,7.03,10.01,22.32,33.87,11.27,27.17,20.82,15.6,15.79,20.54,12.02,64.26,16.75,16.09,28.01,37.87,15.96,21.96,17.57,17.67,38.18,47.78,17.91,20.89,38.06,38.99,17.38,18.47,13.83,31.99,39.14,23.53,22.1,20.49,14.92,9.42,20.11,34.55,11.04,14.29,37.25,13.34,14.81,16.16,13.38,47.62,20.37,10.64,16.6,15.71,23.19,41.19,20.45,43.54,20.12,34.49,59.36,22.22,19.28,29.04,8.33,71.72,20.99,39.56,10.64,61.58,20.35,17.27,19.13,13.93,21.15,8.77,75.8,26.1,35.43,24.29,22.58,17.33,21.16,12.01,22.97,17.04,13.44,16.66
2024-05-16,25.64,21.16,14.76,13.51,19.51,36.33,51.61,43.79,22.0,27.59,42.03,26.42,31.34,18.18,21.99,14.19,33.39,7.05,9.4,19.55,34.82,11.27,27.06,21.23,15.65,15.6,20.32,15.23,65.04,16.43,23.53,28.0,37.79,14.67,22.45,17.46,17.69,38.12,47.56,18.31,20.93,38.0,38.92,16.73,19.21,12.34,31.56,40.46,23.57,22.36,18.98,13.84,9.25,20.07,35.31,11.03,15.25,36.74,13.35,14.76,16.22,12.58,47.91,22.62,10.1,16.42,15.38,23.27,41.19,19.31,43.17,20.08,34.32,59.25,22.17,20.11,28.63,8.48,71.72,20.99,39.54,10.68,61.57,19.38,16.47,18.77,13.36,21.02,8.91,75.01,26.35,35.08,18.61,22.12,16.79,21.38,12.16,22.87,18.47,26.47,16.54
2024-05-17,25.27,21.28,10.88,14.22,19.45,32.4,47.23,43.84,22.05,27.35,40.17,26.29,31.38,17.85,22.01,14.19,33.36,7.2,9.73,19.0,35.25,11.61,27.04,21.26,16.72,15.48,20.25,15.25,65.14,16.64,23.4,27.85,37.78,14.14,21.73,17.42,17.88,38.13,48.1,18.2,20.84,38.04,38.95,16.32,19.07,12.41,31.58,40.29,23.76,21.85,18.97,13.6,9.58,20.22,35.3,11.01,15.37,33.62,13.39,13.79,16.77,12.42,47.81,22.48,10.07,16.42,15.28,23.14,38.47,17.93,43.53,19.35,34.15,57.92,21.59,20.14,28.57,8.58,71.14,21.34,37.93,10.67,62.8,19.08,14.54,18.77,13.37,20.33,8.92,74.87,25.65,33.97,17.68,21.86,16.71,16.95,12.1,22.94,18.18,26.46,17.28
2024-05-20,24.66,21.84,8.74,14.63,18.73,31.43,43.44,44.36,23.26,26.01,36.26,17.93,32.09,15.5,22.58,14.55,33.42,7.38,9.83,20.24,36.59,11.57,26.49,18.12,16.37,15.47,19.54,17.11,65.89,16.67,24.2,27.62,38.66,12.22,22.01,17.23,18.02,36.45,48.88,17.91,22.13,38.49,39.36,17.43,20.62,12.33,32.4,40.57,23.97,20.99,19.71,21.38,7.96,20.73,34.9,9.7,15.91,33.76,13.03,15.18,17.41,14.54,46.47,23.16,9.49,16.81,15.68,22.23,31.78,18.66,28.99,19.06,33.64,44.25,19.78,20.34,28.65,8.71,71.89,20.2,36.02,10.88,64.01,19.6,14.02,20.2,13.03,20.29,8.54,74.96,22.46,33.76,15.99,22.45,17.76,15.95,12.18,23.09,14.04,27.15,17.52
2024-05-21,24.07,21.55,8.53,14.38,18.47,30.78,42.74,43.35,22.82,25.43,35.92,17.5,31.69,16.42,22.26,14.25,33.29,7.22,9.62,21.01,35.91,11.39,25.86,17.68,15.98,15.18,19.69,16.73,64.35,16.49,23.92,27.09,37.77,11.99,21.5,16.99,18.08,35.66,47.82,17.79,21.74,37.57,38.42,17.31,20.21,12.34,32.59,39.7,23.56,20.49,19.24,21.69,7.86,20.37,34.83,9.5,16.81,33.58,12.73,14.99,17.04,14.29,45.43,24.27,9.43,16.45,15.46,21.77,31.8,18.34,28.43,19.1,32.83,43.21,19.33,19.87,28.0,8.58,70.49,19.75,35.19,10.64,62.52,19.12,13.71,19.95,13.98,20.13,8.37,75.59,22.29,33.04,16.01,25.5,18.26,15.72,12.45,22.9,14.28,26.76,17.25
2024-05-22,24.57,22.23,10.84,15.03,18.48,30.94,42.64,44.14,23.82,25.04,35.97,18.04,31.72,15.25,22.08,14.15,33.2,7.65,9.2,19.86,35.93,11.18,25.74,14.09,16.8,15.22,19.34,17.16,64.42,16.77,23.92,27.1,37.79,12.62,21.59,16.23,17.88,35.5,47.91,17.94,22.32,37.8,38.63,16.66,20.97,12.39,32.59,39.62,23.54,20.6,19.65,21.14,7.71,20.35,34.86,9.3,17.52,33.5,12.85,14.13,16.09,13.87,45.51,25.31,9.21,16.25,15.67,21.77,31.95,18.94,29.37,19.1,32.96,41.89,19.23,19.51,29.85,7.63,70.05,19.83,35.14,10.83,64.1,25.41,14.89,20.08,13.52,20.11,8.64,75.65,21.97,34.27,14.21,25.27,17.74,15.32,12.12,15.81,14.06,26.69,18.36
2024-05-23,26.3,21.9,10.75,15.05,18.07,30.67,43.74,44.45,25.74,25.06,35.65,17.26,42.2,15.43,22.72,15.68,33.43,8.1,11.5,18.32,35.8,12.16,25.74,14.41,16.57,15.65,20.24,18.01,64.84,16.64,24.5,16.95,37.71,14.15,22.62,16.11,17.94,24.8,41.42,19.82,16.68,38.43,39.22,16.8,20.98,13.92,33.0,41.83,21.64,19.83,21.63,20.89,9.5,20.38,34.46,9.48,17.18,33.19,12.54,16.86,16.07,23.11,44.19,25.94,11.08,16.24,16.69,21.59,30.9,19.98,27.06,19.47,32.54,49.34,19.41,17.16,32.41,9.2,69.53,16.55,35.57,11.36,64.73,28.45,16.86,20.23,13.27,13.53,8.58,77.21,25.15,33.87,14.04,25.27,18.97,16.52,12.07,13.03,15.72,25.86,18.98
2024-05-24,26.46,21.81,10.61,15.59,18.76,30.64,45.15,44.46,25.7,24.35,35.69,17.74,41.02,15.97,22.74,15.62,33.38,8.38,11.34,18.47,35.81,12.4,25.74,14.08,16.57,16.14,21.7,18.0,64.89,16.67,24.66,16.43,38.04,14.02,22.72,14.96,10.81,23.81,50.77,19.95,17.02,38.43,39.24,16.7,20.24,13.63,32.71,42.63,37.07,20.13,22.43,21.73,8.16,20.6,33.63,9.43,16.95,33.26,12.54,16.89,15.89,23.03,45.26,25.48,11.26,16.9,16.69,21.66,31.33,20.33,22.33,19.36,33.73,46.97,19.9,12.68,32.34,9.0,69.74,15.93,37.14,11.36,64.66,28.45,16.8,21.34,12.0,13.48,8.63,68.19,19.0,33.77,15.54,24.5,18.43,16.2,12.02,13.18,15.94,25.72,18.97
2024-05-28,27.0,16.02,12.18,15.64,18.91,30.17,46.64,45.85,26.16,21.3,33.32,17.84,41.79,16.2,23.19,16.43,17.76,8.67,11.72,19.05,25.74,12.36,14.52,13.16,17.74,16.3,22.06,18.37,67.02,16.81,25.65,16.4,39.11,13.91,23.77,15.35,10.89,24.1,51.32,20.32,18.23,20.46,20.72,16.09,20.84,13.52,14.2,27.93,37.31,20.89,23.42,22.43,8.37,21.52,34.0,10.74,17.39,32.66,13.53,17.94,16.47,22.96,23.42,26.3,10.56,16.58,16.16,19.19,31.61,19.55,22.13,19.73,31.48,48.41,19.64,15.74,30.5,10.07,70.08,11.03,37.73,11.86,66.29,29.85,15.97,21.92,11.82,15.08,9.17,68.11,19.34,34.7,15.76,18.22,18.74,16.98,13.08,13.07,16.43,26.5,17.71
2024-05-29,26.12,15.3,12.61,15.38,18.6,30.51,48.59,45.77,25.55,21.16,33.83,17.25,40.46,16.99,24.0,17.82,17.76,9.43,11.67,19.08,26.23,12.45,15.23,13.22,20.09,16.66,22.11,18.4,66.94,17.24,24.49,17.01,39.29,13.96,24.08,15.58,11.49,26.08,50.2,20.14,18.2,16.15,16.32,16.32,20.88,14.18,15.33,29.28,37.26,21.05,23.35,22.61,8.21,21.56,34.0,10.32,17.17,33.46,13.15,18.38,15.08,22.62,21.86,26.82,10.65,16.42,17.28,18.73,31.82,19.9,21.83,19.75,31.47,48.23,19.63,16.23,31.48,10.56,69.81,11.2,39.43,12.1,66.24,29.83,15.46,21.17,11.07,15.25,9.61,45.2,21.82,34.99,20.35,18.55,19.7,17.81,12.92,12.64,16.97,26.56,17.14
2024-05-30,24.76,15.54,12.91,18.39,29.55,28.15,48.44,45.71,25.72,18.2,32.86,15.72,38.73,16.05,22.77,17.71,17.38,9.55,11.52,18.27,21.11,11.22,16.13,12.78,17.15,16.39,78.98,17.56,69.37,14.13,23.83,17.7,39.52,14.0,23.08,16.72,11.73,25.43,48.63,20.17,16.22,16.56,16.56,16.98,21.13,15.3,15.41,27.59,41.97,20.78,22.79,22.41,8.22,21.73,27.97,12.21,17.1,30.37,12.48,19.11,16.2,22.8,22.68,21.85,10.76,16.64,16.26,19.15,35.34,19.85,21.18,19.81,53.16,50.52,26.74,16.26,31.56,10.21,70.03,10.83,38.8,11.94,67.03,30.65,14.86,18.1,14.46,14.7,10.12,41.37,20.52,34.79,20.11,18.92,21.11,17.52,12.6,15.91,16.97,25.74,16.88
2024-05-31,24.4,19.2,12.99,18.45,28.99,26.6,33.73,45.8,25.19,17.39,29.96,15.56,39.21,19.53,22.14,18.16,19.11,8.9,12.29,18.36,20.75,13.68,18.91,12.95,19.84,16.8,84.0,17.82,34.69,16.21,24.66,18.43,40.51,14.99,22.73,18.04,12.25,24.97,48.11,20.12,20.66,16.52,16.49,17.4,21.88,14.85,15.05,28.57,42.87,20.93,16.69,22.96,9.75,22.19,27.86,13.89,19.9,29.14,10.98,21.67,15.78,22.87,21.87,21.83,12.07,16.97,16.22,18.72,33.56,19.74,21.92,18.94,53.75,47.56,26.65,17.08,25.2,11.05,69.98,12.0,38.41,13.19,28.29,31.31,16.47,18.87,18.11,14.54,13.56,40.93,20.29,33.81,22.38,19.59,21.81,20.17,12.51,16.91,17.43,25.47,18.5
2024-06-03,14.47,18.48,13.63,17.91,27.8,24.93,34.64,24.99,25.39,13.51,28.92,16.47,39.72,19.94,20.27,18.39,20.31,7.47,12.55,18.79,22.14,13.62,19.79,13.11,20.95,16.5,85.97,18.13,34.39,19.87,23.63,19.65,40.49,15.0,25.79,19.62,12.81,25.97,43.35,20.92,21.88,16.0,16.07,17.16,21.71,14.37,15.76,29.67,42.94,20.85,17.07,23.43,9.97,11.28,23.55,14.36,20.52,27.89,11.53,22.1,16.98,23.44,22.37,21.47,11.68,19.19,16.21,17.73,34.09,23.59,21.4,18.08,53.53,49.3,27.89,17.69,26.16,11.22,70.27,12.59,24.42,13.42,27.71,31.85,16.65,19.07,19.05,14.77,14.49,42.03,20.72,34.11,22.1,20.08,21.99,21.39,13.16,17.13,18.14,25.93,20.96
2024-06-04,14.11,18.58,13.5,19.62,28.57,24.65,34.96,24.36,25.17,13.44,28.24,16.05,39.35,19.65,19.93,18.21,19.81,7.31,13.22,19.02,21.9,14.21,19.3,14.19,20.77,16.45,83.79,18.61,33.53,19.57,23.19,19.23,39.63,14.98,26.21,19.34,12.6,25.31,45.06,20.85,21.7,15.62,15.67,16.73,21.18,15.84,15.39,29.05,42.12,20.37,16.64,23.51,11.07,11.39,23.01,14.02,20.02,27.7,11.31,22.03,17.13,23.33,21.84,21.43,11.42,18.72,16.22,17.38,33.78,23.38,21.04,17.65,52.73,48.05,27.24,18.2,25.52,11.99,69.91,12.41,24.33,13.1,27.03,31.06,16.23,18.61,19.32,14.4,16.54,41.05,20.32,33.71,22.2,19.57,22.33,21.71,13.06,17.16,18.06,25.39,21.12
2024-06-05,13.5,19.75,13.5,19.8,28.68,29.19,35.44,19.96,24.62,13.11,33.89,15.74,39.19,19.46,19.97,17.67,20.1,7.12,12.81,18.01,21.17,14.19,19.62,14.27,20.14,15.95,83.79,21.37,33.55,19.06,23.27,19.67,38.43,15.97,26.54,19.73,12.28,23.96,44.61,20.41,21.81,15.92,15.85,16.86,21.37,15.79,14.52,30.31,41.97,21.84,17.13,23.76,11.07,11.55,18.95,14.32,20.85,32.44,10.43,22.25,17.12,23.73,23.1,21.31,11.5,18.81,15.74,17.63,35.12,23.1,20.9,17.22,55.23,49.09,27.19,18.2,25.31,12.2,65.42,12.38,26.39,13.1,28.36,33.11,17.37,18.46,19.39,14.8,15.54,40.34,20.25,32.24,22.27,19.56,23.08,21.33,12.2,17.12,17.97,25.34,21.03
2024-06-06,14.01,20.69,13.89,18.88,28.85,29.18,35.18,20.1,24.39,15.2,34.0,15.85,38.97,19.71,20.19,18.11,20.06,6.84,12.81,17.49,20.85,13.83,19.64,14.56,20.13,15.16,84.48,21.4,33.42,19.21,22.85,19.69,17.96,14.89,27.41,20.1,12.24,24.1,44.95,20.41,21.76,14.91,14.82,17.18,21.39,15.85,14.6,30.41,41.63,21.52,17.16,23.76,11.05,11.33,18.6,14.24,20.85,32.41,10.12,22.22,16.33,23.73,23.15,21.15,11.4,17.43,15.36,17.13,36.68,23.16,20.63,17.87,54.88,48.69,27.18,17.57,26.6,12.89,32.27,12.36,26.58,12.75,28.09,32.6,16.79,16.78,19.45,15.03,15.63,38.66,20.03,36.23,21.83,18.89,23.02,21.32,11.66,17.12,18.72,25.26,21.18
2024-06-07,14.35,20.0,17.24,18.91,29.53,29.19,35.04,18.47,26.65,15.19,33.65,15.67,38.64,19.6,19.68,18.61,20.92,6.78,12.97,16.94,20.9,13.64,19.01,17.24,20.15,14.22,84.36,20.7,32.81,19.23,22.83,21.12,18.03,14.92,22.37,20.28,12.21,24.36,44.65,20.82,21.68,15.24,15.04,17.3,21.69,15.81,14.74,29.54,41.59,19.61,17.24,23.34,11.13,11.14,18.81,14.27,20.84,32.39,10.07,22.83,16.3,24.69,23.06,22.75,11.14,17.27,15.36,17.17,36.67,23.91,21.18,18.03,54.75,48.67,27.69,17.6,26.2,13.17,33.42,12.66,27.51,12.69,28.02,32.33,16.95,17.55,19.97,15.04,15.72,38.15,20.11,29.52,23.12,17.83,22.9,21.25,11.8,17.58,18.19,26.4,21.47
2024-06-10,16.26,20.52,17.64,19.05,30.32,30.78,39.9,17.5,25.41,15.85,34.11,14.35,39.1,19.61,16.75,17.87,21.61,6.94,13.13,16.97,19.24,13.18,17.53,17.84,21.28,13.2,86.43,21.04,35.15,18.46,22.93,21.54,19.03,15.11,20.81,21.14,13.17,23.43,46.58,20.06,26.07,15.33,15.07,16.41,21.09,15.63,14.35,30.14,42.43,19.86,17.53,23.65,11.42,10.76,17.95,14.69,20.32,35.7,10.19,21.01,15.72,25.2,24.42,22.58,11.35,17.75,12.99,17.75,37.12,23.8,21.67,15.45,56.32,48.52,28.67,20.14,27.33,13.27,31.52,12.48,28.2,12.25,27.32,32.86,17.75,17.38,21.23,11.87,15.7,38.68,20.61,29.06,23.33,18.19,23.2,21.47,12.49,17.82,17.86,27.37,20.71
2024-06-11,28.23,21.09,18.18,19.34,29.69,30.02,39.09,17.62,25.02,15.45,33.43,17.97,39.31,20.6,16.33,17.71,21.55,6.91,12.94,20.78,18.79,12.86,17.54,22.48,20.87,12.9,84.25,20.51,34.38,17.99,22.38,21.64,19.45,14.74,20.45,20.63,13.04,23.43,45.53,19.63,25.69,15.13,14.9,17.51,20.93,15.5,14.21,29.38,41.38,19.38,17.1,24.86,11.14,10.88,17.6,14.73,19.87,34.91,9.94,20.58,15.51,25.08,23.92,22.09,11.14,17.32,13.04,17.61,36.2,30.83,21.16,15.12,54.93,47.92,28.09,19.64,26.64,12.94,31.9,12.17,27.76,11.97,28.01,32.14,17.47,17.27,20.71,11.95,16.49,38.32,20.13,28.69,22.78,17.76,22.61,20.97,12.17,17.37,17.79,26.84,20.31
2024-06-12,29.02,21.46,18.83,21.4,29.69,30.69,38.92,17.56,25.02,15.37,34.07,17.47,39.75,20.96,17.09,18.72,21.88,6.96,12.93,21.7,18.73,12.93,17.5,23.24,21.12,11.1,84.33,19.76,34.27,18.41,23.25,21.75,19.44,15.17,20.79,20.93,12.76,21.91,47.22,17.64,25.89,15.24,14.97,17.91,22.11,15.62,14.22,28.52,44.73,19.08,17.0,25.3,11.59,10.92,17.36,14.85,22.9,36.11,10.81,20.32,16.45,24.93,22.75,22.01,12.0,17.78,13.02,18.48,38.19,30.61,21.03,16.27,55.16,48.34,50.68,19.34,26.43,13.68,31.9,12.88,29.13,11.83,28.18,31.55,17.32,17.84,21.38,11.92,19.34,39.94,20.2,32.49,22.84,17.73,20.71,22.65,13.19,18.19,17.78,27.04,20.54
2024-06-13,29.02,21.47,18.92,21.59,29.34,30.62,38.61,17.34,25.26,16.36,50.68,16.67,39.72,20.93,17.12,17.67,22.83,7.27,13.13,21.72,18.53,14.19,17.54,23.47,21.29,11.33,84.63,19.51,34.36,18.51,24.28,23.36,19.49,15.04,20.8,18.6,12.93,24.89,46.78,17.9,27.68,16.42,16.01,17.49,22.39,15.55,14.2,28.02,44.44,20.0,16.98,25.09,11.33,11.56,17.83,14.69,23.09,36.15,10.76,20.32,16.36,24.74,23.15,21.99,11.56,17.84,12.57,18.44,38.26,30.69,20.87,16.36,55.3,48.74,49.72,19.34,26.43,13.93,32.57,13.09,28.43,13.24,28.1,29.32,17.34,17.27,21.4,11.62,19.12,39.61,20.22,34.52,23.04,18.52,20.31,22.12,13.18,18.2,17.14,26.58,20.38
2024-06-14,29.36,21.37,18.82,22.42,55.65,28.72,35.83,14.6,23.84,16.26,50.21,17.48,39.59,20.62,17.06,16.47,22.86,7.55,12.9,21.62,18.54,14.2,17.26,23.22,21.53,11.3,83.29,18.57,34.89,18.51,24.19,22.55,17.72,15.1,21.46,18.71,12.93,23.51,48.36,22.04,28.48,16.28,15.75,16.28,20.84,15.32,14.09,27.87,42.78,15.71,16.61,25.05,11.33,11.77,15.96,14.54,22.39,34.35,10.21,19.62,16.28,24.7,22.3,21.78,11.74,15.71,11.75,17.68,38.27,29.55,22.1,16.04,52.79,48.28,50.17,19.49,25.74,13.86,32.63,12.9,27.89,13.46,28.33,28.11,17.16,18.65,21.41,11.18,19.1,39.95,19.14,34.41,22.83,18.15,20.56,21.99,12.08,18.21,16.82,26.51,20.06
2024-06-17,30.39,21.6,19.12,22.63,57.3,28.72,35.9,16.12,25.57,15.93,52.0,18.84,38.54,21.1,17.85,17.62,23.34,7.73,12.84,22.88,15.93,15.27,17.6,24.61,20.9,12.09,85.32,17.02,35.35,18.6,18.4,22.9,18.97,15.76,22.08,20.07,12.76,28.97,48.82,22.37,29.4,16.07,15.44,16.8,20.54,16.02,14.4,27.84,43.86,15.78,16.43,25.36,11.46,12.14,12.95,14.86,23.17,33.49,10.81,20.15,16.19,25.06,21.56,18.05,12.39,16.23,13.11,18.24,40.42,30.37,22.01,17.4,54.0,47.93,51.79,19.13,26.96,14.0,38.8,12.83,29.69,13.73,27.6,28.41,17.62,18.95,21.88,11.6,19.64,44.54,19.71,34.92,23.15,18.61,20.38,22.55,12.4,18.61,17.23,14.0,19.35
2024-06-18,30.24,21.28,18.73,22.08,55.86,28.37,35.82,16.12,24.94,15.7,51.61,18.55,38.05,20.96,17.41,17.27,22.75,7.54,12.55,22.91,16.21,15.29,17.4,24.02,20.42,11.79,83.36,16.86,34.49,18.18,18.37,22.95,18.5,15.51,22.11,19.69,13.48,28.43,51.96,22.46,28.66,16.36,15.66,17.51,20.42,15.65,14.19,27.35,43.13,15.61,16.01,25.11,11.17,11.86,12.63,14.52,22.65,32.84,10.73,19.8,15.88,24.43,21.9,17.65,12.11,15.92,13.01,17.98,40.66,30.72,21.75,17.01,52.72,47.09,50.8,18.77,27.07,13.82,38.76,12.9,29.38,13.42,27.48,27.73,17.25,18.55,22.48,11.41,19.16,43.8,19.36,34.1,23.05,18.5,20.03,22.16,12.63,19.0,17.7,13.64,19.5
2024-06-20,32.52,20.85,20.75,34.37,57.21,30.2,40.17,17.03,24.78,17.17,55.4,19.06,38.89,19.64,16.71,17.52,21.51,7.66,12.47,20.83,15.56,15.47,20.5,24.63,22.4,12.59,87.38,16.8,35.25,20.22,17.84,26.28,19.0,15.61,22.44,20.81,13.33,28.91,53.18,37.53,28.72,16.65,16.05,16.53,19.43,15.57,14.24,27.6,44.1,16.38,16.9,18.68,11.27,12.19,11.05,15.69,21.99,34.03,11.24,20.39,15.55,24.46,21.72,17.15,12.92,17.05,12.36,18.01,47.77,32.94,20.0,17.12,53.87,51.82,52.54,18.97,28.19,14.11,38.8,13.02,36.33,13.42,28.25,28.33,17.99,17.71,22.21,13.47,19.96,38.59,19.26,33.87,22.96,15.68,21.8,22.14,13.17,18.95,17.33,12.81,21.85
2024-06-21,32.68,19.6,20.1,34.29,57.48,31.17,40.11,15.98,24.16,17.98,58.61,18.75,38.72,20.14,16.72,17.6,22.99,7.87,12.48,20.61,15.47,15.37,21.33,24.75,21.75,14.49,87.67,16.96,35.27,19.75,18.77,28.17,19.07,15.39,22.14,20.87,13.4,28.97,53.34,38.97,27.29,17.14,17.11,16.55,18.09,15.42,14.55,28.05,45.29,16.25,16.1,19.04,11.77,12.18,11.2,15.69,21.05,34.45,11.26,22.12,15.91,25.37,22.58,16.28,13.14,17.27,12.83,18.19,49.46,32.99,19.03,17.84,54.44,54.19,52.82,18.85,24.55,14.12,47.76,12.68,36.75,13.2,24.74,23.64,17.4,17.18,22.4,14.57,19.93,36.53,18.85,33.2,22.96,15.83,21.58,22.41,13.33,18.91,17.76,12.88,20.98
2024-06-24,31.85,19.41,20.56,34.69,59.07,33.31,37.11,19.69,22.6,19.33,62.49,17.56,27.17,19.91,14.89,17.36,22.43,7.25,11.06,22.4,15.77,15.86,21.8,25.05,26.03,13.5,89.92,15.98,33.54,22.32,18.03,28.02,17.14,16.09,21.86,21.5,13.08,28.69,42.74,38.44,27.79,16.17,16.17,19.28,18.59,13.84,14.37,23.3,33.54,16.19,12.02,18.68,12.47,12.01,11.27,16.27,19.88,36.56,10.8,19.91,18.35,17.33,21.38,15.98,13.05,18.07,12.37,18.35,50.28,33.44,21.13,17.51,54.99,55.38,54.21,18.99,24.27,13.45,47.92,13.61,40.37,18.04,22.59,20.07,16.52,18.53,23.28,14.77,20.33,33.03,16.7,31.66,23.83,16.08,19.63,22.96,13.64,20.54,17.56,13.42,23.56
2024-06-25,31.0,19.79,20.01,33.77,57.49,32.98,36.13,19.17,23.39,18.84,61.02,17.11,27.78,20.25,14.63,17.07,21.84,7.06,11.14,21.9,15.45,15.59,21.23,25.47,25.33,13.33,87.67,15.56,33.99,21.83,19.46,27.46,16.7,16.29,21.66,20.95,13.29,27.94,42.1,38.12,30.64,18.03,18.1,19.12,23.1,14.01,14.98,22.78,32.8,18.52,12.68,18.22,12.22,11.84,11.65,16.07,27.02,36.63,10.59,19.84,18.11,17.05,22.09,16.03,12.75,17.6,12.38,17.96,49.11,32.74,20.6,19.77,54.0,57.95,52.93,18.49,24.02,13.62,46.75,13.25,39.42,17.57,22.1,19.86,17.29,19.15,22.66,15.35,19.89,33.34,16.33,30.92,23.44,15.97,22.06,22.83,13.78,20.05,20.16,15.69,22.95
2024-06-26,30.66,19.3,19.64,33.08,56.04,32.41,35.6,20.27,22.81,22.34,59.48,16.69,27.87,20.0,14.75,16.97,21.4,6.91,10.89,21.38,15.06,15.42,20.75,25.37,24.99,12.99,85.55,15.73,33.14,22.0,20.07,26.76,16.27,15.89,21.65,53.36,12.97,27.37,41.16,37.25,30.4,17.62,17.68,18.66,22.7,13.95,14.69,22.32,32.13,18.1,12.39,17.78,11.92,11.78,11.81,15.69,26.43,35.7,10.66,19.35,18.68,16.66,21.54,15.82,12.48,17.68,12.45,17.5,47.89,32.02,20.18,19.52,52.64,56.52,51.79,18.03,24.32,13.32,46.5,12.94,39.2,17.13,21.55,19.66,16.87,18.68,22.09,15.08,19.76,36.01,16.05,30.45,22.85,15.57,23.79,22.39,13.43,19.57,19.65,15.78,22.37
2024-06-27,30.6,19.47,18.3,32.87,56.91,32.41,33.91,18.96,23.0,23.2,59.56,16.93,28.81,19.88,14.76,16.51,22.07,6.99,10.62,20.66,15.1,14.17,20.76,26.2,24.38,13.43,86.9,16.21,33.62,21.81,19.27,26.37,16.1,15.76,22.83,53.45,12.92,27.17,41.8,35.84,29.1,17.55,17.69,20.08,22.51,13.8,14.62,21.95,32.38,17.4,10.92,17.97,11.89,10.79,11.74,14.06,26.47,35.71,12.18,18.24,18.35,16.86,21.77,16.22,14.54,15.48,12.97,17.49,54.4,31.72,20.35,19.51,53.09,52.93,51.81,15.88,24.03,12.48,48.36,13.08,38.87,17.1,20.53,18.08,16.86,19.3,21.32,14.26,19.72,35.39,16.04,30.2,22.84,15.0,24.36,21.42,15.58,19.3,19.6,15.83,21.98
2024-06-28,31.52,19.61,17.93,32.46,56.92,32.34,32.11,18.32,23.15,25.05,59.08,17.69,27.78,19.57,14.36,14.98,21.92,6.14,10.68,23.16,14.4,14.65,21.43,28.5,21.91,12.94,87.11,16.09,33.71,21.31,18.83,26.21,18.2,15.59,23.49,52.96,12.43,25.43,42.83,35.72,29.22,18.91,18.96,20.71,22.28,13.11,13.97,19.53,32.32,17.02,10.94,18.55,12.0,10.31,12.2,13.18,26.38,34.75,12.08,17.84,18.46,16.8,24.2,16.04,14.22,23.02,13.23,18.23,54.36,34.24,20.99,80.08,53.28,52.97,51.64,15.52,23.4,12.61,48.13,12.98,39.11,16.92,21.34,17.97,16.92,19.75,21.41,14.13,19.87,35.27,13.99,31.18,24.28,14.97,23.04,20.76,16.24,19.26,22.7,15.85,21.63
2024-07-01,33.43,17.8,18.28,30.78,50.83,32.44,34.05,17.5,19.63,24.31,58.54,17.83,28.21,15.91,16.64,14.86,21.43,6.2,8.74,23.68,15.23,14.49,19.22,29.16,19.77,12.77,29.07,16.32,23.04,19.37,21.84,26.81,16.71,13.4,24.59,54.36,11.41,25.89,44.4,36.63,26.96,17.33,17.37,21.81,23.73,13.22,14.18,18.6,22.49,19.14,10.53,18.85,11.43,12.35,12.62,9.59,27.66,34.49,11.94,16.4,17.63,17.75,23.82,16.12,13.59,25.9,15.21,14.33,53.44,32.46,20.67,81.57,23.88,51.81,47.66,15.28,22.93,13.02,48.35,11.43,39.97,14.58,18.95,16.02,13.83,22.73,17.19,15.36,18.4,40.54,14.23,32.85,25.31,13.13,22.15,18.72,16.17,15.67,23.84,15.79,19.59
2024-07-02,32.78,20.04,17.82,30.0,49.55,31.79,36.51,17.07,19.39,23.88,57.06,17.75,27.69,17.39,16.38,14.75,22.13,6.18,8.76,23.96,14.87,14.22,18.75,28.47,19.27,13.35,28.37,16.05,22.71,18.92,21.73,26.61,16.3,13.26,24.39,53.1,11.26,25.95,43.63,35.79,26.31,17.14,17.23,21.29,23.17,13.23,14.26,18.32,21.93,18.67,10.31,19.16,11.18,12.1,13.2,9.35,26.97,33.66,13.05,16.17,17.87,17.41,23.3,16.07,13.25,25.26,14.89,13.97,52.12,32.06,20.27,79.5,23.3,50.94,46.55,15.08,22.81,12.98,47.27,11.2,38.96,14.86,18.49,15.98,13.84,22.44,17.14,15.55,17.99,50.1,15.44,32.24,24.8,12.89,21.71,19.45,17.28,16.26,23.32,15.6,19.2
2024-07-03,32.76,20.47,17.93,29.95,48.83,31.64,35.83,17.08,19.82,24.6,57.77,17.18,24.41,17.34,16.28,14.6,21.41,6.19,8.77,23.86,13.39,14.08,18.62,28.95,17.69,13.28,28.75,16.1,22.68,15.79,20.94,25.53,16.31,13.28,22.34,52.72,11.22,24.96,42.62,36.89,25.88,17.14,17.23,21.27,21.98,13.39,14.2,17.06,20.39,19.23,9.96,19.07,11.2,12.32,13.71,9.15,26.06,33.65,12.96,16.52,17.01,16.93,22.33,15.99,13.12,24.55,14.85,13.62,52.51,32.02,19.52,79.49,24.22,50.63,46.45,14.9,21.11,12.97,46.48,9.86,39.37,15.04,16.16,15.27,13.81,22.46,16.8,15.57,17.81,52.35,15.2,31.71,25.47,11.11,21.79,18.51,17.14,16.2,23.11,15.6,17.38
2024-07-05,33.98,20.65,19.22,31.08,49.97,27.44,37.28,17.6,18.97,25.29,57.34,17.2,23.57,18.14,16.29,14.48,21.75,6.19,9.24,23.66,13.15,14.14,18.84,29.44,18.81,15.37,29.17,10.76,22.92,16.66,21.49,24.57,15.54,12.43,21.18,53.7,11.05,26.08,40.9,37.63,26.16,18.9,19.24,21.48,22.48,10.85,14.36,17.15,20.98,18.95,9.43,19.12,10.28,12.13,14.8,9.38,26.24,29.41,13.2,16.1,17.34,16.24,27.4,15.77,13.27,25.14,15.04,13.48,52.13,32.92,17.79,81.5,21.08,49.62,47.49,14.68,22.06,12.46,48.06,9.95,38.18,14.81,14.83,11.05,13.1,23.18,16.03,15.78,14.78,52.59,14.8,32.1,25.37,11.37,20.61,18.08,17.21,15.76,24.24,17.79,17.4
2024-07-08,34.43,19.97,16.34,31.55,51.64,28.03,40.6,17.89,16.54,25.29,58.67,17.58,24.01,18.5,17.1,12.99,21.66,6.36,9.27,24.47,13.45,14.54,19.92,28.57,19.34,15.84,30.38,11.58,22.65,16.93,22.45,24.99,15.92,12.75,18.99,54.72,11.14,27.17,41.36,38.63,26.86,18.75,19.24,21.64,23.08,11.09,14.62,26.67,22.57,19.4,9.77,18.94,11.4,12.41,14.66,9.06,27.41,29.6,13.69,15.93,18.19,14.17,29.35,12.57,13.66,25.61,15.76,13.87,52.56,33.4,17.78,83.01,29.96,51.07,48.66,15.64,20.75,11.55,47.21,10.1,38.91,15.16,16.02,11.27,12.64,23.57,15.86,15.53,15.16,53.67,15.8,28.75,24.76,11.85,21.27,18.91,17.69,15.92,24.13,16.63,17.64
2024-07-09,33.55,19.76,15.92,30.8,51.2,27.82,39.76,18.02,16.12,24.65,57.49,17.73,23.82,19.16,16.71,13.55,22.56,6.28,9.14,25.43,13.5,14.4,19.53,28.04,19.12,15.5,30.5,11.49,22.87,16.73,22.55,24.33,15.5,12.49,18.55,53.69,10.85,26.47,40.48,37.6,26.27,18.32,18.79,21.81,22.71,10.97,14.57,26.32,23.23,19.11,10.32,18.79,11.18,12.66,14.85,8.86,26.71,28.83,13.34,15.68,18.3,13.9,28.58,13.23,14.23,24.96,16.62,15.17,51.17,32.52,17.35,80.83,31.59,50.29,49.23,15.23,20.32,11.38,46.52,10.36,37.9,15.58,17.14,12.69,12.39,23.06,15.46,15.19,14.75,52.62,15.64,27.98,24.18,11.74,20.92,18.69,17.22,15.66,24.01,16.19,17.59
2024-07-10,32.2,19.62,16.98,30.94,50.79,26.72,37.24,18.89,16.15,24.32,57.29,17.76,23.87,19.17,16.4,13.83,20.56,6.16,9.24,25.2,13.76,14.41,19.5,27.85,19.16,15.61,30.49,12.01,21.47,17.48,22.84,24.6,14.61,14.26,19.35,53.42,10.65,26.96,41.49,37.77,21.99,18.51,18.98,22.06,23.12,12.32,14.72,26.33,25.17,19.13,11.79,18.74,11.09,12.97,14.11,8.73,27.58,26.07,15.97,17.07,18.64,13.81,28.05,15.03,14.13,25.15,16.25,15.51,52.05,31.77,18.16,80.96,31.32,50.9,48.84,11.9,21.03,11.65,47.2,11.07,37.72,15.42,16.93,12.67,11.52,23.18,14.71,15.87,14.95,50.8,16.35,29.77,24.79,12.5,21.3,19.85,16.96,15.21,23.84,15.51,17.88
2024-07-11,25.15,19.08,16.77,30.94,51.4,34.31,37.38,18.09,23.86,26.18,58.38,11.63,22.29,17.12,17.36,13.48,20.28,6.31,9.82,21.64,13.8,14.41,19.36,24.19,19.7,22.51,30.56,12.43,22.01,17.48,25.09,25.46,13.44,15.27,20.36,53.41,11.03,27.52,42.06,37.96,24.07,21.72,22.41,20.28,24.75,12.05,14.38,30.99,25.37,19.23,11.73,15.43,11.21,12.64,14.53,8.01,30.93,35.36,16.22,18.18,18.79,14.32,32.15,15.79,14.08,25.63,15.64,18.44,54.63,26.07,22.95,81.36,31.38,55.41,48.65,11.83,21.33,11.94,48.4,13.42,40.78,16.13,16.91,13.82,13.0,23.06,14.71,16.54,14.63,62.63,17.75,36.22,24.88,14.16,22.4,21.14,16.96,15.26,23.2,15.88,18.16
2024-07-12,23.81,18.7,16.07,31.99,51.15,32.5,37.5,18.68,24.26,26.2,58.21,11.54,21.82,16.94,17.32,12.7,19.86,6.49,10.73,22.87,14.49,13.95,19.42,23.77,19.33,22.56,29.36,12.96,22.65,16.66,24.88,24.85,13.7,14.91,20.27,52.82,10.72,28.26,38.2,37.7,24.94,21.7,22.43,20.17,23.95,11.84,16.31,32.01,21.65,17.85,11.09,15.06,10.94,13.44,15.05,7.88,29.83,33.1,15.9,18.22,17.12,14.18,33.62,15.96,13.76,25.46,16.02,17.42,53.24,26.48,23.12,81.42,31.35,54.3,21.22,12.64,20.8,11.1,48.31,12.83,39.14,16.14,19.06,14.37,12.99,22.34,13.4,17.14,10.87,62.32,17.84,32.12,25.13,14.23,24.45,20.23,16.87,13.68,32.63,16.02,17.63
2024-07-15,24.41,18.81,16.35,32.71,20.89,33.46,38.76,18.62,24.9,26.31,40.99,12.59,21.86,17.23,18.18,13.37,18.86,5.87,12.85,22.44,16.47,13.79,20.4,27.84,18.87,22.9,27.47,13.21,21.83,17.52,25.14,22.05,13.94,14.94,19.91,53.75,11.12,26.08,37.31,36.58,22.45,21.17,22.06,21.85,24.41,12.14,16.72,32.36,23.47,18.65,11.58,17.03,11.42,12.94,14.1,8.06,30.08,33.98,16.58,19.0,18.42,14.71,34.43,16.96,13.1,26.09,16.26,17.89,54.44,37.22,22.38,83.56,30.36,53.94,21.64,14.16,21.23,11.91,48.48,13.36,41.35,15.66,20.85,14.79,13.31,21.57,14.88,17.62,11.58,61.89,16.7,30.39,25.77,14.89,24.82,19.86,17.73,15.46,34.42,16.41,18.19
2024-07-16,23.79,18.46,15.93,32.37,20.35,32.57,38.32,18.17,24.26,25.61,40.11,13.87,25.09,24.07,17.77,15.11,20.6,5.75,12.73,23.89,20.97,13.42,20.52,29.05,18.4,22.32,26.88,12.88,23.0,17.1,25.15,23.29,15.0,14.96,19.78,52.63,13.4,26.28,37.58,35.7,21.98,21.49,22.3,22.06,25.69,12.43,16.81,31.7,22.97,18.15,11.87,17.14,12.0,13.96,14.54,8.54,31.83,33.12,16.14,20.22,19.79,15.31,33.79,16.59,12.78,26.46,15.89,17.86,53.57,36.59,21.78,82.27,29.86,52.77,21.15,13.92,21.01,12.75,47.33,13.28,40.36,17.03,25.18,41.16,13.67,21.25,14.99,18.86,11.41,60.25,17.99,30.96,33.1,17.24,25.05,20.22,17.3,15.82,36.7,16.02,17.77
2024-07-17,25.48,22.13,17.28,32.18,19.78,50.53,55.43,17.8,22.21,27.63,44.53,13.44,25.24,24.29,20.04,14.82,26.0,6.29,13.34,23.79,21.5,14.35,21.67,28.18,18.48,21.7,27.95,14.78,24.21,18.51,26.1,23.3,14.21,13.67,20.1,53.2,13.17,24.73,51.82,35.65,21.65,22.38,23.18,22.2,25.69,11.51,16.83,31.43,23.59,20.49,17.03,17.5,12.88,13.93,20.83,10.02,31.6,48.8,17.05,20.78,20.91,20.49,39.25,16.98,15.29,26.33,15.4,17.92,54.14,36.74,21.84,81.77,32.32,57.8,21.46,16.99,19.62,13.73,44.26,14.65,49.3,17.61,23.6,45.0,12.72,22.25,15.57,18.74,11.21,61.41,18.7,42.55,35.11,17.0,25.07,24.4,17.9,15.95,36.57,16.59,17.74
2024-07-18,26.39,23.73,23.64,32.06,20.47,49.68,55.38,18.98,22.98,28.76,46.27,13.71,25.98,26.03,20.68,16.17,26.96,6.28,14.09,28.9,21.75,14.39,21.68,28.37,18.43,21.76,28.81,15.48,26.21,18.51,26.28,24.37,14.23,13.47,21.03,53.43,12.2,24.95,46.85,34.53,21.81,22.94,23.76,25.54,26.27,12.42,17.87,30.87,26.9,21.58,17.37,21.95,12.89,14.21,31.13,10.04,32.28,48.13,17.1,20.46,20.96,20.46,40.87,17.21,15.43,26.63,17.8,18.02,51.12,35.71,20.99,81.68,32.27,57.09,19.68,17.0,20.0,13.74,43.38,14.64,48.18,18.02,23.51,45.34,12.91,22.66,14.39,20.71,11.62,60.68,18.73,44.2,35.01,17.26,25.64,26.2,18.19,15.37,37.79,16.71,17.75
2024-07-19,25.73,23.24,24.17,31.28,20.52,49.38,54.82,18.53,22.53,28.06,45.37,17.38,25.37,25.46,20.44,15.76,26.3,6.37,15.5,28.17,23.38,14.02,21.23,28.06,19.61,21.21,28.1,16.29,25.6,19.37,25.72,23.78,14.19,13.18,20.84,52.24,13.25,24.35,46.03,34.41,23.64,22.36,23.16,24.97,25.8,13.21,18.16,37.01,26.25,38.05,17.15,21.45,12.56,13.91,30.65,9.88,31.54,48.14,17.11,20.26,20.61,21.46,39.87,16.8,15.06,26.39,20.2,17.72,50.07,34.83,20.88,79.85,31.95,56.11,19.29,16.75,19.57,13.43,42.35,14.46,47.43,17.88,33.39,44.22,12.59,22.09,14.14,20.43,11.36,62.24,22.08,43.56,34.19,17.01,24.99,25.54,18.29,15.74,36.83,16.32,19.73
2024-07-22,24.38,23.57,23.72,21.63,20.12,55.01,54.67,18.77,23.24,27.32,43.4,17.98,26.0,26.22,21.52,16.64,26.03,5.74,15.89,28.78,23.62,14.37,20.54,29.12,20.47,21.23,26.04,15.77,26.28,18.9,25.62,21.86,14.9,13.33,21.83,53.54,13.96,26.38,47.88,18.99,25.73,23.57,24.05,24.48,26.39,13.86,17.15,37.82,25.56,39.1,17.07,21.2,12.66,14.16,31.66,9.06,32.37,54.94,17.69,19.1,21.01,20.86,41.49,17.18,15.14,26.33,19.85,18.54,47.95,34.51,22.68,82.29,32.04,58.36,19.67,17.57,20.66,13.59,33.02,14.75,49.56,18.53,36.31,48.39,12.19,24.19,18.07,20.99,14.86,64.11,24.0,44.79,35.55,17.23,24.89,26.04,18.43,28.24,37.38,16.84,18.9
2024-07-23,23.76,23.02,23.13,21.24,20.58,53.86,53.41,18.8,22.68,27.76,42.76,17.63,29.02,25.56,21.01,16.23,25.45,5.76,15.71,28.06,23.52,14.94,22.23,28.38,20.52,20.78,25.46,15.74,25.66,19.58,26.04,27.98,17.93,13.26,21.38,53.33,14.23,32.12,47.45,19.59,34.46,22.97,23.44,23.96,26.01,13.52,16.76,37.29,25.29,38.53,17.35,20.69,12.35,13.83,31.3,20.68,31.77,53.78,17.84,20.04,20.68,20.35,40.45,16.79,15.12,25.84,19.5,18.16,46.73,33.85,22.16,80.24,31.48,56.92,20.52,17.37,20.27,13.7,32.21,15.68,48.33,18.56,35.4,47.35,12.22,23.81,18.88,20.9,14.59,63.75,27.21,43.66,35.0,18.07,51.61,25.43,18.27,27.57,36.54,16.43,19.48
2024-07-24,26.38,23.32,25.63,21.2,22.01,57.15,57.39,15.85,22.66,28.98,49.2,20.05,31.44,25.46,23.23,17.66,28.39,6.42,15.56,27.94,25.17,13.5,22.58,28.37,16.43,22.58,25.92,16.2,25.85,17.37,25.91,27.96,18.06,12.93,24.39,53.55,18.33,37.47,49.47,22.49,34.31,29.26,29.63,23.14,27.19,14.79,16.25,39.44,26.62,38.38,19.29,20.78,11.44,14.15,31.99,22.26,32.95,56.0,18.97,19.97,18.1,20.39,44.86,17.5,14.52,25.44,20.36,22.01,47.52,37.03,20.86,80.34,35.24,57.12,22.92,17.76,19.65,14.0,44.47,15.42,49.64,13.59,35.99,46.81,12.81,27.36,25.48,25.26,14.39,81.29,27.02,44.06,34.87,18.51,51.34,26.23,22.59,27.26,36.2,15.79,17.29
2024-07-25,26.48,25.27,26.03,21.16,21.95,56.69,58.97,16.0,21.19,28.95,49.34,20.03,31.27,25.13,26.16,17.71,28.55,6.41,15.18,28.12,26.17,13.48,22.61,27.16,16.44,23.04,27.24,16.45,24.91,18.27,27.07,28.04,17.81,12.45,23.75,53.52,19.79,37.71,48.97,25.14,36.72,29.02,29.47,22.81,23.87,23.65,20.32,40.06,26.59,39.55,19.53,20.66,11.4,14.07,34.76,22.0,27.47,55.19,19.02,19.75,17.91,21.27,43.98,17.17,14.54,25.44,20.81,23.08,46.81,38.0,20.68,80.52,55.94,51.84,22.97,18.59,18.83,13.78,44.27,15.88,50.3,30.07,36.37,48.84,12.06,26.69,25.48,26.87,14.77,81.15,27.11,43.73,34.38,18.38,50.46,25.35,22.49,27.4,34.35,13.91,18.68
2024-07-26,25.67,25.64,26.07,20.96,22.87,57.46,59.21,13.71,21.66,25.83,49.65,21.34,30.95,24.75,26.66,18.6,46.07,6.46,15.32,28.21,26.63,17.01,25.89,26.98,16.0,23.09,28.19,16.51,28.53,17.36,26.71,28.23,18.39,12.26,23.33,19.52,19.78,39.03,57.07,24.94,36.48,29.0,29.46,22.99,24.3,23.68,20.18,40.05,26.59,39.73,19.4,21.1,12.27,15.24,35.19,21.83,27.84,55.51,20.46,19.76,16.77,21.27,45.27,73.36,14.78,25.28,20.36,24.01,47.46,38.15,20.32,81.14,55.95,51.95,23.04,18.76,19.29,14.45,43.81,15.8,51.12,29.92,36.67,48.96,12.14,27.58,25.77,27.58,14.59,79.92,28.14,44.1,34.45,19.4,49.61,24.84,24.19,27.43,34.44,13.42,18.69
2024-07-29,25.51,26.46,26.64,21.6,19.46,58.39,59.77,14.31,21.71,23.91,50.71,21.09,31.0,25.75,27.68,18.52,47.76,6.49,15.21,27.54,27.77,17.47,26.77,24.2,16.99,23.61,25.86,16.44,25.29,18.05,29.0,28.76,19.79,12.28,22.74,19.34,19.97,39.77,57.32,25.0,36.63,29.72,30.28,22.15,24.85,24.19,20.27,41.34,25.86,40.76,20.46,21.36,12.43,15.6,35.89,22.21,28.56,56.58,19.75,23.79,17.01,22.35,45.11,75.48,12.34,20.32,20.99,24.38,42.99,36.04,19.96,28.04,58.17,53.13,22.97,18.81,19.76,14.1,42.52,15.63,51.59,30.21,37.76,50.33,12.21,27.48,25.7,27.76,14.84,83.81,28.85,43.07,32.6,19.63,50.51,25.44,22.83,27.83,33.7,13.51,19.57
2024-07-30,24.86,26.98,26.02,21.13,19.06,58.34,58.27,13.95,23.89,23.38,51.55,21.19,30.31,25.12,27.07,18.24,46.63,6.33,14.86,28.04,27.29,17.16,26.09,24.35,16.89,23.07,25.22,16.04,25.93,18.75,28.66,28.2,20.68,12.22,23.37,18.95,19.9,39.23,59.14,24.38,35.73,29.09,29.65,22.86,24.25,23.79,19.93,41.06,25.21,40.65,20.46,21.74,12.62,15.21,35.44,22.09,27.85,56.39,19.83,23.99,16.59,22.02,43.97,73.58,12.14,41.35,20.74,23.88,44.18,35.15,19.49,27.62,56.7,56.88,23.28,18.36,20.06,22.5,42.72,15.28,54.72,29.88,37.02,49.05,11.9,27.13,25.09,27.46,14.78,83.48,28.2,42.01,32.02,19.45,49.28,24.85,22.35,27.13,32.93,13.43,19.99
2024-07-31,23.4,27.04,25.91,20.98,20.75,65.13,60.24,13.82,24.59,24.57,65.41,21.1,29.8,26.57,26.39,17.77,48.39,6.25,15.04,28.64,27.11,16.85,24.17,24.54,17.52,23.77,25.21,16.14,30.55,18.82,25.83,26.54,20.36,11.84,22.2,18.95,20.63,39.5,66.86,26.74,35.68,29.16,29.75,21.75,22.47,23.91,19.74,41.7,25.88,41.23,22.43,21.79,13.61,12.5,35.99,21.89,24.78,63.66,22.93,22.83,17.64,20.76,45.07,73.0,17.19,39.49,19.81,22.32,52.12,35.77,20.0,26.84,57.07,72.27,24.9,17.68,23.15,22.11,42.61,15.11,62.75,29.35,38.06,49.18,11.26,24.04,25.38,26.02,19.28,82.3,28.93,42.72,29.51,19.1,49.46,24.98,22.58,27.12,32.37,13.71,19.98
2024-08-01,23.53,25.36,28.96,21.4,20.28,69.32,64.2,13.89,25.69,24.19,71.95,22.24,37.89,26.18,26.42,18.8,47.3,6.21,16.42,29.18,31.4,17.63,26.14,30.98,19.44,22.96,26.44,17.97,30.3,25.89,29.03,25.29,20.42,14.77,25.74,19.67,21.53,39.29,67.37,26.56,36.14,28.68,29.23,23.06,24.75,23.5,20.39,45.91,26.16,41.45,22.86,22.76,14.51,12.54,38.61,21.73,26.06,71.57,22.49,22.66,17.29,20.76,48.16,73.32,18.18,39.69,20.58,22.04,57.06,36.53,19.52,27.0,57.06,75.79,25.27,18.04,22.18,24.41,44.06,15.8,70.56,29.76,40.22,49.19,18.82,23.93,25.34,25.05,21.12,78.75,33.98,46.15,29.86,19.68,49.43,27.81,21.57,26.72,35.25,14.53,20.5
2024-08-02,23.57,24.58,28.73,22.36,23.63,72.63,64.24,13.9,26.66,38.91,69.95,33.14,41.12,31.03,41.61,20.97,46.82,6.51,16.72,38.64,33.29,18.36,26.44,36.36,20.62,23.06,28.28,18.76,30.14,27.37,29.22,26.23,23.57,14.77,28.68,20.04,21.54,44.3,69.81,23.88,39.83,29.33,29.94,32.0,24.98,23.51,20.05,113.03,26.99,41.31,23.37,27.28,15.59,12.45,39.97,21.77,26.15,75.31,22.41,24.25,20.63,21.01,48.57,73.57,18.93,39.98,29.47,22.54,60.75,36.23,19.86,26.82,57.7,73.63,26.97,18.36,22.34,25.93,47.76,15.52,70.12,29.92,40.33,49.13,18.87,24.67,25.24,25.71,20.91,76.03,35.49,46.67,29.56,21.14,49.76,29.29,21.57,26.74,41.37,16.15,20.46
2024-08-05,27.72,26.68,30.01,23.56,24.66,72.7,61.61,17.39,30.97,39.92,69.93,34.42,41.3,31.77,42.29,22.26,48.31,7.08,20.67,40.02,33.48,19.53,27.28,37.86,20.03,21.87,28.56,23.75,31.7,28.29,30.35,28.6,24.18,18.48,30.06,22.86,22.96,44.17,69.45,26.35,40.68,30.75,30.87,33.11,25.78,24.29,23.38,113.07,28.43,41.81,24.75,27.86,17.34,15.19,40.46,21.58,27.06,75.51,27.44,27.12,22.47,21.79,44.13,73.62,23.33,40.49,32.35,23.18,60.35,38.44,19.99,29.36,57.08,76.19,29.83,20.41,24.16,26.26,44.17,21.75,69.71,30.35,41.38,49.22,21.41,25.17,26.82,28.52,21.36,76.21,37.11,46.62,32.9,22.73,49.86,32.12,25.2,28.59,41.54,13.72,21.04
2024-08-06,27.13,26.05,29.35,23.42,24.64,71.32,60.65,17.26,30.23,39.33,68.63,34.62,40.38,31.27,41.67,21.97,47.41,8.13,21.27,39.27,34.37,19.68,26.77,37.49,20.21,22.75,27.88,23.49,31.04,27.7,29.68,28.01,25.67,18.52,29.73,22.62,22.42,43.93,68.01,26.15,40.5,30.13,30.14,33.38,25.34,23.71,23.53,110.38,28.57,41.5,24.98,29.01,16.97,14.88,40.83,21.66,26.62,73.89,27.25,26.49,22.16,21.31,45.55,71.89,22.76,39.55,31.87,23.54,58.9,37.51,21.27,29.26,55.98,76.1,29.26,20.31,24.32,25.63,55.77,21.23,68.29,29.96,41.04,48.33,21.0,29.58,26.58,27.84,21.37,74.68,38.15,59.43,32.29,22.66,48.74,32.0,24.81,28.22,40.71,13.46,20.63
2024-08-07,27.48,25.86,28.38,23.47,24.68,70.76,57.86,25.11,30.73,39.6,69.39,34.74,40.24,31.49,41.98,21.99,48.17,8.17,21.42,38.85,34.36,19.72,26.56,37.63,20.71,22.79,27.37,23.15,33.13,27.69,29.36,29.41,29.3,18.45,39.85,24.08,22.43,43.45,68.11,26.11,40.51,30.3,30.43,33.43,27.63,23.72,23.43,106.6,28.36,41.51,24.74,28.99,16.07,15.23,41.22,21.54,30.23,73.32,27.15,25.95,22.05,20.9,45.28,72.34,22.84,40.01,31.62,23.53,58.8,37.53,21.47,27.23,53.6,76.86,29.46,19.64,25.05,25.77,55.47,21.41,67.85,29.94,40.47,48.27,20.88,30.31,26.58,29.34,21.35,75.36,37.96,59.59,32.48,22.61,48.77,32.04,24.46,28.12,40.71,13.9,20.7
2024-08-08,28.22,26.04,28.3,23.56,27.3,74.91,62.87,27.89,31.17,40.59,74.31,35.16,42.3,31.94,43.59,22.18,47.89,8.33,21.61,39.47,35.81,19.52,27.41,37.92,21.12,26.17,30.01,23.74,33.86,28.28,28.96,29.76,29.36,19.13,43.87,24.0,22.69,44.05,71.74,26.74,44.73,31.55,31.71,34.13,28.05,24.09,25.07,111.22,29.9,42.75,24.68,29.4,15.81,15.23,52.58,21.2,30.66,78.15,27.44,25.61,21.52,21.23,47.77,71.94,22.58,40.39,32.34,24.12,64.06,37.53,24.59,28.03,53.12,79.7,29.87,19.59,24.89,25.69,66.44,20.79,71.62,29.92,39.51,47.82,21.47,30.61,26.65,29.55,21.74,75.34,41.91,62.47,32.55,22.73,49.6,32.0,24.94,28.15,40.42,14.5,21.01
2024-08-09,27.81,26.14,28.41,23.23,27.73,74.55,60.33,27.36,31.37,40.76,74.64,35.71,42.24,31.75,44.06,21.94,47.99,8.33,21.52,39.25,35.78,19.76,27.54,37.94,20.67,27.09,30.4,23.6,34.17,27.76,28.98,29.8,29.46,18.52,43.37,23.97,22.66,43.84,70.62,28.44,45.19,31.4,31.61,34.01,27.2,22.99,25.04,110.75,28.73,42.74,24.3,29.56,15.89,15.05,56.01,21.27,30.2,78.05,25.81,25.67,21.69,21.3,48.02,72.11,22.61,40.23,32.12,23.57,61.8,37.46,24.62,28.04,53.35,78.7,30.98,19.42,24.02,25.65,65.82,20.92,71.38,29.71,39.64,47.76,21.47,31.34,26.46,29.78,21.68,75.41,41.42,61.74,32.94,23.18,49.39,31.2,24.78,27.97,40.66,14.31,20.99
2024-08-12,27.2,26.75,29.19,18.99,28.27,74.87,62.73,27.1,27.28,41.4,76.34,36.61,43.7,32.47,43.89,23.33,48.62,8.29,21.35,39.71,36.41,20.53,28.24,38.64,21.81,23.31,30.86,23.57,35.22,28.38,27.4,30.32,29.93,18.43,43.26,23.25,23.25,43.66,71.91,28.94,43.71,31.23,31.31,35.05,25.42,23.44,24.88,111.7,28.51,43.77,25.04,29.99,16.62,14.79,57.05,21.52,28.16,78.0,26.35,25.74,22.04,21.93,45.88,74.05,22.93,40.71,32.51,23.29,61.81,37.15,21.79,28.5,54.65,80.36,30.98,19.56,24.17,27.28,66.95,20.61,71.7,30.19,40.8,47.94,21.45,34.8,27.07,30.37,21.72,70.85,41.87,59.39,33.67,22.99,48.42,30.92,24.98,28.59,36.19,14.82,21.25
2024-08-13,27.38,26.1,28.49,19.35,27.82,75.02,63.07,26.77,27.18,41.48,76.87,35.84,44.07,31.93,45.37,23.63,48.86,8.1,20.88,38.9,35.63,20.25,28.02,38.1,21.84,22.75,30.46,23.48,34.38,27.71,27.49,29.6,29.22,17.99,42.52,23.44,22.7,42.63,70.47,28.51,42.91,31.09,31.13,34.47,25.26,22.91,24.36,112.56,29.63,42.76,24.79,29.4,16.22,14.57,56.58,21.05,28.5,77.94,25.81,25.12,21.92,21.74,45.42,72.32,22.82,39.99,32.71,23.99,62.26,36.31,22.8,32.49,53.49,82.06,30.76,19.14,24.07,26.64,66.21,20.47,71.99,29.5,83.76,47.31,20.98,34.45,26.44,29.68,21.21,72.25,42.0,58.72,33.07,22.44,47.7,31.15,24.39,28.01,35.9,14.71,21.13
2024-08-14,26.63,25.89,28.65,17.75,27.64,74.9,63.14,26.77,26.9,41.5,76.9,35.67,43.78,32.01,44.85,23.48,49.13,8.2,19.89,39.45,34.1,20.49,27.47,35.11,21.6,22.69,30.43,23.5,34.4,27.0,26.69,29.61,29.58,18.04,41.59,22.11,22.7,42.64,70.7,28.31,42.94,31.34,31.33,33.7,25.89,22.98,24.39,112.28,28.66,42.27,24.69,28.41,15.99,14.4,57.34,20.86,28.38,78.06,25.69,24.74,21.04,21.44,45.38,71.93,22.8,39.9,34.04,24.23,63.99,26.67,23.44,30.45,53.41,82.38,30.93,18.27,23.99,26.39,66.17,20.3,70.86,29.48,83.39,50.63,20.99,34.47,25.99,29.57,21.01,72.07,42.08,58.88,33.09,21.56,47.31,31.09,24.14,27.53,35.49,14.85,20.61
2024-08-15,27.14,25.93,28.67,16.99,29.26,77.42,66.01,26.74,28.28,44.63,79.11,35.7,44.73,25.55,45.32,22.64,48.79,8.23,19.67,38.37,31.82,20.75,27.2,32.96,22.43,23.33,31.68,32.84,34.8,27.73,33.79,28.77,30.89,17.93,41.16,19.39,21.69,42.3,70.51,28.11,44.18,31.55,31.5,32.86,24.13,22.42,24.04,114.08,29.59,42.58,24.48,27.88,15.62,13.73,57.27,21.38,25.61,80.7,26.29,24.09,20.82,22.27,45.38,71.92,23.12,39.52,34.17,24.69,68.59,26.78,23.45,33.68,53.39,83.53,31.2,18.51,23.59,26.07,66.17,20.23,72.38,29.09,82.9,35.71,20.81,34.4,27.56,29.1,21.43,75.63,42.73,58.21,26.04,19.38,46.98,30.38,25.3,27.83,32.46,26.36,20.58
2024-08-16,25.91,23.79,28.15,17.08,29.2,68.32,56.01,26.59,28.05,43.88,73.67,35.83,45.34,25.95,44.36,22.58,46.87,8.05,19.18,38.78,31.79,19.78,25.8,33.74,22.21,23.43,30.87,32.55,33.93,26.4,33.33,28.7,30.98,17.78,41.16,19.51,21.69,39.83,62.16,27.22,44.41,31.76,31.75,33.06,24.06,22.28,23.95,114.23,29.4,41.19,21.34,27.65,15.18,13.51,55.75,21.38,25.48,73.17,25.78,24.02,20.04,18.42,40.53,71.99,21.56,39.51,34.2,24.43,65.77,26.31,23.48,33.68,51.89,80.16,30.26,15.5,23.08,25.58,66.23,19.46,66.39,29.03,82.73,30.17,20.79,33.76,27.36,29.08,21.57,75.37,42.62,51.29,21.64,19.38,47.2,26.14,24.89,27.85,32.63,26.03,20.2
2024-08-19,25.52,22.31,22.49,17.47,30.04,69.14,58.35,27.85,28.32,44.48,74.56,35.32,45.62,26.2,46.02,22.45,47.33,8.32,18.62,37.57,31.55,19.95,26.81,35.66,21.82,23.72,31.05,32.7,33.55,26.77,34.16,27.21,32.41,17.96,42.29,20.32,21.28,40.7,62.65,27.61,44.93,33.35,33.43,31.71,23.97,22.49,23.53,117.28,28.06,27.71,21.56,25.97,15.64,13.48,51.9,21.79,25.63,74.02,25.94,25.91,20.38,16.81,40.63,73.55,22.07,40.13,33.18,25.12,66.76,26.94,23.83,34.12,53.01,82.23,30.85,15.82,24.12,26.13,67.78,19.28,67.73,28.55,82.96,29.41,21.13,34.94,28.13,27.01,21.73,77.11,41.94,51.39,21.39,19.88,48.28,26.23,24.66,28.37,33.26,26.61,18.58
2024-08-20,24.92,22.03,22.49,17.07,29.33,67.92,56.98,27.19,27.64,43.44,72.91,34.53,46.83,26.57,44.93,22.34,46.41,8.12,18.19,36.81,30.82,19.76,26.24,34.93,22.0,23.17,30.83,31.92,32.74,26.4,33.34,26.58,31.79,17.64,41.28,19.86,20.76,39.84,61.32,26.96,43.92,32.62,32.69,31.45,23.72,22.14,22.99,114.46,27.41,27.04,21.05,25.41,15.3,13.18,51.44,21.54,25.4,72.53,25.33,25.61,19.9,16.45,39.79,71.8,21.54,39.33,32.55,24.72,65.16,26.48,23.52,33.31,51.74,80.73,30.27,15.83,23.59,25.8,66.26,18.82,66.18,28.08,80.96,29.1,20.69,34.14,27.45,26.42,21.52,75.26,41.03,50.46,20.89,19.41,47.14,25.62,24.14,27.72,32.48,26.14,21.71
2024-08-21,24.91,22.06,22.06,17.23,29.31,64.58,56.28,26.74,27.65,43.51,72.54,35.77,46.93,26.43,44.93,21.84,46.75,8.19,18.26,36.9,30.76,19.73,25.8,34.82,21.22,22.99,29.75,31.57,32.75,26.3,33.59,25.17,31.71,17.61,40.74,20.26,20.63,39.26,61.09,26.96,43.13,31.47,31.49,31.44,23.87,21.87,23.0,114.76,27.19,26.87,21.09,25.41,14.82,13.37,51.42,21.84,25.44,68.91,25.25,25.77,19.89,17.87,39.52,71.8,21.59,39.52,32.53,24.19,65.07,26.36,22.75,32.3,51.75,79.33,30.11,15.4,23.31,25.8,66.17,18.81,64.1,28.37,79.66,25.46,20.77,33.08,25.13,26.16,19.12,73.0,40.58,50.46,20.46,19.42,47.12,25.49,23.98,16.97,32.66,26.09,21.69
2024-08-22,25.04,21.99,22.07,17.48,29.24,65.74,57.76,27.02,27.64,43.41,72.7,35.7,44.4,26.94,45.03,21.84,47.38,8.27,18.2,36.86,30.56,18.8,24.55,34.79,20.78,23.05,29.87,31.35,32.86,25.77,32.81,19.06,29.65,17.69,40.83,19.42,20.29,34.62,60.8,26.24,36.8,31.54,31.56,31.27,24.12,21.82,23.22,115.65,27.0,26.3,20.49,25.57,14.99,13.37,51.3,13.81,25.45,70.05,24.61,24.17,19.66,17.84,39.67,71.86,21.43,39.53,32.31,24.87,66.15,26.24,23.05,31.4,52.45,80.4,29.6,14.96,23.46,25.55,66.68,17.92,64.66,28.3,79.66,25.42,21.3,33.04,24.08,26.58,18.83,75.02,39.15,50.45,20.24,18.71,17.87,25.48,23.66,16.93,32.67,26.09,21.07
2024-08-23,23.01,21.59,19.71,17.59,27.4,62.67,53.79,27.3,29.26,42.33,67.53,34.91,43.25,27.53,44.33,21.36,45.91,7.74,18.33,37.96,29.92,18.78,24.36,35.6,21.23,21.02,29.22,31.35,33.24,26.12,32.95,19.06,29.44,17.23,39.89,19.56,16.65,28.09,58.64,24.3,39.75,27.23,27.2,31.88,23.78,21.82,23.2,116.42,35.4,26.52,19.11,25.42,14.63,13.13,50.58,11.53,27.24,68.3,23.3,24.04,19.66,17.83,33.46,71.39,21.62,39.19,32.24,21.9,65.32,22.07,22.66,28.4,49.44,77.61,27.87,14.64,22.78,25.51,59.74,17.36,61.94,28.2,78.98,24.79,20.89,29.56,17.49,23.35,18.9,62.62,40.27,49.78,20.28,18.63,17.98,26.53,18.57,15.91,33.09,26.06,21.05
2024-08-26,23.45,19.15,19.21,18.18,27.4,64.32,53.88,28.01,29.75,43.05,70.6,35.01,43.03,28.07,43.14,20.37,27.06,7.84,18.57,38.36,29.0,16.82,21.71,36.02,22.67,20.56,27.48,31.87,30.92,26.12,31.51,18.04,30.28,17.17,39.96,19.94,15.28,26.44,53.46,20.57,35.64,25.93,25.74,32.22,23.8,12.36,19.24,118.88,35.87,23.47,18.24,25.49,15.0,12.08,47.54,11.36,27.19,70.04,22.89,24.32,20.08,16.21,33.15,17.01,21.8,40.14,32.54,20.02,67.18,20.07,22.92,28.97,25.77,79.74,28.3,13.65,19.57,25.73,62.37,17.35,62.22,11.12,80.25,22.33,20.72,29.59,17.49,19.72,18.54,64.81,40.59,51.01,19.99,17.45,17.64,26.99,17.57,16.28,33.49,26.24,21.6
2024-08-27,22.9,19.04,18.75,18.03,27.12,62.77,52.58,27.34,29.04,42.2,68.96,34.18,42.0,27.43,42.67,19.89,26.4,7.71,18.54,37.44,28.3,16.51,21.19,35.15,22.46,20.62,26.87,31.14,30.89,25.64,31.37,17.65,29.76,17.28,39.03,19.63,14.95,25.81,52.46,20.08,34.83,25.49,25.29,31.45,23.28,12.57,18.79,116.17,35.42,22.92,17.84,24.9,14.81,11.99,46.41,11.09,26.75,68.39,22.61,23.75,19.69,16.34,32.5,16.7,21.31,39.22,31.77,19.55,65.59,20.39,22.47,28.32,25.2,77.88,27.64,13.41,19.09,25.22,60.91,17.07,61.49,10.96,78.55,21.94,20.6,28.88,17.25,19.44,18.51,63.53,39.75,49.83,19.51,17.28,17.64,26.35,17.34,15.91,32.73,25.63,21.38
2024-08-28,23.09,17.78,18.64,18.15,27.25,62.91,53.62,27.39,29.1,42.3,69.28,34.18,42.11,27.27,42.45,19.8,25.48,7.69,18.66,37.21,27.81,16.0,19.55,35.48,21.71,22.6,27.23,31.85,30.6,25.61,30.21,17.77,28.99,17.32,38.8,19.68,16.64,25.86,52.51,20.98,34.93,25.15,24.89,31.24,23.25,12.49,18.79,116.17,35.7,22.97,17.2,24.74,14.65,11.86,46.63,11.12,26.74,68.57,22.84,21.69,19.55,16.25,32.62,15.5,21.32,38.56,31.26,19.6,66.12,20.47,23.34,30.86,23.25,78.16,27.63,13.7,19.09,25.16,61.26,16.96,61.56,11.35,80.16,21.0,20.39,28.95,17.21,19.4,19.67,60.4,40.12,49.82,19.37,17.36,17.74,26.49,17.38,15.88,33.01,25.58,21.34
2024-08-29,23.49,15.84,18.69,18.11,27.66,61.2,53.54,27.43,26.48,42.42,67.3,33.82,42.16,27.3,42.3,19.55,25.88,7.82,18.7,36.18,27.81,15.87,19.84,34.77,22.49,22.37,27.33,31.99,28.8,24.86,30.0,17.17,28.26,17.02,38.61,19.57,16.22,25.5,49.48,21.27,34.94,25.11,24.84,30.31,23.46,12.95,18.73,117.21,35.88,20.64,16.3,23.91,14.27,11.89,45.85,9.66,26.9,67.26,23.19,21.05,19.82,16.25,32.43,15.31,21.31,15.68,30.99,19.59,64.32,20.49,23.18,30.81,24.2,77.34,27.01,14.17,17.02,18.1,60.41,17.0,57.17,9.9,80.33,21.55,20.38,29.37,17.28,18.42,19.51,59.05,40.35,49.5,18.68,16.87,17.71,26.62,18.32,16.07,32.95,25.32,21.0
2024-08-30,23.13,15.49,18.67,18.12,26.72,55.6,52.05,27.56,26.13,43.18,56.6,33.88,41.57,26.56,42.29,19.65,23.36,7.77,18.93,36.2,27.79,14.95,19.39,35.0,22.35,22.07,27.82,31.96,24.9,24.79,30.15,17.27,28.4,16.95,38.63,19.74,14.93,25.04,42.48,19.24,34.92,25.26,24.97,30.3,23.14,12.55,19.28,122.29,35.55,19.27,14.36,23.71,12.99,12.26,45.95,9.46,26.41,62.53,20.17,20.88,19.45,15.86,31.67,15.7,17.76,14.26,31.15,19.58,59.28,18.85,23.29,30.83,25.14,65.94,25.75,14.23,15.49,17.99,60.33,17.03,51.2,10.08,80.25,21.52,20.46,29.17,16.83,18.5,15.92,58.67,40.12,49.25,18.71,17.6,17.86,26.52,18.22,16.14,33.51,24.98,20.98
2024-09-03,24.9,14.0,14.14,17.2,23.07,49.4,52.35,28.24,23.78,29.67,52.88,23.88,41.53,18.4,25.85,18.69,23.58,7.63,17.56,25.24,26.18,13.68,17.81,23.55,22.71,23.33,25.08,31.18,25.29,18.07,26.7,17.4,26.26,14.65,37.77,19.45,14.85,26.8,40.14,19.81,29.97,28.14,27.37,26.7,21.73,13.86,18.98,73.99,35.38,20.92,11.92,17.16,10.74,13.12,43.83,8.91,26.67,50.32,20.64,19.15,16.32,15.96,28.38,18.68,16.06,15.29,27.68,19.76,53.15,17.34,26.8,32.1,25.23,72.03,23.61,15.54,17.45,14.01,57.92,17.41,45.5,12.35,81.01,20.38,15.91,30.33,18.82,18.64,14.26,53.57,40.7,43.75,16.8,16.0,17.17,23.03,18.78,18.69,18.71,23.82,22.23
2024-09-04,17.48,9.73,10.73,12.6,18.9,49.44,52.9,26.55,20.11,26.0,52.63,21.57,41.52,15.52,25.82,17.18,22.12,7.17,9.97,21.78,26.01,11.7,18.22,19.92,22.75,21.18,23.88,26.83,26.37,16.74,24.7,14.85,25.24,11.21,36.97,15.59,12.36,26.65,40.43,17.5,26.8,23.11,22.6,24.86,20.86,11.75,14.54,71.33,33.16,18.12,9.72,14.7,8.46,9.64,41.29,9.24,26.09,50.2,11.94,15.32,19.06,15.71,26.49,18.66,9.12,12.38,23.17,15.62,52.59,13.15,24.57,28.79,24.72,68.28,17.54,13.29,16.07,13.33,56.46,9.63,45.52,11.42,80.22,19.99,13.41,29.05,16.18,15.78,14.1,52.81,38.39,43.56,11.21,13.28,16.45,17.98,11.47,19.88,16.46,22.93,21.71
2024-09-05,16.94,12.77,11.54,12.72,19.9,49.53,51.39,27.16,19.98,27.14,52.69,20.64,41.39,16.18,26.0,17.52,22.01,5.47,15.0,21.99,24.38,10.84,20.71,20.13,22.85,20.81,24.0,27.38,27.27,16.62,26.46,14.86,23.8,10.07,36.6,18.02,12.64,26.05,40.78,17.23,27.18,23.2,22.6,23.86,20.87,12.58,14.36,71.18,32.8,17.69,9.73,13.06,11.44,11.28,43.87,9.82,25.72,50.34,12.63,15.35,18.72,17.8,23.47,18.9,10.15,13.84,23.31,15.25,52.3,13.81,24.17,28.75,24.36,67.18,17.77,12.79,15.6,13.41,47.24,11.2,45.57,12.12,80.41,19.9,13.39,24.38,15.71,15.96,13.82,54.89,37.67,27.15,12.59,14.44,16.42,18.01,12.03,19.67,19.02,23.15,21.81
2024-09-06,16.97,12.45,11.65,12.78,20.29,49.84,53.06,20.44,19.84,30.74,62.67,23.59,42.35,19.48,22.87,18.08,22.64,5.38,15.81,23.92,24.82,11.14,20.39,21.45,23.1,21.01,24.17,27.96,24.72,17.51,26.65,12.98,17.63,10.11,24.75,15.47,13.86,26.67,40.91,17.16,28.64,27.19,26.55,24.7,16.94,15.27,15.04,70.62,32.97,18.27,9.9,16.25,11.38,12.93,42.66,9.3,21.48,50.38,12.77,15.21,18.4,17.79,26.08,19.6,11.11,13.81,25.75,16.39,52.96,13.85,26.58,28.85,23.46,66.18,16.16,12.76,14.66,12.97,46.87,10.72,46.86,12.79,80.48,20.13,13.97,23.32,16.24,13.26,15.98,61.61,38.03,28.74,12.39,14.47,15.91,20.08,11.43,19.75,27.13,22.49,21.31
2024-09-09,16.01,12.72,13.15,12.52,18.13,45.27,50.99,16.75,19.77,31.86,59.83,24.39,43.33,19.21,22.49,18.63,23.19,5.3,16.01,21.78,23.23,11.51,19.34,23.05,23.22,18.58,20.29,28.04,24.76,17.68,27.05,14.45,18.12,9.52,18.04,15.84,16.93,27.6,36.5,12.46,24.25,26.56,25.71,24.19,17.14,15.91,12.42,65.49,33.03,16.17,10.74,16.82,11.96,13.31,24.7,10.93,20.98,44.94,14.53,14.42,18.12,17.83,21.54,18.9,11.31,15.7,25.34,16.51,49.37,14.88,25.76,29.72,25.07,65.64,14.68,13.1,18.07,13.2,54.95,11.17,44.09,14.72,82.27,20.41,14.11,22.49,18.21,12.15,15.96,62.62,35.56,23.06,11.56,12.98,14.6,21.05,12.98,24.04,27.83,23.02,21.85
2024-09-10,15.69,13.21,12.84,13.02,17.75,44.18,50.91,16.58,19.9,31.88,61.21,25.28,42.59,18.87,21.95,18.25,23.12,5.17,15.68,23.42,22.64,11.35,19.6,25.68,23.16,18.19,19.8,27.33,24.33,17.88,26.43,14.19,17.66,9.4,17.61,15.44,16.5,27.14,35.62,14.85,31.57,26.03,25.11,28.26,17.21,15.52,12.26,63.84,32.41,16.02,10.5,25.37,11.87,12.98,24.26,11.22,20.68,43.8,14.17,14.15,18.13,17.38,21.0,18.79,11.13,15.31,25.46,17.61,48.26,14.99,25.19,29.89,24.46,64.18,39.22,12.85,17.93,13.17,53.57,11.44,43.03,14.72,80.19,19.9,13.76,22.24,17.83,11.93,15.68,62.65,34.8,22.9,11.41,12.69,14.36,20.74,12.8,24.33,27.53,22.83,24.66
2024-09-11,15.99,16.08,12.44,12.47,17.22,46.88,53.03,16.26,20.78,32.88,65.31,27.74,42.06,19.05,21.98,16.63,23.75,5.33,16.49,23.75,22.56,11.23,19.4,25.35,22.09,18.04,20.41,26.65,23.49,17.87,26.27,14.63,17.61,9.72,17.88,15.36,16.73,27.17,36.13,14.53,31.28,26.77,26.1,28.34,16.79,15.98,12.83,64.73,32.82,16.51,11.96,25.52,11.79,12.96,25.08,11.5,19.0,47.29,14.07,14.39,18.46,17.04,21.61,18.51,13.05,15.05,25.48,18.94,50.43,15.4,25.31,29.89,24.82,68.32,39.19,13.43,17.9,13.15,52.61,12.68,44.13,15.15,81.25,19.57,14.3,17.65,18.61,12.52,16.0,62.3,35.0,23.29,12.74,14.96,14.61,20.05,13.14,24.13,27.1,22.91,24.72
2024-09-12,14.9,16.06,12.46,11.89,17.31,44.63,52.12,15.93,20.37,32.55,64.47,27.68,40.93,19.06,18.94,15.68,18.89,5.58,16.67,23.66,22.88,10.74,19.5,25.05,21.75,18.69,20.6,26.61,25.01,18.23,26.19,14.54,17.81,9.78,18.41,14.68,16.73,27.97,36.69,16.21,32.92,27.71,27.21,28.0,16.69,15.96,12.84,61.7,31.26,16.45,11.31,25.37,11.76,12.89,23.98,11.44,18.64,45.7,14.07,14.44,17.97,17.05,21.97,18.32,12.84,14.89,24.63,18.29,50.61,15.4,24.34,24.3,24.65,65.07,39.68,13.56,18.49,13.24,51.81,12.23,41.99,15.27,30.49,21.42,14.37,16.84,18.62,12.58,17.21,60.2,35.82,23.61,11.79,15.0,14.07,20.5,13.09,24.12,30.31,22.27,25.3
2024-09-13,14.89,15.76,11.96,12.0,36.43,45.97,52.13,16.01,20.39,32.6,64.67,27.37,42.77,18.86,19.35,15.68,19.41,5.61,16.37,22.67,23.54,10.0,19.57,24.82,21.56,18.61,20.64,26.6,25.1,18.57,26.67,14.63,18.16,10.28,18.45,14.68,17.22,32.68,38.66,16.16,32.9,27.55,27.02,27.8,16.59,16.02,13.29,61.32,31.16,16.86,11.35,25.28,12.03,12.89,22.72,11.27,18.94,47.11,14.06,14.85,17.95,16.68,21.95,18.39,12.94,14.72,23.29,18.35,52.16,15.72,23.86,24.44,24.97,64.83,39.71,13.39,18.53,12.99,51.79,11.92,42.14,15.51,29.53,13.96,14.74,16.82,18.63,12.61,17.14,58.75,36.35,32.26,11.84,14.11,14.53,21.17,13.12,24.34,31.0,22.31,24.96
2024-09-16,17.25,16.36,12.32,11.89,37.34,42.63,51.08,16.22,18.44,30.36,64.26,27.0,38.63,19.48,19.2,15.45,20.15,5.47,16.77,21.56,22.68,9.77,19.59,25.02,22.4,18.46,18.6,15.75,23.47,18.59,17.7,15.07,16.49,10.38,18.62,16.75,17.74,33.72,37.2,15.79,32.49,27.88,27.35,28.65,16.69,16.35,13.54,65.29,31.24,16.05,11.85,26.25,12.47,13.42,23.01,11.42,19.28,43.34,13.43,14.51,17.33,15.41,21.16,18.94,12.41,17.19,24.27,18.25,48.48,15.12,23.95,17.29,25.37,64.91,43.27,13.41,20.06,14.26,52.83,12.18,41.1,15.79,31.44,17.18,15.09,16.81,16.65,13.0,17.46,57.02,35.5,33.03,12.25,14.73,14.15,21.34,12.14,23.07,31.51,9.54,26.11
2024-09-17,16.88,16.49,12.02,21.84,36.54,41.7,49.89,16.15,18.19,29.74,62.71,26.8,37.91,19.4,19.1,15.36,19.99,5.37,16.71,21.91,22.76,10.13,19.1,26.3,23.92,18.62,18.23,15.73,23.1,18.48,17.37,15.49,16.41,10.77,18.88,17.08,17.95,33.03,36.9,15.62,31.93,27.39,26.86,27.94,16.27,15.99,14.86,64.29,30.45,16.82,11.58,25.74,12.36,13.44,23.38,11.86,18.81,42.8,13.15,14.89,17.21,16.5,20.7,18.85,14.84,16.75,23.66,17.96,48.26,14.74,23.79,17.38,25.03,63.32,43.24,13.13,19.92,14.36,51.49,14.74,40.34,15.47,30.64,16.79,14.79,16.54,19.14,12.9,18.12,55.58,34.99,32.78,13.86,14.39,14.51,20.81,11.83,24.2,31.13,13.75,25.99
2024-09-18,18.22,15.54,15.92,21.76,35.89,41.21,47.61,14.69,19.27,29.75,62.55,27.15,37.87,19.2,18.24,16.46,20.05,4.88,16.44,21.91,22.77,11.28,18.86,25.06,23.87,18.76,17.98,15.36,23.22,18.29,16.48,15.32,15.64,11.19,18.73,16.81,18.0,33.37,37.42,15.65,32.7,26.13,25.53,27.92,16.27,16.71,14.87,64.42,30.5,16.7,11.91,25.69,12.28,13.97,23.38,11.84,18.74,42.38,14.03,10.73,17.02,16.72,20.7,18.89,14.86,16.68,23.67,18.3,47.98,15.16,24.34,17.44,25.02,61.23,44.22,13.5,19.22,15.09,51.5,16.37,40.08,15.57,29.01,16.81,15.08,15.31,19.32,12.75,21.12,54.69,35.01,31.29,13.93,14.81,14.34,20.83,12.64,24.37,30.22,13.77,26.0
2024-09-19,22.37,15.58,15.63,21.78,38.51,45.77,51.58,14.97,20.36,30.27,63.94,28.22,35.56,19.72,18.34,16.01,20.59,4.89,16.56,28.11,28.18,11.25,19.18,30.15,24.01,18.94,25.65,16.33,23.21,17.77,17.51,16.34,14.91,11.42,19.94,16.91,18.15,33.4,37.71,15.77,32.72,26.74,26.11,30.8,16.67,16.97,15.21,64.17,32.75,17.62,12.43,26.24,13.69,14.0,21.01,11.79,18.59,45.43,14.18,10.49,17.16,17.27,24.34,18.87,15.11,17.28,24.04,19.12,49.23,17.67,24.81,17.38,26.92,62.92,44.36,12.96,19.27,15.5,51.4,16.76,41.55,15.69,29.02,17.79,15.08,15.98,20.76,13.41,21.58,59.7,36.81,32.09,14.07,15.4,14.79,22.77,13.64,24.38,31.9,14.51,23.59
2024-09-20,22.4,15.55,15.66,21.55,38.39,45.93,51.5,15.01,20.45,30.32,64.35,26.06,35.26,20.65,18.43,16.43,20.35,4.69,16.89,28.2,28.69,11.76,19.22,29.76,24.11,18.97,25.62,16.61,23.57,17.79,17.93,17.1,14.57,11.87,19.95,60.18,18.05,33.4,37.62,15.88,32.54,26.86,26.22,31.06,16.62,16.85,15.91,64.81,32.99,17.6,12.37,26.27,14.43,13.89,21.2,12.09,18.67,45.36,14.12,9.96,17.45,15.19,23.89,18.64,14.93,17.12,24.76,19.37,49.98,17.58,24.86,29.12,27.39,62.87,44.41,14.69,19.5,16.34,51.41,16.77,42.58,15.67,29.22,18.03,15.12,15.83,20.79,13.72,21.52,60.45,36.17,32.77,14.04,16.0,17.54,23.17,13.72,24.45,31.73,14.79,23.59
2024-09-23,22.66,15.79,16.19,21.86,39.45,44.88,50.28,13.88,18.31,29.77,65.06,26.69,36.71,20.73,18.34,15.88,19.88,4.2,16.93,27.25,28.94,11.93,19.47,29.97,24.23,19.63,25.26,16.62,23.03,18.2,18.1,16.81,14.76,12.1,20.43,61.74,18.14,33.88,37.2,16.18,30.14,27.0,26.46,30.7,13.14,16.63,15.91,62.56,21.87,17.81,12.21,26.5,14.57,14.47,21.7,13.01,13.14,44.29,14.36,10.36,17.74,15.55,24.02,18.42,15.39,18.19,24.98,18.28,51.54,19.07,25.13,29.69,27.05,60.82,45.37,15.17,19.74,16.62,51.84,17.22,41.58,17.08,29.48,18.6,14.62,13.76,21.22,13.63,22.33,57.96,34.57,33.47,13.91,15.98,17.44,21.7,14.34,24.93,32.89,15.91,24.41
2024-09-24,22.13,15.39,16.49,21.31,38.48,44.1,49.12,14.5,17.86,29.05,63.48,26.13,35.79,20.56,18.72,15.48,20.2,4.18,16.5,27.44,30.82,11.76,19.58,30.9,23.72,20.26,25.9,16.29,22.7,17.74,17.65,16.42,14.55,12.69,20.34,61.63,18.33,33.02,36.25,15.97,29.38,26.37,25.83,29.93,14.48,16.39,15.56,61.02,21.48,17.69,11.94,25.84,14.43,14.14,21.35,12.84,13.45,43.39,16.1,10.12,17.5,15.18,23.48,18.25,15.05,17.84,24.35,18.3,50.34,18.89,25.68,29.29,26.5,61.23,44.35,15.37,19.34,16.27,52.13,16.78,40.62,16.67,29.02,18.24,14.77,13.89,20.68,13.3,21.87,56.61,33.77,34.88,13.63,17.11,17.11,21.23,25.13,24.37,32.53,15.51,23.82
2024-09-25,22.18,15.83,16.65,21.2,38.55,42.66,48.08,24.32,17.65,28.97,61.45,26.01,36.31,20.58,18.22,15.7,21.64,4.02,16.57,27.93,31.97,11.33,20.5,31.04,24.48,19.78,26.21,16.29,22.97,19.4,18.22,18.35,13.92,12.6,21.38,61.66,18.76,33.06,35.93,17.96,33.95,26.35,25.82,30.27,14.94,16.42,15.57,60.96,21.52,16.83,12.75,25.82,13.56,14.21,21.35,12.83,13.66,42.33,16.09,9.98,17.53,14.77,22.79,17.81,14.95,17.83,24.32,18.06,49.27,18.6,25.71,29.32,30.24,61.38,44.23,15.37,20.61,16.29,50.39,16.54,39.95,16.82,28.72,18.47,14.9,14.07,20.76,15.07,21.87,54.75,33.69,33.76,13.54,17.78,17.57,22.23,25.49,24.44,32.63,15.64,23.51
2024-09-26,22.21,15.75,16.61,28.16,37.96,47.45,49.15,25.46,18.77,28.55,61.5,26.06,37.06,20.62,18.26,15.82,21.59,4.08,15.9,29.03,33.52,11.08,20.8,31.17,26.46,18.93,26.17,16.26,21.7,19.63,16.63,21.67,13.98,12.51,25.6,61.87,18.8,34.48,37.49,18.06,33.67,26.27,25.84,30.6,14.87,15.98,15.64,60.9,20.97,16.73,12.88,25.71,13.21,14.31,21.89,12.84,13.13,46.26,15.56,10.39,17.49,14.61,22.68,18.85,14.79,18.45,25.44,18.11,68.7,18.7,26.12,29.5,30.41,61.15,44.04,15.38,20.57,16.17,50.39,16.26,39.94,16.79,27.43,18.24,14.6,15.21,20.45,18.66,20.98,54.31,34.22,33.88,13.54,17.64,17.6,22.67,25.42,24.4,37.38,17.34,23.99
2024-09-27,22.08,16.67,16.62,28.73,37.87,47.9,48.49,25.63,18.87,28.84,62.16,26.15,37.36,20.49,18.55,15.86,21.25,3.79,15.8,29.03,33.22,11.35,21.1,31.04,28.16,18.18,24.87,14.7,25.29,21.49,17.09,21.36,12.53,12.49,25.59,61.88,17.3,34.47,37.28,17.13,34.23,26.17,25.67,30.52,14.83,15.87,16.59,59.92,22.69,17.54,12.67,25.66,13.28,14.44,24.68,12.96,13.14,46.6,15.3,9.56,17.52,14.6,22.54,19.89,14.69,18.32,25.52,18.1,68.15,18.93,25.4,27.11,29.21,61.17,43.81,15.21,20.59,16.15,49.95,16.27,40.05,16.32,24.59,18.51,15.08,15.41,20.55,18.84,20.68,53.69,33.85,34.0,14.25,17.35,17.46,22.49,25.68,24.39,37.13,17.37,25.72
2024-09-30,23.45,17.68,17.71,29.53,37.96,48.96,49.32,25.96,19.3,27.35,62.5,26.55,38.5,20.37,19.46,16.12,22.0,3.88,14.81,29.71,33.98,11.34,21.02,31.58,27.81,18.49,24.71,14.8,26.77,22.17,17.31,21.93,12.81,12.75,25.99,64.05,17.78,35.62,34.77,17.03,36.57,26.78,26.29,30.85,14.87,15.76,16.55,53.56,22.62,19.39,12.48,25.73,13.39,14.38,24.07,13.26,13.14,46.79,14.32,9.81,17.01,15.1,23.16,19.81,14.64,18.44,25.94,18.32,71.47,19.06,25.38,28.33,28.08,57.76,44.92,15.06,20.91,16.25,51.0,16.71,38.84,15.98,25.09,18.33,15.37,14.7,20.87,19.35,20.99,54.19,33.95,34.84,14.59,16.93,18.09,22.95,25.35,24.6,37.52,17.91,26.27
2024-10-01,25.17,17.26,17.32,28.86,37.94,48.53,49.31,25.35,18.86,26.82,61.96,26.21,38.22,20.2,21.72,17.08,22.58,4.13,14.52,29.29,33.12,11.94,20.54,31.6,30.76,18.35,24.6,14.98,27.63,22.36,17.01,21.94,15.32,12.69,25.35,62.54,17.66,35.16,33.95,16.62,35.7,26.2,25.71,30.22,14.59,15.39,16.68,53.72,23.47,19.45,12.17,25.62,13.07,14.07,23.47,17.51,12.83,46.3,14.03,9.96,17.0,14.73,22.59,19.32,14.28,18.46,25.29,19.72,70.83,18.71,24.8,27.67,29.68,57.83,44.89,14.96,20.63,15.85,50.68,16.44,38.77,18.2,24.46,18.49,15.1,14.34,20.34,19.14,20.49,53.47,34.0,34.29,14.24,16.51,19.75,24.26,24.95,24.0,37.1,17.51,26.83
2024-10-02,24.59,16.85,16.91,28.4,37.26,47.84,48.13,24.73,18.42,26.2,60.75,25.68,37.31,19.72,21.23,18.34,22.49,4.21,14.17,28.62,32.32,11.66,20.11,30.85,30.25,17.92,25.8,14.66,27.1,21.98,16.65,21.44,14.95,12.42,24.94,61.06,17.34,34.33,34.49,16.35,34.86,25.7,25.24,29.55,14.24,15.42,16.3,52.66,22.93,19.04,11.95,25.06,13.17,13.75,23.23,17.29,12.76,45.79,13.73,9.72,16.99,14.85,22.37,19.35,14.04,19.52,24.68,19.48,69.16,18.26,24.31,36.71,29.38,56.71,43.84,15.04,20.14,15.64,49.96,16.26,38.3,17.8,24.16,18.24,14.85,14.21,19.87,18.68,20.17,54.3,33.42,34.1,14.88,16.29,19.32,23.68,24.36,23.55,36.2,17.63,26.52
2024-10-03,22.71,16.83,16.86,28.67,37.26,40.24,37.81,24.64,16.38,26.39,56.09,25.09,28.14,19.73,19.14,17.22,22.38,4.77,14.26,28.15,27.43,12.22,20.64,30.84,28.45,17.17,24.37,14.23,27.2,20.35,18.27,20.81,14.14,11.58,22.05,61.07,17.27,26.46,28.88,16.6,33.96,21.26,21.29,25.44,13.27,14.7,16.36,41.26,22.85,18.59,11.54,24.48,13.01,14.12,23.24,17.29,11.95,38.67,13.7,9.42,17.72,15.72,21.23,16.5,14.19,19.63,19.37,18.34,62.49,18.1,20.33,36.3,28.29,45.33,43.48,11.64,18.54,14.79,49.49,14.85,29.28,16.46,23.83,18.21,12.25,12.01,18.7,19.24,20.03,55.52,26.59,33.57,14.04,16.56,20.11,23.09,24.2,22.51,36.22,17.62,25.38
2024-10-04,22.51,16.9,16.92,28.64,37.24,40.18,39.66,24.81,18.0,26.69,56.56,26.27,29.72,21.15,19.76,17.3,21.82,5.1,15.99,28.91,26.93,11.52,19.08,35.7,28.66,16.82,24.99,13.85,26.43,19.19,17.71,20.83,14.89,11.95,21.83,61.07,17.26,26.65,29.5,16.22,34.52,21.17,21.14,26.13,13.91,14.74,16.4,39.04,23.25,18.64,11.49,27.62,12.96,14.1,23.16,16.95,12.72,38.64,13.77,9.19,10.26,13.59,21.88,16.24,13.37,19.57,21.61,18.34,62.49,18.5,21.0,36.27,29.67,44.74,43.8,11.34,18.73,14.57,49.46,14.77,29.03,16.74,23.74,19.07,12.36,12.02,18.95,18.98,19.69,55.33,26.39,34.02,13.65,16.55,19.83,23.8,24.11,18.91,38.43,17.68,25.31
2024-10-07,24.28,15.64,16.88,29.66,39.92,38.95,36.46,24.38,17.69,24.97,39.95,24.02,28.98,18.85,19.42,16.7,20.66,5.17,13.95,27.83,25.89,11.76,18.09,35.32,28.39,17.19,25.35,12.11,25.29,17.83,16.0,21.36,18.35,16.74,20.18,62.1,16.98,25.39,30.35,16.41,34.96,17.79,17.89,25.9,13.1,11.47,15.36,38.46,24.01,20.03,10.92,26.96,12.85,12.35,20.67,16.55,12.42,37.79,14.15,10.21,10.47,13.12,19.72,14.33,13.28,17.86,18.23,18.69,62.28,24.28,21.25,37.68,30.41,42.45,44.84,11.37,20.52,15.19,51.79,14.56,27.17,15.83,24.05,19.11,13.09,13.04,19.08,19.05,17.84,45.99,25.77,33.52,13.77,16.29,19.8,22.69,25.11,19.43,33.76,19.94,25.34
2024-10-08,24.47,15.3,16.92,29.07,39.88,38.02,35.58,23.79,17.41,24.52,39.56,24.68,28.4,18.41,19.23,16.37,21.63,5.07,13.62,27.28,27.93,14.15,17.87,35.19,30.62,17.99,25.39,11.82,24.72,18.66,16.69,20.85,17.91,16.49,22.88,60.65,16.58,24.78,29.71,16.12,34.13,17.42,17.53,25.29,13.14,12.53,14.99,39.16,24.29,20.7,10.69,26.31,12.6,12.79,20.99,16.16,12.88,36.87,14.23,9.98,10.22,13.62,19.36,14.03,13.07,17.46,17.93,18.66,60.91,23.71,22.44,36.77,30.0,42.61,44.13,13.33,20.03,15.11,53.51,14.22,26.6,16.26,23.48,18.87,12.85,12.77,18.63,18.66,17.73,44.98,25.18,33.25,13.46,16.0,19.35,22.21,24.57,18.97,32.94,19.57,27.0
2024-10-09,25.02,14.65,15.57,29.26,39.42,38.2,35.81,23.65,16.96,23.76,39.61,23.33,27.95,17.53,18.88,15.64,21.45,5.05,13.73,27.48,28.23,14.3,18.13,34.57,30.55,17.77,26.35,12.44,22.67,18.41,16.54,18.88,18.18,16.55,22.84,60.81,13.23,23.94,29.7,16.28,36.93,17.45,17.79,25.19,12.78,15.55,16.07,39.18,23.82,21.07,9.71,25.72,12.23,12.02,21.01,15.56,13.22,37.33,12.34,9.99,10.03,13.32,19.76,13.99,13.73,17.51,17.78,18.51,61.08,23.13,22.18,37.03,28.3,42.02,43.55,14.01,20.88,15.31,35.19,14.05,27.12,14.52,23.33,20.81,12.45,13.14,16.75,18.01,17.52,44.98,24.81,33.8,14.62,15.77,19.71,22.37,23.39,14.46,32.82,19.55,26.32
2024-10-10,24.99,13.62,15.44,29.0,40.07,38.39,38.62,23.42,15.52,22.68,37.43,21.65,28.01,17.56,18.97,15.67,21.4,5.19,13.73,25.77,28.2,15.16,17.46,32.31,29.96,18.75,26.28,12.52,22.77,17.31,16.53,19.0,18.44,17.68,22.65,60.79,13.48,24.26,30.23,15.49,31.16,17.48,17.75,19.21,14.18,15.53,16.54,39.47,23.51,21.36,9.46,17.7,12.24,12.02,21.12,16.03,14.72,37.57,12.46,9.97,9.94,13.4,20.61,14.23,14.01,17.63,16.92,17.25,61.97,22.68,22.07,36.46,28.3,42.03,27.47,14.07,22.84,14.75,35.14,14.08,27.43,14.6,24.25,20.83,12.61,13.04,17.85,17.97,17.64,42.91,25.08,33.32,14.83,15.71,19.61,22.33,23.42,13.21,32.43,18.95,22.25
2024-10-11,24.89,10.91,15.46,28.94,39.79,36.06,36.2,24.74,15.39,21.13,33.54,19.68,30.01,23.57,18.93,18.55,20.67,4.95,13.57,27.17,28.2,15.63,16.7,32.94,29.86,18.66,26.63,12.84,21.75,17.17,16.93,19.46,18.7,17.95,22.71,60.75,14.31,24.28,29.18,15.2,31.08,17.17,17.21,20.46,14.04,15.19,15.56,38.52,22.73,20.82,8.51,22.57,12.23,12.4,21.32,15.8,14.71,34.6,12.71,9.79,9.65,13.37,20.5,14.51,13.24,17.67,17.83,15.58,60.81,22.51,22.37,36.46,28.07,34.43,27.48,14.12,22.9,13.83,35.23,13.91,25.74,14.37,17.67,21.26,12.51,14.04,17.53,17.96,17.53,53.39,25.08,46.76,13.75,15.4,19.59,24.17,23.4,13.17,36.68,19.04,21.63
2024-10-14,26.04,11.43,16.14,29.79,29.83,37.68,37.73,25.48,16.18,21.31,31.86,19.78,28.11,23.85,18.85,18.94,20.25,4.51,13.44,27.77,30.24,16.2,17.17,33.71,30.89,18.13,27.19,13.1,21.48,17.35,16.47,19.86,18.63,18.14,22.96,62.4,14.07,18.59,25.99,12.73,30.47,15.6,15.46,21.04,13.83,15.54,15.52,38.85,22.5,21.12,8.44,22.54,12.68,12.82,20.76,16.43,14.67,34.3,13.07,10.09,8.46,13.86,19.6,14.12,12.98,17.77,17.9,15.43,58.65,22.95,23.03,37.42,28.35,35.46,27.09,14.39,22.69,14.42,36.09,13.82,30.02,14.22,17.6,18.94,12.68,14.43,17.9,18.79,17.4,54.67,22.49,42.75,14.25,16.27,19.64,23.49,24.05,12.74,33.31,18.76,21.87
2024-10-15,25.6,11.85,15.88,29.22,29.11,54.56,41.65,24.88,20.24,20.8,33.84,19.3,28.68,23.28,18.41,18.78,19.78,4.4,13.21,33.63,30.4,16.2,16.76,32.94,33.38,17.85,27.22,13.07,25.78,19.86,16.94,19.44,18.5,18.76,25.39,60.9,13.85,18.8,26.26,12.7,30.39,15.22,15.09,20.6,13.56,15.24,15.89,40.52,22.0,21.56,9.95,21.99,12.38,12.66,21.14,16.63,14.32,52.8,12.75,10.32,10.81,13.55,19.61,13.79,12.7,18.49,17.63,15.06,59.32,22.4,22.78,36.55,28.59,39.3,26.97,14.05,22.55,14.25,36.85,13.57,30.52,13.88,17.26,26.25,12.78,14.96,17.92,18.41,17.0,53.37,26.75,42.8,32.15,15.9,19.38,23.0,23.5,13.22,32.57,19.19,24.54
2024-10-16,23.6,11.73,16.31,29.11,27.74,55.81,41.67,24.85,20.11,20.62,32.71,19.69,29.2,23.48,18.24,18.74,19.39,4.45,13.04,34.31,30.55,16.21,16.51,32.82,32.7,17.81,27.21,17.0,25.83,19.72,17.91,20.1,19.9,20.24,25.58,60.92,14.53,18.2,27.19,13.05,31.13,15.25,15.14,20.68,13.6,15.33,15.68,36.08,22.0,21.53,9.42,21.51,11.92,12.13,21.19,16.96,14.37,53.52,13.17,10.38,10.71,13.55,20.38,13.41,12.87,16.23,25.88,15.11,57.86,23.42,22.88,37.09,28.5,39.28,21.34,14.29,20.69,12.87,37.18,13.62,30.92,14.08,15.57,25.48,13.91,14.93,15.24,18.9,16.83,53.26,26.66,42.94,33.65,15.55,19.53,27.22,25.37,12.51,32.41,19.29,24.26
2024-10-17,23.6,11.55,16.25,22.58,27.69,55.81,41.53,24.78,20.56,20.34,33.23,19.55,29.15,23.51,17.81,19.7,18.97,4.44,12.61,34.2,30.33,16.13,16.46,31.8,31.61,17.41,26.91,16.44,26.88,20.18,18.22,20.35,19.72,20.07,25.31,60.7,14.35,17.93,26.6,13.11,30.92,15.98,15.86,20.73,14.13,15.22,14.64,35.14,22.01,20.93,9.44,21.48,12.23,11.86,20.13,16.56,15.11,53.45,13.06,9.45,11.08,12.22,20.39,13.24,10.57,16.13,25.79,14.7,58.03,23.49,23.33,37.09,28.36,38.81,20.36,14.29,21.01,12.67,37.21,11.66,30.69,14.07,15.56,25.6,13.88,14.96,13.16,19.46,15.65,53.22,26.49,43.97,33.18,17.61,19.21,27.38,25.58,10.27,32.35,17.24,24.07
2024-10-18,23.26,11.56,13.41,22.42,27.39,55.97,41.04,24.78,20.49,20.47,33.41,22.39,29.03,23.74,17.86,18.95,18.99,4.48,12.65,34.84,30.41,15.72,16.44,31.94,31.6,17.42,26.36,16.3,33.18,20.25,18.26,20.55,19.71,19.82,25.27,60.67,14.21,17.18,26.27,13.19,29.97,15.98,15.86,20.71,14.23,14.31,14.82,33.06,21.47,38.71,9.4,21.08,12.6,11.18,20.12,16.42,15.06,53.3,12.17,8.93,11.45,14.81,20.44,13.31,10.53,16.1,25.39,14.52,57.68,23.47,41.87,37.16,28.36,37.61,19.33,13.97,21.0,12.13,37.48,9.77,30.67,13.76,16.54,25.78,13.59,15.45,13.22,19.53,9.86,53.22,26.48,44.16,33.22,17.87,19.22,28.27,25.31,10.15,32.19,17.23,24.13
2024-10-21,20.49,12.41,15.42,22.93,24.82,53.28,37.56,25.4,21.02,19.69,31.36,22.99,31.34,21.96,17.95,19.13,20.23,4.72,12.26,31.17,26.08,15.55,20.72,28.28,31.65,17.33,21.63,16.29,34.78,20.65,16.92,19.85,20.38,20.11,24.82,22.22,14.2,17.14,24.79,13.7,30.71,15.38,15.25,18.21,16.07,14.55,14.12,31.81,17.71,39.29,10.34,21.84,11.42,11.64,20.59,16.51,16.26,51.82,12.38,9.27,12.65,15.34,16.55,13.42,10.99,17.38,27.99,12.99,59.75,22.43,42.48,30.31,25.97,37.62,19.15,12.23,21.59,10.55,38.64,9.57,27.61,13.75,16.47,26.18,13.86,16.28,12.13,19.03,9.62,47.32,23.52,44.23,34.0,18.25,20.86,29.08,26.03,10.27,32.41,16.65,24.28
2024-10-22,20.05,12.91,15.36,23.09,24.33,52.04,37.62,25.13,20.53,19.26,30.67,22.52,30.59,21.76,17.51,18.7,19.99,4.83,12.19,31.84,25.6,15.26,21.78,27.73,30.9,17.16,21.66,15.96,34.91,20.16,16.52,23.73,19.89,19.63,24.49,21.69,14.07,36.72,24.26,15.0,43.59,15.14,15.04,17.77,16.31,14.2,13.78,31.89,17.36,38.4,10.19,21.33,11.15,11.45,20.15,27.71,17.22,50.6,12.26,9.12,13.37,14.97,16.55,15.29,12.95,17.15,27.4,14.78,58.72,21.95,41.76,29.59,25.34,36.9,18.84,12.05,21.09,10.32,37.71,35.02,28.17,13.57,16.12,25.58,13.54,15.89,12.16,19.14,12.04,46.18,23.09,43.2,33.19,17.91,20.36,28.37,25.53,20.17,31.7,16.91,23.72
2024-10-23,21.36,12.94,15.23,23.19,24.3,51.87,37.64,25.47,21.95,20.67,32.74,22.46,30.62,21.33,18.47,19.33,19.77,6.44,12.21,31.88,25.76,15.31,21.26,27.93,30.91,16.84,21.99,16.31,34.91,19.82,16.4,24.49,19.73,19.55,24.75,21.34,14.11,38.06,23.46,15.61,43.47,15.58,15.41,17.78,16.4,14.87,13.34,30.56,17.68,38.6,11.15,21.43,12.91,11.32,20.23,27.43,17.18,50.26,12.0,20.66,13.6,15.38,20.0,17.8,12.23,16.86,27.41,14.88,59.29,20.9,42.51,29.98,25.27,39.05,18.88,12.3,21.07,10.3,37.71,35.05,30.65,13.05,16.19,25.4,13.72,15.9,19.3,19.78,11.55,42.56,27.0,43.29,33.31,17.82,20.36,28.42,25.1,23.32,30.4,16.83,23.11
2024-10-24,21.34,13.41,14.54,24.31,24.27,51.62,37.47,25.22,21.93,21.0,32.77,22.47,30.88,20.84,17.51,19.45,19.1,6.92,12.41,31.11,22.18,15.5,20.69,26.39,30.86,15.97,20.91,16.59,34.97,19.81,16.45,26.22,19.91,19.67,24.48,19.42,14.03,38.1,29.71,16.43,43.54,15.54,15.39,18.25,14.83,23.98,26.06,30.86,17.76,38.41,12.08,21.46,13.16,11.41,20.49,27.7,16.63,53.25,9.77,20.9,13.74,16.24,20.14,17.28,12.21,16.85,27.34,14.53,59.42,22.57,41.9,29.44,31.04,37.51,18.93,11.55,21.03,10.28,36.21,35.09,30.74,14.45,15.8,25.28,13.48,15.53,19.99,22.3,20.55,81.37,28.18,42.22,33.35,21.91,26.58,28.33,15.54,24.27,29.18,16.86,23.19
2024-10-25,21.29,13.21,16.08,24.42,24.16,51.95,37.11,16.46,22.31,21.14,32.93,22.75,29.78,21.91,17.5,19.76,19.02,7.63,12.63,31.38,21.02,20.72,19.54,30.97,29.27,15.73,20.87,16.77,34.87,17.76,16.32,25.47,19.96,20.45,23.53,18.87,13.69,38.1,30.25,14.53,39.63,16.22,16.13,19.43,14.84,23.95,26.65,29.25,18.11,38.42,12.64,21.82,13.1,11.31,20.51,27.71,17.3,53.2,10.16,23.29,13.99,16.25,20.18,17.61,12.25,17.52,28.61,14.61,59.27,23.13,41.89,29.21,28.04,37.15,19.09,11.52,20.13,10.46,36.95,36.27,30.93,14.34,15.31,25.43,15.06,16.5,20.95,21.6,24.21,82.03,28.18,42.34,33.44,21.59,26.4,27.9,15.03,24.48,29.48,16.83,22.02
2024-10-28,21.93,12.81,16.45,15.51,24.73,47.66,36.52,14.8,22.2,20.78,31.59,23.49,31.31,22.85,16.22,20.44,19.34,8.07,13.08,33.93,18.64,21.01,19.14,32.47,26.72,14.65,21.57,17.61,33.03,15.42,15.72,22.33,20.14,20.56,19.12,19.46,13.99,38.79,30.67,14.78,40.53,16.51,16.42,20.75,15.39,24.73,26.87,29.61,15.9,38.89,12.93,22.63,13.04,11.07,15.99,28.42,17.62,51.04,10.32,24.12,14.39,16.54,20.86,22.6,13.22,17.42,28.89,14.77,36.82,23.7,42.56,28.98,28.65,37.05,19.48,12.49,21.22,10.75,37.34,37.11,30.16,14.5,14.41,25.87,14.74,16.08,21.52,17.93,24.69,84.07,28.01,43.08,33.94,22.16,27.24,28.86,14.96,25.02,25.67,15.77,19.79
2024-10-29,21.4,12.5,16.22,15.17,24.49,47.62,38.14,14.48,25.81,20.73,33.85,22.96,31.08,22.39,16.86,20.02,18.94,8.01,13.09,33.18,18.39,20.65,18.76,32.36,26.24,14.39,21.61,17.26,32.73,15.9,16.15,21.79,19.66,21.57,18.68,19.01,13.92,37.89,31.14,14.86,40.74,16.95,17.0,20.26,16.47,24.14,26.44,28.9,16.83,38.03,13.02,22.67,13.49,10.84,15.84,28.08,18.38,51.76,10.23,23.6,14.08,16.19,22.03,22.13,13.02,17.0,28.24,15.04,36.4,26.77,41.7,28.28,28.02,36.16,19.07,13.06,21.21,11.22,36.61,36.25,30.29,16.19,14.25,25.37,16.29,15.77,21.01,17.54,24.48,82.14,28.85,42.48,33.15,21.64,26.73,28.43,14.96,24.46,25.4,16.15,19.97
2024-10-30,20.68,24.24,15.82,21.98,24.44,48.1,53.97,14.48,25.5,20.68,34.29,23.41,29.72,22.53,16.57,20.07,18.26,8.2,12.91,33.04,19.76,20.6,18.77,32.99,26.27,14.7,21.44,17.31,31.33,15.44,16.13,21.19,20.0,21.52,18.68,17.48,13.74,37.3,31.09,14.86,38.11,19.05,18.93,20.01,15.74,24.26,27.66,29.54,16.87,37.34,12.99,22.7,13.78,10.72,27.18,27.98,17.74,52.16,11.16,23.82,14.65,15.99,21.94,22.41,13.63,17.7,28.84,14.95,36.73,26.77,41.86,28.97,27.84,36.77,18.93,13.27,21.18,11.33,38.69,36.24,34.76,16.31,14.25,25.94,16.37,15.59,21.17,17.42,25.3,82.16,29.09,42.34,33.09,21.28,26.19,28.14,17.66,24.44,25.43,15.74,19.63
2024-10-31,19.08,24.45,16.11,22.0,23.22,47.91,54.2,15.27,25.53,23.71,35.52,23.73,31.37,22.53,19.29,19.04,25.53,8.35,13.08,32.75,19.82,20.39,21.71,33.41,31.24,14.4,22.08,17.87,30.78,14.47,16.13,22.1,18.8,21.69,18.82,16.63,17.23,37.45,31.16,14.91,39.44,20.37,20.21,20.23,15.36,24.38,27.92,29.83,15.88,37.7,13.07,22.01,13.88,16.42,27.88,24.41,17.55,52.4,14.94,23.83,15.53,16.69,26.26,22.6,29.07,18.28,29.1,24.97,37.99,26.51,41.78,29.01,26.28,38.5,22.42,12.89,21.11,11.42,42.38,36.05,35.12,13.61,14.31,25.3,17.39,16.73,22.47,17.39,25.26,82.66,28.4,54.11,33.13,21.29,25.01,26.21,17.51,25.51,24.22,15.76,17.86
2024-11-01,19.57,24.46,22.17,21.55,23.42,47.44,54.29,15.29,25.62,31.12,34.96,23.78,33.54,22.56,19.56,17.35,26.9,8.46,13.12,32.88,20.06,20.38,21.72,33.33,31.51,14.49,19.98,18.24,30.44,17.19,16.43,22.56,18.88,22.9,18.4,16.21,17.34,37.44,30.18,14.82,39.37,20.19,20.02,20.23,15.15,24.73,28.09,39.43,17.03,37.71,12.99,22.0,13.74,16.45,27.83,24.44,17.56,51.82,15.92,24.15,15.37,16.64,26.19,22.51,29.28,17.1,29.06,25.13,37.96,27.36,41.77,19.04,26.1,38.65,22.81,12.48,21.23,11.3,41.68,36.44,35.12,14.83,14.41,24.88,19.52,16.85,23.48,19.49,25.19,81.79,28.39,54.07,32.69,21.24,25.0,26.46,17.45,26.08,24.32,15.31,17.75
2024-11-04,19.93,25.45,22.4,21.36,23.77,48.26,51.17,15.48,25.05,30.64,34.22,21.96,32.31,22.49,19.0,17.59,28.24,8.7,13.19,32.92,19.66,19.94,23.43,29.37,30.89,14.92,19.17,18.56,28.92,17.64,15.72,22.93,18.42,22.82,18.28,15.59,17.11,37.49,29.66,14.79,40.36,21.01,20.91,20.21,15.7,25.43,27.5,41.47,17.0,38.18,13.85,19.9,14.16,16.39,28.73,24.8,18.21,53.02,16.35,24.84,14.81,16.32,24.79,23.09,29.52,16.94,28.47,25.79,38.89,28.44,42.35,19.38,24.92,38.1,21.78,12.76,21.62,10.89,39.97,37.05,35.95,14.62,15.47,24.84,19.79,19.41,24.05,19.19,25.77,82.25,28.96,55.01,33.9,21.72,24.97,27.17,17.85,26.53,23.54,15.59,20.13
2024-11-05,19.61,24.88,21.87,20.98,23.61,48.21,50.23,15.34,24.7,30.42,35.27,22.69,32.79,22.31,20.03,18.54,27.68,8.52,13.17,32.89,20.39,19.71,22.86,30.06,30.21,14.63,18.74,18.15,29.02,17.28,15.36,23.01,18.2,21.125,28.39,16.065,19.185,38.335,34.57,14.895,40.73,21.685,21.57,33.18,17.19,26.445,28.3,44.815,19.51,37.3,13.66,30.5,14.775,16.65,29.13,24.86,19.555,53.005,17.215,24.91,17.275,15.735,24.77,26.77,29.12,16.7,36.855,25.75,41.595,29.145,41.51,20.58,25.075,38.775,24.935,13.53,21.325,12.48,61.495,39.175,35.13,14.75,15.1,24.24,19.49,19.39,23.54,19.25,25.34,81.19,28.34,53.87,33.72,22.14,24.44,26.6,17.44,26.02,22.97,15.92,19.73
2024-11-06,18.02,24.85,22.08,23.09,23.09,48.26,51.35,15.36,36.14,30.01,36.81,31.95,33.71,34.68,19.87,18.46,27.81,9.61,21.46,42.51,35.35,24.27,29.21,54.67,33.36,14.42,20.68,20.11,48.09,19.54,16.01,23.09,16.35,19.43,38.5,16.54,21.26,39.18,39.48,15.0,41.1,22.36,22.23,46.15,18.68,27.46,29.1,48.16,22.02,36.42,13.47,41.1,15.39,16.91,29.53,24.92,20.9,52.99,18.08,24.98,19.74,15.15,24.75,30.45,28.72,16.46,45.24,25.71,44.3,29.85,40.67,21.78,25.23,39.45,28.09,14.3,21.03,14.07,83.02,41.3,37.71,16.81,15.43,30.39,19.37,18.9,23.71,19.21,26.03,92.28,34.64,53.85,37.89,30.21,24.44,35.65,22.02,25.95,46.0,13.48,20.68
2024-11-07,18.39,24.86,22.33,23.25,22.52,49.86,52.75,15.36,36.08,30.1,36.08,33.05,34.96,35.28,21.34,18.4,27.27,10.8,22.55,42.9,34.89,23.03,30.45,55.89,31.33,14.02,19.61,20.12,54.03,18.74,15.79,23.07,16.37,21.03,36.66,16.76,21.5,39.15,39.59,25.73,41.02,23.16,23.2,47.39,20.57,26.96,28.94,48.62,24.67,36.26,13.65,44.59,15.28,16.39,30.64,24.79,20.88,54.15,18.03,24.95,19.87,16.64,27.01,30.52,29.1,16.64,46.47,25.7,44.35,29.82,40.25,22.09,25.45,38.08,28.33,12.51,21.13,14.87,81.33,41.58,37.68,16.81,15.43,33.54,19.35,19.19,24.18,19.23,25.97,92.52,34.76,53.59,38.12,31.5,24.42,38.01,22.3,26.18,48.74,13.38,18.64
2024-11-08,17.47,24.85,22.31,23.3,22.89,49.32,52.77,14.94,37.04,30.42,34.72,32.99,32.89,35.29,21.21,18.36,27.54,11.48,22.62,42.78,36.68,24.29,30.51,55.9,31.33,16.27,21.67,19.77,54.43,18.7,21.1,22.99,16.09,21.93,36.65,16.67,21.7,40.74,39.59,26.55,39.39,22.89,23.0,47.29,21.34,24.99,27.28,48.67,24.74,36.45,13.64,44.52,15.17,16.93,34.49,26.44,21.23,53.62,18.36,25.39,20.09,16.68,27.01,30.7,28.96,16.81,46.42,25.76,44.56,32.01,40.29,20.51,25.26,38.29,27.86,11.88,16.8,17.31,81.5,41.9,37.15,19.56,16.16,32.77,20.54,19.71,24.55,18.98,26.3,95.05,34.73,53.07,38.15,31.55,24.3,37.81,22.3,26.11,48.71,13.58,18.64
2024-11-11,18.24,53.54,22.79,23.86,22.75,50.7,51.69,13.42,38.59,31.32,35.84,33.58,32.0,32.99,22.21,15.34,43.97,11.65,23.0,42.38,37.37,24.02,31.07,56.95,31.68,15.77,28.69,20.04,55.44,19.12,22.51,22.52,16.73,21.63,37.58,17.18,21.75,41.25,40.18,25.94,41.38,23.52,23.64,48.21,21.33,26.79,27.91,52.43,25.48,36.85,13.71,43.41,15.32,16.99,33.92,26.84,21.4,55.29,18.76,26.18,20.49,16.98,27.37,31.19,29.3,18.14,47.55,26.65,45.19,32.54,41.05,21.46,26.91,39.64,27.92,11.17,15.71,17.42,83.53,43.03,38.17,19.83,16.27,37.15,20.71,19.45,23.9,19.16,26.92,91.98,35.97,38.22,39.24,31.9,24.49,37.89,22.85,26.58,48.1,13.6,18.8
2024-11-12,17.8,52.48,22.28,23.52,26.31,49.53,50.87,27.99,37.73,30.62,35.32,33.34,32.36,32.34,22.38,16.38,43.44,11.59,22.47,41.65,36.59,23.44,30.41,56.36,31.26,15.42,28.2,19.57,54.73,18.93,23.13,22.24,16.34,21.16,36.94,17.34,21.41,40.37,49.51,27.85,40.63,22.97,23.08,47.73,21.24,28.81,27.24,52.85,24.89,35.97,14.16,42.37,14.97,16.58,33.31,26.26,21.65,53.97,18.37,25.73,20.26,16.58,26.73,31.15,28.65,18.67,46.83,26.31,46.5,32.36,40.27,20.99,26.38,39.12,27.25,10.96,15.35,17.0,81.86,42.07,38.51,19.64,16.94,36.27,20.34,20.18,23.53,18.86,26.28,94.36,35.58,37.33,38.84,31.42,24.15,37.14,22.42,25.94,47.01,13.47,18.35
2024-11-13,16.85,52.29,22.12,24.92,24.93,46.96,51.41,28.2,37.56,31.06,35.55,33.39,34.24,32.32,22.86,16.57,43.75,11.65,22.49,41.67,36.3,23.17,30.05,56.59,31.25,15.41,28.22,19.59,54.43,20.18,23.24,22.46,16.9,20.96,37.02,17.63,21.36,40.3,49.98,28.92,40.55,23.86,23.95,47.69,21.93,28.88,26.92,53.74,24.86,36.01,14.28,42.31,13.95,16.3,33.31,26.05,20.93,52.69,19.01,25.07,20.33,16.37,26.86,31.18,28.85,18.66,46.77,26.27,48.07,31.83,39.75,20.96,26.49,38.93,27.27,10.53,17.41,16.8,81.64,42.13,34.87,19.57,16.8,36.29,20.0,20.18,23.47,18.17,26.14,94.38,37.11,37.28,38.99,31.2,25.99,36.83,22.44,26.81,46.89,13.52,18.62
2024-11-14,17.11,52.25,22.14,25.8,24.98,28.94,48.78,28.59,34.82,31.63,34.1,33.38,33.2,32.34,23.07,16.59,43.75,11.69,22.42,37.26,35.93,22.95,30.31,56.88,27.76,15.96,30.31,21.29,54.09,18.16,23.38,22.23,25.15,19.88,35.09,17.32,32.67,41.19,50.62,29.04,39.81,24.92,25.11,47.93,22.2,29.2,26.9,52.14,25.25,35.07,12.97,42.31,13.86,16.06,34.25,27.93,20.94,36.28,19.06,24.74,18.96,17.94,26.81,31.3,28.83,17.09,46.82,26.29,46.56,32.45,39.3,20.86,25.55,34.55,27.42,10.68,18.22,16.66,81.8,42.75,35.39,23.63,17.02,31.88,19.76,19.56,23.26,18.59,26.85,97.9,33.86,37.21,26.32,31.85,26.05,37.44,22.39,26.31,46.89,13.48,15.39
2024-11-15,17.49,52.79,21.64,26.63,30.59,42.15,49.4,31.35,35.24,35.51,35.64,33.08,33.07,32.48,23.15,16.41,46.17,12.07,22.39,36.55,35.67,24.75,30.74,56.9,27.89,17.04,31.52,16.63,54.84,18.26,22.79,24.47,29.0,19.91,35.73,16.22,32.45,41.02,50.03,32.52,39.89,26.04,26.02,47.84,22.15,29.2,27.21,52.85,25.74,35.92,14.18,42.45,13.74,15.86,37.06,27.19,20.67,41.36,18.58,25.46,19.29,19.1,29.65,31.52,28.88,17.82,42.62,28.0,44.07,32.06,39.87,19.72,27.45,35.57,28.33,16.54,22.77,17.4,86.66,42.75,35.72,23.32,17.05,31.86,19.33,19.85,23.89,21.44,27.03,97.98,34.94,38.58,24.96,31.61,25.78,34.36,20.64,27.26,47.08,13.35,15.8
2024-11-18,18.0,54.23,22.16,26.91,31.16,42.86,52.09,31.99,36.14,36.46,35.03,31.51,35.42,32.94,23.4,15.94,47.33,12.28,22.96,36.52,36.54,25.71,31.38,58.56,28.54,17.91,32.65,16.95,57.16,18.02,23.44,23.16,30.45,20.75,36.64,16.48,32.87,42.04,51.39,33.12,41.35,26.54,26.47,49.18,22.7,29.75,28.77,54.32,27.1,16.36,14.53,43.54,13.45,15.96,37.99,27.63,21.31,42.31,18.97,25.67,19.29,16.72,30.39,32.31,29.04,18.46,43.61,28.67,44.22,32.62,20.05,21.27,28.28,36.63,29.01,16.69,23.4,18.02,94.13,44.25,37.84,24.1,17.83,32.18,19.89,19.7,24.78,21.06,27.6,100.71,36.88,42.68,25.31,30.98,27.3,34.61,21.07,28.48,48.32,13.53,16.38
2024-11-19,17.59,52.99,21.63,26.35,30.41,41.85,50.92,31.43,35.77,35.79,34.19,30.76,34.97,32.38,23.39,17.4,46.77,12.02,22.56,35.82,35.7,25.23,31.16,57.43,28.05,17.79,31.87,16.66,55.78,17.96,23.15,22.95,30.28,20.27,35.79,16.49,32.44,41.05,51.58,32.47,41.36,26.23,26.18,48.32,22.33,29.07,28.54,53.99,32.78,16.51,14.46,42.68,14.46,15.72,37.39,27.22,25.9,41.32,18.58,25.07,18.93,18.8,30.02,31.87,28.77,18.11,42.93,28.03,43.25,32.17,21.1,20.95,27.92,39.14,28.71,16.39,23.51,17.59,91.94,43.77,36.94,23.52,19.02,32.22,19.49,19.23,24.63,22.13,27.7,98.28,37.61,41.67,25.93,30.25,27.1,33.83,20.62,27.86,47.46,16.24,16.73
2024-11-20,17.46,53.11,20.8,26.64,30.35,41.96,50.6,33.23,35.32,36.01,34.28,29.65,33.0,32.06,23.37,17.28,46.08,12.02,22.55,35.22,35.67,25.16,29.05,57.12,27.83,17.77,31.67,16.85,55.67,18.12,23.53,23.71,30.06,20.23,35.89,15.96,32.42,40.89,51.57,32.56,41.34,26.81,26.74,47.54,21.93,29.18,29.73,54.11,32.88,16.43,14.03,42.64,14.63,16.79,40.01,27.14,26.12,41.31,19.13,25.11,19.06,18.65,30.18,31.87,28.2,17.77,41.93,28.08,43.19,32.18,21.23,20.51,27.79,36.91,28.6,17.41,23.47,17.22,92.2,43.5,42.73,23.55,18.95,31.94,19.46,18.36,24.35,22.66,27.78,98.39,37.65,41.18,29.15,29.89,24.48,32.51,20.75,27.98,47.31,15.96,17.42
2024-11-21,17.46,53.69,21.01,26.82,30.33,43.67,50.22,33.14,35.62,37.04,34.4,30.1,33.3,31.96,25.67,17.29,46.01,11.97,22.54,34.35,36.4,25.17,28.19,56.95,28.43,19.95,32.3,16.85,55.15,18.1,35.25,21.04,30.01,20.62,35.8,17.51,32.44,25.21,51.84,32.03,27.36,31.62,31.92,47.93,23.33,29.19,32.49,53.78,35.28,17.01,15.2,42.86,15.62,17.46,39.83,19.08,25.8,44.01,19.17,25.14,18.43,18.97,29.86,31.0,27.79,20.13,42.4,27.1,46.08,32.37,20.62,22.61,28.4,36.93,28.6,18.09,23.91,17.58,92.67,27.46,41.76,24.0,19.79,31.89,19.4,18.38,24.13,22.87,26.91,98.49,37.48,41.2,29.21,30.97,24.57,32.69,20.47,21.7,47.4,15.88,17.89
2024-11-22,16.02,54.92,20.9,26.87,30.02,43.68,50.35,33.56,34.71,35.77,32.85,31.08,36.27,32.03,24.92,16.7,46.06,11.29,22.69,34.22,36.91,25.33,28.2,56.81,28.34,20.01,31.67,17.55,55.4,17.95,35.74,20.46,29.66,20.46,35.38,17.55,32.63,23.75,52.18,31.8,31.17,31.72,32.1,47.85,24.36,29.25,32.5,53.17,40.98,16.68,13.97,42.95,14.52,17.3,39.87,18.92,25.79,44.07,19.52,18.49,18.29,19.5,27.94,29.49,27.64,20.17,42.44,27.3,45.3,31.77,18.46,24.8,27.81,37.37,28.03,18.63,25.42,18.75,92.83,27.64,40.2,23.46,21.09,31.84,18.83,18.28,19.17,22.52,26.87,97.59,34.98,42.69,29.31,31.35,26.03,33.18,20.35,19.41,47.32,16.76,17.84
2024-11-25,16.99,56.07,20.01,26.86,30.85,44.24,51.62,34.24,36.07,37.14,33.26,31.28,38.17,31.8,26.54,16.55,46.38,11.27,22.78,33.83,38.35,21.29,29.03,56.31,34.79,20.23,32.92,17.64,57.75,19.2,37.9,18.39,29.46,19.96,36.05,17.7,33.25,24.07,55.19,32.06,32.1,32.63,33.0,47.85,25.3,22.26,23.9,54.32,42.11,18.92,12.9,43.58,14.93,17.72,41.14,22.85,29.41,41.38,19.95,16.92,18.98,19.6,28.54,29.78,28.11,21.35,42.8,27.85,46.29,31.55,24.38,26.5,23.33,40.93,30.07,19.35,27.36,18.9,95.14,27.01,40.97,24.15,21.67,32.0,18.8,17.62,17.79,20.72,16.28,79.0,35.9,44.69,30.84,28.98,20.72,33.77,20.53,18.23,47.85,17.38,18.98
2024-11-26,16.86,55.4,19.56,26.27,30.27,43.2,50.81,36.8,35.25,37.47,32.47,30.58,37.58,31.04,26.26,16.36,45.31,11.07,22.24,33.78,37.44,21.24,28.77,55.07,34.0,19.9,32.17,17.68,56.8,19.05,37.12,17.98,29.15,20.41,35.29,17.79,32.51,24.83,54.48,31.42,46.39,31.92,32.32,46.71,24.7,21.82,23.52,54.55,41.13,18.67,12.6,42.6,14.65,17.34,43.89,22.32,28.74,40.57,19.48,16.51,18.53,19.13,28.34,29.67,27.58,20.93,42.6,28.24,45.92,31.13,23.79,26.85,23.1,40.04,29.5,18.91,27.01,18.65,92.85,26.65,40.09,24.4,21.67,31.23,18.77,18.01,17.4,20.23,16.99,77.21,35.17,44.3,30.1,28.98,21.28,33.0,20.29,17.9,46.7,17.82,19.44
2024-11-27,16.63,55.43,19.67,26.29,31.4,43.27,49.77,36.8,35.39,37.8,33.92,30.59,36.53,30.82,26.2,16.24,45.24,11.34,22.22,31.8,37.52,21.24,28.76,54.8,33.67,20.44,35.79,17.46,56.82,19.08,37.12,18.32,29.31,20.43,35.52,17.63,32.43,24.92,54.3,31.58,46.39,31.82,32.2,46.52,24.61,21.46,23.53,54.86,41.17,18.9,12.68,42.52,14.63,17.23,43.8,22.39,28.81,39.77,19.57,15.85,18.46,19.38,28.29,26.05,27.61,21.57,42.38,28.5,47.16,30.84,23.28,27.06,25.34,40.14,33.12,18.75,26.35,18.63,92.81,26.64,39.73,24.37,21.7,31.22,18.86,17.78,17.12,21.36,17.05,76.76,35.24,44.3,30.09,28.98,20.66,32.82,20.3,17.91,46.73,17.82,19.38
2024-11-29,16.36,51.94,19.83,20.96,32.11,43.17,30.64,38.05,33.19,38.61,31.36,31.07,37.59,31.49,26.93,16.46,46.31,11.47,22.44,32.51,37.33,21.39,29.81,55.36,34.31,20.32,36.15,17.82,57.72,18.41,37.18,18.74,29.15,19.1,36.34,17.88,33.35,25.43,54.84,32.18,46.62,30.33,30.79,47.58,23.55,21.46,20.72,55.48,41.77,19.02,12.57,43.21,13.79,18.0,39.42,22.68,28.55,39.37,19.45,15.54,18.38,19.89,27.6,26.02,27.95,22.2,43.0,28.83,46.12,28.25,23.18,26.12,25.8,41.59,34.04,18.67,27.46,18.01,93.37,27.32,36.82,24.2,22.13,31.24,17.82,18.11,17.39,22.48,15.54,78.34,34.53,44.66,30.66,29.72,20.88,33.43,18.39,17.98,48.23,16.77,19.14
2024-12-02,14.0,52.92,13.27,21.42,31.97,47.09,32.13,38.55,33.96,31.27,31.07,31.37,34.5,32.08,23.13,16.95,42.08,11.34,23.24,32.81,38.28,21.48,28.13,56.76,27.87,20.5,36.11,16.66,59.26,16.75,37.83,18.37,29.82,18.31,36.64,20.26,33.47,25.53,56.15,33.27,47.06,30.84,31.37,48.49,24.26,22.67,21.28,48.53,42.11,17.7,12.8,44.48,13.91,12.75,39.77,23.5,29.31,44.78,15.94,15.66,18.09,19.54,26.38,26.4,12.38,21.38,44.05,19.27,44.9,28.59,23.57,26.52,25.1,38.18,32.13,19.15,28.41,18.06,92.79,27.98,37.47,25.58,22.81,32.9,14.78,17.37,16.26,21.38,16.58,78.54,34.84,29.92,31.53,31.18,21.98,34.01,18.77,16.31,49.51,17.24,18.64
2024-12-03,14.0,51.6,12.99,22.87,31.18,45.9,31.32,37.66,33.12,30.67,30.5,30.64,33.82,31.49,22.66,17.49,42.0,11.05,23.47,32.04,37.5,23.09,27.62,55.42,27.17,19.99,35.23,16.27,57.76,16.42,37.25,17.9,29.6,18.59,36.02,26.65,32.7,24.88,55.28,33.08,46.98,30.05,30.58,47.33,23.65,22.97,20.75,52.31,41.05,17.36,13.46,43.52,13.56,12.5,39.26,22.96,28.66,43.68,16.08,15.47,17.69,19.23,28.05,26.3,12.37,21.31,43.08,18.79,44.01,28.1,23.01,25.88,24.49,37.39,31.36,18.85,27.79,20.16,91.69,27.5,36.53,24.99,22.23,32.27,15.6,17.15,21.87,21.18,16.24,77.45,34.81,30.4,30.89,31.0,24.33,33.71,19.11,15.94,48.91,16.85,18.2
2024-12-04,13.72,52.1,12.76,23.78,33.37,45.96,31.53,37.72,33.08,30.81,30.89,30.24,34.57,31.44,22.66,17.56,41.64,11.04,21.94,31.38,37.31,23.08,26.44,55.09,28.11,19.96,49.13,16.24,57.68,18.62,37.51,18.96,29.45,18.63,36.02,26.23,32.68,25.03,55.55,33.3,46.77,30.33,30.82,46.86,23.77,22.7,20.66,51.9,42.1,17.83,13.52,43.16,15.2,12.51,39.44,22.97,28.65,43.52,16.41,15.18,19.17,19.12,27.53,26.03,12.88,21.38,43.0,19.04,44.99,27.75,22.77,25.65,31.0,39.05,32.44,18.94,27.83,20.2,91.88,27.58,36.58,25.09,21.32,32.2,15.6,15.06,21.85,21.37,16.74,75.97,34.77,30.77,30.03,30.83,24.31,33.17,19.68,19.4,48.88,16.86,17.78
2024-12-05,13.77,51.95,12.78,23.9,33.32,48.29,32.16,37.5,33.07,30.49,28.81,29.96,33.37,31.45,20.97,16.51,41.63,11.1,21.92,30.98,37.19,22.98,26.51,54.52,28.32,20.55,49.92,16.26,58.13,18.58,38.31,21.62,29.83,18.15,29.35,26.34,32.4,31.23,51.28,33.9,45.05,30.57,31.07,46.3,23.74,23.77,20.66,53.26,42.28,17.54,13.56,43.16,15.76,14.85,39.5,22.77,28.32,44.71,16.5,15.13,18.56,19.39,27.17,26.92,12.99,22.62,42.89,19.22,43.74,27.82,22.76,25.44,30.9,37.99,32.73,18.59,28.6,20.21,62.35,27.65,36.78,25.04,22.1,32.21,15.47,14.58,22.08,21.36,16.45,75.9,35.25,45.99,35.71,30.28,24.32,33.14,19.76,19.37,48.88,16.61,17.83
2024-12-06,13.64,51.98,12.52,21.93,32.25,48.3,31.6,37.12,17.18,29.49,32.27,19.53,32.64,15.39,20.36,15.8,41.34,9.64,12.49,14.85,22.06,16.92,16.22,24.63,24.12,20.56,49.33,13.08,44.28,18.63,38.52,22.09,29.46,19.07,16.52,25.73,28.54,29.67,46.73,33.86,44.14,27.53,28.13,18.36,20.59,20.79,19.23,45.6,39.09,17.53,13.56,20.74,13.19,13.47,36.91,22.47,26.66,45.15,13.04,14.54,13.43,19.19,28.09,18.38,13.09,22.41,19.5,18.15,37.91,20.73,22.58,21.97,30.34,35.91,28.89,17.73,27.74,17.62,59.79,20.54,33.27,23.8,21.81,25.77,15.66,14.68,21.86,22.42,15.04,63.78,27.1,46.38,35.37,20.82,24.77,21.41,11.56,19.42,24.66,16.31,16.79
2024-12-09,13.12,53.4,11.42,21.65,32.56,47.42,35.26,38.58,16.62,29.81,31.94,19.19,33.01,16.18,22.8,16.1,42.15,8.36,11.7,14.18,17.42,16.8,38.15,23.18,24.61,18.0,51.08,14.75,35.89,19.45,35.43,24.75,31.46,16.33,17.07,25.74,28.56,28.57,49.24,24.97,45.33,26.69,27.14,16.54,19.05,21.32,24.23,42.0,36.84,17.4,13.66,14.67,13.43,13.82,35.11,20.85,26.04,44.85,12.96,14.29,14.86,18.36,27.38,18.88,15.57,22.28,18.25,17.98,38.9,18.16,25.02,23.34,30.47,36.72,27.73,18.45,28.75,16.88,64.75,20.19,34.21,21.74,22.15,22.12,14.13,13.33,23.13,23.65,27.27,60.58,26.36,47.26,36.23,19.99,26.62,18.58,11.93,18.99,22.69,19.02,17.17
2024-12-10,12.79,52.05,11.32,21.32,31.82,46.57,34.94,37.61,23.3,29.21,33.98,19.56,35.34,15.85,22.28,16.04,41.37,8.23,11.46,14.0,19.61,16.74,37.7,22.64,24.03,17.58,49.97,14.46,35.47,18.96,35.14,24.18,30.74,16.08,17.09,25.09,28.06,27.88,48.64,25.53,44.2,31.76,32.64,17.06,19.65,21.51,23.65,41.53,35.93,16.97,13.32,14.41,13.24,13.68,34.24,20.65,25.94,44.93,13.29,13.97,14.8,17.91,26.81,18.89,15.45,23.73,18.41,17.79,40.7,17.83,24.52,23.2,29.7,36.76,36.17,18.02,28.82,16.67,64.12,19.69,34.38,21.55,22.04,21.63,13.81,14.32,22.58,23.06,27.59,59.4,25.95,46.13,35.58,20.3,26.39,18.17,12.47,18.55,22.37,18.56,16.74
2024-12-11,11.87,23.26,11.95,21.28,31.36,47.04,36.05,37.59,20.92,29.69,40.14,18.65,34.51,14.32,21.84,15.55,23.51,8.15,11.04,13.4,19.38,17.14,37.63,20.92,23.86,16.83,46.0,14.09,41.58,19.03,34.69,24.16,30.57,16.59,16.91,24.8,27.31,28.16,51.03,25.43,41.96,36.31,37.19,15.82,19.67,19.73,23.91,39.95,37.62,17.31,14.42,14.09,12.97,13.86,34.23,20.36,25.65,46.61,13.3,14.7,17.2,17.73,27.15,18.63,16.36,22.94,14.77,17.45,42.72,17.26,25.26,24.78,28.94,38.42,36.26,19.07,28.53,16.63,63.82,20.29,35.18,21.26,19.71,13.29,14.39,14.51,22.58,22.91,27.23,55.58,25.97,49.92,39.4,20.8,26.47,17.41,12.11,18.81,18.75,18.0,16.77
2024-12-12,11.76,22.34,11.94,21.38,58.89,47.07,35.45,28.81,20.69,29.86,40.08,17.9,32.65,14.2,21.64,14.43,23.22,7.81,11.19,13.0,20.43,17.25,38.17,20.1,23.86,17.11,46.05,14.17,42.65,19.14,34.4,23.67,30.55,16.56,16.72,24.88,27.3,28.82,45.61,23.66,42.1,36.9,37.91,14.75,20.07,14.63,23.76,41.4,37.61,17.31,13.58,14.44,14.52,13.9,34.28,20.62,25.63,48.19,13.36,14.34,17.01,17.69,27.25,17.27,16.15,22.18,14.63,17.19,42.19,15.89,25.8,25.19,28.86,37.72,36.6,19.78,28.64,16.61,63.58,20.15,33.91,21.19,19.11,13.31,14.34,13.23,22.48,23.37,27.23,49.89,25.84,50.06,40.34,20.39,26.17,17.37,12.09,18.79,19.1,18.67,16.78
2024-12-13,11.85,22.27,11.86,19.13,58.76,46.74,35.28,28.59,20.61,29.15,84.86,17.86,28.6,14.57,21.68,14.3,23.17,9.13,11.06,13.21,19.81,17.14,38.18,19.97,23.33,17.11,46.26,13.93,42.54,17.54,33.92,23.47,31.02,16.51,16.33,24.16,26.97,28.92,44.51,22.81,42.07,36.68,37.7,15.16,19.31,14.6,24.01,39.24,38.1,17.66,13.52,14.44,15.07,13.97,34.39,20.39,25.38,47.42,12.59,14.25,17.17,17.69,27.86,17.01,15.29,22.26,14.54,17.4,42.57,16.01,26.03,25.42,30.42,38.15,36.66,19.8,27.8,16.57,64.35,20.02,33.34,21.94,18.78,20.13,14.34,13.91,22.65,23.42,27.08,50.96,23.65,50.38,40.7,20.36,24.31,17.14,12.07,17.88,19.1,18.67,16.26
2024-12-16,9.72,20.56,11.78,15.91,57.94,32.52,35.04,25.5,21.84,24.49,90.33,18.13,28.34,13.35,22.97,13.91,19.2,8.56,11.19,12.63,20.16,15.68,39.82,19.71,23.52,14.74,45.2,11.68,45.77,19.07,34.8,19.6,15.02,15.0,15.57,24.56,15.28,28.28,45.16,17.44,43.11,37.31,38.49,14.88,20.1,19.47,22.79,41.13,39.65,16.65,13.73,13.74,14.78,14.9,28.01,17.91,26.08,41.97,12.84,12.52,16.91,15.37,23.08,16.58,15.23,21.74,14.98,13.81,45.81,14.96,25.56,25.35,28.74,37.88,37.23,14.94,21.13,16.23,54.65,18.71,32.36,17.59,24.86,19.78,14.25,14.32,25.79,18.74,27.52,47.01,23.18,50.24,43.37,19.84,24.43,16.2,12.23,20.88,19.69,17.83,17.59
2024-12-17,9.58,21.16,11.76,15.51,56.56,31.75,34.33,24.86,21.29,24.41,90.51,18.03,27.9,13.31,22.39,14.61,21.69,9.18,10.95,12.56,19.82,15.45,38.83,20.6,23.06,15.33,44.73,11.41,47.84,18.67,34.01,19.14,15.0,14.78,16.36,24.9,14.9,27.58,45.17,17.12,42.42,36.6,37.78,16.03,19.71,19.56,22.35,40.27,38.82,16.3,15.17,13.46,15.04,14.71,27.31,17.47,25.54,40.96,12.52,12.41,16.48,15.04,22.99,16.6,15.19,21.2,14.87,13.48,44.66,14.69,25.06,24.93,28.78,37.04,36.33,14.56,25.79,15.92,53.98,18.25,31.54,17.26,24.41,19.85,15.53,14.56,25.14,18.32,29.85,46.22,22.63,49.59,42.73,19.84,23.98,18.66,12.13,20.36,19.86,17.38,17.15
2024-12-18,13.09,21.82,11.25,18.29,57.29,33.1,33.21,26.21,25.57,30.48,95.64,24.57,27.59,17.65,26.85,17.55,22.05,10.28,12.49,19.9,22.54,15.11,39.31,23.99,22.8,16.6,47.04,12.95,44.5,20.07,37.28,20.77,15.15,15.13,21.64,25.21,15.08,29.7,46.54,19.3,42.76,39.13,40.33,21.57,23.34,21.86,26.82,42.29,41.21,20.44,15.28,17.6,15.46,15.78,26.44,17.92,27.12,43.14,14.63,13.85,17.62,15.62,27.18,17.82,15.66,22.25,23.24,20.03,47.8,16.53,26.9,23.99,34.22,36.99,36.69,15.02,27.06,15.93,49.21,16.17,31.88,19.07,23.92,22.71,16.31,22.19,25.22,18.49,29.69,57.12,19.66,46.76,44.71,21.3,24.23,24.45,15.36,19.99,21.97,19.39,16.79
2024-12-19,13.08,22.13,11.48,30.1,57.25,33.99,33.39,26.46,26.52,30.41,96.42,25.33,28.17,17.6,26.84,16.04,20.32,11.31,12.74,19.88,22.66,14.7,39.21,24.01,22.79,16.8,47.07,12.81,45.19,20.75,36.96,20.95,14.8,16.05,21.56,25.59,14.31,32.04,47.09,18.99,42.61,38.93,40.08,21.6,24.34,21.84,27.15,41.98,37.59,19.85,15.08,18.15,15.16,15.62,26.75,17.67,23.14,47.5,14.72,13.87,17.88,12.54,27.09,17.76,15.54,22.55,23.11,20.04,78.44,16.05,25.59,23.38,34.05,32.6,36.96,16.04,27.0,15.93,49.8,16.48,32.21,19.42,23.43,22.4,16.34,22.47,24.99,17.77,29.5,57.5,17.52,46.89,44.69,21.33,24.02,24.45,16.41,19.96,21.94,17.36,16.56
2024-12-20,13.98,23.35,12.63,30.64,58.07,34.27,33.51,24.33,28.38,30.07,95.96,25.98,28.21,18.94,27.12,16.55,21.36,11.41,13.24,20.18,23.54,14.98,39.68,24.83,22.6,16.77,47.55,13.54,44.75,20.88,37.02,21.0,13.73,16.71,22.33,25.03,15.41,33.14,48.16,19.42,44.12,38.82,39.92,23.09,24.86,21.82,26.44,43.71,37.6,19.71,15.35,19.41,15.01,15.32,24.81,19.4,23.01,47.55,14.12,14.16,17.46,13.34,27.91,18.7,16.75,23.09,25.13,19.88,79.55,19.38,25.28,23.18,34.33,34.87,36.75,15.65,27.83,16.07,55.31,17.54,23.97,19.72,23.42,22.74,17.34,23.18,25.1,18.24,29.55,59.23,18.04,46.96,42.67,22.02,25.87,24.69,15.72,19.69,23.48,18.19,15.32
2024-12-23,14.12,20.7,11.99,32.07,58.82,34.08,38.65,23.55,28.47,28.81,99.06,23.9,24.81,18.37,23.99,17.12,21.43,12.06,12.62,20.11,20.87,14.96,40.13,23.58,24.22,13.35,47.23,12.81,44.36,21.02,24.74,21.25,13.6,16.65,22.1,23.75,15.71,33.45,48.37,19.7,40.78,34.12,34.94,21.54,21.62,21.92,24.11,46.35,28.39,19.28,14.61,17.91,14.69,14.83,28.23,18.71,23.24,47.25,13.95,14.14,17.56,11.42,29.42,18.91,16.3,22.35,24.02,20.15,79.62,20.05,25.42,19.75,34.2,36.7,37.29,15.0,27.99,13.74,54.66,17.54,27.26,19.66,19.28,23.12,17.76,23.64,25.46,18.47,30.13,59.8,19.83,47.46,44.37,19.91,24.39,23.34,15.97,18.76,22.14,18.22,14.36
2024-12-24,13.93,20.39,11.84,31.38,57.43,33.32,38.22,23.1,27.86,28.34,96.67,23.94,24.18,18.58,23.8,17.38,20.94,12.2,12.97,20.52,20.65,14.77,39.59,23.48,24.17,13.47,46.06,13.43,43.59,20.94,24.13,20.91,13.92,16.38,22.71,23.77,15.44,33.2,47.21,19.24,40.55,33.25,34.06,22.49,21.51,21.55,23.83,45.68,27.93,20.07,14.43,18.58,14.6,15.02,27.55,18.47,23.23,46.05,14.21,14.11,18.01,11.25,28.87,18.78,15.89,21.79,24.93,19.8,77.61,19.74,25.89,19.25,33.71,35.81,36.98,15.3,27.28,13.63,53.37,17.17,26.66,19.2,22.51,22.63,17.37,23.52,24.89,18.11,29.56,62.0,19.93,46.29,43.32,20.04,23.92,23.31,15.92,18.28,22.51,19.82,14.25
2024-12-26,13.94,19.3,12.21,32.05,58.2,34.14,37.54,17.22,27.38,27.45,98.78,24.12,22.44,18.35,22.76,17.56,21.55,12.05,13.18,19.89,18.86,14.02,40.54,21.96,17.75,13.16,47.04,12.82,42.36,20.31,20.7,21.21,14.14,14.91,21.82,25.39,15.88,32.68,42.17,19.58,22.76,34.15,34.97,22.98,20.24,22.47,23.49,45.32,28.38,18.87,14.58,18.9,14.69,15.16,23.45,14.42,17.92,46.67,14.1,12.6,17.93,11.54,29.45,17.18,15.51,21.16,25.07,19.03,78.95,19.29,22.73,16.03,34.12,33.18,36.93,15.31,26.64,13.23,54.92,16.55,26.69,17.67,24.99,22.75,16.54,22.99,25.52,18.61,28.86,61.31,17.82,45.43,43.16,16.72,22.37,22.16,15.86,16.25,22.24,18.66,13.86
2024-12-27,15.27,18.94,11.69,32.3,57.95,33.98,37.53,17.19,27.04,27.8,97.82,24.31,22.56,18.3,23.03,17.77,21.31,11.39,12.51,19.92,18.78,13.99,40.53,22.2,17.42,14.04,44.92,12.89,40.93,20.39,20.13,20.84,12.29,14.76,21.84,25.58,15.82,32.13,43.18,19.33,22.23,35.06,35.77,23.1,20.2,22.75,23.53,45.21,28.68,18.9,14.22,19.05,14.69,15.05,23.98,13.83,17.92,46.39,14.15,12.59,18.13,11.33,29.38,17.33,15.37,20.39,25.25,19.64,78.22,18.26,23.89,15.78,33.11,33.83,34.69,15.29,26.64,13.19,57.61,16.56,26.84,17.68,24.75,22.51,16.48,23.13,25.37,17.73,28.45,64.77,17.66,45.32,43.03,16.73,22.14,22.26,15.85,16.2,22.3,19.11,13.95
2024-12-30,16.3,19.2,13.24,32.47,57.83,33.6,37.81,16.77,27.1,28.21,99.2,24.66,24.79,18.43,23.18,18.81,23.38,10.92,12.69,19.85,18.32,14.3,39.89,22.31,16.84,14.63,45.04,13.14,40.65,20.31,20.31,20.8,12.36,14.77,22.04,25.62,15.66,31.96,43.32,21.11,22.51,35.26,36.03,22.94,19.99,22.52,23.79,44.6,28.86,19.4,14.52,19.15,14.77,14.62,24.06,13.57,17.92,45.39,14.82,13.45,18.27,11.68,29.88,17.18,15.19,20.3,25.28,20.28,79.08,18.11,23.87,17.46,33.43,32.96,34.31,15.14,26.35,13.79,58.73,15.98,27.07,17.32,24.61,22.45,16.55,23.15,25.59,17.53,28.35,66.17,17.89,45.08,42.84,16.88,22.11,22.25,16.34,16.14,22.13,19.39,13.67
2024-12-31,16.27,19.05,13.04,31.65,56.39,32.77,36.95,16.67,26.92,27.79,97.43,24.04,24.2,18.03,22.61,18.36,23.14,10.71,12.53,19.34,17.94,14.03,39.06,21.85,18.84,14.32,43.94,12.81,41.63,20.81,19.81,20.28,12.36,14.48,21.48,25.07,15.33,31.18,42.24,20.62,22.03,34.92,35.58,22.36,19.52,21.96,23.19,44.09,28.14,19.12,14.83,18.71,14.51,14.48,23.45,13.63,17.56,44.24,14.47,13.12,17.98,11.68,29.38,16.76,15.14,20.25,24.65,19.96,77.11,17.7,23.57,17.9,32.71,33.13,33.46,14.88,25.72,13.65,58.02,15.82,26.45,17.06,24.44,22.0,16.17,22.88,25.11,17.13,27.71,66.16,17.44,43.94,41.8,16.52,21.84,21.73,15.94,16.62,21.58,18.91,15.43
2025-01-02,18.9,19.83,12.32,31.41,57.72,28.02,34.66,16.33,27.53,27.94,100.03,24.64,27.34,18.72,23.18,17.76,22.22,11.51,11.56,19.74,18.36,11.24,39.95,21.18,18.87,14.05,45.26,13.07,42.31,22.16,20.51,20.59,12.64,13.68,21.89,20.41,13.11,32.31,44.1,19.6,24.21,35.65,36.3,23.0,19.71,21.65,23.58,40.76,28.7,19.69,14.47,18.61,14.89,14.99,23.2,13.77,17.4,39.19,14.68,13.47,18.17,12.05,26.22,16.7,15.72,19.96,25.34,19.47,80.25,16.98,23.74,19.93,33.48,35.43,33.63,15.51,25.38,11.81,54.91,15.99,24.87,15.08,25.55,22.18,15.12,23.42,18.35,17.35,28.34,71.13,16.19,47.98,42.87,15.63,20.04,22.11,15.81,17.22,21.51,18.99,15.76
2025-01-03,18.91,17.24,12.41,30.88,55.27,31.73,37.7,16.76,28.01,27.59,100.15,25.29,27.29,19.17,22.97,17.78,22.19,11.78,11.83,20.54,19.16,11.15,40.23,21.45,17.6,13.88,23.34,13.1,45.68,21.57,21.11,21.24,12.53,13.71,22.15,20.38,13.73,32.99,45.07,19.35,24.41,35.48,36.11,23.3,19.85,21.21,22.84,40.91,26.93,20.49,14.07,19.21,12.99,14.75,21.85,13.7,17.82,41.68,14.29,13.76,16.93,12.81,26.46,16.61,16.62,19.91,25.66,19.17,79.97,17.16,23.47,19.91,25.85,36.79,31.37,15.34,24.78,11.83,58.07,16.12,26.89,14.57,25.71,22.41,15.22,24.01,18.27,18.22,28.35,75.87,17.91,48.6,43.37,15.92,19.96,23.81,15.35,14.28,21.98,18.88,13.14
2025-01-06,19.58,17.9,12.91,31.34,54.81,31.03,40.61,16.86,28.3,26.58,101.8,25.53,26.21,19.64,23.06,17.54,22.15,12.11,11.93,22.64,19.55,14.72,40.69,22.46,17.6,13.66,23.37,13.15,46.57,20.13,21.04,17.3,12.76,13.19,22.35,20.25,15.02,26.83,49.07,17.81,28.11,36.61,37.37,23.96,19.56,22.45,22.41,39.03,27.63,21.56,14.38,19.49,13.5,13.19,23.39,17.65,17.5,42.08,15.51,13.27,19.58,13.14,29.83,14.91,17.0,18.81,27.61,19.53,90.5,17.16,22.58,20.75,26.59,39.05,29.31,17.13,24.96,14.42,58.53,14.49,27.65,15.72,25.93,22.89,15.53,24.38,17.83,17.11,30.31,75.27,17.51,35.0,37.15,16.44,19.64,24.32,15.77,15.41,22.37,19.12,12.92
2025-01-07,19.52,17.49,12.66,31.02,53.4,30.2,39.82,17.38,27.77,27.31,100.54,24.85,25.56,19.98,23.47,20.22,21.88,11.8,11.77,22.48,19.03,14.35,39.61,22.03,18.33,13.32,23.17,12.87,45.44,20.66,20.68,16.86,12.58,13.07,21.94,19.78,14.98,26.12,47.92,17.49,29.29,35.9,36.68,23.37,19.24,21.9,22.06,38.15,27.34,22.02,15.65,19.37,13.16,13.27,23.36,17.18,17.27,41.03,15.1,13.27,19.15,12.83,29.92,16.15,16.74,18.99,27.28,19.4,88.62,16.98,21.98,20.31,26.77,44.78,29.0,16.68,24.41,14.36,63.82,14.34,26.95,15.55,25.24,24.05,15.19,23.73,18.15,17.46,29.6,74.93,17.04,34.08,36.19,16.03,19.27,23.69,15.44,15.8,21.83,18.68,13.29
2025-01-08,18.6,17.64,12.84,30.92,53.43,30.14,37.7,16.13,27.95,27.29,100.44,23.2,25.22,18.92,22.8,20.33,21.65,11.78,10.85,22.53,18.21,13.93,19.43,21.46,18.33,13.8,21.69,11.7,44.93,20.19,19.87,14.62,12.03,14.2,21.94,19.77,15.15,24.6,46.14,17.46,29.68,36.16,37.0,23.2,19.83,21.84,18.72,38.16,28.21,22.36,18.18,18.69,14.26,13.72,22.54,18.03,17.2,40.91,15.2,12.97,17.8,18.4,29.62,16.14,15.0,19.17,27.21,19.39,88.85,17.07,20.73,20.02,26.77,43.79,29.5,16.39,24.39,13.69,61.84,13.99,26.99,15.49,25.2,24.64,17.64,23.76,16.88,16.77,21.89,74.93,17.05,34.7,35.85,16.03,18.07,23.16,15.11,15.83,20.31,18.09,14.23
2025-01-10,20.8,19.17,13.78,32.48,54.6,31.42,40.51,16.44,26.26,26.87,100.18,25.74,20.73,21.14,22.83,22.11,20.9,12.23,13.17,24.74,18.66,13.43,20.06,23.4,18.67,14.58,22.47,12.26,44.88,22.06,19.56,15.49,12.61,15.71,22.16,20.75,14.27,24.71,43.1,16.67,31.17,26.3,26.62,25.79,20.42,21.39,19.49,39.86,25.15,22.77,17.77,19.73,14.85,14.17,23.84,17.51,17.51,38.68,16.14,13.42,19.05,20.67,29.24,18.47,15.17,16.55,30.22,19.38,88.36,23.93,23.51,16.59,26.92,43.73,25.98,17.78,23.01,14.89,62.53,18.93,25.03,15.59,25.6,24.48,18.97,24.49,18.39,17.26,21.18,72.88,16.31,27.27,30.27,17.86,20.12,24.77,15.72,18.62,22.17,18.93,14.55
2025-01-13,21.32,19.77,14.45,33.25,21.75,32.03,41.04,20.2,28.86,27.58,61.94,26.79,20.96,21.53,23.83,22.79,21.36,11.9,13.58,26.15,22.8,13.78,19.6,26.74,20.29,15.33,22.65,12.41,51.22,23.02,28.19,17.57,12.15,16.2,22.91,21.83,15.73,23.56,40.75,17.1,31.87,26.09,26.29,26.53,20.07,22.09,19.69,38.11,25.07,23.78,19.5,21.04,13.22,16.36,23.39,21.82,17.49,37.55,16.59,13.95,19.54,22.01,29.79,21.16,15.2,17.12,31.13,19.84,89.61,24.2,24.28,18.0,26.68,44.51,26.37,18.22,23.56,15.22,62.64,19.57,25.5,17.18,27.06,20.92,19.72,24.9,17.88,18.19,22.57,73.34,16.9,25.97,31.62,18.46,21.6,27.19,16.12,19.24,22.62,19.94,18.06
2025-01-14,20.72,19.42,14.05,32.32,22.08,31.65,39.94,20.06,28.68,26.8,60.2,26.41,21.8,21.78,23.35,22.74,20.93,11.93,14.35,25.61,24.3,13.92,19.08,27.57,19.78,14.98,23.16,12.54,49.78,22.63,27.52,17.51,11.85,16.02,23.05,21.72,15.41,25.14,41.68,17.27,32.07,25.47,25.69,26.54,20.08,21.47,19.22,37.05,25.52,23.12,18.98,20.93,13.14,16.88,33.82,21.25,17.65,36.66,16.59,13.67,20.59,26.27,30.08,21.5,15.66,17.31,30.34,19.28,87.69,24.67,23.84,17.79,27.0,43.43,26.85,17.94,23.74,15.21,61.45,19.51,25.43,17.52,26.31,20.33,19.2,24.31,18.35,17.68,22.12,71.43,17.06,26.1,30.74,18.6,21.2,27.11,15.96,19.05,22.24,19.53,17.63
2025-01-15,21.69,21.12,15.19,32.32,22.93,32.98,42.22,19.41,28.67,27.02,44.85,30.03,20.22,24.0,23.66,30.21,20.95,11.8,15.86,33.93,24.55,14.03,17.29,29.89,18.78,15.26,22.62,12.9,44.15,19.43,27.6,17.45,11.44,15.41,23.42,21.73,14.91,25.72,41.57,18.16,32.57,24.7,24.8,34.33,23.49,15.97,19.78,37.36,23.59,35.48,17.62,21.87,12.84,15.85,33.66,21.17,19.5,36.23,19.42,13.6,20.61,25.59,33.31,21.37,15.69,16.93,34.69,21.53,88.02,25.89,25.98,17.77,28.34,44.69,27.49,17.72,23.33,15.18,63.22,19.54,27.56,17.55,20.55,21.08,18.33,23.82,14.61,18.23,22.03,73.93,17.9,28.15,25.37,18.55,21.81,30.49,18.15,15.6,31.54,19.5,16.65
2025-01-16,25.21,20.15,17.73,32.34,24.84,36.32,42.2,19.39,35.29,27.2,42.91,29.89,21.31,24.03,23.95,30.38,17.53,11.41,16.19,33.72,24.98,14.21,17.29,29.05,17.73,15.01,22.15,12.97,37.35,18.95,28.69,18.27,11.86,17.81,24.59,20.34,15.31,25.82,39.29,18.12,31.61,25.08,25.19,33.44,23.61,16.9,20.43,36.85,23.96,35.49,17.83,21.72,12.1,16.23,34.2,21.3,19.46,39.15,19.42,13.76,23.01,26.37,33.37,20.77,15.6,17.08,37.16,21.22,87.99,28.33,25.99,16.98,28.17,45.1,27.75,18.6,16.66,15.52,63.5,20.16,28.55,17.81,20.72,22.79,18.55,23.82,14.83,19.06,17.65,73.03,26.74,28.75,33.56,18.96,22.62,35.87,17.96,15.85,30.7,19.28,16.55
2025-01-17,24.83,20.05,17.17,30.76,22.68,34.9,42.08,16.37,31.05,22.79,35.74,23.58,21.9,19.55,19.35,29.05,16.81,10.68,14.43,28.42,21.97,14.15,15.68,24.87,13.95,17.25,18.64,11.05,36.67,14.84,27.36,16.97,11.33,15.97,18.36,19.72,15.01,21.05,35.87,15.96,31.05,21.78,21.73,28.7,18.96,13.94,14.76,43.81,19.47,32.41,17.38,16.98,12.08,14.73,36.99,20.61,15.43,36.96,17.82,12.76,21.84,25.29,30.39,18.75,15.81,18.96,30.15,17.08,87.28,27.01,24.9,16.6,22.3,46.03,26.7,19.11,14.95,15.63,63.5,20.79,26.34,14.51,18.36,18.47,16.52,16.24,14.71,16.17,18.59,67.6,27.63,30.09,32.03,16.53,19.76,31.18,14.84,16.21,28.15,18.32,15.48
2025-01-21,25.45,18.36,19.79,16.95,22.2,33.58,42.54,16.73,28.33,24.14,35.2,23.47,22.61,19.16,26.19,29.61,16.23,9.76,14.57,29.54,24.0,14.24,13.61,25.28,15.46,17.49,17.14,11.04,33.94,15.0,28.33,18.39,13.09,16.14,23.24,19.95,15.83,20.16,34.69,15.85,36.62,21.82,22.0,29.1,17.26,14.81,13.83,44.06,18.86,33.28,17.59,16.88,12.3,15.19,38.69,23.06,12.76,30.49,18.02,12.87,22.07,25.76,30.33,22.89,14.86,19.19,30.25,17.58,56.02,25.45,25.28,21.84,23.44,46.6,37.46,18.08,13.52,16.12,55.12,20.36,25.76,19.65,19.48,27.98,16.69,15.43,15.13,17.76,18.12,68.22,28.46,29.72,32.56,16.37,19.7,32.6,14.47,16.83,28.33,18.87,15.83
2025-01-22,25.6,18.39,19.97,15.39,22.24,33.16,39.32,16.95,30.0,24.96,30.03,23.73,22.62,20.58,26.31,29.3,16.14,8.87,16.24,29.73,24.01,14.37,13.65,28.44,16.32,17.46,18.76,11.2,33.81,16.27,28.61,18.43,13.03,17.62,23.2,18.98,16.34,20.15,35.12,15.48,37.28,21.14,21.21,29.3,19.37,15.03,13.71,42.62,18.91,33.28,19.17,17.03,12.85,14.96,36.34,23.67,16.44,29.94,18.02,12.86,23.42,26.09,29.3,22.75,15.35,18.38,30.77,23.41,55.91,27.81,43.66,22.52,25.21,47.44,44.46,17.8,15.4,17.87,58.98,20.5,23.6,20.45,19.2,28.17,19.63,16.97,15.22,17.75,18.06,68.09,27.99,29.34,32.66,16.54,19.78,32.99,14.45,16.82,28.54,16.9,17.56
2025-01-23,24.67,18.36,25.77,15.71,22.19,35.45,38.97,17.76,30.07,24.23,27.76,23.48,23.8,20.71,31.2,29.06,20.96,8.52,15.88,29.58,24.86,14.29,13.48,28.58,16.38,17.05,18.85,10.54,33.73,16.5,30.52,18.41,14.76,17.66,22.53,18.55,16.34,29.55,35.36,15.29,38.1,20.99,21.07,28.76,19.43,15.41,13.87,43.07,19.51,33.26,19.44,16.68,12.52,14.99,37.07,23.75,16.56,32.1,18.08,13.09,23.36,26.42,29.84,22.79,15.87,18.9,30.32,23.2,58.98,28.1,44.43,22.59,24.74,47.44,44.43,17.35,16.78,18.1,59.4,21.73,24.73,20.89,17.19,28.63,19.64,16.95,15.58,17.81,18.14,61.64,28.39,29.19,33.3,24.44,19.87,32.77,14.85,17.01,28.38,14.22,17.62
2025-01-24,24.02,17.84,25.35,15.3,21.6,35.92,37.87,17.77,29.35,23.59,27.77,23.73,23.64,20.13,30.45,28.29,20.56,8.3,15.65,29.21,24.17,13.91,13.24,27.95,18.3,16.58,18.32,10.27,32.79,16.23,29.68,17.93,14.88,17.24,22.02,18.58,16.18,30.61,39.42,14.88,37.1,20.79,20.85,28.16,18.9,16.32,13.65,44.08,19.0,36.79,18.89,16.56,12.47,14.7,37.28,23.09,16.1,32.45,17.58,12.88,23.05,25.76,29.49,22.39,16.86,18.7,29.51,22.69,58.02,33.57,43.35,22.15,24.29,47.78,43.8,16.96,16.95,18.07,57.73,21.68,24.91,20.77,16.76,27.98,19.89,16.54,15.53,17.39,18.29,59.97,40.26,28.38,32.38,23.76,19.5,32.23,14.54,16.93,27.66,14.23,18.03
2025-01-27,28.38,23.78,28.21,18.28,22.18,45.83,45.76,20.13,32.68,23.03,76.53,24.95,24.19,20.81,31.72,29.21,21.54,7.73,18.22,30.05,28.14,20.59,14.63,28.19,18.83,18.69,23.62,22.73,33.39,16.7,30.05,19.28,15.39,19.72,23.14,20.0,17.24,31.43,102.47,17.77,38.52,25.97,26.51,28.63,20.7,17.33,13.58,46.43,20.38,38.57,24.42,16.27,17.36,14.87,39.45,24.16,17.85,39.32,20.35,16.79,24.49,26.56,30.29,22.37,19.11,21.62,30.24,23.84,77.38,34.72,43.75,25.16,24.25,85.46,72.52,22.36,20.64,22.49,60.17,23.22,25.18,21.33,16.25,28.59,24.27,17.2,27.81,17.81,19.48,59.44,41.58,28.6,33.82,25.22,21.43,33.03,15.13,20.25,27.99,16.66,19.14
2025-01-28,31.5,23.49,28.61,18.24,21.9,44.77,44.48,20.17,33.58,22.61,75.49,24.25,24.27,20.47,30.91,29.42,24.25,7.52,18.26,30.22,27.99,20.7,15.72,27.42,19.21,18.42,26.25,22.21,32.55,16.75,29.72,19.57,15.53,19.81,22.61,19.81,19.62,30.67,103.17,18.29,50.66,25.99,26.61,27.83,21.23,18.58,13.41,45.99,19.97,37.5,24.77,15.81,19.2,15.02,38.4,42.7,18.73,38.69,19.79,16.49,25.22,26.22,30.03,22.0,19.59,21.07,29.59,25.33,76.18,37.82,42.54,25.07,24.99,89.77,71.9,24.19,20.13,23.12,62.98,23.24,24.49,22.25,15.79,28.36,27.17,16.94,27.18,17.39,18.93,57.82,42.26,28.46,32.93,26.35,21.18,33.23,14.74,19.84,27.29,16.27,20.17
2025-01-29,31.41,23.24,27.02,18.25,21.91,44.21,45.44,19.18,34.31,22.15,75.18,23.78,24.28,19.98,31.12,28.72,21.46,7.61,17.8,29.68,27.82,20.35,14.92,26.45,19.21,16.81,26.95,22.06,32.05,16.5,29.12,43.3,15.62,19.83,22.41,20.33,24.85,30.36,103.08,17.32,50.58,25.82,26.41,27.67,21.62,18.15,13.28,45.17,19.96,36.9,24.21,15.28,19.21,14.08,38.07,42.61,19.05,38.15,19.04,15.74,25.14,25.49,29.01,21.32,19.46,20.8,29.23,25.14,74.81,37.86,42.32,25.89,26.22,90.82,71.9,24.06,20.01,22.54,62.3,22.51,23.1,24.06,29.5,27.72,27.14,17.33,26.92,20.12,29.01,57.19,41.91,29.65,33.08,25.85,21.67,33.72,13.85,19.62,26.7,15.21,20.03
2025-01-30,31.41,23.02,26.98,18.78,22.2,45.55,45.53,19.23,34.45,22.29,77.33,23.89,27.27,20.02,31.52,29.3,21.33,7.74,17.88,29.68,33.6,21.1,44.88,26.42,17.81,17.09,29.4,22.73,32.35,16.23,28.96,43.3,15.55,20.41,22.64,21.56,26.34,30.74,106.77,17.86,50.57,26.96,27.69,27.66,21.56,18.91,45.55,45.23,21.59,36.62,24.31,15.2,20.35,15.19,38.81,42.85,19.11,45.76,21.7,15.73,26.62,25.45,28.41,21.35,20.99,20.52,29.18,34.69,75.66,37.93,42.11,26.68,52.61,90.66,74.34,24.35,20.33,22.66,61.97,22.51,22.73,25.85,29.56,28.06,28.58,17.66,27.25,29.87,29.09,57.14,43.27,29.41,33.19,25.85,60.6,33.68,15.28,20.74,26.52,15.27,19.32
2025-01-31,30.61,27.83,26.71,18.44,22.69,44.59,45.12,18.72,33.59,21.94,75.99,23.45,27.28,19.96,30.74,28.52,20.85,7.82,17.76,29.27,32.95,26.5,44.18,26.05,19.89,16.66,28.72,22.12,32.16,23.94,28.61,42.15,15.21,19.93,22.16,21.57,25.64,30.82,104.64,17.39,49.24,26.54,27.31,27.41,21.25,18.41,44.82,45.23,21.05,36.34,23.82,15.17,20.15,14.85,38.33,41.86,19.75,44.55,22.6,15.45,26.0,25.79,27.71,22.43,21.03,19.98,29.0,33.77,73.94,36.94,40.99,26.94,51.28,89.04,72.37,23.87,20.52,22.26,60.46,21.98,22.12,25.25,29.77,27.97,28.22,17.72,27.05,30.2,28.5,55.76,42.13,28.63,32.48,25.6,58.98,32.82,15.14,20.19,25.91,15.24,21.0
2025-02-03,32.38,30.62,27.4,17.99,21.31,44.33,43.81,19.02,34.01,21.97,78.2,23.7,25.27,20.14,31.6,36.8,21.94,7.35,18.43,31.47,34.99,27.3,45.23,27.72,19.71,18.49,29.24,22.7,31.28,24.07,30.09,44.32,15.69,20.69,22.78,31.68,25.88,31.53,106.79,17.61,50.04,27.81,28.54,28.89,22.14,18.91,46.14,45.75,20.81,36.89,24.39,15.41,20.5,14.98,39.32,43.27,21.08,44.58,23.16,15.28,26.72,26.69,27.93,24.34,21.53,20.81,29.85,34.47,74.43,37.98,41.73,25.54,52.14,88.59,74.42,24.08,21.5,23.26,58.38,22.54,22.48,25.79,30.58,28.64,28.94,17.14,28.43,31.11,29.81,47.11,43.14,23.77,33.03,27.52,60.89,33.41,15.34,21.4,26.73,15.67,21.49
2025-02-04,32.67,29.83,26.68,18.03,20.76,43.17,46.14,18.59,33.21,22.15,76.62,23.13,24.6,19.87,30.76,35.83,22.19,7.73,18.02,31.47,34.06,26.61,44.45,27.2,20.78,18.41,28.85,22.12,30.47,25.07,29.36,43.24,15.5,20.41,22.2,31.63,25.25,31.38,104.08,17.37,49.12,28.19,28.93,28.13,21.59,18.54,44.96,44.53,20.74,35.92,23.91,15.01,20.41,14.64,38.76,42.11,20.52,43.46,23.0,14.87,27.01,25.98,27.19,23.72,21.01,39.46,29.17,33.6,72.51,37.38,40.8,24.86,50.83,86.81,72.45,28.65,21.35,22.7,94.45,21.97,22.32,25.9,30.19,28.53,28.4,16.68,27.7,31.89,29.15,46.74,41.99,26.06,32.29,26.79,59.37,32.93,15.13,20.88,26.36,15.48,22.98
2025-02-05,32.5,29.76,26.8,17.88,20.91,40.67,49.16,26.92,33.38,23.89,77.98,23.43,26.73,19.6,30.83,35.72,22.36,8.19,18.32,30.79,34.19,24.59,44.88,27.27,20.44,19.16,28.84,22.95,31.32,25.0,29.34,42.78,17.98,19.9,23.51,31.83,24.23,31.35,103.26,17.86,47.33,37.82,39.2,28.51,21.6,16.98,45.1,43.59,20.69,36.19,23.82,14.0,19.61,14.7,38.05,40.63,20.52,42.37,21.7,14.6,26.91,24.93,24.15,23.68,19.71,39.35,28.8,33.34,63.72,37.37,40.9,26.23,51.27,88.14,72.84,28.16,22.48,20.03,92.5,21.53,22.52,24.74,30.24,28.52,27.77,20.12,27.66,31.83,26.62,48.25,41.9,37.95,32.64,26.58,59.33,32.92,14.83,20.22,26.32,16.0,22.97
2025-02-06,32.39,29.68,29.88,21.28,19.57,40.85,49.14,30.65,32.76,21.96,77.04,23.46,27.03,19.47,30.47,33.81,26.68,8.51,18.41,32.6,34.82,24.86,45.44,26.9,19.5,18.96,33.85,23.12,33.69,24.65,28.97,42.65,18.64,19.92,24.08,33.37,24.46,31.16,103.44,18.95,46.55,37.78,39.16,28.66,20.75,26.73,48.04,43.74,20.24,35.24,23.54,15.33,19.61,15.17,39.3,40.62,20.01,42.35,21.63,15.72,27.04,25.52,22.24,23.5,19.14,38.99,28.29,33.18,62.98,37.19,40.75,29.9,50.78,86.67,72.28,28.09,23.51,20.05,89.23,41.48,27.14,24.96,30.34,25.89,27.78,20.16,26.52,32.34,26.86,46.29,42.11,48.11,33.46,26.7,59.6,33.08,14.94,19.17,26.27,15.33,23.28
2025-02-07,33.3,30.05,29.87,21.46,19.47,41.24,47.63,31.51,32.75,27.16,77.71,23.95,27.97,19.72,31.0,34.23,26.85,8.47,18.83,32.69,34.8,25.32,45.42,27.57,20.21,19.55,34.26,23.13,33.97,24.65,28.57,42.76,18.29,19.59,25.92,33.45,24.3,31.43,103.44,19.57,46.3,39.37,40.75,28.79,21.89,27.49,48.06,43.95,19.8,34.96,20.85,15.61,19.2,16.15,39.07,40.44,21.45,42.34,22.03,15.34,27.32,23.76,21.17,24.74,19.14,38.96,28.65,33.45,62.95,37.46,40.64,33.47,50.99,86.78,72.34,27.99,23.35,20.21,87.99,41.8,27.09,25.27,30.08,26.25,26.74,20.18,26.44,32.35,27.0,47.61,42.47,51.96,32.83,26.85,59.18,33.25,14.98,19.2,26.76,17.22,22.46
2025-02-10,32.36,28.96,28.8,19.11,19.68,40.02,46.21,31.15,30.0,27.01,78.88,22.07,28.11,18.45,29.24,32.26,27.45,7.37,17.09,31.3,33.14,25.13,44.96,26.77,20.68,19.9,32.65,22.89,31.43,24.82,28.35,42.83,18.67,17.2,25.31,33.41,24.29,31.08,103.62,19.78,46.05,39.31,40.74,25.01,22.37,28.12,47.88,43.67,20.76,35.54,20.8,16.31,18.92,14.92,39.27,40.64,22.24,40.5,19.53,21.08,23.83,21.19,21.21,22.17,19.85,38.97,26.19,33.27,64.71,34.07,35.93,35.62,50.59,86.9,69.37,26.22,23.45,18.25,87.24,37.8,27.06,24.9,30.27,28.3,25.68,18.25,24.48,34.66,27.32,48.47,42.47,54.37,32.95,24.28,58.8,32.28,12.77,15.42,26.34,17.56,23.27
2025-02-11,32.58,28.26,28.17,18.66,19.61,39.06,45.13,30.36,29.64,26.38,76.89,21.58,27.42,17.99,28.55,31.44,26.89,7.28,16.67,30.51,32.33,25.15,44.63,26.13,21.72,19.68,32.01,22.55,30.72,24.43,27.64,41.75,18.22,16.86,24.68,32.92,23.7,30.43,101.69,19.32,44.93,38.35,39.75,24.76,21.82,27.47,46.97,46.97,20.24,34.86,20.46,16.16,23.79,14.67,38.39,39.64,21.68,39.68,19.2,20.55,25.49,20.66,20.73,21.66,19.37,38.1,25.54,32.43,63.37,33.31,36.47,34.77,49.5,84.72,67.87,25.72,23.21,18.03,87.76,36.85,26.38,24.28,29.85,28.38,25.2,18.87,23.92,34.18,26.63,51.55,41.41,54.03,32.12,23.91,57.37,31.92,12.76,15.47,25.67,17.43,22.73
2025-02-12,33.02,28.22,28.63,18.72,19.63,39.36,44.97,29.29,30.4,27.19,76.9,21.7,28.93,18.63,29.61,31.95,26.73,7.72,16.76,30.17,31.9,25.12,44.69,25.68,22.95,18.44,32.03,22.53,51.19,24.67,22.58,40.72,18.12,17.04,25.89,32.52,24.02,30.28,101.74,30.61,45.68,38.42,39.81,24.8,23.51,27.46,46.54,52.11,20.2,34.36,20.23,15.69,24.07,14.33,38.36,37.97,23.8,40.59,19.22,21.04,25.43,20.5,19.45,21.03,19.81,37.11,25.78,32.46,62.18,33.72,36.57,34.8,50.26,84.55,68.87,25.67,23.13,18.04,85.23,36.75,26.82,24.76,29.98,28.91,25.17,18.81,23.44,33.34,27.79,51.75,41.39,54.45,29.38,23.89,57.02,31.0,12.44,15.39,25.94,15.85,25.34
2025-02-13,33.6,27.95,28.48,18.65,20.11,39.46,44.88,28.73,30.28,27.15,76.89,21.43,27.65,17.87,29.65,31.9,26.67,7.6,17.21,30.17,30.57,25.35,45.02,24.64,23.1,17.67,31.91,23.26,52.8,24.52,24.42,41.05,18.15,19.14,25.74,32.21,24.66,29.76,100.66,31.26,45.04,38.71,40.12,24.71,23.68,27.5,46.51,56.42,19.7,34.29,20.48,15.46,24.17,13.89,28.03,38.11,23.77,40.98,19.21,20.68,25.1,15.84,15.75,20.45,19.64,37.14,25.88,32.48,63.46,33.57,35.57,34.74,50.0,85.16,68.79,25.69,22.89,18.12,85.5,37.16,26.63,24.7,29.76,29.14,25.19,19.1,23.43,33.43,29.48,56.26,41.11,53.85,29.46,23.84,57.18,30.54,12.58,15.74,26.16,15.22,25.45
2025-02-14,33.22,26.09,27.73,18.89,20.02,48.87,43.39,29.97,30.28,26.05,76.9,16.93,27.68,15.53,29.55,26.32,29.68,7.6,16.32,23.74,30.3,26.24,44.99,23.66,22.86,18.18,32.02,23.53,53.26,24.3,25.61,41.57,18.29,20.75,26.38,32.95,24.96,29.58,100.55,32.29,44.83,37.01,38.46,16.5,21.01,27.53,46.51,57.23,19.95,23.35,20.81,14.62,24.47,14.54,31.2,38.8,22.46,41.02,17.81,20.92,24.97,15.86,12.04,20.5,19.64,36.99,21.36,31.11,61.58,32.98,35.29,34.76,49.24,84.85,68.74,25.84,22.82,25.55,85.68,36.97,24.83,26.77,29.96,29.63,25.84,18.77,23.42,33.31,29.48,47.7,40.6,53.65,29.82,24.14,56.95,27.42,11.72,15.68,15.11,16.27,24.71
2025-02-18,30.15,26.08,27.69,19.48,19.42,45.93,43.45,30.67,24.75,25.2,78.15,17.43,27.91,15.87,30.65,26.17,30.52,7.61,16.28,23.73,29.71,26.77,47.13,23.37,24.02,18.61,32.53,24.18,54.66,24.32,26.64,41.69,17.9,19.83,26.21,33.68,25.14,29.91,102.71,32.74,45.67,37.17,38.71,16.26,22.04,29.47,47.69,71.86,19.37,23.52,20.69,14.22,25.08,15.69,26.34,39.85,22.5,42.63,18.29,21.74,24.43,31.45,16.72,20.57,20.11,37.15,16.92,31.63,67.33,31.93,37.37,41.28,50.36,86.05,71.18,25.77,22.95,26.66,87.99,38.73,23.65,27.4,30.71,29.51,25.77,19.17,23.95,33.7,33.31,45.93,36.73,54.26,26.26,24.2,57.74,19.13,12.02,15.82,15.07,16.81,25.98
2025-02-19,29.39,25.42,27.13,19.0,20.07,45.18,42.41,29.89,24.18,24.56,76.18,17.3,27.22,15.95,30.01,25.74,30.02,7.61,15.87,23.44,28.96,26.48,45.95,25.19,25.04,18.14,32.09,23.57,53.28,23.89,26.22,40.77,18.21,19.49,25.6,32.83,24.81,29.2,100.15,32.37,44.54,36.4,37.94,16.2,22.47,29.3,46.5,74.7,18.99,23.29,20.9,14.03,24.68,15.79,25.7,39.28,22.48,41.66,17.88,21.71,24.03,30.93,18.55,20.13,19.92,38.24,16.49,31.25,66.13,31.3,36.44,40.57,49.14,83.88,69.39,25.53,22.91,26.05,97.49,37.77,23.15,27.03,30.29,28.78,25.19,18.73,23.35,33.44,32.6,45.76,40.25,53.09,26.64,24.58,56.29,19.54,12.19,16.44,14.92,16.44,25.34
2025-02-20,26.41,25.71,25.98,19.93,19.77,45.41,42.28,29.97,25.18,24.0,76.04,17.31,28.25,16.71,24.64,25.62,30.11,7.21,15.99,25.17,25.94,26.5,45.79,26.57,26.3,21.29,32.63,23.39,54.35,23.15,28.1,39.99,17.76,19.37,21.37,32.91,23.87,28.85,99.98,32.72,39.17,36.09,37.64,21.43,20.78,28.94,46.41,74.72,18.64,22.39,21.03,21.53,24.51,15.21,25.18,37.16,21.8,41.68,18.41,21.69,23.86,31.15,19.73,15.03,20.48,39.41,23.2,31.3,65.01,31.83,37.61,39.24,48.38,83.53,66.45,26.75,22.37,26.05,100.83,37.66,22.96,23.68,29.26,21.03,25.5,18.55,23.67,32.58,32.52,45.86,42.05,53.15,25.01,24.41,55.72,18.09,13.43,16.63,16.7,30.09,25.81
2025-02-21,26.49,23.75,26.08,28.37,21.59,45.36,42.84,30.12,23.54,24.57,76.89,18.56,29.24,15.88,24.02,26.06,30.11,7.12,14.78,26.18,26.79,27.08,45.78,24.83,29.48,21.17,33.09,23.69,55.52,23.16,28.35,40.42,18.83,19.28,22.54,37.36,23.96,33.43,103.42,32.77,40.05,36.99,38.45,23.35,21.22,28.93,46.76,77.24,19.89,23.64,19.68,21.82,24.21,15.63,25.12,37.54,22.55,43.23,18.92,21.51,24.91,32.03,21.02,17.08,19.98,40.34,23.95,27.88,66.48,30.16,23.19,39.3,47.71,83.12,64.14,28.52,21.5,26.0,102.52,37.25,28.13,23.92,30.0,21.86,23.38,18.31,23.3,32.6,32.27,47.68,42.15,54.74,35.36,24.6,55.72,18.59,13.76,16.5,17.44,31.55,25.38
2025-02-24,26.92,24.04,22.26,28.81,22.06,45.97,44.47,30.8,23.89,25.59,79.98,17.93,29.09,15.47,19.72,27.17,30.79,7.24,20.29,27.13,24.92,27.84,46.76,24.81,29.44,21.44,33.76,24.56,57.13,23.81,27.23,41.3,19.38,19.76,22.75,37.91,25.33,24.58,105.11,33.34,39.45,37.47,38.99,23.57,21.18,28.76,47.75,78.26,19.32,19.14,20.12,22.27,25.33,15.77,24.68,38.5,22.16,44.31,18.96,22.0,25.54,32.19,22.04,17.53,19.89,41.82,24.24,28.61,67.7,24.98,21.64,43.32,48.56,85.24,65.7,29.25,21.17,26.07,113.86,38.02,28.36,24.56,30.82,21.37,23.52,18.4,23.94,33.55,32.33,49.07,31.37,57.85,34.89,18.02,56.95,18.14,13.5,17.12,17.92,32.38,25.49
2025-02-25,26.3,23.63,21.71,28.1,21.54,45.03,44.81,30.36,30.65,25.01,78.21,17.51,28.57,15.43,19.33,26.66,30.11,7.08,19.78,26.47,25.19,28.25,45.73,26.27,29.25,21.48,32.94,24.52,55.69,23.46,26.61,40.28,18.99,19.51,22.22,37.33,25.52,23.97,102.68,32.53,38.61,36.93,38.41,23.74,23.44,28.37,47.25,79.22,19.84,21.4,19.84,22.28,24.78,16.49,24.78,38.47,23.56,45.31,18.63,21.56,24.89,31.4,22.33,17.34,19.73,40.78,23.62,28.12,66.32,24.51,21.5,42.47,47.35,83.49,64.05,28.98,20.65,25.66,111.78,37.07,27.68,24.5,30.1,21.32,23.08,18.12,23.68,32.92,31.51,54.81,30.7,57.04,35.19,18.41,56.1,18.03,13.21,16.76,18.31,34.84,25.39
2025-02-26,26.75,21.53,18.64,26.32,21.47,39.68,39.79,31.86,28.98,25.24,45.04,17.64,30.41,14.5,17.7,26.28,29.81,7.08,18.9,26.86,23.89,26.56,45.66,26.89,29.09,22.14,29.24,15.14,55.1,23.35,27.17,39.12,19.08,18.2,22.08,35.4,24.87,23.83,63.07,32.6,40.59,34.88,36.24,23.79,21.28,27.34,47.39,78.63,46.5,20.89,17.19,22.33,23.77,17.36,23.66,38.04,22.98,41.22,16.69,21.62,28.94,30.1,22.96,16.7,19.56,40.15,24.01,27.65,52.51,23.93,21.85,41.88,47.87,52.91,37.35,28.54,18.44,23.29,110.28,37.84,27.82,24.48,30.89,21.0,20.52,17.64,14.0,32.36,33.88,55.49,30.94,57.1,33.95,16.4,55.07,17.43,12.91,15.59,18.2,33.96,24.94
2025-02-27,24.2,20.47,17.47,25.68,21.47,46.73,42.96,31.57,27.32,25.64,51.33,17.57,29.96,14.7,20.01,24.83,29.36,7.08,19.04,26.46,23.82,26.04,45.56,26.86,29.37,22.34,27.45,15.37,54.89,23.52,27.05,39.25,18.8,17.67,21.76,35.65,23.73,23.84,57.89,31.59,25.95,34.66,35.84,24.11,20.97,26.52,47.73,78.35,48.65,23.42,15.64,22.24,21.41,16.97,24.14,19.88,22.64,47.27,16.77,22.13,27.01,30.07,23.13,18.37,18.54,40.62,23.64,25.35,56.0,19.66,23.98,41.79,46.33,53.86,39.29,26.73,18.83,22.0,110.36,37.48,31.94,24.34,30.99,20.81,16.04,17.84,14.1,32.69,33.78,55.38,31.01,57.64,34.49,14.85,55.27,16.8,13.55,15.26,18.23,34.04,24.02
2025-02-28,25.05,20.78,18.01,26.58,21.49,46.51,41.34,31.59,26.15,26.86,51.44,19.76,28.88,21.88,20.83,28.27,29.71,7.01,20.08,26.74,24.16,26.25,45.91,27.64,30.16,23.71,28.12,15.37,54.86,23.85,27.01,20.21,20.1,17.86,22.46,36.14,18.43,24.26,58.86,31.68,28.37,35.18,36.27,25.68,21.7,26.54,47.74,78.56,49.0,24.16,15.69,23.6,21.41,17.43,24.31,20.05,23.18,47.25,17.97,22.2,27.01,30.41,23.76,21.17,18.97,41.12,26.21,25.99,56.29,20.01,24.72,40.88,46.67,53.85,39.11,26.91,19.36,22.22,110.32,37.45,32.84,23.12,16.85,21.43,16.22,18.1,14.25,32.06,28.22,58.46,31.83,57.35,35.21,15.05,55.59,16.81,14.7,15.32,19.74,34.66,24.2
2025-03-03,26.1,16.09,18.5,25.62,20.66,46.55,41.4,32.42,26.91,28.56,52.72,20.35,27.88,22.61,21.67,27.82,30.47,6.77,20.55,29.43,22.3,20.37,19.47,29.27,38.15,24.01,27.86,15.81,56.46,21.74,29.81,20.84,20.84,17.9,25.35,36.35,17.3,23.67,54.65,32.44,31.72,33.01,34.0,27.34,22.83,26.63,22.01,81.54,50.39,24.08,15.9,24.64,21.0,17.52,22.9,19.93,23.13,40.76,13.21,23.3,27.44,31.89,24.45,20.43,18.63,42.29,28.25,16.68,57.27,21.72,25.39,40.92,24.0,62.76,36.64,27.75,18.88,22.55,113.15,38.52,34.0,21.46,16.53,21.2,13.93,17.62,11.7,20.29,28.34,57.23,31.64,59.56,35.54,15.18,15.91,17.58,13.53,13.61,20.95,35.46,25.81
2025-03-04,25.64,17.87,19.8,25.12,20.54,45.61,42.0,31.6,26.97,27.85,51.48,23.79,35.52,31.44,21.51,27.34,29.83,6.61,22.97,35.79,22.04,21.33,19.85,34.76,37.73,23.82,27.48,15.54,55.37,21.39,29.52,20.39,23.47,19.05,25.86,38.35,17.39,23.69,53.27,32.34,34.55,34.15,35.07,29.7,23.11,26.57,21.92,83.29,49.15,24.09,16.45,27.61,24.04,17.12,24.21,19.52,23.94,39.95,18.13,22.72,27.17,31.54,24.88,26.6,19.75,41.23,33.61,16.3,55.88,21.5,24.75,40.22,23.4,61.54,36.83,27.44,19.51,22.72,110.35,40.13,33.37,25.27,19.74,24.12,14.48,19.47,24.75,19.93,30.65,56.6,30.84,58.09,35.58,15.95,17.45,20.84,16.73,16.52,26.45,35.8,25.18
2025-03-05,22.39,15.53,19.82,25.41,20.87,46.34,42.24,31.66,26.96,29.61,52.37,23.94,37.16,31.48,21.14,20.5,29.32,6.44,22.61,35.55,24.97,21.4,18.91,34.77,38.11,22.45,28.73,15.75,55.5,21.6,29.63,18.0,23.25,19.2,26.66,30.34,24.18,24.64,53.07,32.31,41.5,34.9,35.72,30.76,23.68,26.84,20.79,83.87,50.4,24.6,16.45,27.76,24.02,16.78,24.62,20.84,24.33,41.75,17.41,22.73,26.74,31.68,26.33,26.63,19.79,41.13,34.48,20.0,56.8,21.43,25.59,40.24,23.91,60.87,38.14,27.42,19.33,22.23,112.53,40.33,34.82,25.26,19.8,25.65,15.64,19.42,24.04,21.29,30.42,57.17,29.72,58.2,35.23,14.84,15.49,20.06,16.31,16.11,26.88,35.64,26.09
2025-03-06,21.29,15.69,21.29,24.6,21.54,46.71,38.7,31.63,27.07,29.96,55.19,25.46,38.14,31.42,26.95,20.56,28.94,6.21,22.64,36.81,25.2,21.69,19.61,38.93,36.93,23.13,27.97,16.15,55.87,20.23,31.48,19.35,26.07,19.06,26.82,29.93,24.23,26.88,58.49,32.05,42.23,32.97,33.76,33.73,23.63,26.95,20.16,83.85,50.53,30.52,16.27,28.25,23.34,16.9,25.61,20.79,24.31,43.24,17.95,22.8,24.48,31.91,29.56,26.32,20.36,24.14,36.11,20.17,60.12,20.78,39.67,40.24,29.41,63.87,44.47,21.36,19.22,22.15,90.01,40.28,34.29,25.18,27.12,25.84,15.06,26.52,24.71,20.82,30.31,57.32,32.21,57.81,36.84,15.0,15.81,19.38,18.52,18.65,26.61,35.5,25.38
2025-03-07,21.92,16.15,20.52,23.29,21.67,47.79,33.76,24.45,27.63,29.41,61.51,24.26,36.45,31.04,26.96,20.88,29.2,5.56,22.46,36.28,27.1,24.44,22.41,38.07,38.25,30.66,27.04,14.96,55.53,21.6,33.2,19.3,24.93,19.39,27.11,30.42,25.7,26.63,56.58,31.92,41.95,24.01,23.8,32.79,23.6,27.64,27.32,83.72,50.49,31.63,16.21,28.19,23.51,16.91,30.96,22.23,24.16,43.91,17.32,25.09,24.01,32.17,29.48,26.22,20.56,23.68,35.28,20.26,60.78,24.49,39.15,38.96,28.34,61.38,44.93,21.0,18.79,22.2,92.71,41.18,36.0,25.09,26.76,25.95,17.62,24.62,24.91,21.09,29.74,57.2,32.22,49.64,37.25,15.96,15.9,19.74,18.02,22.35,26.96,36.04,25.84
2025-03-10,27.54,15.3,17.48,23.14,25.11,49.58,35.68,20.09,28.0,27.34,64.9,27.98,37.83,32.97,30.31,23.73,27.43,5.29,22.57,36.29,27.21,24.23,27.56,41.56,40.36,32.62,25.2,18.8,56.08,22.04,35.09,22.1,25.75,20.42,32.12,31.37,25.75,27.16,59.62,29.81,43.1,27.0,26.82,35.57,23.73,17.32,25.11,86.55,54.53,39.8,15.91,29.65,24.18,16.82,33.63,22.46,23.96,50.53,18.51,25.89,24.62,32.69,32.41,26.62,21.72,22.56,40.68,23.02,65.9,28.38,40.63,34.58,38.8,63.31,47.25,21.43,17.1,22.59,93.03,21.56,37.1,25.61,32.36,28.74,18.46,27.51,25.46,21.21,29.87,79.12,33.24,39.79,38.78,16.18,16.26,26.77,18.77,22.31,32.84,39.04,27.51
2025-03-11,28.74,16.54,21.52,23.2,24.5,48.47,34.86,22.45,28.29,27.42,64.76,27.66,40.63,32.16,30.16,23.13,28.8,6.29,22.05,35.57,26.91,27.62,26.97,41.1,40.64,31.8,25.92,19.91,54.86,23.04,35.75,21.56,30.09,20.11,31.35,30.89,27.5,26.47,62.66,31.34,42.03,26.39,26.21,34.84,23.59,19.26,26.91,84.42,53.31,40.37,16.42,28.94,23.9,17.57,32.81,23.6,26.97,49.25,19.2,28.37,24.35,31.97,32.48,25.95,22.28,22.24,39.96,22.5,64.83,30.04,41.97,35.81,40.71,62.37,46.77,23.23,19.01,23.12,91.74,21.19,36.27,24.99,31.74,29.3,21.88,26.92,30.86,21.82,32.55,80.02,37.08,40.38,38.24,22.06,20.87,26.53,20.51,34.08,32.54,38.06,28.2
2025-03-12,29.27,16.96,21.7,22.92,20.05,48.04,36.76,23.96,29.12,26.85,62.91,29.36,42.72,32.52,30.46,23.15,29.38,6.34,21.9,35.96,26.91,30.53,28.17,43.06,41.39,30.73,28.31,19.59,54.98,22.07,35.76,20.84,30.34,20.34,30.18,30.69,28.09,27.38,65.53,31.24,41.63,27.39,27.26,35.4,22.36,18.97,26.6,84.98,53.16,39.34,18.05,28.79,24.82,17.05,32.68,24.33,26.26,51.54,18.98,24.64,29.94,32.64,33.94,26.76,21.62,22.66,40.96,22.57,68.3,30.07,43.02,34.44,43.92,65.89,49.11,25.46,19.32,25.23,93.64,20.85,35.19,24.98,31.76,30.35,22.62,27.58,30.99,19.29,29.8,86.34,37.19,35.33,37.86,21.75,20.98,26.7,20.16,35.05,34.17,37.53,27.36
2025-03-13,29.91,17.13,21.72,22.61,54.28,48.3,37.37,23.94,28.65,27.45,62.85,29.41,42.8,32.32,31.14,23.14,29.39,6.91,22.42,35.66,27.18,30.18,27.56,43.36,40.83,32.83,31.45,19.94,54.99,21.82,35.74,20.61,30.73,20.61,30.18,30.33,28.12,26.63,65.38,31.61,42.09,28.29,28.23,35.57,26.42,18.8,25.91,95.12,53.49,41.01,17.72,27.59,19.59,17.16,33.58,24.7,26.94,51.74,19.06,24.55,28.38,32.75,36.51,28.45,21.82,22.94,40.89,22.75,68.01,30.01,43.81,34.77,45.05,65.92,49.33,25.3,18.81,24.91,94.14,20.77,35.03,25.1,32.6,28.49,22.61,28.54,31.11,18.98,29.93,84.67,37.34,35.49,37.85,21.41,20.96,25.95,20.47,35.78,33.83,37.5,27.26
2025-03-14,29.9,17.16,23.2,23.12,57.03,50.93,39.09,23.76,27.55,29.09,63.58,33.15,41.35,34.85,33.27,25.81,30.62,7.05,23.11,37.16,26.73,30.19,28.34,45.75,40.6,33.43,33.58,20.66,27.6,22.49,36.57,23.33,31.72,21.24,31.77,30.32,26.84,28.24,68.0,22.63,42.41,29.41,29.28,38.12,26.82,19.03,26.17,92.35,54.13,41.95,17.54,30.89,18.99,17.21,33.9,23.88,26.39,54.11,20.13,24.66,28.55,32.85,38.37,30.19,21.27,22.45,43.42,24.91,70.34,29.55,44.84,34.83,47.77,68.85,49.22,24.91,18.85,24.94,97.98,20.54,37.13,24.27,32.94,33.93,22.71,29.17,31.59,21.04,29.86,85.6,37.8,35.27,38.34,22.08,21.4,28.43,20.89,35.85,36.76,37.43,25.48
2025-03-17,28.64,17.58,23.49,25.82,58.82,42.59,42.18,22.98,28.09,29.47,65.19,33.07,42.49,35.6,35.21,28.81,27.8,7.09,23.44,35.95,27.59,29.87,28.84,46.6,41.16,34.51,34.05,18.55,22.72,23.22,35.23,23.63,32.41,18.1,32.85,30.64,25.21,30.55,73.42,20.42,43.62,29.42,29.23,39.02,27.09,18.9,27.08,93.83,55.39,42.9,17.28,31.69,19.36,17.67,33.54,20.52,26.86,54.86,20.94,25.63,29.22,33.5,38.4,31.6,21.53,20.25,45.07,25.46,69.84,30.83,47.06,36.85,48.74,68.55,51.93,25.95,19.63,18.29,100.35,22.52,37.95,22.59,34.23,34.64,22.51,32.63,32.26,21.39,26.72,84.27,39.18,36.43,39.91,22.19,21.84,28.93,21.14,36.59,37.07,39.42,26.58
2025-03-18,27.91,17.37,23.12,25.2,57.51,41.62,41.17,22.4,27.42,28.83,63.97,32.24,41.45,34.92,34.72,28.09,27.2,6.97,22.89,35.35,27.45,29.65,28.21,46.68,40.27,33.92,33.19,18.23,22.6,23.01,34.35,23.03,31.64,17.71,32.26,29.94,24.62,29.82,72.57,21.32,42.59,29.34,29.04,38.19,26.48,18.51,27.52,91.47,54.03,41.82,16.99,31.2,19.29,17.22,32.7,20.01,26.31,53.57,20.41,24.98,28.7,32.94,38.67,31.33,21.58,19.9,44.05,25.1,68.28,31.05,46.2,35.97,47.58,67.49,51.29,26.08,19.38,18.5,98.19,22.46,37.06,22.02,33.37,33.77,22.05,31.9,31.64,20.92,26.09,83.01,38.2,35.74,39.12,21.63,21.39,28.36,20.64,35.83,36.29,38.68,25.94
2025-03-19,27.96,17.47,22.84,24.81,56.12,40.78,41.46,22.33,27.02,29.12,64.34,33.96,47.3,34.68,35.61,27.41,26.55,6.82,22.34,35.61,26.92,29.08,27.53,46.75,39.35,33.49,32.56,18.69,22.09,23.3,33.55,22.93,31.26,18.09,31.64,29.4,24.05,30.33,73.52,22.82,42.25,30.22,29.74,37.8,26.59,18.21,28.06,92.94,52.76,41.78,16.93,31.63,18.83,16.82,32.53,19.54,26.32,52.4,20.48,24.69,28.35,32.16,38.04,30.96,21.39,19.96,43.65,24.96,66.64,30.34,46.83,35.14,47.2,66.48,50.89,25.58,19.0,18.1,96.91,21.93,36.63,22.14,33.0,33.43,21.76,31.19,30.97,20.48,25.49,84.17,37.56,35.92,38.17,21.11,21.32,28.15,21.02,35.14,36.71,38.23,25.7
2025-03-20,27.89,16.93,22.87,33.5,56.0,40.15,41.39,22.41,27.0,29.14,64.52,33.79,47.28,34.85,34.66,27.37,26.5,6.87,22.34,35.78,26.94,29.11,26.26,47.02,39.28,33.4,32.23,18.78,22.22,23.29,29.8,22.68,31.43,17.83,31.02,29.38,24.45,30.24,73.25,23.23,42.3,30.23,29.73,37.25,26.74,16.4,30.21,76.72,52.58,41.43,16.61,31.02,18.92,15.49,32.17,19.81,26.47,49.56,20.25,24.33,28.34,18.46,37.8,31.32,20.81,19.96,43.33,24.89,62.05,30.41,46.46,28.17,47.08,66.59,49.19,25.69,19.01,17.57,95.21,21.98,36.39,22.31,32.89,33.01,21.76,30.99,30.92,19.74,23.85,84.33,36.99,35.25,35.45,20.84,21.23,28.0,20.72,35.22,36.37,38.18,25.19
2025-03-21,29.09,17.45,22.15,34.11,55.94,39.82,41.34,22.4,26.75,29.41,64.63,33.82,48.52,34.78,34.87,27.15,26.52,9.0,23.08,35.93,26.94,28.9,26.33,44.88,38.71,34.0,32.45,18.64,23.49,23.25,29.23,22.72,30.8,18.24,31.53,36.27,24.81,30.23,73.18,22.23,42.24,30.23,29.68,37.49,26.39,15.83,30.14,74.22,52.59,40.89,15.6,31.59,18.91,15.28,31.91,29.08,26.29,49.49,20.24,24.16,28.22,18.68,38.69,31.29,21.11,19.9,43.28,24.81,67.72,30.38,46.55,33.29,47.28,66.56,48.85,25.73,18.57,17.55,91.4,22.03,36.09,22.98,33.37,32.88,21.89,31.07,30.97,19.0,23.87,86.77,31.93,36.17,34.96,20.29,21.94,27.89,20.94,34.74,36.4,38.18,25.27
2025-03-24,30.16,17.11,21.97,31.49,57.71,40.79,47.75,22.27,27.77,31.95,65.44,35.01,48.5,35.73,36.32,27.72,26.95,9.45,23.22,37.14,26.67,29.03,26.95,47.43,35.86,35.11,33.05,19.52,20.85,23.13,29.15,22.61,31.5,17.42,32.51,37.89,24.75,28.47,66.98,21.33,42.49,31.27,30.84,37.47,29.61,16.43,31.61,74.06,53.16,43.89,14.62,30.93,18.16,15.39,34.63,29.71,27.0,50.54,21.21,24.65,25.56,17.23,42.31,30.78,20.6,18.28,43.76,24.75,68.45,30.07,47.22,33.85,48.81,68.2,47.7,22.77,18.36,16.76,94.07,21.16,34.28,23.12,33.79,34.04,21.86,33.2,31.14,18.65,24.71,98.72,32.26,35.97,22.11,20.8,22.03,29.3,22.9,35.61,37.79,32.9,24.98
2025-03-25,30.11,21.45,21.7,31.08,57.14,39.82,46.66,23.45,27.99,31.6,63.94,34.27,47.41,34.95,35.92,27.3,28.88,9.28,22.66,36.38,26.04,28.8,26.47,46.51,35.0,34.42,32.56,19.07,21.37,22.6,28.45,22.08,31.34,18.15,31.73,36.99,24.17,27.87,65.87,21.21,41.85,31.25,30.87,36.86,28.94,16.04,30.97,72.28,51.91,43.95,15.07,30.63,17.72,15.07,34.13,29.55,26.49,49.33,20.74,24.09,24.99,17.81,41.68,30.04,21.07,24.77,42.85,24.27,67.47,30.14,46.99,33.11,48.04,66.56,46.56,22.26,19.48,17.21,91.8,20.73,33.46,22.59,33.12,33.39,21.8,32.42,30.68,18.48,24.11,97.46,31.52,35.28,21.89,20.36,27.7,28.59,22.37,34.76,36.88,33.47,24.43
2025-03-26,29.93,21.15,22.01,31.41,57.22,39.8,48.06,22.22,27.99,31.9,63.83,34.39,47.79,35.02,35.59,26.23,26.34,9.65,18.87,36.48,26.06,30.12,26.72,46.62,34.95,34.4,33.52,19.44,21.29,22.81,28.44,22.29,29.97,18.36,31.92,37.26,24.0,29.06,67.53,21.41,43.73,32.96,32.54,37.31,28.96,15.73,30.98,72.65,52.03,44.21,14.81,30.47,18.53,15.35,35.33,29.63,26.48,48.71,20.89,24.99,26.17,17.81,41.79,30.15,21.82,23.73,43.35,24.41,66.83,30.58,47.62,26.89,48.61,68.52,47.75,23.6,19.17,19.1,84.82,20.87,32.47,22.6,33.87,33.47,22.34,33.04,30.89,18.31,24.34,98.84,31.6,34.23,21.28,20.28,28.01,28.59,22.32,34.89,36.99,33.55,24.75
2025-03-27,30.34,21.31,25.65,31.37,57.21,39.88,47.46,21.13,20.82,31.91,64.59,34.58,47.7,34.88,35.59,26.18,26.36,9.71,18.87,36.88,25.89,29.32,26.28,45.76,34.31,33.75,33.58,18.53,21.16,22.72,28.47,22.26,29.96,17.99,32.08,36.97,23.74,29.22,69.38,22.2,51.54,32.79,32.29,37.79,26.94,15.47,31.02,70.27,51.32,43.47,14.26,30.31,18.34,14.03,34.13,29.02,25.2,47.54,21.36,24.79,26.68,18.04,41.72,31.78,21.61,23.74,44.08,23.95,66.47,30.52,47.53,25.43,48.69,68.27,47.82,22.93,19.14,19.14,84.5,20.76,32.47,22.41,33.67,33.19,22.34,33.26,31.44,18.01,25.33,94.86,32.09,33.78,20.96,19.68,27.23,28.64,22.95,35.25,37.01,29.51,24.14
2025-03-28,30.3,21.66,25.64,31.39,57.67,39.24,48.75,18.64,19.96,34.6,61.33,34.96,47.95,36.3,36.39,27.24,26.51,9.86,19.28,36.9,27.6,28.15,26.19,45.87,34.12,33.23,34.39,18.67,21.4,22.49,29.62,23.27,30.11,18.38,33.42,37.04,23.71,30.78,66.5,22.01,50.01,36.23,35.75,38.52,27.09,16.66,31.06,71.12,32.92,43.87,12.89,30.92,18.14,13.97,33.54,28.53,24.48,48.02,23.68,24.51,22.89,18.67,42.54,32.82,20.16,23.51,44.69,25.87,64.9,30.59,49.61,27.23,48.93,66.69,47.48,20.35,19.21,19.02,85.91,19.92,34.22,22.98,33.61,34.08,22.25,33.2,31.4,19.06,24.07,94.66,32.8,34.81,19.94,20.28,27.3,29.43,23.9,34.93,37.48,29.33,24.11
2025-03-31,30.93,22.05,26.13,33.47,58.99,31.91,46.5,19.62,19.97,33.86,58.21,35.05,49.37,33.45,35.67,24.8,26.06,9.91,18.02,37.56,27.81,28.8,26.47,48.16,35.3,33.13,32.4,19.79,21.04,22.71,30.48,22.77,29.49,19.54,33.93,37.26,24.43,29.93,66.89,20.76,49.71,35.94,35.61,38.15,28.46,17.13,32.48,71.9,30.89,43.71,13.63,30.78,19.53,14.22,33.57,29.1,25.87,43.99,23.45,24.91,23.37,20.58,42.56,31.15,22.69,22.71,44.37,25.56,62.85,30.05,49.52,28.29,49.52,59.77,46.48,20.55,18.82,19.7,86.33,21.63,30.28,21.03,33.24,34.61,22.16,33.38,31.42,18.04,23.64,95.41,31.21,33.74,20.4,21.71,27.33,28.99,24.14,35.83,37.86,31.24,24.67
2025-04-01,30.33,22.17,25.57,32.84,57.6,31.26,45.38,19.85,19.59,33.45,57.03,34.4,48.38,32.64,35.53,24.2,26.8,10.11,17.58,36.65,27.18,28.11,25.92,47.0,34.45,32.67,31.87,19.34,20.54,22.22,30.53,23.45,28.8,19.32,33.23,36.39,23.85,29.95,66.52,20.36,48.57,35.82,35.41,37.39,27.77,16.95,31.8,70.78,30.14,42.77,29.92,30.05,19.09,13.92,33.46,28.44,25.34,42.95,22.91,24.33,22.89,20.65,42.29,30.53,23.6,24.18,43.31,25.9,61.88,29.32,48.33,29.49,49.16,58.84,46.04,20.06,21.0,19.23,84.25,21.18,29.56,20.55,32.59,33.86,21.65,32.68,30.72,19.82,23.2,94.15,30.51,32.95,20.0,21.28,26.69,28.35,23.8,34.97,36.96,31.05,24.08
2025-04-02,30.09,21.78,24.81,33.1,57.64,29.28,44.94,19.63,18.98,32.61,54.34,34.85,47.58,32.85,35.34,24.85,26.76,10.14,17.44,35.85,24.82,27.53,25.94,47.48,23.59,33.08,31.74,19.13,19.93,18.5,29.02,24.72,28.95,19.2,31.67,36.56,23.87,29.55,65.42,19.74,47.29,35.31,34.98,38.05,27.98,17.33,31.66,69.4,29.43,43.75,29.93,30.05,18.49,13.55,33.88,28.6,25.35,43.09,22.91,23.98,23.07,18.6,42.01,30.38,24.31,23.8,44.11,24.92,60.89,28.52,48.42,29.75,49.37,50.51,47.01,19.09,21.22,18.91,84.69,20.17,28.64,20.45,33.23,33.58,21.41,33.77,30.86,20.47,23.32,95.54,30.54,33.06,18.62,21.41,26.95,30.45,23.81,34.95,37.14,31.39,20.67
2025-04-03,43.87,21.76,24.13,36.21,59.05,40.95,54.48,20.14,23.57,45.12,65.27,47.53,56.26,46.38,39.12,36.56,28.57,10.84,14.94,52.16,39.25,27.92,26.94,55.73,44.54,33.07,37.1,31.68,19.75,29.41,33.49,27.54,41.32,20.28,42.91,54.46,25.01,36.01,74.86,19.56,47.01,36.21,36.01,48.05,30.36,22.16,32.55,66.07,32.1,44.12,31.62,36.13,17.46,13.68,35.11,28.52,30.25,59.49,22.26,24.91,24.51,18.44,51.39,31.43,23.89,23.78,51.76,26.12,84.69,29.4,48.81,58.12,53.13,56.77,50.16,19.61,21.0,19.38,86.09,21.07,44.26,17.12,50.09,35.06,21.52,48.11,23.93,23.72,21.35,96.23,40.2,39.32,20.5,29.44,41.02,44.43,23.08,34.42,46.24,31.49,28.58
2025-04-04,49.59,32.27,30.26,39.56,60.22,44.89,61.58,25.85,27.16,45.57,65.84,50.61,64.16,52.54,40.62,43.34,31.94,12.68,29.3,57.67,41.21,32.32,35.42,61.79,55.83,36.82,40.35,34.62,26.93,41.61,35.11,38.16,44.67,25.07,48.2,54.55,32.48,52.24,80.55,24.78,41.93,36.64,36.69,53.59,29.88,34.42,39.52,78.01,36.7,51.91,34.46,44.91,23.7,25.28,39.23,32.05,29.8,65.18,34.3,32.2,25.46,25.86,51.94,44.38,26.32,30.0,56.61,25.81,93.77,39.09,53.05,59.66,56.79,61.17,52.89,22.26,27.33,25.74,92.0,33.13,51.41,38.92,54.13,43.58,25.21,49.84,34.88,31.79,33.74,102.51,46.99,46.02,23.64,32.87,40.35,46.91,35.23,40.19,51.36,34.34,38.07
2025-04-07,50.58,32.09,29.89,40.33,61.32,47.85,62.46,24.97,28.69,46.88,59.81,51.39,65.34,55.69,39.06,44.35,31.81,13.61,30.06,58.94,40.43,30.83,32.4,62.22,56.57,31.12,41.83,35.07,26.69,41.68,30.35,37.85,44.84,25.87,49.61,55.35,31.5,53.01,80.73,24.9,42.25,37.6,37.52,53.54,32.31,34.51,35.22,80.04,37.17,50.99,35.34,46.6,24.81,27.09,37.8,31.03,31.64,68.27,35.0,30.03,25.95,25.65,53.11,45.98,25.65,29.89,57.55,26.32,96.26,37.95,45.38,60.41,56.63,61.19,48.33,23.8,25.9,26.82,86.0,33.45,51.36,39.79,52.8,44.82,24.3,49.02,34.7,31.74,34.31,103.67,48.19,46.83,22.97,32.4,40.2,47.78,35.32,36.57,53.04,34.14,38.11
2025-04-08,51.01,36.17,29.18,39.37,59.96,47.3,64.09,26.1,31.4,46.28,58.9,50.18,63.84,54.42,38.44,43.31,33.15,14.41,29.39,57.57,39.64,30.1,31.95,60.81,56.33,30.4,40.88,34.6,32.89,41.13,30.17,37.97,43.84,25.38,48.88,54.69,32.5,52.04,78.79,24.99,41.8,36.86,36.67,52.25,31.87,34.25,34.71,82.02,36.77,49.83,34.49,45.84,24.23,27.79,37.12,32.3,31.55,66.99,34.22,29.32,25.92,25.23,51.83,44.9,25.03,29.98,56.17,25.74,94.41,37.17,44.31,59.63,55.29,59.77,47.33,23.92,26.95,26.28,83.94,32.95,51.1,40.2,51.64,43.75,23.72,48.03,34.3,33.05,33.49,102.3,49.24,45.71,28.03,31.62,40.31,46.63,34.58,35.75,51.78,34.02,37.72
2025-04-09,72.32,37.23,30.77,46.16,65.66,70.29,98.77,29.84,31.78,61.13,82.98,65.76,79.73,57.64,50.33,54.23,30.95,14.42,35.17,64.54,53.28,30.79,38.62,75.41,66.22,35.41,49.62,46.89,34.43,47.38,44.99,50.58,60.42,24.84,59.4,65.09,39.85,63.29,86.5,26.43,49.34,48.35,47.72,64.09,38.47,46.39,41.82,100.92,46.16,63.71,34.51,51.7,25.56,38.99,37.5,35.39,37.37,87.29,42.75,29.65,28.43,29.85,70.27,54.22,24.44,33.36,64.7,41.19,112.09,38.55,51.51,72.97,65.58,83.02,62.14,27.26,29.91,28.03,95.86,33.48,71.77,46.16,63.89,48.02,23.21,57.1,34.24,44.79,35.76,109.75,73.33,58.93,28.65,41.4,51.28,52.25,43.94,36.18,53.35,44.7,40.6
2025-04-10,73.0,38.03,29.35,48.32,66.56,75.07,103.15,30.58,31.41,63.47,85.7,68.54,79.65,58.68,50.61,56.12,35.8,14.25,35.42,65.82,54.43,29.36,41.2,79.9,72.55,35.37,50.81,47.12,35.07,53.52,44.52,54.05,62.44,24.81,61.13,67.11,38.49,64.11,87.56,27.92,51.33,49.63,49.16,66.51,38.12,46.65,41.36,104.75,47.36,67.49,34.63,52.62,25.84,40.0,39.89,34.69,35.05,90.14,43.46,27.63,28.41,31.36,73.8,55.59,24.06,37.07,66.6,42.04,116.63,37.79,51.45,77.1,67.31,85.61,63.17,26.23,31.47,27.81,96.99,33.33,74.82,46.29,65.34,48.25,21.37,58.15,30.07,47.9,33.45,112.88,76.09,58.38,29.32,39.47,51.02,54.73,43.67,28.06,55.81,44.8,44.1
2025-04-11,74.54,38.32,29.72,48.31,66.41,76.79,103.77,30.98,31.94,63.77,87.6,68.41,79.01,58.58,50.92,56.79,35.44,14.88,35.73,65.74,54.94,27.84,40.69,79.16,73.29,35.33,49.66,47.43,35.07,53.63,46.1,56.54,62.22,25.34,61.24,67.21,38.38,63.75,86.84,29.41,51.32,50.08,49.76,66.54,38.03,47.63,42.48,103.58,47.64,67.51,35.3,54.26,25.43,40.85,40.56,35.19,34.57,88.87,44.15,26.43,24.76,31.14,73.16,55.8,24.09,38.35,66.51,42.44,112.95,37.75,50.64,77.22,65.55,83.48,60.73,24.69,32.41,27.33,94.35,33.83,76.12,46.4,65.59,49.58,20.99,57.84,30.14,49.18,33.58,110.19,78.22,58.67,28.52,39.46,51.24,55.15,44.67,27.94,55.0,44.29,45.72
2025-04-14,75.74,40.61,29.35,49.72,42.19,77.36,105.53,33.47,33.09,64.43,89.41,68.97,80.95,59.37,49.71,57.17,36.23,15.09,35.77,67.45,56.06,28.4,41.01,79.76,74.06,32.92,47.34,48.13,35.78,53.87,46.95,57.26,62.99,25.41,61.88,69.08,39.36,65.19,87.76,31.64,53.06,50.45,50.08,67.27,34.82,48.63,43.49,94.03,47.46,67.34,36.83,54.39,26.19,41.92,42.12,35.73,34.8,89.27,44.85,27.57,25.76,32.06,72.71,55.33,24.29,38.51,66.84,42.34,113.26,39.98,49.63,79.91,64.68,83.32,62.21,25.97,33.45,28.37,92.07,35.38,77.02,47.44,66.12,47.84,21.59,57.99,30.33,50.36,34.18,111.6,80.42,58.74,30.93,40.44,52.6,55.41,45.44,27.51,54.84,45.48,45.45
2025-04-15,73.91,39.67,29.04,48.52,41.2,75.57,103.06,32.77,32.29,62.97,87.29,67.42,79.38,59.54,48.66,55.79,35.99,14.73,34.94,66.23,54.81,27.93,40.14,77.9,72.28,32.2,46.24,46.97,34.99,52.57,46.02,56.02,61.6,24.8,60.39,67.47,38.52,63.62,85.86,30.94,51.89,49.52,49.16,65.76,34.13,47.49,42.54,91.9,46.32,65.74,35.96,53.14,25.8,41.12,41.18,35.15,34.4,87.28,43.92,27.31,26.19,31.84,71.08,54.0,23.87,37.59,65.42,41.36,110.68,39.03,50.92,77.99,63.61,81.54,60.72,26.88,33.45,27.72,91.91,34.85,75.16,46.31,64.71,46.71,21.08,56.59,29.79,49.31,33.7,108.93,78.54,57.46,30.59,39.53,51.55,54.34,44.35,26.87,54.36,44.6,44.36
2025-04-16,74.95,39.57,30.4,47.69,40.94,77.29,105.04,35.17,32.21,63.52,87.57,67.69,79.43,59.42,48.44,55.06,35.0,14.73,35.39,66.7,54.55,28.01,40.74,77.12,72.34,32.26,46.43,47.48,34.79,52.41,46.21,55.91,61.74,24.72,60.12,67.2,38.4,63.05,83.64,30.79,51.54,49.87,49.46,65.49,34.92,48.21,42.01,88.25,46.38,65.84,35.98,53.33,25.47,40.98,41.66,35.53,35.5,88.48,43.86,27.3,26.14,31.87,71.82,54.33,23.89,37.77,65.22,43.21,109.85,39.71,49.99,76.74,64.09,84.59,59.95,26.52,32.98,27.77,94.5,33.93,75.16,46.0,65.12,47.06,21.18,54.98,30.33,49.3,34.64,109.02,78.33,57.41,30.29,39.71,51.31,54.57,44.5,27.76,54.35,45.46,44.07
2025-04-17,75.2,39.95,30.28,47.71,41.2,77.25,105.03,35.29,32.79,63.45,87.3,67.69,80.34,59.37,47.96,55.31,34.97,14.85,35.41,67.12,54.91,28.26,40.98,76.98,73.14,32.24,46.46,47.45,35.12,52.68,46.21,56.1,62.68,25.06,60.25,67.78,38.34,63.04,82.63,30.32,51.7,49.49,49.16,66.03,35.79,48.72,41.33,87.9,46.38,65.77,36.82,53.44,25.76,41.12,62.83,36.8,36.15,88.58,43.96,27.37,26.27,31.81,71.08,54.29,24.35,38.99,65.43,43.12,109.9,39.6,49.51,78.93,64.69,84.38,59.43,27.24,32.68,28.81,93.28,33.96,75.28,45.95,65.41,47.12,21.71,55.38,30.21,49.33,34.78,107.24,78.66,57.91,93.21,40.35,52.28,54.76,44.53,27.59,54.55,45.15,45.22
2025-04-21,78.52,41.94,31.78,42.56,43.31,81.07,109.59,36.95,35.21,66.71,90.49,71.05,79.9,61.88,50.56,58.6,35.25,14.0,37.62,69.89,58.25,29.79,42.64,80.51,76.57,36.49,50.45,50.02,37.45,54.68,49.08,58.77,65.36,26.11,63.54,67.71,40.21,65.56,85.44,29.96,53.23,51.47,51.27,69.06,38.04,51.06,40.85,89.45,49.52,69.64,38.59,55.71,26.32,43.66,66.36,32.01,38.84,92.91,46.24,28.66,27.18,33.43,74.47,57.13,25.5,40.52,68.78,45.37,112.41,42.07,50.93,81.54,67.41,89.12,62.94,28.4,33.97,31.92,97.46,35.29,78.83,47.93,68.18,49.45,23.39,58.41,33.34,51.65,38.28,111.91,82.37,60.76,99.67,42.78,54.93,57.19,47.37,30.2,56.43,47.51,47.11
2025-04-22,77.75,42.31,31.28,42.13,43.11,79.53,107.02,36.98,34.62,66.66,88.7,71.02,78.37,62.23,50.97,59.08,35.78,13.96,37.97,69.27,57.76,29.21,42.27,79.3,75.47,36.21,50.94,49.13,36.55,54.8,49.16,59.31,64.73,26.28,63.64,66.14,39.22,67.83,84.65,29.52,52.49,51.37,51.08,68.9,37.86,50.52,40.48,88.73,49.27,68.4,37.7,55.36,26.02,43.47,64.83,31.27,39.49,91.04,46.89,30.11,26.56,33.62,74.03,63.3,25.84,40.3,68.74,45.09,112.08,42.71,52.61,79.99,66.03,87.48,63.39,28.07,34.78,31.44,95.75,34.52,77.36,58.32,66.91,48.89,23.59,57.77,33.63,52.24,37.91,110.41,80.54,59.73,97.27,41.79,53.79,57.21,47.92,29.54,56.75,46.96,47.25
2025-04-23,78.2,43.37,31.73,42.48,42.47,80.49,105.37,37.01,36.84,67.22,90.25,71.21,81.14,62.12,51.48,58.91,36.05,13.89,38.09,69.18,57.67,30.23,42.45,79.42,75.46,35.87,51.67,49.11,36.43,54.69,48.79,59.9,64.95,26.33,63.33,63.75,40.99,67.5,84.72,29.66,51.23,51.54,51.29,68.5,35.75,50.37,40.5,91.46,49.58,67.74,37.99,55.12,26.33,43.72,63.75,30.9,38.26,92.45,46.6,30.14,27.08,33.75,74.19,62.76,25.9,40.34,67.82,45.76,112.82,42.79,52.55,80.14,68.71,87.9,64.37,28.05,34.78,31.7,96.46,35.19,77.05,61.78,67.26,48.72,23.7,57.37,33.75,52.05,37.7,104.3,80.56,59.69,97.3,42.08,53.72,56.82,47.22,29.61,56.85,46.74,47.24
2025-04-24,78.34,42.84,31.39,42.67,42.66,82.18,106.92,36.64,36.52,68.25,92.89,71.94,81.5,62.71,51.73,59.64,35.61,15.16,38.17,70.03,59.56,30.12,43.87,81.15,75.97,35.88,55.71,49.41,36.09,55.24,49.28,59.92,65.86,25.57,65.21,64.51,41.67,67.83,87.81,29.4,51.28,51.93,51.77,69.36,35.83,50.85,46.65,93.11,50.73,68.87,37.75,55.23,26.7,43.73,64.88,30.57,38.97,95.42,46.75,30.29,28.94,33.53,74.74,63.36,25.14,37.97,68.71,47.4,115.45,42.44,53.89,80.63,85.31,89.19,66.96,32.73,35.3,33.89,99.0,35.26,79.21,62.0,67.54,49.11,23.15,57.91,33.72,52.05,37.88,104.3,84.44,62.9,97.3,42.41,51.98,57.17,47.24,29.63,57.65,44.93,47.41
2025-04-25,78.35,44.63,31.35,42.66,43.3,81.98,106.81,36.74,36.51,68.19,91.42,71.9,81.23,62.71,51.71,59.67,35.51,14.96,38.07,69.93,59.58,29.02,44.45,81.11,75.87,35.87,55.34,49.2,35.97,54.78,49.21,59.92,65.92,25.62,65.13,64.41,41.59,67.52,85.55,30.47,50.48,51.08,51.04,69.08,35.85,50.81,47.0,95.29,50.95,68.63,37.69,55.24,26.38,43.6,64.56,31.35,38.88,95.33,46.67,29.4,27.54,33.53,75.35,63.4,24.59,40.41,68.34,47.37,116.14,41.93,52.66,80.66,84.57,88.48,65.83,31.67,35.4,33.02,98.18,35.15,79.3,62.91,66.82,49.12,22.8,57.54,34.66,51.99,55.74,107.79,84.46,62.5,97.07,42.15,51.73,57.13,47.24,29.81,57.62,45.18,46.99
2025-04-28,79.78,47.18,29.3,43.51,43.62,83.49,108.65,37.81,36.7,68.31,91.94,73.12,82.83,63.5,52.22,60.88,35.7,15.1,38.63,71.15,60.52,31.6,45.2,82.49,78.12,36.44,55.85,50.49,36.8,56.58,49.33,61.15,67.28,25.84,65.92,66.06,42.67,68.61,85.47,32.55,43.93,48.69,48.71,69.56,36.51,51.89,48.37,97.44,51.4,69.35,38.49,56.03,26.78,44.45,66.27,31.98,39.56,97.11,46.26,29.32,27.47,33.84,75.9,64.06,24.99,40.81,68.63,47.24,118.87,42.85,50.57,81.83,85.16,90.62,66.53,32.3,36.2,33.55,97.46,36.26,80.56,64.43,68.35,49.6,22.7,59.03,35.33,53.08,56.85,109.68,86.18,63.07,99.62,43.02,52.99,58.22,47.63,30.11,58.4,46.2,48.23
2025-04-29,77.8,46.1,28.69,42.95,42.63,81.46,105.9,37.72,39.36,66.58,89.73,71.32,80.75,61.95,50.9,59.43,35.97,14.82,37.72,69.44,59.01,31.29,44.17,80.41,76.18,35.71,54.52,49.39,35.88,55.15,48.09,59.92,65.79,25.34,64.31,64.39,41.59,66.88,83.34,32.32,42.89,47.48,47.51,67.82,35.64,54.04,47.44,94.98,50.15,67.59,37.57,54.65,26.21,43.39,64.62,31.21,38.75,94.7,45.22,28.75,27.01,33.12,74.07,62.47,24.59,40.47,66.9,46.08,115.99,42.28,49.32,79.82,83.01,88.33,64.86,31.66,37.43,32.74,94.99,35.35,78.53,62.89,66.94,48.52,22.29,57.62,34.46,52.35,56.13,107.07,84.02,61.57,97.25,42.19,51.66,56.86,46.62,29.87,57.56,45.04,47.01
2025-04-30,77.49,45.52,28.25,41.93,42.82,81.48,106.05,37.39,39.71,66.65,89.54,71.16,80.48,61.76,52.21,59.46,36.32,15.19,37.51,69.37,59.09,31.09,44.17,79.87,75.8,35.34,54.5,49.15,36.93,55.09,48.04,59.93,65.69,24.25,64.19,64.24,41.34,66.9,83.42,33.46,44.67,47.58,47.64,67.8,34.7,54.01,47.07,94.99,49.5,67.57,37.21,54.53,25.54,43.12,64.76,31.07,37.94,94.79,45.29,28.69,30.14,31.7,74.12,62.24,21.98,40.47,66.82,45.91,115.95,42.18,49.19,79.94,82.94,88.23,64.81,31.89,38.64,32.27,94.31,34.73,78.61,62.86,69.13,48.5,22.13,57.47,34.87,52.48,56.75,107.69,83.59,61.8,96.99,41.62,51.64,56.86,46.14,31.14,57.3,44.22,47.29
2025-05-01,77.48,45.35,28.15,41.92,42.82,81.61,106.06,37.93,39.72,67.49,89.77,71.2,80.26,61.83,52.04,59.47,35.94,14.99,37.56,69.35,59.4,31.53,44.25,79.83,76.2,35.27,54.45,49.24,39.56,54.9,49.15,59.59,65.65,24.19,64.24,64.27,41.29,66.69,83.32,34.92,44.6,47.4,47.64,67.9,34.75,53.93,47.05,94.6,49.57,67.57,25.26,54.57,26.27,43.23,78.05,31.09,37.9,94.79,45.3,29.49,30.15,31.65,75.41,62.19,20.76,39.96,66.89,51.91,115.71,42.3,49.03,79.53,82.87,88.46,65.63,32.07,37.65,32.59,95.01,34.85,84.82,62.99,70.03,48.37,22.19,57.6,34.75,52.1,56.65,107.13,83.61,61.83,97.04,41.53,51.64,56.81,46.06,31.62,57.39,44.16,47.29
2025-05-02,78.43,46.46,28.62,42.22,43.18,82.64,106.4,37.98,39.63,67.09,90.04,71.75,80.33,62.29,52.3,59.3,37.1,14.98,37.97,70.25,60.29,31.53,44.94,80.77,76.24,35.21,54.93,49.91,40.91,55.64,48.81,59.12,66.07,24.11,64.62,66.42,41.26,66.62,82.79,34.88,44.26,47.77,47.94,67.7,34.9,54.07,47.93,95.43,49.63,67.65,25.08,55.03,26.2,43.57,78.92,31.33,38.74,95.64,46.0,29.46,29.0,32.19,76.89,63.24,17.86,39.93,66.84,52.24,116.68,42.79,49.16,80.57,82.95,88.88,66.1,32.15,37.81,32.65,96.57,34.38,85.82,63.51,71.12,48.63,22.15,57.33,34.53,51.94,56.63,105.91,84.99,62.88,97.01,42.24,52.14,56.46,46.37,31.58,57.99,44.23,47.41
2025-05-05,68.05,38.54,20.42,33.63,35.34,73.42,97.91,34.3,34.69,57.72,78.05,57.46,57.18,34.96,46.36,44.88,34.38,13.03,34.19,43.2,46.84,26.1,38.12,64.14,60.49,29.5,46.09,38.72,35.8,44.64,43.2,50.18,52.96,16.21,49.54,49.87,30.28,44.66,61.86,31.96,40.3,44.39,44.19,50.07,32.55,43.66,41.09,87.25,42.22,58.94,18.1,36.66,18.92,37.99,75.62,25.44,34.4,77.44,33.63,19.95,26.81,25.84,67.13,50.15,12.74,35.1,48.57,49.85,86.28,33.88,40.84,60.16,75.11,80.27,58.03,30.79,32.73,27.58,81.29,17.2,73.26,52.3,55.6,33.14,16.64,40.13,23.43,45.71,50.99,98.48,76.62,49.11,98.4,33.09,41.02,38.73,35.69,23.49,36.87,38.78,37.69
2025-05-06,66.35,41.21,19.91,33.28,34.45,71.9,95.91,35.27,33.81,56.4,76.35,56.36,56.09,34.51,45.49,43.93,37.11,12.7,33.33,42.7,45.87,25.46,37.16,63.02,58.96,28.94,44.94,37.79,35.31,43.52,42.58,51.04,51.64,16.88,48.65,49.01,29.72,43.75,60.66,35.15,39.28,43.44,43.27,49.69,31.83,43.51,40.08,85.26,41.48,57.56,17.7,36.56,18.44,37.33,76.91,25.11,33.71,75.84,32.98,19.45,26.2,25.64,66.19,49.65,12.64,38.01,47.83,48.91,84.16,33.11,39.98,58.67,73.87,78.35,56.91,30.04,35.4,26.92,95.53,16.78,71.4,51.05,54.4,32.77,16.22,39.24,24.05,46.17,50.27,96.39,74.79,47.98,96.01,32.74,40.43,38.24,34.9,23.35,36.29,38.25,37.07
2025-05-07,64.97,41.24,19.94,33.28,32.83,70.77,95.27,35.91,32.63,56.2,75.22,56.35,56.39,33.24,45.02,43.74,37.18,11.43,33.35,42.69,44.33,23.51,37.19,62.74,58.88,28.66,45.04,37.73,35.38,42.96,42.16,51.15,61.58,15.49,48.59,48.29,29.48,43.74,59.42,35.23,38.84,52.08,51.51,49.24,29.05,43.06,40.07,85.31,41.55,57.18,17.5,36.4,16.48,35.83,76.49,25.0,32.04,74.6,32.59,19.41,25.53,25.88,66.04,49.55,12.04,38.01,47.82,48.74,82.82,31.77,39.99,58.42,73.86,78.19,56.65,29.68,35.02,25.88,94.82,16.75,71.86,51.12,53.56,32.77,14.59,38.34,24.05,46.2,50.36,95.67,74.95,49.85,95.92,32.26,39.76,38.18,34.79,23.12,36.34,38.29,36.74
2025-05-08,61.84,35.36,19.6,32.86,32.85,69.51,91.19,34.42,28.86,55.3,75.22,56.2,56.63,32.38,44.18,43.66,35.47,9.03,33.61,42.7,43.13,23.36,36.53,62.15,57.43,28.66,44.96,36.45,29.65,42.35,42.01,49.38,61.0,17.23,47.13,46.49,28.39,43.9,61.63,34.57,39.76,51.95,51.52,49.23,27.99,41.63,38.89,81.0,40.53,56.74,17.92,36.51,17.85,33.86,77.52,23.41,30.63,73.25,31.95,20.33,24.54,25.32,65.73,49.48,12.66,37.33,47.82,48.28,80.95,31.47,40.64,56.02,73.79,77.8,55.68,29.07,32.56,25.6,96.53,17.77,69.99,50.51,53.6,32.6,16.39,37.11,24.73,43.95,50.66,93.55,72.08,50.3,92.81,32.39,38.72,38.02,34.15,22.94,36.26,37.34,36.09
2025-05-09,37.08,34.29,18.29,23.48,23.16,47.24,54.52,32.03,29.54,39.14,48.77,37.17,32.42,26.64,29.66,29.44,34.84,8.83,27.06,31.98,29.62,23.59,27.27,41.55,44.95,20.48,35.58,20.25,26.73,35.62,29.06,38.47,48.87,17.23,31.99,32.81,18.05,29.61,45.18,33.78,30.92,40.03,40.09,32.32,19.98,30.87,34.12,54.93,26.86,33.63,18.23,26.22,16.63,21.64,76.84,18.8,24.86,46.63,22.11,19.89,22.39,20.8,45.77,40.38,13.88,35.37,31.82,36.67,56.31,27.55,32.09,41.87,61.32,50.78,39.57,25.16,32.92,23.23,79.4,18.66,50.18,45.39,38.05,22.73,16.07,22.94,25.03,33.46,49.35,63.83,51.74,34.97,90.05,20.57,26.44,28.42,23.06,22.9,29.98,22.39,32.18
2025-05-12,37.94,34.14,16.32,21.94,20.08,42.99,44.34,32.85,35.1,43.46,42.05,33.01,29.3,24.76,28.39,26.92,32.29,8.48,26.85,31.22,30.03,21.55,23.55,35.99,31.18,21.03,36.85,20.33,28.77,24.15,26.62,35.23,42.02,21.48,33.02,35.29,17.65,26.96,40.59,40.33,29.79,39.81,39.83,27.9,24.1,29.58,32.92,48.97,24.09,27.75,16.31,21.51,16.85,16.9,77.6,17.29,30.03,49.17,17.82,20.04,22.34,20.17,46.4,41.87,21.41,36.45,29.44,36.27,45.46,27.4,32.74,37.26,59.19,49.0,38.8,26.15,32.29,23.62,79.18,21.95,46.28,46.57,42.84,17.31,18.66,24.14,27.68,37.11,50.51,61.57,45.26,38.98,90.23,30.74,31.37,24.42,19.88,22.39,24.14,21.47,23.32
2025-05-13,37.3,33.71,17.63,21.45,19.59,42.6,44.62,32.37,34.77,42.43,43.04,32.19,28.89,24.46,27.76,26.26,33.25,8.48,26.2,30.43,30.16,21.4,22.95,35.13,30.97,21.61,35.96,19.82,36.03,23.56,25.96,35.36,41.0,22.39,32.33,34.71,17.67,26.3,40.6,40.13,29.27,38.9,38.88,27.5,23.8,29.04,31.98,47.88,24.0,27.06,20.74,21.09,16.6,16.81,75.8,19.51,29.53,48.76,17.66,19.89,23.44,19.96,45.63,40.82,21.08,39.4,28.49,35.45,45.93,28.82,32.38,36.48,57.76,50.76,38.65,25.57,31.75,23.4,80.27,21.65,45.23,45.39,42.03,16.95,20.04,34.0,27.98,36.27,49.33,61.33,44.19,39.42,106.4,30.36,31.08,23.81,19.4,21.97,23.06,21.16,22.73
2025-05-14,36.74,39.12,17.49,21.33,19.24,42.41,46.41,31.83,33.78,41.94,41.79,32.52,28.94,24.2,27.91,26.13,36.95,9.1,26.39,30.21,30.6,20.84,22.74,36.6,31.82,21.16,35.85,20.21,36.03,23.64,25.48,38.18,40.6,21.61,32.46,34.61,17.61,25.79,40.75,39.99,27.72,40.63,40.6,27.31,23.72,29.17,31.86,50.58,24.22,26.64,20.1,20.73,15.67,16.95,76.42,20.9,29.3,48.98,18.11,18.54,22.32,19.6,44.21,41.64,20.86,41.82,28.52,35.32,47.23,27.49,32.35,36.67,58.26,51.9,38.6,24.59,34.47,22.74,79.65,20.29,45.25,45.34,42.06,16.9,19.17,33.91,27.38,39.45,48.84,61.8,44.37,40.41,106.58,29.89,30.61,24.09,19.4,21.43,23.15,20.26,23.1
2025-05-15,36.78,39.93,21.13,21.13,19.17,42.45,47.88,34.68,36.19,42.75,41.82,32.67,25.93,22.99,27.84,26.39,39.34,9.07,26.62,30.03,29.53,22.75,23.83,36.69,31.53,22.04,35.87,25.17,36.34,23.47,27.31,38.26,41.08,24.58,32.73,34.01,20.32,26.26,41.81,40.77,27.1,40.22,40.17,27.32,23.82,29.62,33.5,49.72,24.35,27.04,21.79,20.21,20.07,17.72,76.97,24.3,29.11,49.18,18.4,19.88,23.62,19.24,44.64,41.5,23.35,42.39,28.51,35.11,47.2,29.23,29.85,36.27,58.18,52.08,39.8,25.45,35.32,25.04,78.69,22.15,45.21,46.87,41.39,16.96,22.16,33.92,29.62,39.13,49.14,62.58,44.34,40.65,110.09,29.78,29.53,24.04,19.93,23.53,23.46,20.11,23.03
2025-05-16,33.52,38.49,19.42,21.75,18.59,42.95,36.53,31.55,36.33,40.74,41.09,31.34,26.37,21.14,26.84,23.91,40.08,9.15,26.05,26.0,28.65,23.63,21.84,35.22,31.67,22.12,34.63,23.26,38.86,23.47,26.92,39.33,38.46,24.63,31.39,33.22,20.47,24.27,41.67,41.53,26.7,39.53,39.56,25.6,21.81,27.04,33.16,48.0,23.86,25.96,22.21,18.77,20.14,17.71,77.1,23.73,26.93,44.56,17.82,19.91,23.53,19.24,41.62,39.55,23.75,42.04,26.31,31.11,45.22,26.33,28.54,34.63,56.77,43.31,37.07,24.93,34.82,24.81,74.21,22.22,44.32,46.87,39.86,14.14,22.86,33.7,29.33,39.76,48.74,57.96,41.76,39.9,114.55,29.04,28.07,21.78,18.97,22.9,22.68,17.54,22.93
2025-05-19,33.76,38.52,19.26,21.02,18.53,42.72,37.68,31.51,35.61,40.28,39.26,31.1,25.75,21.15,26.87,23.85,40.32,9.64,26.04,25.83,28.9,21.57,21.5,35.26,31.28,20.39,34.75,23.16,38.61,24.61,27.03,38.54,39.01,24.31,31.95,33.56,20.45,23.67,41.76,43.36,27.06,39.03,39.02,26.31,20.53,26.76,33.12,47.85,23.62,26.2,20.74,19.67,19.04,17.55,60.28,21.9,26.05,43.46,17.81,19.96,23.17,19.25,41.55,39.4,23.41,41.78,27.21,30.25,44.53,27.33,28.75,33.47,55.39,40.85,36.86,23.59,33.22,23.29,75.54,22.14,44.32,46.97,40.08,13.99,22.43,33.61,29.49,39.23,48.67,59.33,42.01,39.34,89.06,28.85,28.41,22.1,18.61,22.78,22.92,16.27,21.96
2025-05-20,33.19,37.69,18.85,20.55,18.9,41.83,37.63,30.77,34.76,39.81,38.46,31.01,25.13,20.94,27.11,23.29,39.7,9.46,25.51,25.53,28.81,21.11,21.0,34.87,30.67,19.9,33.97,23.12,38.2,24.21,26.81,37.64,38.46,24.17,32.08,33.95,19.96,23.48,40.83,43.27,26.42,38.66,38.68,26.4,20.29,26.2,32.55,46.85,23.14,26.08,20.48,19.22,18.61,17.14,58.86,21.44,26.08,42.49,18.11,19.58,22.64,19.05,40.95,38.54,22.94,40.92,27.59,29.81,44.13,26.68,28.23,32.68,54.37,40.59,36.03,23.06,33.09,22.84,74.03,21.63,43.28,45.85,38.85,13.94,22.57,33.12,28.98,38.29,47.59,58.03,41.14,38.78,87.72,28.26,28.33,22.24,18.37,22.25,22.94,16.0,21.96
2025-05-21,33.51,37.7,19.49,20.24,17.89,42.38,36.71,30.78,34.14,38.24,36.37,30.89,25.94,24.13,24.08,23.3,40.1,9.47,24.41,28.63,26.92,20.98,21.15,39.51,31.75,14.99,30.15,20.64,37.68,22.2,26.66,42.57,39.06,23.89,30.03,34.47,20.22,21.91,37.31,43.54,27.31,38.34,38.24,27.08,19.37,26.39,33.52,48.06,21.27,24.29,20.47,19.84,18.61,16.17,59.02,21.38,24.62,42.14,18.79,19.72,22.64,20.5,38.08,38.44,22.86,41.14,28.12,28.46,43.29,28.98,28.25,36.38,53.51,36.76,31.97,23.22,34.0,21.52,74.71,21.37,43.81,45.54,40.28,14.4,22.22,34.01,27.12,40.09,46.44,53.91,40.99,39.32,87.34,28.4,28.98,25.78,17.16,20.7,25.76,16.54,21.79
2025-05-22,31.64,37.16,19.39,20.12,17.65,42.62,37.62,30.2,34.12,37.12,36.51,28.66,25.96,21.7,22.03,20.46,39.51,9.4,22.54,27.62,26.47,20.57,21.1,38.57,30.68,13.75,29.17,20.6,38.82,20.24,25.5,40.5,38.87,22.84,28.64,34.51,20.16,16.51,36.35,43.54,27.04,37.68,37.73,25.09,18.92,25.88,33.43,46.93,20.23,24.21,20.36,18.3,17.97,14.24,58.76,21.24,23.64,42.43,15.59,16.3,22.47,24.34,37.6,29.24,21.86,41.02,26.06,28.26,42.43,36.31,24.12,36.67,53.68,36.75,30.96,22.57,33.33,21.04,74.32,21.16,44.74,26.04,40.24,13.86,21.44,33.26,26.2,38.51,45.84,53.03,43.15,39.47,87.07,28.44,29.19,24.18,13.7,21.23,23.82,14.33,19.39
2025-05-23,32.16,36.71,18.72,21.74,19.41,42.01,35.74,30.19,31.71,35.43,35.78,27.62,19.91,21.77,20.8,20.77,38.62,9.44,22.64,26.8,26.66,20.71,20.95,37.65,30.79,14.18,31.65,20.83,39.06,20.46,26.11,39.94,39.72,22.95,28.58,34.09,16.54,15.71,35.99,43.5,27.26,37.55,37.61,24.83,19.21,25.98,32.99,44.02,31.41,24.03,19.81,17.25,18.16,13.28,58.7,21.26,24.06,41.38,16.39,16.31,22.42,24.25,37.19,29.87,21.92,41.02,25.9,28.79,42.62,36.41,24.25,37.6,51.75,36.61,30.47,22.53,33.37,20.67,71.4,20.42,44.93,20.53,40.06,13.46,21.59,32.99,26.15,38.77,45.95,51.91,43.37,39.21,86.95,28.15,29.69,24.16,14.58,20.89,23.01,14.39,19.28
2025-05-27,33.48,35.76,19.45,22.73,18.34,41.18,35.56,32.42,32.5,35.54,32.37,28.11,20.14,22.5,21.44,19.9,39.18,8.92,22.74,27.96,25.67,20.21,15.41,36.8,30.53,14.74,26.71,21.28,40.07,20.29,25.83,41.99,40.26,23.37,27.57,33.69,16.12,18.71,30.02,43.56,27.08,38.4,38.32,25.15,20.56,26.31,22.19,35.7,33.44,21.4,20.29,17.6,18.03,14.95,57.26,20.95,24.73,39.26,17.4,16.53,21.1,24.84,37.54,29.36,22.27,39.48,26.1,28.52,40.07,36.92,21.47,40.52,21.74,35.45,30.1,16.49,33.95,16.15,68.67,20.7,43.59,19.46,42.12,13.19,22.05,34.0,24.66,40.85,20.78,48.16,41.17,35.91,89.2,27.7,30.66,24.91,15.56,19.88,22.89,14.7,19.73
2025-05-28,33.43,33.93,19.61,22.7,18.5,41.11,36.27,32.32,32.57,35.52,32.28,28.15,19.02,22.69,21.37,20.44,38.93,9.83,23.0,28.1,25.98,16.97,15.75,36.89,30.05,14.92,26.56,21.66,40.7,20.41,25.97,41.96,40.54,23.8,27.77,34.02,17.76,18.69,29.86,42.46,28.1,38.25,38.16,25.88,20.72,26.78,22.7,34.97,32.84,21.34,20.26,17.91,18.28,15.67,57.26,21.52,24.84,39.29,17.39,16.68,20.96,24.85,37.58,29.56,22.28,39.7,26.8,28.81,39.31,37.22,21.57,41.05,21.59,34.15,30.1,16.51,34.67,16.18,68.53,20.54,43.6,19.88,42.39,13.78,22.93,33.83,24.03,40.82,20.3,49.07,41.05,36.27,89.44,27.96,30.66,25.51,15.52,19.87,22.86,14.8,20.13
2025-05-29,33.32,34.27,19.57,22.13,18.52,41.32,36.13,32.26,28.05,35.45,31.67,28.14,21.15,22.69,21.36,20.39,39.11,10.04,22.96,28.07,25.91,16.26,16.16,36.9,30.46,14.43,29.12,21.88,40.75,21.0,26.37,41.65,40.58,23.81,27.83,34.14,17.86,18.46,33.07,42.47,28.12,38.25,38.16,26.16,20.66,20.63,22.77,34.91,32.9,21.35,20.42,17.9,18.14,15.61,57.1,21.72,24.64,38.87,17.25,16.53,21.2,25.31,37.62,29.57,22.05,38.97,26.79,28.86,37.66,37.91,22.77,41.17,21.85,34.84,30.44,16.83,33.11,16.29,68.65,20.66,43.59,20.23,43.05,13.65,22.85,33.78,24.08,40.43,19.32,48.96,40.61,40.26,89.54,27.85,31.01,25.65,15.29,19.42,21.78,14.57,20.33
2025-05-30,33.23,34.12,19.63,22.22,18.41,41.87,37.35,32.65,27.21,34.8,31.85,28.22,21.46,22.86,17.78,20.09,38.55,9.53,22.97,27.88,26.59,16.43,16.21,36.56,28.82,17.75,29.15,21.92,40.33,19.53,26.36,41.63,40.34,24.92,28.01,34.4,18.28,18.41,32.88,42.09,25.09,38.09,37.95,26.37,20.63,20.46,22.68,36.77,33.27,21.61,20.76,17.94,18.38,15.68,57.42,22.61,24.66,42.39,17.09,15.61,16.74,25.45,37.13,29.89,22.87,38.97,26.84,28.85,39.5,38.38,23.44,40.79,21.71,37.46,30.47,16.43,31.79,16.42,72.86,21.11,44.06,20.48,37.53,13.66,23.38,33.79,24.03,40.37,18.14,48.93,41.12,39.81,89.78,27.88,30.59,25.64,15.06,17.94,21.74,15.04,18.57
2025-06-02,31.49,33.42,19.48,22.5,21.73,40.27,38.92,31.97,27.88,34.36,31.91,27.26,22.19,22.49,17.23,20.28,38.89,9.64,22.28,26.11,25.79,16.19,14.85,34.81,29.22,18.62,29.08,21.87,37.13,19.37,24.5,42.21,41.26,25.51,28.22,31.39,19.06,18.5,32.11,41.68,29.99,38.98,38.89,26.18,20.16,20.69,22.2,35.94,33.66,20.86,20.5,16.83,17.66,14.8,38.2,23.04,23.96,42.16,16.17,14.45,17.12,25.22,35.13,29.36,23.41,39.41,25.85,14.73,40.65,38.77,23.34,40.78,21.32,37.7,27.74,16.09,31.58,16.37,70.63,21.55,27.14,19.79,36.25,12.94,23.91,33.98,24.72,40.91,18.8,50.21,39.98,38.19,92.29,28.04,30.56,25.24,14.21,16.91,20.01,15.14,19.39
2025-06-03,30.84,32.61,18.99,22.04,22.22,40.37,38.32,31.16,27.17,33.63,32.04,26.6,21.65,22.16,17.55,19.77,38.16,9.43,21.81,25.53,25.42,16.63,14.86,34.67,29.03,18.19,28.72,21.37,36.2,19.38,24.03,41.58,40.24,24.88,27.64,30.75,18.58,18.07,31.37,40.63,30.56,38.41,38.38,25.59,20.18,20.19,21.64,36.5,32.99,20.4,20.43,16.45,17.57,15.27,37.64,22.47,23.91,41.21,15.76,14.08,16.85,25.73,34.45,28.82,22.88,38.81,25.19,14.36,41.04,37.92,22.78,39.9,20.8,37.3,27.27,15.94,30.81,16.19,68.87,21.09,26.85,18.87,35.75,12.7,23.33,33.21,24.09,40.09,18.39,48.95,39.32,37.49,89.96,27.7,28.82,25.12,13.86,16.64,30.25,14.76,19.06
2025-06-04,28.65,32.44,19.09,22.2,22.19,40.32,38.17,31.32,27.25,32.57,30.7,26.76,22.15,22.44,17.97,19.33,38.06,9.47,13.45,25.41,25.39,16.68,15.04,35.13,26.2,18.23,28.63,21.35,36.2,18.59,24.46,41.58,40.12,24.87,27.64,30.46,18.59,18.04,32.13,40.49,32.58,38.52,38.52,25.34,19.96,20.17,21.3,36.02,32.94,20.62,20.46,16.82,17.57,15.06,38.56,22.46,23.7,40.98,15.77,13.42,16.96,24.98,35.51,28.82,23.69,39.31,25.15,14.36,40.68,37.94,21.88,38.91,20.8,36.9,27.06,15.27,30.45,15.78,69.48,21.16,26.78,18.08,33.35,13.06,23.82,33.15,25.28,40.31,18.55,50.07,38.76,37.38,89.57,27.58,28.59,25.57,13.9,17.23,37.3,14.83,16.99
2025-06-05,28.93,28.14,19.22,21.67,22.18,40.24,38.65,28.38,27.5,32.28,30.79,26.39,23.05,22.15,17.69,19.19,33.65,9.46,13.45,24.82,25.16,16.64,15.19,34.88,26.28,23.14,29.18,21.26,36.05,18.64,23.85,39.4,40.51,23.84,27.02,30.07,18.48,17.73,32.54,35.91,32.81,38.46,38.43,24.2,20.07,18.47,21.27,35.84,32.47,20.56,20.45,16.36,17.7,14.67,33.0,22.54,23.45,40.57,15.63,13.59,16.95,24.88,34.44,27.78,23.39,35.97,25.17,14.02,40.9,38.57,21.93,38.82,20.11,37.59,26.69,14.99,26.71,17.41,59.44,21.21,27.17,17.89,33.64,12.8,23.8,33.17,24.41,38.55,17.28,74.94,38.48,37.72,89.47,26.94,28.48,25.2,13.94,16.46,37.34,15.4,16.28
2025-06-06,29.06,28.43,19.11,21.66,22.18,40.13,38.49,27.91,27.32,32.76,37.57,27.14,22.88,22.37,17.72,19.17,33.89,9.46,13.25,25.34,25.24,16.64,15.94,36.38,27.46,23.15,30.12,22.14,36.04,20.34,24.09,39.62,22.58,23.85,26.29,30.21,18.53,17.81,32.59,36.13,32.81,26.79,27.91,24.38,19.97,17.38,20.77,35.25,32.11,20.39,19.66,16.86,17.51,14.69,33.06,22.58,23.76,40.18,15.28,13.51,16.91,24.75,34.55,27.91,23.22,36.51,25.22,13.97,40.74,38.49,21.91,37.92,19.59,36.86,26.86,14.9,26.79,17.54,62.75,21.15,25.37,17.63,34.9,12.53,23.45,33.18,24.76,38.69,17.09,75.88,38.11,36.78,90.45,27.2,28.77,26.26,14.08,16.89,37.77,15.45,18.47
2025-06-09,30.14,28.66,19.5,22.06,22.62,41.42,41.8,26.2,27.68,33.53,39.05,26.68,23.41,22.63,17.17,19.33,34.16,9.54,13.29,25.38,25.93,16.74,16.28,36.77,27.98,23.96,30.47,22.81,36.25,20.4,21.62,39.61,21.7,23.42,26.52,30.59,18.77,19.77,30.72,36.02,30.63,26.7,27.8,23.98,20.16,17.8,20.64,33.95,32.86,29.56,19.49,16.52,16.63,14.98,30.35,23.06,24.21,41.44,16.22,13.23,17.03,25.34,35.16,28.12,23.0,35.82,24.9,14.07,41.42,38.08,22.71,39.1,19.74,37.31,27.67,15.02,28.24,18.07,59.51,19.6,29.46,18.22,34.08,12.86,23.17,34.05,23.69,39.46,19.71,76.9,38.68,37.57,92.89,27.52,27.32,26.16,15.09,17.22,38.62,14.88,17.88
2025-06-10,29.44,27.93,19.09,21.91,22.11,40.89,40.76,25.65,27.2,32.7,38.13,26.22,23.31,22.06,17.41,18.84,33.81,9.31,12.98,24.83,25.3,16.77,18.7,35.93,29.9,23.36,30.11,22.94,35.46,20.78,21.64,38.94,22.46,23.04,25.9,31.02,18.29,25.0,33.03,36.79,30.65,26.27,27.39,23.38,19.78,17.53,20.46,42.88,32.25,28.93,19.15,16.17,16.39,14.7,32.61,22.69,23.67,41.12,16.03,13.7,16.81,24.73,34.29,27.46,22.6,35.81,24.34,13.97,40.72,37.32,23.27,39.34,20.35,36.37,27.06,15.15,27.74,17.61,58.0,19.55,29.26,19.39,33.22,12.54,23.44,33.22,24.1,38.77,19.24,77.41,37.79,36.81,90.61,26.92,28.41,25.55,15.02,17.2,38.05,14.52,19.08
2025-06-11,20.69,26.27,18.96,15.41,19.83,31.76,38.72,23.79,18.38,21.12,34.0,19.9,23.15,18.77,15.99,14.41,31.6,9.23,12.99,19.28,19.29,16.47,18.81,28.65,27.55,23.44,24.39,21.57,34.56,19.64,21.76,33.85,18.11,18.76,17.37,20.89,17.45,24.78,32.48,29.05,27.43,24.94,25.66,19.39,16.14,14.8,20.55,47.16,32.21,23.89,19.38,13.58,15.55,15.87,31.47,27.31,17.45,29.65,15.06,13.78,16.61,22.99,24.38,20.75,18.26,30.35,19.71,11.88,34.75,37.11,20.91,31.35,16.2,33.28,23.84,15.73,25.31,16.32,58.44,17.23,24.95,20.24,28.91,12.16,20.99,27.83,21.33,29.51,20.59,74.16,26.46,29.69,91.41,14.41,22.36,21.54,14.91,16.73,36.42,15.54,19.27
2025-06-12,20.25,25.99,17.03,15.43,19.82,30.39,37.83,23.29,17.36,20.67,30.6,19.51,28.26,17.41,15.56,14.61,28.95,10.01,13.18,19.17,17.01,15.74,18.81,29.0,27.07,22.79,24.48,21.98,23.65,19.58,21.98,32.88,18.45,16.56,16.57,20.89,17.63,26.5,30.32,28.45,27.16,25.5,26.22,18.22,16.28,14.6,20.0,46.67,31.8,24.23,13.61,13.1,15.12,15.47,30.93,27.25,17.68,27.46,15.05,13.52,14.44,22.76,23.11,21.4,17.85,25.36,18.81,12.38,31.97,35.43,19.67,31.38,14.35,28.63,46.97,16.44,25.25,15.63,52.5,16.75,24.94,20.51,29.29,11.78,18.71,17.29,19.69,29.42,20.43,72.57,26.47,25.82,61.96,13.88,21.75,21.41,15.14,17.17,36.26,15.63,19.29
2025-06-13,20.61,15.19,17.15,16.78,27.8,31.62,35.1,19.93,18.28,20.67,32.74,22.75,28.76,17.51,18.88,15.67,21.55,10.14,12.15,21.11,17.22,19.62,18.85,29.52,27.46,23.07,26.13,22.5,23.58,19.58,22.63,29.36,18.24,16.47,17.03,20.84,17.56,27.18,31.44,26.42,27.45,22.99,23.8,19.03,18.07,14.81,20.79,45.08,32.51,24.08,12.11,13.44,16.52,15.39,26.06,28.29,19.8,28.95,22.48,13.53,15.56,23.04,23.9,21.2,17.91,19.44,19.44,12.82,31.04,35.64,19.54,33.76,15.33,26.92,51.88,16.08,21.2,16.91,52.5,16.75,26.54,22.79,29.66,12.22,18.35,17.69,19.76,24.72,20.28,71.43,27.93,26.19,62.11,14.23,22.04,23.31,23.87,17.01,36.94,15.2,20.26
2025-06-16,21.59,13.16,12.39,16.13,27.35,28.16,45.27,17.16,14.16,20.0,32.83,24.85,29.48,17.77,19.16,15.17,19.8,9.97,10.86,22.75,18.04,17.24,17.57,31.62,29.17,21.82,28.29,16.99,21.8,20.05,18.9,28.3,18.6,13.37,18.62,21.68,15.63,26.15,31.86,25.92,28.5,23.2,23.91,20.99,17.04,12.64,18.79,47.59,33.47,25.17,11.16,15.4,11.43,14.41,24.47,30.57,18.52,32.69,22.72,11.02,13.63,22.51,24.0,19.92,15.49,19.36,19.9,13.35,32.56,35.08,18.45,35.61,16.53,28.14,52.94,14.32,20.47,14.11,54.31,14.76,27.56,20.44,29.79,13.42,16.68,16.94,16.51,24.6,19.31,72.84,29.48,26.5,42.46,14.1,22.56,23.5,23.66,14.4,37.94,13.53,20.49
2025-06-17,21.21,16.6,12.85,15.9,31.18,28.1,44.15,18.53,13.06,19.71,32.46,24.26,28.81,17.37,19.24,15.47,22.23,9.74,11.31,22.48,18.28,17.69,18.02,31.52,28.46,21.33,27.58,16.62,21.74,20.48,18.43,29.27,18.76,13.15,18.74,22.06,15.45,25.54,31.1,27.33,28.58,22.75,23.38,20.56,16.98,12.86,18.32,46.42,32.84,24.75,12.92,15.07,11.19,14.8,25.18,31.13,18.83,32.18,22.17,11.3,14.18,23.11,24.0,20.34,14.07,22.77,19.5,13.12,31.8,35.35,18.07,36.29,16.12,27.54,52.48,15.09,21.1,14.59,53.98,14.42,27.52,20.2,30.29,13.08,16.41,16.53,16.59,27.09,23.12,72.11,28.96,25.83,41.39,14.96,22.59,23.1,23.23,14.81,37.05,13.2,20.36
2025-06-18,21.15,16.29,12.66,16.82,30.95,28.3,43.34,18.25,12.78,20.21,32.44,24.7,29.09,18.58,18.8,15.89,22.15,9.74,11.51,22.8,18.33,17.55,18.16,32.09,28.06,20.98,27.59,16.74,21.87,18.0,18.47,29.35,18.57,12.91,18.45,21.57,15.8,25.01,28.2,24.69,28.54,23.91,23.93,20.87,16.99,12.4,18.29,47.72,33.49,24.75,13.26,15.54,11.3,14.78,25.38,32.0,18.71,32.07,28.91,10.55,14.04,23.06,24.06,20.12,13.97,22.6,20.27,12.85,31.79,35.02,18.07,35.99,17.25,27.62,52.08,15.09,21.16,14.09,53.04,13.94,27.48,21.38,29.85,13.43,15.29,16.54,16.11,27.14,22.83,72.21,28.94,25.81,30.75,15.05,22.56,23.75,28.53,14.4,38.76,13.72,19.56
2025-06-20,21.8,15.42,11.84,29.88,31.72,28.84,43.6,17.7,13.09,20.15,33.14,21.47,28.63,14.71,18.77,13.52,21.15,9.57,11.7,19.39,16.59,17.94,18.24,27.63,26.19,21.42,27.81,16.99,19.47,16.91,17.1,21.61,17.62,13.27,16.45,19.52,15.43,25.99,29.15,22.92,28.7,25.49,26.92,19.06,17.16,11.66,16.37,48.36,33.25,24.86,13.42,14.24,11.57,14.93,25.42,32.53,18.94,32.94,29.09,10.66,17.16,22.09,25.79,18.4,13.86,22.47,16.39,12.34,29.45,32.88,18.66,33.63,17.89,27.21,54.03,14.81,18.69,14.55,52.18,14.27,28.1,20.63,27.63,12.35,14.21,13.03,15.79,24.99,23.29,73.5,28.77,24.01,22.93,13.51,21.29,20.74,28.33,14.54,38.09,13.86,18.33
2025-06-23,19.02,16.04,11.28,33.02,32.58,28.42,43.99,29.42,13.02,20.17,33.83,21.78,29.79,15.88,19.08,14.13,21.68,9.64,12.23,19.83,17.34,17.2,17.97,27.48,28.96,23.71,25.95,17.6,14.93,19.07,17.89,21.1,17.06,13.97,16.8,19.8,16.06,28.5,30.74,25.29,29.29,25.57,26.8,19.27,18.84,12.28,18.24,48.59,20.52,26.0,14.26,14.87,12.07,15.4,25.4,33.42,21.31,32.59,30.61,11.56,17.38,15.47,26.38,20.84,14.57,23.19,16.85,12.79,28.37,22.41,19.76,33.11,18.46,27.27,54.67,15.03,18.8,15.63,53.71,13.84,26.57,20.6,28.74,13.16,14.89,13.03,16.53,24.83,25.68,80.8,25.08,25.33,22.18,14.74,20.68,22.14,29.57,15.4,39.59,15.49,21.79
2025-06-24,18.71,15.97,16.5,33.06,31.89,31.44,47.45,29.37,12.95,20.7,34.96,23.15,29.0,15.52,20.97,15.05,21.12,8.84,12.81,20.32,17.69,16.78,18.58,27.55,30.07,23.09,27.54,17.19,14.71,20.81,17.41,20.56,16.66,13.6,16.46,19.88,15.77,27.74,30.6,25.2,28.72,25.22,26.32,19.92,18.69,11.96,18.1,51.77,20.15,26.08,14.03,14.7,12.08,15.16,24.8,33.88,20.89,34.25,31.6,11.89,16.95,15.08,26.13,21.0,14.73,22.57,16.85,12.55,29.82,21.94,20.19,32.41,18.99,27.53,53.89,15.52,18.64,15.24,52.61,13.56,26.31,23.16,28.4,13.29,14.51,12.81,16.09,24.21,25.62,79.12,24.96,36.62,22.27,14.61,20.13,21.77,30.03,15.42,38.75,15.08,24.61
2025-06-25,18.32,15.58,16.28,32.89,31.62,30.81,46.98,28.79,14.36,20.31,34.1,22.59,28.47,15.13,20.44,15.12,20.76,8.66,13.37,20.3,17.47,16.37,18.55,26.87,29.41,23.11,27.18,16.76,16.46,20.35,17.73,20.64,16.26,13.6,16.86,23.3,16.34,27.04,30.69,24.92,28.71,25.79,26.91,19.54,18.27,12.51,18.46,51.01,19.7,25.43,13.68,14.48,12.06,14.94,24.64,33.04,20.4,33.41,31.16,13.0,17.74,14.78,25.77,21.12,15.52,22.26,16.75,12.23,29.95,22.28,19.83,31.82,18.79,29.66,54.11,17.36,18.22,15.05,51.39,16.52,25.66,22.69,27.83,13.04,14.3,14.09,16.46,24.09,25.1,78.33,24.56,35.83,22.2,14.41,20.32,21.28,29.92,15.76,37.88,14.99,24.0
2025-06-26,16.24,15.1,18.79,32.12,31.13,29.97,46.19,27.14,15.0,20.2,33.47,20.68,29.14,13.82,20.19,14.44,20.75,7.65,12.52,18.8,18.07,16.39,18.41,24.47,30.13,22.82,26.94,16.81,18.13,20.31,17.78,19.21,15.36,13.63,17.19,22.88,16.68,23.97,30.45,24.92,29.54,24.91,25.98,19.15,16.73,12.66,17.95,50.61,14.55,25.91,13.17,14.36,12.06,13.63,24.31,32.39,18.91,31.97,30.3,12.95,17.47,14.74,25.79,21.84,15.53,22.64,15.54,10.44,30.44,22.4,20.13,29.12,17.08,28.37,53.47,16.43,17.84,14.24,51.35,16.52,25.09,22.47,26.15,12.3,14.27,13.8,16.45,22.65,25.11,74.23,21.76,36.43,22.18,14.51,19.29,21.2,29.29,15.64,37.74,14.96,24.38
2025-06-27,16.24,16.63,18.68,32.07,31.19,29.98,45.39,27.23,14.78,21.76,33.45,21.3,35.22,14.1,20.91,14.39,20.85,6.26,12.07,18.46,17.75,16.87,18.1,24.24,29.94,22.83,27.18,16.66,17.51,19.69,18.03,19.99,14.85,12.33,16.35,25.27,14.7,24.25,30.15,26.65,28.82,25.95,27.7,18.08,17.36,12.83,17.56,50.39,14.59,25.84,13.08,14.26,12.59,12.99,26.06,32.08,19.25,31.92,30.49,15.51,17.38,14.81,25.79,21.89,15.51,21.54,14.27,9.97,31.04,21.81,20.23,56.38,17.42,28.29,54.18,18.06,16.41,14.69,63.1,16.5,24.82,22.26,25.63,12.17,12.53,13.66,16.43,22.88,25.82,74.11,21.77,36.88,23.04,14.15,19.01,20.61,29.45,15.58,37.8,15.65,23.84
2025-06-30,18.06,17.56,19.42,33.19,31.88,28.7,45.82,26.49,15.79,23.5,34.77,21.62,35.51,14.8,22.07,14.79,19.77,6.56,12.03,18.71,17.34,19.27,18.22,24.25,30.59,20.32,24.91,16.86,17.05,19.5,18.44,20.56,15.5,10.66,16.4,25.42,14.66,25.04,28.87,25.72,28.71,26.68,28.85,18.63,17.94,14.3,17.94,49.77,15.42,27.23,12.52,14.61,12.57,13.65,25.97,32.2,19.86,27.44,31.82,15.65,17.28,15.01,26.4,22.09,14.33,22.05,14.55,10.23,30.11,20.92,18.23,57.64,17.76,24.19,55.98,18.35,16.42,14.13,60.67,16.06,23.68,22.37,24.57,13.05,12.3,13.28,19.19,23.58,26.1,75.37,21.43,33.74,22.44,14.79,18.86,21.29,30.72,17.1,38.73,14.97,25.01
2025-07-01,18.06,18.94,18.93,32.78,31.62,28.0,48.42,29.52,16.1,22.91,37.6,21.22,34.61,15.17,21.95,14.42,21.59,6.83,12.2,18.41,16.91,19.37,18.62,23.71,30.8,19.82,24.32,16.72,16.71,19.63,17.97,20.78,15.41,10.69,16.41,26.61,14.49,27.3,33.11,25.19,34.04,26.04,28.15,18.49,18.51,16.16,18.64,48.72,15.63,26.73,14.27,14.27,13.12,14.37,25.44,31.51,22.12,27.24,31.11,16.95,18.49,15.59,28.09,21.75,14.21,24.09,14.23,11.2,31.45,27.07,22.48,56.82,18.25,26.99,54.73,19.63,19.23,14.73,61.06,18.06,23.12,22.49,26.24,12.75,12.07,14.97,18.76,26.55,25.92,75.52,21.03,33.46,26.35,16.26,21.59,22.5,29.95,17.04,38.03,14.7,24.65
2025-07-02,19.34,18.92,19.82,32.73,32.4,29.34,47.68,30.42,16.37,22.94,37.1,21.29,34.11,15.23,22.07,14.8,21.24,6.79,13.62,18.41,16.57,19.03,19.2,23.91,31.52,18.65,24.02,16.9,23.31,20.1,19.66,20.7,15.59,11.93,16.35,27.15,13.84,27.9,32.13,24.86,30.57,25.88,27.86,18.17,18.56,15.93,18.99,51.78,15.13,26.8,14.29,14.26,13.63,14.11,25.18,31.51,22.29,27.24,31.07,17.07,18.65,15.7,26.11,21.07,15.62,23.81,14.48,11.34,29.92,27.07,22.61,57.63,18.26,27.6,56.03,19.65,19.41,14.29,61.18,17.66,23.53,22.43,26.44,12.66,12.97,15.23,20.14,26.03,26.53,77.86,21.88,33.3,34.03,15.29,21.63,23.12,29.95,17.0,38.06,14.28,24.96
2025-07-03,19.28,19.16,19.83,32.89,31.15,28.53,47.61,30.43,16.44,23.18,36.12,21.3,34.55,14.96,21.56,14.96,21.29,7.19,13.89,19.2,16.6,18.31,18.33,23.31,31.59,18.85,24.03,17.88,23.55,19.83,19.37,20.27,15.65,11.85,16.42,27.15,13.82,28.0,32.64,24.84,29.36,25.0,26.93,18.18,17.95,15.91,19.36,51.78,15.4,26.94,14.12,14.58,13.16,13.22,25.16,31.47,21.81,27.33,31.51,17.06,18.73,14.14,25.94,21.0,15.81,24.74,14.49,12.16,27.84,27.09,22.71,57.72,21.74,26.65,56.3,19.9,19.18,14.23,61.4,18.79,23.29,22.51,26.1,12.62,12.91,14.97,20.15,25.97,27.0,77.8,21.41,32.9,33.74,15.11,22.39,22.72,30.36,16.88,30.73,14.57,25.05
2025-07-07,20.24,19.91,20.7,34.43,32.4,29.92,50.0,32.41,15.98,22.74,31.51,22.51,36.04,14.62,22.75,16.17,22.04,7.46,14.02,20.57,18.83,19.22,19.39,22.05,31.41,14.16,22.62,17.81,24.96,18.26,20.26,21.22,15.93,12.03,18.3,29.95,14.17,28.84,34.75,24.92,29.42,25.13,26.77,20.53,19.23,16.64,20.36,55.04,16.12,28.7,14.31,14.98,13.55,14.0,25.85,33.33,23.27,28.93,32.99,17.83,19.35,14.08,24.3,21.77,15.47,24.7,14.16,12.81,29.36,26.81,23.06,60.68,22.79,27.43,60.41,21.06,19.54,12.95,52.45,20.25,26.57,23.64,24.75,12.89,12.16,15.97,18.38,28.49,28.2,61.59,23.18,35.78,34.46,15.44,25.43,21.88,31.67,17.63,22.63,14.56,24.73
2025-07-08,19.71,19.83,20.17,33.78,32.28,29.59,48.93,31.89,15.56,23.35,31.09,23.18,35.09,19.05,23.21,15.85,22.01,7.28,13.65,22.57,18.34,19.42,19.52,21.65,32.53,13.91,22.65,17.54,24.3,21.94,19.73,20.71,16.4,12.17,17.86,29.43,13.84,28.13,33.87,24.37,28.64,24.99,26.58,22.18,18.71,16.2,20.23,58.32,15.74,28.25,13.98,20.01,13.76,13.64,25.25,32.71,22.74,28.39,32.12,17.41,19.28,14.17,23.66,21.5,15.85,23.77,16.0,12.6,30.8,28.6,22.92,61.19,22.58,26.77,58.83,20.52,19.41,13.72,51.05,20.91,25.94,23.26,24.43,12.99,12.04,16.06,17.98,28.27,27.51,60.14,22.81,34.83,33.84,15.05,25.22,21.42,30.86,17.35,22.51,16.54,25.54
2025-07-09,19.06,19.85,20.16,34.35,32.95,29.4,46.9,31.9,15.59,23.23,31.08,23.1,35.35,19.25,22.84,16.04,22.09,7.27,13.74,22.49,18.85,19.44,19.98,21.67,33.08,13.68,22.75,17.66,24.4,22.04,19.68,19.95,16.42,12.41,17.4,29.69,14.1,28.02,33.48,25.31,28.6,24.8,26.43,22.19,18.88,16.01,20.07,58.34,16.37,19.63,14.01,20.02,14.03,13.66,25.52,32.71,22.79,27.94,32.09,17.45,20.58,14.24,24.08,21.43,19.41,25.54,15.97,13.18,31.44,29.11,22.4,60.83,22.77,27.09,58.91,20.62,17.78,13.47,50.48,20.82,21.91,23.01,24.22,12.98,12.23,16.11,17.91,28.48,25.59,58.07,20.12,34.96,34.36,15.09,25.05,21.79,30.97,17.67,22.51,16.57,25.68
2025-07-10,19.05,21.38,20.1,35.1,32.9,28.89,48.43,31.95,15.57,23.24,31.53,24.08,35.19,19.23,22.65,16.35,21.88,7.45,13.7,22.63,19.05,19.33,17.35,21.76,31.02,14.19,24.01,17.28,25.15,21.45,20.56,20.62,13.95,12.49,17.29,28.61,14.26,24.3,30.56,23.53,28.09,24.4,26.01,22.5,18.82,16.31,20.02,52.4,19.32,19.54,14.1,20.64,13.75,13.4,20.38,32.66,22.99,26.61,31.85,18.18,20.44,14.19,24.09,21.48,19.74,24.2,16.08,13.19,30.22,29.15,24.22,60.29,27.42,27.07,59.09,20.44,17.47,13.7,50.56,21.41,20.25,21.84,24.15,13.1,12.73,16.12,17.4,29.4,26.27,56.67,20.13,34.72,34.59,14.77,22.6,21.73,30.66,17.59,21.65,18.03,24.93
2025-07-11,17.42,21.69,20.22,35.83,33.41,28.66,47.61,32.53,15.94,22.1,29.99,25.27,34.97,19.05,22.55,16.51,24.75,7.45,13.65,22.88,19.39,19.67,17.33,21.85,29.98,13.83,25.1,16.89,24.27,21.37,20.78,20.35,14.78,12.72,17.33,28.11,14.12,24.11,28.38,28.53,27.53,24.83,26.38,22.75,17.48,16.38,19.69,46.08,18.99,21.23,13.93,20.77,13.75,12.34,20.41,28.69,23.18,26.52,32.71,18.21,20.37,14.3,24.22,21.62,18.52,23.86,16.39,13.19,30.0,29.18,23.93,61.18,29.24,26.55,59.87,19.77,17.61,13.94,49.84,19.71,20.56,20.43,18.86,14.04,13.09,16.36,19.13,29.52,24.7,56.89,19.11,35.17,34.09,15.07,22.89,19.97,31.29,17.63,21.25,17.27,24.27
2025-07-14,17.62,22.14,20.36,36.42,29.26,27.04,46.1,32.67,15.74,22.47,27.9,21.16,28.78,18.75,19.47,14.07,24.72,6.43,13.79,20.4,18.48,16.31,18.73,17.76,29.53,13.99,22.95,15.45,23.7,24.06,20.82,23.3,14.69,12.74,17.06,29.12,13.84,23.35,28.76,28.65,26.98,25.11,26.71,21.28,15.09,16.52,19.47,45.42,18.78,21.02,13.9,20.39,13.79,12.04,20.81,24.59,21.22,26.85,29.18,18.73,18.91,13.54,23.99,19.54,19.17,23.7,14.59,12.4,36.18,29.57,24.85,60.57,30.99,25.38,36.48,18.78,17.24,14.53,53.52,20.26,20.28,18.06,19.4,13.35,13.15,15.89,19.96,29.31,25.13,57.52,16.66,35.22,33.38,15.26,23.64,16.86,26.54,17.62,17.79,18.1,24.46
2025-07-15,17.15,23.62,19.84,35.57,28.52,26.34,48.25,32.28,16.18,21.87,27.59,24.67,28.22,20.02,20.27,27.63,24.79,6.27,14.06,22.37,18.3,16.07,20.69,20.76,29.28,14.39,22.54,15.71,23.11,23.61,20.47,24.27,14.67,12.69,16.81,28.97,14.78,22.76,28.0,29.65,26.9,24.44,26.0,22.29,18.95,16.92,19.03,45.03,18.56,20.69,14.03,20.31,13.43,13.35,23.54,24.03,24.1,26.31,28.44,18.43,19.09,13.43,24.17,19.65,18.81,25.09,16.25,12.1,35.44,28.83,24.22,59.13,30.19,27.19,36.29,19.03,20.14,14.24,52.18,19.73,19.74,17.68,19.23,14.03,12.86,16.65,19.46,29.42,24.68,56.35,16.96,35.32,33.99,15.42,23.11,20.55,26.06,17.28,28.51,17.7,24.05
2025-07-16,17.04,25.05,19.49,35.86,26.39,26.5,41.45,33.25,17.55,21.89,27.54,23.71,28.34,20.0,20.05,29.58,24.65,6.93,13.89,22.48,18.72,16.15,20.92,19.51,28.71,15.38,21.14,13.97,22.99,23.73,17.69,24.27,14.14,11.91,15.17,28.97,13.68,22.65,27.7,29.63,26.78,24.19,25.84,21.47,18.96,16.93,18.16,44.55,17.38,20.09,25.18,19.52,13.25,13.33,24.86,19.14,24.18,22.89,28.31,17.13,19.42,13.36,22.4,18.92,18.96,25.38,17.16,11.97,34.89,28.39,24.22,58.95,29.78,27.0,35.97,19.36,20.02,14.46,51.34,20.19,19.04,17.9,19.2,12.86,11.47,16.83,19.34,29.46,24.67,57.68,16.54,35.87,33.89,15.35,22.74,20.6,26.09,16.89,28.6,17.71,24.13
2025-07-17,16.29,22.69,36.8,36.33,21.58,26.3,41.58,32.47,17.59,21.71,27.28,23.69,27.88,21.02,19.21,29.31,23.25,7.21,13.32,23.47,17.29,15.19,20.25,17.42,29.17,15.33,21.32,14.48,22.94,23.02,18.52,22.58,15.06,11.77,16.46,28.06,13.66,24.61,27.8,28.32,25.27,24.12,25.79,21.41,18.24,16.24,18.09,44.54,17.52,19.65,24.46,19.76,14.2,12.68,27.09,16.66,23.23,22.46,28.3,16.37,22.06,10.91,22.27,16.71,19.65,22.39,16.85,12.25,36.02,26.56,24.95,57.15,29.85,26.59,36.04,30.65,19.01,14.54,50.48,21.77,18.55,17.53,17.87,14.45,11.09,16.85,19.06,26.39,19.71,55.95,16.03,35.83,34.09,15.0,22.19,20.57,25.95,16.24,28.29,17.72,23.64
2025-07-18,16.3,23.14,38.34,36.0,21.25,26.56,42.89,32.8,17.71,21.33,28.01,25.36,27.4,20.25,19.07,29.4,23.69,6.89,13.24,23.51,18.47,15.18,20.1,17.01,28.83,15.34,21.23,14.5,23.87,23.21,18.44,24.11,15.28,11.96,16.6,28.24,13.03,24.66,27.74,28.39,25.12,22.9,25.32,21.04,18.08,16.7,18.74,43.44,16.92,19.6,23.88,19.21,14.58,12.85,27.51,15.12,23.09,22.43,19.91,16.54,22.06,10.6,22.29,22.59,19.36,23.23,16.01,12.46,35.9,26.59,31.57,57.1,28.91,26.96,36.85,31.46,18.99,14.55,50.54,21.73,19.18,16.09,17.82,17.01,11.26,16.84,19.05,28.26,19.7,56.71,16.1,35.14,34.53,15.57,22.15,20.4,18.47,16.21,26.77,17.43,26.57
2025-07-21,14.79,24.73,38.38,25.89,21.38,24.98,43.05,32.81,17.63,20.72,28.06,26.07,27.53,20.07,19.3,29.67,24.26,6.56,13.26,24.18,19.24,15.06,20.46,17.94,28.62,15.14,21.18,14.4,23.87,23.0,18.45,23.96,15.69,12.36,17.19,27.97,13.59,24.53,28.5,28.34,25.17,19.08,20.11,21.22,18.4,16.95,18.56,42.59,17.47,19.7,23.56,19.27,14.44,13.14,25.86,15.2,23.05,20.72,19.4,16.36,19.93,10.45,21.32,22.54,20.16,23.4,16.13,12.07,35.36,26.57,32.27,57.2,28.69,26.51,34.99,31.93,19.27,14.27,50.3,22.0,20.36,16.05,18.12,16.51,11.25,16.88,19.97,29.47,21.21,56.73,16.76,35.15,34.2,15.62,22.18,20.38,18.36,21.7,26.86,17.14,25.92
2025-07-22,14.58,24.48,37.74,25.86,21.5,27.24,42.83,33.79,19.01,20.66,30.83,25.53,27.09,19.61,19.4,28.92,25.6,6.41,13.29,23.66,19.12,16.85,20.06,17.52,29.06,14.85,20.71,14.11,23.34,22.44,19.45,23.71,15.3,12.2,16.83,28.7,13.26,24.84,30.72,28.27,39.57,18.6,19.6,21.15,18.87,16.55,18.44,41.56,17.08,19.55,23.69,18.79,14.27,12.82,26.02,41.97,24.02,25.83,19.0,16.32,20.38,12.24,21.31,22.47,19.92,24.85,15.85,12.56,36.18,26.39,33.8,55.82,27.98,28.47,35.77,32.35,22.36,15.91,49.67,37.17,20.07,16.78,23.65,16.69,11.32,16.75,18.71,34.21,20.68,55.4,16.36,34.27,33.68,16.0,22.99,19.94,17.9,20.44,27.33,16.73,25.4
2025-07-23,14.65,25.02,37.72,22.93,21.25,27.05,43.19,24.99,18.58,20.35,30.97,25.96,27.63,18.95,19.75,29.15,26.4,6.66,13.55,24.03,19.87,16.51,20.57,17.07,27.76,11.4,20.92,13.28,23.91,22.44,20.05,27.95,16.03,12.18,17.3,29.27,24.44,22.66,54.42,28.19,48.82,17.94,19.43,22.2,18.22,16.42,15.23,41.62,17.54,20.07,23.64,19.28,13.76,12.72,27.57,42.89,22.49,25.83,18.25,16.31,20.68,11.96,20.2,21.01,19.55,26.26,16.29,11.29,36.3,34.79,33.19,55.84,27.82,28.87,35.89,32.42,22.48,15.25,50.73,36.84,20.06,23.2,23.78,16.2,11.06,16.43,18.39,44.94,19.09,47.68,53.11,35.11,35.06,15.4,24.03,19.2,17.48,19.89,26.98,15.37,24.31
2025-07-24,14.4,24.85,35.11,22.11,21.11,22.19,38.35,24.71,18.36,20.05,28.9,24.0,28.2,18.87,18.71,28.89,26.42,6.74,12.86,24.1,19.48,16.44,20.28,21.05,25.94,11.51,18.23,13.22,28.39,21.14,20.06,29.13,16.01,12.17,17.37,29.39,24.7,23.28,54.65,27.96,49.22,17.91,19.45,21.18,18.42,28.39,30.16,38.51,17.53,20.99,23.65,19.14,13.51,12.58,27.52,42.31,23.05,21.41,15.64,16.85,20.67,11.94,19.07,20.68,19.25,26.26,15.77,11.41,32.22,34.94,32.2,56.71,30.89,28.38,34.01,32.57,22.25,15.27,50.29,37.28,19.54,20.8,25.08,16.44,11.13,16.5,18.49,45.07,26.8,55.4,52.31,23.75,38.07,22.25,24.33,19.19,15.77,19.87,26.73,15.79,21.84
2025-07-25,14.38,24.89,35.33,21.33,20.4,22.18,37.66,24.94,17.38,20.04,28.9,24.29,27.53,18.85,18.78,28.75,26.57,6.74,12.17,23.79,19.12,16.51,26.39,21.02,26.05,10.75,17.79,13.28,31.13,21.34,19.42,28.85,16.0,11.65,17.02,27.76,24.41,23.52,54.37,28.58,48.93,17.02,18.53,21.27,18.47,28.03,30.15,49.24,17.56,21.89,24.01,19.02,13.24,12.37,27.01,42.35,23.09,21.63,14.91,15.57,19.58,11.87,19.01,20.51,18.42,26.04,15.26,11.45,32.23,34.51,32.22,56.27,32.15,25.53,32.57,31.28,23.77,15.01,50.77,36.54,19.58,20.72,25.1,16.44,10.8,15.49,17.93,44.98,27.64,55.59,52.3,23.68,38.23,23.31,24.01,19.18,14.47,19.28,26.55,15.92,21.89
2025-07-28,14.6,23.97,35.02,22.81,20.81,24.23,40.42,26.27,19.64,16.86,29.15,23.77,20.95,18.74,17.1,29.17,28.12,6.92,12.56,24.15,18.02,17.53,26.67,21.28,26.46,10.89,17.48,13.59,29.82,21.7,20.23,29.64,15.34,13.99,16.25,26.08,24.5,23.97,55.6,29.59,49.79,16.06,16.68,20.6,18.37,27.5,31.5,49.93,17.56,20.2,25.29,18.65,13.78,13.09,26.08,43.42,23.88,22.77,14.78,14.43,20.87,13.05,17.08,19.66,20.12,26.54,14.83,11.28,33.08,35.38,30.67,32.17,33.28,26.26,32.62,32.12,25.45,15.31,35.46,37.17,20.29,21.19,25.84,16.69,11.96,15.23,19.09,45.74,29.16,58.03,54.39,21.93,38.18,24.43,25.35,18.91,14.82,20.81,27.64,14.93,21.97
2025-07-29,15.29,23.76,34.57,22.5,20.37,23.96,39.62,25.63,24.64,16.77,28.49,23.27,26.67,18.43,17.51,28.43,27.9,7.02,12.76,24.3,18.12,17.19,26.81,20.75,25.88,10.67,17.39,13.25,29.41,21.15,19.77,29.56,14.99,14.67,17.07,28.29,23.88,23.45,55.47,29.03,49.56,16.14,16.83,20.33,17.91,27.26,30.71,48.75,17.34,19.97,24.76,18.31,15.17,13.08,32.74,42.33,23.54,22.21,14.9,14.5,20.35,12.74,18.57,19.17,19.97,26.8,14.62,11.0,32.51,34.6,29.89,31.86,32.6,25.97,31.8,31.6,24.81,14.99,35.24,38.54,19.87,20.68,25.36,16.34,11.96,15.77,18.74,44.86,28.45,56.76,53.29,25.24,44.99,25.19,45.98,18.44,15.11,20.45,27.05,14.77,21.81
2025-07-30,14.47,23.41,34.28,22.44,21.05,23.98,38.7,25.91,25.71,15.39,28.08,23.73,24.98,18.39,16.41,28.61,28.7,6.4,12.75,24.46,18.13,15.0,26.46,20.68,26.43,10.46,17.64,12.79,32.86,22.92,19.75,29.94,14.04,14.61,17.86,32.71,24.24,23.48,56.09,29.05,49.39,15.76,15.61,18.81,18.53,26.41,29.65,48.67,16.75,18.84,24.98,18.26,15.25,13.1,32.68,42.02,23.75,22.21,13.33,14.5,31.67,12.87,18.38,22.59,23.31,27.16,14.92,10.99,33.96,34.1,29.98,32.47,32.87,26.52,29.78,31.83,25.8,17.05,33.22,38.33,20.97,20.64,25.29,15.97,11.72,16.94,15.13,45.01,28.31,56.43,53.28,24.22,45.57,25.3,47.62,18.53,13.63,18.96,27.29,14.92,21.36
2025-07-31,14.04,21.96,34.68,22.76,20.75,29.99,35.35,23.7,24.86,16.18,26.15,23.52,26.05,18.04,17.34,28.83,33.74,6.1,12.59,26.1,18.16,15.57,26.96,20.31,25.9,11.84,19.41,12.76,32.56,23.03,22.65,31.72,14.03,14.75,17.52,30.69,24.21,20.06,52.44,30.05,46.18,18.47,18.44,19.19,17.98,24.54,30.54,48.4,19.23,22.47,25.12,18.82,14.79,12.37,33.84,42.0,22.15,27.04,14.01,13.96,30.47,12.97,40.94,23.21,23.03,29.23,16.25,16.17,37.28,28.85,28.69,32.24,34.58,23.66,29.8,33.63,23.76,16.99,28.2,38.04,34.86,20.05,25.65,16.47,11.83,15.69,15.14,44.54,28.29,54.32,54.7,24.0,45.45,24.06,45.19,17.24,14.57,18.7,27.13,14.89,20.98
2025-08-01,14.24,24.66,34.61,26.36,19.49,27.27,37.74,22.56,25.86,34.9,26.69,23.47,25.9,20.9,18.62,28.88,34.81,7.0,11.0,27.38,19.74,15.29,27.65,22.82,26.16,13.04,21.49,13.44,29.49,22.44,26.54,31.59,15.59,13.8,19.56,30.87,24.25,18.91,52.59,30.15,46.32,19.09,19.01,19.93,18.91,25.19,30.54,47.06,19.48,22.44,25.45,20.58,15.56,12.33,35.55,42.02,22.48,26.61,14.48,13.79,30.31,13.34,42.47,25.59,22.47,29.66,17.68,17.74,38.9,28.98,28.73,28.95,35.87,24.93,29.49,33.66,23.57,17.02,30.71,38.0,34.3,20.29,26.84,18.79,10.81,16.59,14.44,44.68,27.71,51.87,52.98,24.13,44.27,23.98,44.75,16.65,15.65,18.72,29.42,14.81,21.19
2025-08-04,14.22,24.63,35.48,26.81,20.77,27.86,37.89,23.27,25.94,34.63,27.85,23.87,25.24,20.89,19.71,29.62,36.0,6.87,14.25,26.44,19.84,15.01,27.54,23.34,26.03,13.16,21.16,14.01,29.35,22.47,27.49,31.56,17.65,14.07,19.08,30.59,24.22,20.17,52.45,30.39,46.33,21.33,21.36,21.19,19.99,25.82,29.99,45.86,19.62,22.09,26.23,20.41,15.36,13.96,35.7,42.17,25.03,27.7,15.0,13.78,30.28,13.38,43.89,27.16,22.36,29.22,18.38,18.4,40.51,28.6,28.8,28.98,33.45,27.0,29.65,33.5,23.55,17.07,32.67,37.31,34.27,20.22,29.68,19.41,11.2,18.07,14.43,44.7,27.85,52.52,53.25,24.16,44.86,24.6,45.11,16.82,15.15,18.72,28.72,15.07,21.92
2025-08-05,13.87,24.09,34.71,29.23,20.34,27.88,38.0,22.82,25.63,34.06,28.01,23.3,24.86,20.41,19.24,29.01,35.34,6.77,14.65,25.94,19.39,14.65,26.9,22.93,25.45,13.36,21.33,14.43,31.05,22.32,26.84,30.97,17.38,13.8,19.34,31.25,23.63,20.86,52.3,30.36,45.23,20.92,20.93,20.83,19.85,25.26,29.28,46.91,20.35,21.71,25.69,20.18,15.02,13.78,34.86,41.46,24.88,27.68,14.82,15.01,30.02,13.06,43.39,27.09,21.99,28.81,18.03,18.98,39.99,28.17,28.56,28.33,32.97,26.86,29.11,32.7,29.4,16.66,39.13,36.62,33.45,20.04,29.07,19.22,12.71,20.88,14.14,43.64,27.34,51.25,52.5,24.02,47.25,24.12,45.19,16.57,15.3,18.41,28.17,14.75,21.39
2025-08-06,21.6,24.25,34.68,29.43,22.05,27.89,44.84,28.49,25.59,36.82,29.3,22.91,24.57,20.4,18.91,29.04,36.0,8.17,14.49,25.52,19.27,16.28,26.73,22.69,25.1,16.26,21.59,16.75,30.91,22.17,25.94,31.1,19.27,13.97,25.25,31.05,23.61,20.85,52.22,31.1,44.67,19.68,19.83,19.93,19.35,25.3,29.49,46.79,20.84,21.28,25.56,19.64,15.22,13.14,35.76,41.52,24.17,27.7,14.72,17.82,30.01,12.77,43.46,27.06,21.97,29.37,18.18,19.11,39.71,27.86,30.53,28.83,33.31,26.53,27.74,32.68,31.38,17.76,39.19,36.89,32.61,20.17,29.25,18.91,12.72,20.9,14.48,44.89,26.97,46.36,52.56,20.75,47.36,24.56,44.4,16.57,15.58,17.59,27.85,19.73,21.29
2025-08-07,23.95,24.33,34.82,29.12,21.86,28.58,47.38,28.0,25.65,36.25,28.93,22.37,24.74,18.01,19.04,29.18,36.01,8.18,15.37,24.33,21.62,16.08,25.98,24.28,22.03,16.49,22.92,16.96,30.87,17.83,26.0,31.62,19.96,13.4,25.31,30.51,23.81,20.6,53.75,31.03,44.71,18.62,18.75,18.83,19.37,25.36,29.49,39.84,22.24,21.11,25.56,17.03,15.51,13.23,62.16,41.44,23.99,29.41,15.42,17.57,30.15,14.12,43.82,26.78,21.41,29.59,17.1,19.36,38.71,27.86,30.48,26.73,35.56,26.47,29.73,33.36,31.23,17.1,39.11,36.62,32.36,19.89,29.97,18.94,12.68,20.77,16.16,44.73,27.3,46.26,52.08,24.83,46.72,24.68,43.86,16.64,17.04,18.11,27.81,17.75,18.6
2025-08-08,27.41,24.41,35.28,28.93,21.37,28.84,47.41,28.41,25.97,35.94,28.29,22.72,21.66,19.98,18.95,29.1,36.01,8.25,15.68,24.74,20.79,16.09,25.99,24.33,22.23,16.49,22.91,18.88,32.71,18.28,26.12,31.83,19.83,13.62,25.09,30.99,23.63,20.49,53.76,40.76,44.79,19.47,19.7,18.81,19.22,25.39,30.61,40.26,22.35,21.08,25.64,17.13,15.02,13.38,61.92,41.53,24.06,30.72,17.2,17.9,29.69,15.16,43.61,26.53,17.91,27.83,17.92,18.92,44.31,27.26,31.8,26.69,35.6,26.18,29.72,33.32,31.75,17.1,39.17,36.92,32.76,20.02,30.29,19.19,12.86,20.97,15.97,44.4,26.72,46.55,52.26,27.01,48.19,24.66,43.95,17.99,17.54,17.72,28.11,17.67,18.99
2025-08-11,28.25,22.09,36.74,28.06,21.89,28.96,47.38,28.32,26.55,36.61,28.58,20.44,22.7,20.43,19.06,29.46,34.26,8.23,16.01,25.03,21.8,15.97,26.54,24.39,22.53,16.5,23.59,19.46,32.92,18.71,25.56,31.59,19.62,13.45,25.54,31.68,23.89,20.8,55.03,38.21,45.83,19.88,20.13,18.23,19.29,26.03,31.86,42.87,29.22,20.3,26.0,16.4,15.45,13.72,63.69,42.35,23.68,31.12,15.12,17.37,30.24,15.47,44.24,27.23,18.0,28.46,17.93,19.29,47.35,27.46,31.15,25.08,32.66,26.98,29.38,33.9,32.3,17.46,41.3,37.22,33.53,20.54,31.05,19.14,12.09,21.1,13.42,44.77,26.61,46.02,52.87,28.01,48.91,25.33,44.62,18.12,16.42,17.71,28.55,15.65,18.77
2025-08-12,27.62,21.57,35.87,27.43,22.24,29.52,46.31,27.64,25.95,35.73,29.06,21.92,24.26,22.25,19.91,30.12,33.78,8.05,16.25,26.98,21.53,15.86,27.45,27.81,22.38,16.11,23.02,19.19,32.27,18.41,24.95,32.52,19.67,13.73,25.17,32.33,23.38,20.72,53.71,37.39,44.73,19.56,19.77,20.84,19.94,25.51,31.1,46.6,28.86,20.66,25.64,16.42,15.08,13.54,62.43,41.72,23.83,32.19,14.76,17.27,29.52,15.38,44.2,27.15,17.57,27.83,19.13,19.29,47.49,26.9,30.49,24.75,31.87,26.33,28.67,33.28,31.57,17.04,40.48,36.41,35.57,20.05,31.0,18.86,12.07,22.02,13.53,44.78,26.16,44.92,55.16,27.81,50.07,24.72,44.1,20.3,16.09,17.28,29.32,15.49,18.47
2025-08-13,27.3,21.82,36.11,30.57,25.7,29.73,48.55,28.11,25.43,36.05,29.69,22.34,23.69,22.22,19.56,30.04,34.92,8.08,17.04,27.48,21.53,16.83,28.28,27.75,22.22,16.35,24.63,19.91,32.2,16.64,25.29,30.39,21.79,13.94,25.84,32.21,23.47,23.88,55.27,36.85,45.53,19.87,20.18,20.57,21.59,25.74,32.69,47.17,28.7,20.67,25.64,16.57,14.99,13.63,63.8,42.5,27.16,31.41,14.8,17.55,29.86,15.56,44.57,27.24,18.18,29.75,18.8,20.3,45.32,26.8,30.54,26.46,30.78,26.51,32.07,33.56,32.23,15.35,39.33,36.57,35.47,19.46,30.66,22.22,12.38,22.81,13.54,43.92,26.38,44.93,55.22,27.52,52.31,25.86,44.36,21.35,17.04,17.5,29.62,18.05,19.08
2025-08-14,27.41,20.9,36.11,30.54,25.69,29.49,45.9,27.69,25.22,37.31,29.28,19.59,23.68,21.28,19.21,20.35,34.21,7.96,16.42,25.07,21.65,17.86,27.13,27.09,21.32,15.69,24.9,20.44,32.27,16.55,34.72,28.78,21.66,14.41,25.89,31.86,23.01,23.74,55.69,35.54,45.47,19.85,20.16,19.65,19.12,25.62,32.7,52.96,28.61,20.77,25.08,16.82,15.68,12.01,64.76,42.59,24.26,31.17,14.83,17.77,29.81,15.87,44.1,28.2,18.24,28.34,17.73,20.26,45.23,26.79,31.57,26.77,30.95,23.43,31.15,33.16,30.53,15.63,40.22,36.53,35.59,19.46,30.74,22.79,12.58,21.96,13.71,43.19,26.04,44.53,55.28,26.99,51.53,25.8,44.48,18.73,17.03,17.33,23.81,17.96,18.94
2025-08-15,27.62,20.02,36.71,30.03,26.48,58.27,46.06,27.6,24.54,36.93,30.06,19.66,23.84,22.08,19.25,19.48,34.08,8.59,16.5,25.88,22.2,17.93,27.75,28.53,20.91,14.51,28.74,25.92,33.32,16.58,35.41,28.77,21.58,15.5,26.48,32.24,23.15,23.81,55.8,35.66,45.45,19.84,20.16,21.26,19.06,25.38,33.29,53.55,28.69,21.0,16.14,17.41,15.76,11.99,64.82,42.55,24.57,41.0,14.78,17.73,29.76,16.14,43.78,29.59,18.24,28.69,19.62,20.36,45.67,30.73,31.58,26.82,31.61,23.75,30.19,33.17,30.53,15.53,41.43,36.21,35.59,19.44,32.07,23.71,12.26,21.88,13.58,43.02,26.27,43.53,55.36,26.76,64.89,25.79,44.46,19.98,16.78,17.97,25.37,18.27,19.01
2025-08-18,28.36,19.86,18.18,30.58,26.82,60.06,46.45,28.34,25.04,37.71,29.88,18.03,24.65,22.47,20.31,18.71,33.97,7.57,16.87,23.97,22.4,18.54,28.19,28.87,21.08,14.94,29.06,26.38,33.09,16.68,35.9,28.02,21.1,16.0,24.34,32.93,23.64,22.68,57.02,36.17,46.58,20.5,20.76,21.68,20.35,25.73,33.21,56.52,29.26,21.11,15.86,17.13,14.77,12.19,65.28,43.64,25.45,42.02,14.89,17.58,27.17,16.52,45.86,27.23,17.14,28.08,19.28,20.58,45.99,31.26,25.61,27.08,34.21,24.21,28.69,23.05,31.24,15.59,42.93,36.57,36.03,19.77,32.98,21.31,13.05,22.49,13.79,42.52,26.52,43.41,56.69,27.8,65.85,25.69,45.89,19.83,17.31,17.87,26.08,18.57,15.02
2025-08-19,27.75,19.49,17.82,31.83,26.47,58.61,49.87,27.88,25.54,37.21,32.11,17.63,26.53,21.95,20.16,18.46,33.16,7.57,17.1,23.48,22.04,19.34,27.98,28.27,20.61,14.58,28.63,25.76,32.33,18.08,35.05,27.58,20.59,16.73,23.77,33.09,23.18,22.4,57.24,35.33,45.64,20.51,20.81,21.74,21.82,25.18,32.86,59.54,29.39,20.6,15.58,16.75,15.26,11.91,63.83,42.61,25.34,41.34,14.53,17.25,27.28,19.72,45.55,26.78,16.74,27.47,18.95,20.71,45.2,30.71,26.56,26.65,33.4,26.94,34.68,23.08,30.63,16.25,54.76,36.11,35.69,19.82,32.71,20.85,13.69,22.24,13.47,41.77,25.97,42.82,55.5,27.45,64.55,25.77,45.36,19.36,16.89,17.67,25.47,18.15,14.83
2025-08-20,28.89,17.16,17.92,31.79,27.28,58.24,50.0,27.87,25.95,37.42,32.0,16.85,26.56,22.0,20.44,18.08,32.74,7.63,17.21,23.37,22.21,19.35,28.07,28.03,20.72,15.05,28.67,25.78,32.21,18.22,35.07,27.22,20.77,16.42,23.7,34.3,22.96,22.4,56.93,35.32,45.71,19.31,19.72,21.7,22.59,25.23,33.13,64.93,28.71,20.7,15.59,16.85,15.47,11.44,63.81,42.8,25.38,41.34,14.89,17.16,27.63,23.2,45.5,26.77,16.73,27.29,18.9,20.89,47.37,30.74,25.64,26.05,33.5,26.84,34.64,22.99,30.42,16.37,54.75,37.0,34.49,20.73,32.87,20.8,13.73,22.36,12.93,40.57,25.21,43.17,56.29,28.16,64.82,25.89,45.38,19.4,16.84,12.48,25.65,18.4,15.2
2025-08-21,28.92,17.05,17.82,30.95,26.72,57.78,49.81,25.37,23.9,37.43,29.69,16.83,26.58,21.93,20.02,18.05,31.38,7.63,17.06,22.94,21.6,17.47,28.15,28.22,19.53,17.53,28.53,25.78,32.17,18.82,34.6,30.55,20.82,16.35,23.2,33.16,23.05,21.86,55.69,36.07,33.77,19.28,19.66,21.64,22.5,25.09,33.18,64.93,28.58,21.58,14.31,16.87,15.32,11.51,63.44,15.1,24.78,39.0,14.87,16.88,26.37,23.54,45.5,26.5,16.79,26.22,18.85,20.66,45.75,30.08,22.59,25.35,33.65,25.16,33.93,21.31,28.37,14.91,54.32,21.06,34.54,19.83,28.56,20.6,13.19,22.28,12.94,38.56,25.35,43.12,56.28,28.13,64.84,25.35,44.26,19.29,16.8,12.17,23.83,24.84,15.27
2025-08-22,29.1,16.41,17.83,32.17,28.2,58.3,49.78,25.0,24.35,38.92,29.51,19.98,26.76,23.35,19.91,18.36,30.8,7.98,16.8,23.9,24.5,17.47,28.27,31.7,19.4,18.06,28.3,25.71,32.24,18.43,34.61,30.1,21.65,15.84,24.62,36.31,9.33,21.48,30.42,34.96,22.41,21.37,21.79,23.38,25.06,26.41,33.69,67.34,32.12,21.72,14.24,16.63,15.34,11.37,62.44,13.96,26.14,39.32,15.16,16.76,26.7,24.27,45.83,27.96,16.9,24.95,20.26,20.74,45.97,20.56,22.21,26.45,34.04,24.72,33.81,21.3,28.28,14.91,53.2,21.87,35.4,11.49,28.46,20.57,12.97,22.9,15.31,27.51,27.18,47.96,27.31,28.32,64.45,25.52,44.92,24.52,17.69,13.14,23.86,25.2,15.94
2025-08-25,29.82,17.89,18.34,32.68,28.93,59.54,50.59,26.15,24.76,39.4,29.64,20.58,27.4,23.88,19.65,19.12,31.85,8.23,17.11,24.27,25.0,19.23,23.1,29.32,19.52,19.4,28.77,26.2,24.23,16.35,35.72,30.44,22.24,15.95,23.8,36.11,8.98,20.48,28.59,34.61,21.3,22.01,22.38,23.62,25.72,16.0,21.54,58.65,32.13,20.17,14.39,16.91,16.89,12.0,63.84,14.3,27.33,40.24,15.98,15.97,27.72,24.86,46.94,28.94,17.85,26.97,20.82,20.93,47.01,21.15,23.0,26.21,29.9,24.89,34.39,21.71,29.73,16.19,53.92,22.93,36.36,10.77,29.47,20.43,14.06,23.07,15.62,28.57,19.17,36.62,27.73,29.71,63.52,20.46,45.34,25.02,17.81,13.56,24.9,25.56,16.11
2025-08-26,29.19,17.46,17.95,31.91,29.21,58.58,49.86,25.61,24.59,38.48,29.21,20.67,29.36,23.82,19.18,18.67,31.1,8.24,17.19,23.83,24.41,18.8,22.81,29.07,19.6,18.93,28.41,26.41,23.67,16.13,34.87,29.82,21.71,15.57,23.64,35.3,9.01,22.12,31.26,33.84,20.85,21.71,22.11,23.47,25.22,15.93,21.78,57.5,31.64,20.33,14.78,17.08,16.51,12.02,65.98,14.76,26.82,39.9,15.68,15.64,27.18,24.27,45.82,28.27,18.09,26.36,20.46,20.46,45.88,20.85,22.51,25.74,29.51,24.49,33.58,21.44,29.19,15.8,53.23,22.47,36.0,12.67,29.13,20.29,13.72,22.51,15.45,27.95,18.75,35.9,27.12,29.29,62.31,19.98,44.27,24.52,17.57,13.46,25.09,24.94,15.76
2025-08-27,29.18,16.93,17.94,31.52,29.27,57.66,47.59,25.08,24.18,38.42,28.95,20.67,28.96,23.71,19.75,18.77,30.59,8.43,17.2,24.07,24.43,18.13,22.79,29.08,18.46,19.12,30.12,26.12,21.96,16.31,34.95,29.58,21.6,13.62,23.68,35.38,9.38,22.09,31.22,32.56,20.89,21.6,22.01,23.27,25.23,15.98,21.44,57.58,30.86,20.38,13.85,17.09,15.58,11.19,65.98,14.85,26.7,39.6,15.71,15.81,27.02,24.01,45.95,28.24,16.18,26.49,20.37,20.75,45.96,21.23,22.43,22.32,30.51,23.79,33.44,20.85,28.39,15.77,53.96,21.98,35.56,12.48,29.54,20.1,13.29,22.04,15.42,27.58,16.78,34.95,26.5,29.54,62.37,18.79,44.2,24.39,17.54,12.03,24.99,24.93,15.89
2025-08-28,28.64,16.65,17.5,31.32,29.27,57.78,47.03,24.95,19.88,38.53,30.18,20.83,24.28,23.55,19.13,18.75,30.72,8.41,16.8,23.69,24.37,18.4,21.67,29.2,18.25,19.22,30.8,26.55,22.03,16.26,34.9,28.84,21.6,13.48,23.92,33.65,9.37,22.3,30.92,32.61,18.37,21.94,22.28,23.01,25.27,15.13,21.56,57.11,30.73,20.37,13.93,17.13,14.34,10.92,63.23,14.68,26.85,39.61,15.29,15.44,26.9,23.94,44.97,28.28,16.17,26.06,20.33,20.85,47.28,22.84,22.35,21.99,34.62,23.83,34.0,20.31,29.21,15.99,53.93,19.63,35.57,12.41,29.58,20.12,13.27,21.57,15.24,27.51,16.87,34.79,26.62,25.61,55.54,17.18,23.34,24.43,17.08,12.25,25.03,24.78,15.41
2025-08-29,28.24,16.11,17.72,31.52,28.86,58.1,48.08,25.1,17.89,38.71,32.35,19.92,24.43,23.56,19.37,18.65,30.03,8.4,16.81,23.29,27.26,18.28,21.59,29.19,17.6,19.02,30.83,26.59,19.58,14.1,35.8,28.44,21.71,13.27,24.37,29.45,8.8,21.99,30.34,32.59,18.32,21.94,22.3,23.03,24.58,15.39,21.59,58.04,30.63,20.1,13.3,16.89,14.38,10.54,63.23,14.57,26.24,41.96,15.02,15.46,15.33,23.95,45.35,25.77,12.39,25.99,20.17,20.93,47.65,22.33,23.13,20.85,34.48,25.5,39.38,20.38,28.3,13.85,53.76,19.71,34.96,13.03,29.61,20.4,13.27,20.56,15.58,27.29,16.85,37.09,26.51,27.26,55.73,17.49,18.5,24.3,17.18,12.31,24.76,24.88,15.25
2025-09-02,27.02,13.07,16.93,27.39,29.4,57.62,48.32,24.63,17.76,24.85,30.72,17.81,24.16,19.21,17.88,18.7,20.44,8.05,16.9,22.19,26.83,16.91,19.2,27.51,13.42,18.27,28.92,27.57,19.75,13.32,31.02,26.63,20.86,12.9,23.72,30.32,8.8,22.13,35.77,32.4,16.22,19.4,19.83,23.25,24.17,14.22,19.95,57.01,30.57,15.73,11.15,14.52,13.11,10.13,63.24,15.32,25.52,41.24,14.36,14.98,15.51,23.52,25.08,22.92,12.59,20.6,18.45,15.03,42.3,22.73,22.3,24.03,31.53,25.63,38.12,16.05,27.68,12.82,54.3,19.67,21.12,13.15,26.05,19.15,13.35,19.29,15.83,26.86,16.63,35.29,23.41,27.95,46.65,16.77,19.36,21.69,15.35,13.18,20.98,25.58,13.84
2025-09-03,29.1,12.95,15.55,27.09,27.98,57.07,46.93,23.91,18.7,24.08,29.19,20.02,25.61,19.65,17.62,17.73,18.68,8.05,12.24,22.03,26.41,17.09,19.47,27.45,21.47,18.73,29.25,26.61,18.9,16.24,30.32,27.82,19.31,12.39,23.76,30.34,8.96,20.34,35.33,32.13,17.45,33.29,33.8,21.93,23.54,14.44,20.15,57.41,30.48,26.0,8.91,13.45,13.11,8.58,63.15,15.75,23.74,40.65,13.3,14.96,15.58,23.98,21.58,22.45,13.17,21.56,17.91,12.43,41.59,23.36,22.26,24.11,31.51,21.97,35.74,16.82,27.92,12.82,52.53,21.72,21.42,13.1,25.51,18.27,12.64,18.51,15.79,26.95,16.95,34.91,24.88,27.47,46.95,16.27,19.29,21.61,15.16,13.2,21.86,25.92,14.65
2025-09-04,28.9,12.91,15.51,21.57,28.37,57.27,46.79,24.17,18.36,27.54,28.77,20.51,25.57,19.4,17.55,17.89,19.61,8.03,12.22,22.88,26.85,17.05,19.43,28.28,21.76,18.33,33.47,26.19,16.94,15.87,30.78,27.69,19.58,12.49,25.86,29.4,8.98,21.03,38.03,31.51,17.23,33.09,33.61,23.27,23.45,14.6,20.63,56.97,30.23,28.32,8.81,13.63,13.62,8.41,63.22,16.31,23.71,41.19,12.94,13.08,14.31,24.05,21.8,23.22,13.06,21.34,18.01,11.89,43.87,23.47,22.1,24.17,31.79,22.0,35.16,17.56,22.05,12.81,44.62,22.0,21.59,12.88,25.43,18.8,11.52,15.65,16.76,27.09,16.56,35.0,29.43,27.63,45.75,16.33,18.25,21.82,14.13,13.27,22.4,26.39,14.6
2025-09-05,24.71,11.93,15.5,21.7,27.88,58.46,47.09,16.62,19.6,25.21,41.02,21.3,25.66,20.68,17.66,17.76,17.82,7.8,13.56,23.84,26.53,16.89,18.9,29.54,24.35,16.09,34.78,25.2,16.96,18.56,30.72,26.81,17.2,11.9,19.77,28.96,8.93,21.48,37.66,31.38,17.08,33.1,33.63,23.91,23.97,14.41,20.59,57.18,29.78,30.0,8.86,17.92,13.41,8.74,63.02,16.31,24.26,41.78,14.91,9.46,15.15,23.98,21.47,23.21,12.84,20.3,19.21,14.51,46.98,23.25,21.18,24.55,32.22,23.48,39.04,17.47,18.93,11.98,42.35,21.05,21.76,13.1,25.77,27.88,11.41,14.81,16.1,22.74,16.55,35.02,29.43,27.93,44.35,16.41,18.28,22.09,16.32,12.87,25.96,22.26,17.95
2025-09-08,19.25,12.9,14.5,19.58,28.84,58.52,43.0,16.97,20.69,26.21,43.14,21.78,26.04,18.82,16.8,17.72,17.84,9.35,13.11,23.46,25.62,17.79,18.17,28.57,25.09,16.41,33.33,23.13,24.63,18.57,32.15,26.77,15.72,11.88,20.07,29.38,8.57,22.16,39.66,14.47,17.42,33.67,34.19,24.38,24.52,14.19,21.27,56.82,29.72,30.73,8.6,17.45,12.87,9.37,29.52,15.87,24.84,41.04,11.88,10.04,15.11,22.7,21.22,23.3,13.67,20.87,19.0,15.01,43.43,22.04,19.87,23.53,30.24,23.53,40.27,19.97,19.04,12.62,42.01,21.01,22.15,15.4,24.55,28.61,10.86,13.83,17.88,23.38,21.89,35.7,30.37,25.21,44.87,16.97,18.95,21.87,13.61,15.38,25.89,23.66,18.15
2025-09-09,19.65,12.57,14.14,20.01,28.61,57.29,43.66,16.54,20.37,25.67,43.53,21.4,25.48,18.87,16.38,17.28,17.73,9.13,12.9,23.34,25.31,17.35,18.3,27.98,24.54,16.24,32.5,22.83,24.76,18.19,31.51,27.16,16.2,11.64,19.65,28.67,8.58,21.6,38.94,14.1,17.16,33.3,33.75,25.62,24.46,13.86,20.96,55.54,29.01,30.0,8.86,17.89,12.89,9.18,28.89,15.73,25.27,40.02,11.73,9.82,15.13,22.48,21.68,22.82,13.44,20.39,19.88,14.66,43.09,21.59,19.92,23.08,29.67,23.81,39.6,19.8,18.7,12.31,44.24,21.09,22.15,16.02,23.93,27.93,10.78,15.58,18.32,23.27,21.33,34.8,29.64,24.77,50.12,16.62,18.48,21.63,13.34,15.12,26.12,23.07,17.79
2025-09-10,22.71,12.61,13.75,24.0,27.71,57.31,44.77,16.22,20.37,28.55,53.08,21.36,25.19,19.06,17.4,17.24,17.75,9.93,13.13,23.26,24.55,17.88,18.12,27.96,26.23,17.89,33.27,22.9,25.75,18.82,31.55,27.26,17.08,12.05,19.97,28.16,8.7,23.32,44.77,13.62,17.87,33.27,33.74,25.57,24.59,14.42,18.85,54.82,22.47,32.71,9.26,18.08,12.6,9.06,28.82,16.2,25.51,40.36,12.1,12.49,15.15,23.46,22.51,22.37,10.98,20.31,20.14,14.8,42.61,22.23,20.47,23.27,29.06,27.72,114.16,19.81,18.81,13.02,45.25,21.15,22.16,17.74,24.05,28.18,10.93,15.65,18.63,23.79,20.74,33.53,28.95,25.18,50.44,16.21,18.56,21.45,14.73,15.14,26.19,23.87,17.97
2025-09-11,22.94,17.84,16.38,23.98,27.37,58.76,44.76,17.11,21.15,28.58,54.03,20.86,25.55,17.17,16.33,17.3,17.39,10.2,13.3,20.46,25.2,18.13,16.87,24.63,25.96,18.17,33.49,22.54,25.75,18.75,31.93,25.45,17.13,11.99,22.0,27.1,10.74,22.85,44.84,16.02,19.25,33.25,33.74,23.98,24.87,15.64,18.52,52.4,22.2,32.68,10.16,18.51,12.6,11.81,28.89,16.37,25.59,46.39,13.25,12.26,15.17,24.39,19.3,25.4,10.86,20.66,19.29,13.66,47.78,22.12,24.09,22.9,29.24,27.59,117.22,19.59,19.23,13.27,44.23,21.68,18.9,18.61,22.66,28.74,11.04,15.93,18.5,23.59,20.12,39.0,22.83,24.9,49.91,16.24,18.29,19.89,15.62,15.95,25.19,25.21,18.11
2025-09-12,23.08,18.09,15.85,22.6,24.26,58.65,40.52,17.9,21.24,28.41,53.65,21.36,26.03,17.04,16.52,17.54,17.47,10.01,12.9,19.96,25.2,17.33,14.94,24.68,26.23,17.77,33.17,22.79,25.76,18.78,31.41,25.77,15.14,11.38,22.38,27.13,11.13,17.75,43.36,18.63,17.66,32.96,33.39,24.18,23.23,16.11,18.34,53.01,23.1,32.65,9.88,18.17,12.82,11.82,27.65,14.48,20.96,46.34,14.12,12.28,14.49,24.24,19.15,25.12,10.54,20.86,19.32,14.35,47.47,22.07,23.75,20.86,29.54,27.53,118.0,18.61,22.56,13.41,47.15,21.24,18.0,19.1,22.06,26.68,10.54,15.35,18.43,24.65,20.1,45.26,22.92,24.83,49.46,14.56,18.0,19.31,15.06,15.63,23.98,23.6,17.71
2025-09-15,23.87,17.99,16.35,23.08,23.94,25.98,41.81,16.15,21.37,27.8,54.38,21.61,26.29,15.79,17.87,16.49,17.16,9.58,13.22,18.81,24.07,16.94,14.76,23.11,26.89,18.37,30.61,16.2,26.58,18.94,19.27,26.01,15.27,10.87,22.1,27.58,10.71,18.69,44.17,19.72,17.56,35.78,36.4,23.08,23.03,16.43,17.97,48.18,23.64,35.08,9.61,17.48,12.73,12.61,25.41,13.19,20.53,37.04,14.05,12.33,13.92,24.38,20.09,22.33,14.53,21.71,16.59,15.15,45.52,14.57,23.23,20.9,29.59,28.08,121.36,19.53,23.23,13.33,47.54,23.72,18.31,20.26,22.54,25.78,10.62,15.66,18.48,25.3,19.51,45.98,24.45,27.1,34.74,14.97,18.37,18.04,15.07,14.73,20.81,24.02,18.09
2025-09-16,23.33,17.79,16.38,22.51,24.08,25.68,40.75,15.75,21.46,27.37,53.45,21.11,25.63,15.41,18.32,16.14,16.74,9.4,12.91,18.43,23.61,16.65,14.71,22.9,27.59,18.11,30.19,15.79,25.93,19.03,18.78,25.94,14.93,12.2,27.98,27.06,10.52,19.25,43.5,19.19,17.52,35.11,35.74,22.58,22.55,16.04,17.52,47.44,23.1,34.26,9.59,17.05,12.46,12.86,25.59,12.88,20.28,36.11,13.84,12.13,14.94,23.92,20.76,21.78,14.13,21.18,16.49,15.34,44.43,16.01,22.64,20.38,29.73,27.89,118.3,19.04,22.64,13.22,46.36,23.36,18.75,19.75,23.59,25.35,10.85,16.14,18.42,25.18,19.13,45.2,23.83,26.83,35.45,14.59,18.7,19.16,14.74,14.38,20.31,23.47,18.68
2025-09-17,23.29,18.89,16.17,23.35,25.68,26.75,40.76,15.67,21.64,27.63,55.8,22.66,25.48,14.7,18.34,16.67,16.72,9.34,12.91,18.61,24.34,16.83,14.86,22.92,27.65,18.39,30.42,15.83,25.01,18.73,18.65,26.59,14.74,12.19,28.54,27.22,10.66,20.05,43.48,19.91,17.5,35.27,35.96,22.68,22.46,16.12,17.46,45.74,24.27,34.19,9.63,17.15,13.0,14.3,25.66,13.04,20.59,35.68,15.48,12.32,14.87,23.93,19.13,22.05,14.65,21.19,16.62,15.26,44.35,16.2,24.11,20.18,28.96,28.93,118.66,19.41,22.84,13.75,46.13,24.47,18.75,19.57,22.06,25.8,10.83,16.0,18.55,25.79,19.42,45.2,24.74,32.24,35.29,14.72,19.08,20.67,15.98,14.85,20.64,23.5,18.68
2025-09-18,23.37,18.81,16.03,21.01,25.92,33.24,36.31,15.2,21.6,27.09,53.78,22.89,23.38,15.14,19.32,16.57,16.95,9.41,12.15,18.35,26.64,15.36,15.84,23.31,27.66,18.71,30.43,16.41,24.83,18.53,19.55,26.33,15.18,10.16,28.64,25.88,10.41,20.87,41.66,20.49,17.1,34.63,35.27,21.93,19.96,16.22,18.61,81.39,24.39,34.36,10.99,17.01,11.87,14.55,25.63,13.04,19.51,36.75,17.3,12.7,14.34,20.94,17.53,21.82,16.43,21.01,16.48,14.46,45.66,15.87,23.22,20.13,28.86,29.19,116.41,18.06,22.55,14.23,33.99,25.76,18.12,19.03,21.71,26.29,9.39,15.88,19.05,25.36,18.67,45.52,24.68,32.54,35.76,14.43,18.66,20.88,18.0,14.68,20.88,23.61,19.4
2025-09-19,24.21,18.41,16.16,21.05,24.74,32.85,36.26,19.84,20.79,26.17,53.38,22.99,23.33,15.14,18.9,16.65,17.29,9.3,12.03,17.98,26.65,15.27,14.93,23.52,27.87,17.87,30.7,16.62,24.82,19.49,19.78,26.42,15.25,10.17,28.59,25.52,10.42,21.02,42.28,20.4,17.08,33.7,34.36,21.88,19.34,16.21,18.61,77.45,25.42,34.5,11.58,17.0,11.26,14.61,26.41,12.87,19.87,35.89,16.76,12.51,14.29,17.22,17.43,21.96,16.37,21.01,16.41,15.5,45.16,16.07,23.87,20.64,29.1,29.19,116.77,18.27,22.5,14.22,34.46,24.26,18.29,17.93,22.1,26.64,8.97,15.75,18.83,25.3,18.52,44.5,22.64,34.7,35.08,14.08,18.78,20.87,18.31,14.64,21.11,23.66,19.67
2025-09-22,27.94,18.88,16.48,19.86,24.02,36.92,36.38,20.38,20.63,25.14,55.28,20.7,22.2,13.72,18.68,15.21,17.39,9.12,12.35,15.81,23.57,17.01,12.79,19.09,27.37,15.91,31.5,17.2,25.32,18.27,18.42,19.36,13.08,10.55,27.47,18.81,10.26,21.05,44.7,19.68,13.24,34.51,35.06,19.08,14.71,13.31,18.44,78.86,19.0,34.75,12.44,17.08,11.39,14.95,27.07,13.75,18.22,37.45,16.56,12.79,14.41,14.29,17.07,21.05,15.45,19.67,14.54,16.03,45.2,17.94,24.34,17.91,29.65,32.38,120.71,18.3,22.04,15.91,36.17,24.05,17.22,18.53,22.81,27.3,9.54,13.43,17.34,21.46,17.39,41.34,20.08,34.5,35.93,16.32,15.02,16.56,17.76,14.56,21.0,16.44,19.28
2025-09-23,27.57,18.42,16.24,20.04,23.52,36.11,35.6,19.91,20.41,26.7,53.84,20.19,23.17,13.58,18.66,14.88,16.96,8.96,12.04,15.72,23.07,17.27,12.78,19.04,27.42,15.52,31.56,16.8,25.26,18.1,18.19,18.87,12.74,11.3,27.0,19.21,10.01,20.76,44.1,20.11,13.05,33.9,34.5,18.64,14.37,13.08,17.99,76.99,18.68,34.07,13.14,16.66,11.67,14.66,26.8,13.75,17.77,36.92,18.14,12.49,14.15,13.96,17.2,21.34,16.43,19.18,14.24,16.07,44.1,17.5,23.9,17.46,30.15,33.25,119.54,18.08,21.63,15.52,35.48,23.93,16.87,18.18,22.35,26.66,10.84,14.02,16.99,21.13,17.4,41.76,20.79,34.16,35.32,16.24,14.73,16.21,18.15,14.34,20.96,16.15,19.67
2025-09-24,27.85,18.12,17.03,20.94,24.88,35.9,34.46,21.05,20.43,26.69,53.83,19.7,22.83,13.58,18.72,14.54,17.0,9.94,11.96,16.65,22.83,16.63,12.83,19.13,28.19,14.23,31.62,16.81,25.26,18.53,17.51,18.96,13.26,10.87,26.8,18.32,10.01,22.31,44.09,20.15,15.14,35.2,35.79,19.9,14.0,12.83,18.85,78.89,18.52,33.79,13.04,16.46,10.37,15.02,25.4,13.87,16.88,39.55,17.95,12.62,11.58,13.81,17.34,21.16,16.25,17.8,16.03,15.92,45.9,18.71,23.95,16.95,29.96,33.16,119.87,17.91,19.51,14.64,35.94,22.37,17.43,18.22,20.7,27.13,9.87,14.25,17.92,20.35,17.41,42.82,21.74,33.57,34.99,14.79,14.36,16.24,18.14,14.32,20.69,15.69,19.7
2025-09-25,28.17,18.4,17.09,22.57,23.6,36.47,33.68,23.01,20.03,26.75,54.08,19.3,18.47,12.73,19.07,15.7,17.58,9.85,11.35,16.58,23.49,17.5,12.68,18.4,28.3,14.25,31.88,15.71,26.9,18.68,17.53,20.06,13.27,11.5,27.06,18.41,9.75,21.54,43.76,21.68,15.3,35.17,35.74,19.56,14.1,12.13,24.47,82.49,18.62,33.53,13.13,16.12,10.53,14.68,20.83,13.32,17.03,39.31,17.95,12.76,15.72,15.02,18.21,21.34,15.97,19.51,15.95,16.0,48.4,19.0,23.86,18.79,29.83,32.94,122.19,18.47,20.43,14.65,35.52,22.49,19.3,16.93,20.4,28.47,10.28,14.36,17.81,21.15,17.41,47.04,21.81,33.25,35.26,14.81,15.13,16.06,18.19,14.3,20.05,15.64,19.83
2025-09-26,28.42,18.51,17.09,24.85,24.34,36.52,33.8,23.23,19.13,26.93,54.19,19.28,23.01,12.85,18.35,15.63,18.42,9.58,11.63,16.64,23.49,17.36,12.64,18.58,28.77,17.17,30.67,16.01,27.28,18.31,16.92,21.79,13.3,11.63,27.29,18.44,11.05,21.8,43.75,21.9,15.59,35.14,35.71,19.68,14.26,12.25,24.48,83.03,18.7,33.71,13.65,16.25,10.5,14.68,21.48,13.21,17.18,39.27,17.96,13.25,16.16,15.01,18.1,21.34,16.21,20.17,16.02,15.96,48.55,19.12,23.87,18.92,29.15,32.97,122.89,18.45,20.47,14.45,34.07,21.96,19.42,17.96,19.84,28.6,10.7,14.95,16.6,21.67,17.37,47.86,22.83,33.01,35.41,14.82,15.99,16.25,18.48,14.23,19.84,15.63,20.02
2025-09-29,29.2,18.93,17.25,27.94,24.72,34.7,32.45,23.58,19.42,27.41,53.58,18.9,24.17,13.16,19.29,16.78,18.06,9.75,11.34,17.01,18.88,17.66,11.72,18.57,30.89,17.61,30.69,15.68,27.71,20.65,15.07,22.46,14.15,11.3,27.12,18.95,11.4,22.32,42.79,22.07,15.88,36.43,36.92,20.06,14.9,12.67,25.79,85.42,19.21,34.41,13.72,16.67,9.57,14.89,22.05,13.56,18.3,35.9,18.23,13.59,16.89,15.14,17.45,21.52,16.06,18.99,16.45,16.23,48.04,18.35,23.42,19.62,25.04,32.08,123.45,18.26,19.97,14.42,34.5,22.37,21.93,17.63,22.71,29.46,10.42,15.15,16.45,21.9,17.38,45.15,23.4,32.69,35.08,14.83,16.77,16.98,19.13,14.37,20.26,15.93,22.54
2025-09-30,28.49,21.87,16.94,27.24,24.98,34.12,31.65,25.52,19.19,26.95,52.23,21.45,23.57,14.24,19.06,16.76,19.56,9.51,11.34,17.91,18.51,17.26,11.44,24.99,30.38,17.57,31.83,15.78,27.04,20.17,15.75,32.3,13.79,11.32,27.0,18.54,14.1,22.94,42.35,22.11,15.56,35.68,36.18,20.1,14.6,12.67,25.14,84.68,19.87,34.38,14.98,16.28,9.56,14.55,27.47,13.7,18.01,35.1,17.81,13.33,16.51,15.41,17.55,21.14,15.81,30.17,17.1,15.94,46.85,18.38,22.93,19.3,25.71,32.31,120.46,17.86,30.55,14.07,33.93,21.84,21.44,18.63,22.44,29.2,10.55,15.0,16.28,27.87,17.21,44.17,22.96,32.55,34.24,14.47,16.69,17.22,18.73,15.21,20.13,15.56,22.42
2025-10-01,27.81,27.12,16.59,26.77,25.85,37.36,31.24,31.52,18.92,26.4,51.0,21.27,23.0,15.3,18.77,18.17,26.08,9.31,11.48,20.25,18.07,17.13,11.84,24.51,29.89,17.37,31.07,15.5,27.08,19.71,15.74,40.04,14.06,11.72,26.35,18.75,13.8,22.42,41.62,21.58,15.25,34.82,35.31,20.43,15.84,12.36,24.69,84.61,19.5,34.11,14.62,16.93,9.75,15.35,37.32,13.48,18.04,38.26,17.77,13.44,16.49,15.16,18.85,20.71,15.47,37.98,17.52,15.58,51.3,22.28,23.72,29.44,25.26,31.53,117.7,18.86,36.92,13.75,33.19,21.44,20.92,18.22,21.9,30.75,10.3,15.25,17.69,41.03,18.58,43.58,22.89,32.23,33.43,14.49,16.81,17.07,19.51,14.87,23.26,15.87,21.98
2025-10-02,27.31,30.2,16.32,26.49,24.82,35.58,33.26,31.54,18.52,26.09,51.08,21.37,22.92,15.19,18.82,18.45,28.82,9.26,11.52,19.76,17.99,17.08,11.68,23.98,30.66,17.32,31.4,14.23,26.9,19.52,17.81,40.12,14.16,11.83,26.74,15.12,13.78,22.6,36.71,21.64,19.31,34.5,35.0,19.28,15.9,12.27,24.19,84.43,19.29,34.41,14.61,17.22,10.19,15.25,37.54,13.47,17.97,34.46,17.9,12.44,18.28,15.22,19.44,21.32,15.72,37.87,17.46,15.8,50.75,22.49,23.7,26.97,25.18,30.49,117.66,18.41,37.0,13.66,33.16,22.13,20.69,18.21,23.12,30.79,10.89,14.83,18.56,41.04,17.6,48.3,23.3,31.98,33.43,14.16,15.31,16.36,19.53,14.88,23.25,15.77,21.99
2025-10-03,24.8,30.66,16.7,26.49,25.1,37.67,35.01,31.23,17.27,26.39,51.03,19.8,22.09,14.99,17.99,17.59,28.83,9.55,11.7,19.78,17.81,17.04,13.65,23.91,26.94,16.73,31.01,14.2,26.54,18.05,17.15,39.82,14.15,12.97,26.49,15.23,13.64,22.96,37.33,22.63,19.05,19.96,20.29,19.57,15.83,11.4,24.18,84.6,19.08,28.28,15.15,17.36,10.73,15.29,38.09,12.88,17.66,35.47,18.0,12.52,18.61,16.24,20.83,20.56,15.52,37.41,17.91,15.82,50.36,22.61,23.39,29.51,25.01,30.68,117.68,18.14,36.85,13.67,43.58,22.74,20.22,18.22,21.05,31.28,10.88,14.78,18.63,42.19,17.46,49.15,22.72,31.99,33.48,14.3,16.02,16.4,19.91,15.04,22.65,14.95,21.27
2025-10-06,25.55,32.14,17.22,27.3,25.15,38.63,76.63,31.75,18.19,21.85,42.21,18.33,23.5,14.42,17.99,18.33,28.8,9.12,10.24,17.78,18.74,15.78,14.25,21.89,25.25,16.51,26.35,14.0,27.44,16.22,17.04,41.36,13.55,13.2,25.44,15.48,14.01,21.93,34.79,22.23,22.76,21.14,21.44,17.54,13.92,11.4,24.73,86.72,20.12,25.24,15.54,12.59,10.69,15.52,37.76,12.95,15.47,36.16,17.15,13.52,19.11,16.65,20.53,20.64,16.02,38.35,16.62,14.5,49.1,23.34,21.98,29.55,23.56,29.84,119.99,18.71,39.71,13.85,45.0,23.0,19.85,18.69,27.34,23.76,11.5,19.13,22.29,43.21,18.84,51.76,18.29,34.05,34.37,13.53,15.89,16.12,18.75,23.24,18.49,14.51,19.16
2025-10-07,24.97,31.47,16.91,27.04,24.62,44.88,75.2,31.0,18.11,21.44,41.2,18.42,23.26,14.1,20.55,18.55,28.26,9.07,10.11,17.4,20.18,17.69,14.52,21.37,24.65,16.28,26.97,13.64,26.78,15.94,17.02,40.76,13.22,13.16,26.28,17.06,14.29,21.59,33.97,23.69,22.87,21.8,22.19,17.65,13.62,11.13,24.29,84.64,20.56,25.41,15.18,12.53,11.12,15.18,36.97,13.18,15.12,44.21,16.75,13.26,19.15,16.3,20.03,20.19,16.96,37.83,17.16,14.71,50.36,22.88,23.34,30.63,23.21,29.24,117.74,18.57,38.88,14.69,43.98,22.65,20.68,18.24,26.76,23.19,11.53,18.67,22.55,42.42,19.33,54.15,19.8,34.54,33.63,16.1,15.76,15.8,18.5,22.7,18.11,14.23,18.7
2025-10-08,24.7,31.13,17.07,27.14,22.63,44.81,81.22,30.65,16.59,21.47,40.78,18.93,23.87,14.28,21.08,18.57,28.16,8.04,9.33,17.84,21.66,17.88,14.71,21.43,24.56,15.84,26.88,14.84,19.93,16.15,15.74,41.22,12.79,13.12,26.55,17.39,14.37,20.94,34.08,23.92,23.38,21.93,22.24,18.86,13.52,11.2,24.1,84.47,20.56,25.92,15.11,13.2,11.32,14.81,36.86,12.09,13.97,44.13,16.78,13.3,19.88,16.48,20.25,20.01,17.71,38.09,17.21,14.65,51.9,21.33,24.37,30.61,21.43,29.79,117.64,15.73,39.46,15.02,43.79,22.54,21.07,16.31,26.79,22.66,10.77,18.69,21.81,42.26,14.82,53.58,21.65,32.79,33.69,15.03,15.45,16.15,18.51,21.44,19.18,13.08,18.71
2025-10-09,24.77,31.21,17.26,26.74,22.27,44.76,81.84,30.63,16.41,21.55,39.7,18.91,27.61,13.06,21.69,18.56,27.86,8.23,9.57,17.25,21.01,17.81,15.91,20.99,25.47,19.13,27.92,14.99,19.11,16.66,15.56,40.38,12.47,13.27,26.75,18.13,14.92,21.51,34.23,24.38,23.5,21.04,21.39,16.24,13.93,14.3,24.22,84.22,21.56,26.07,14.79,12.15,11.17,16.31,36.74,13.08,13.82,44.85,18.07,13.28,19.88,17.03,20.75,21.12,17.65,38.24,15.59,14.83,53.48,21.7,24.33,30.85,21.43,29.95,117.83,21.06,39.95,14.92,42.33,22.38,21.3,20.81,26.77,22.66,10.81,18.65,20.33,42.01,14.8,53.84,22.14,34.77,20.44,14.98,16.0,15.21,19.01,21.49,17.86,13.63,18.99
2025-10-10,25.19,31.25,15.87,28.35,24.01,49.29,88.34,31.32,16.71,25.25,29.88,20.78,28.54,15.15,21.1,21.62,28.24,7.31,10.82,18.57,22.78,17.59,16.83,24.35,28.5,18.02,25.16,17.9,17.05,16.09,16.84,40.43,12.8,14.29,29.99,26.2,18.4,22.35,31.62,24.34,23.43,22.11,22.55,17.56,13.93,14.73,27.72,86.5,20.14,25.18,14.49,13.02,11.74,16.53,38.29,13.01,13.86,53.1,18.34,12.34,20.01,16.12,23.69,23.01,18.11,38.7,18.04,16.93,58.48,22.0,24.13,33.2,23.75,33.17,52.44,24.26,40.44,14.49,46.48,23.88,33.82,22.26,27.06,23.32,12.73,19.83,20.36,42.37,15.4,57.8,25.92,35.76,24.35,17.95,18.69,19.87,18.34,22.66,20.23,11.98,19.34
2025-10-13,25.11,29.02,13.73,28.04,24.7,49.92,89.49,30.58,16.72,26.56,45.34,21.28,27.7,14.86,22.5,20.74,27.28,7.07,9.88,19.67,23.85,17.55,17.17,26.84,29.2,18.23,26.65,17.33,17.35,18.12,16.91,40.07,12.71,14.88,29.11,27.52,17.15,23.64,40.34,21.46,22.35,24.89,25.59,19.41,11.03,12.99,27.74,86.98,20.42,25.54,14.12,14.46,11.61,14.74,39.9,12.88,11.46,51.07,17.04,12.49,20.53,14.94,24.89,19.73,20.47,38.06,19.25,16.38,57.22,22.52,20.65,36.16,27.29,35.18,48.94,24.79,38.53,14.94,45.16,23.54,38.93,21.77,28.67,23.69,13.11,17.99,19.88,41.16,16.24,53.91,27.52,36.39,24.33,18.19,18.85,21.74,17.47,22.21,21.13,9.06,20.4
2025-10-14,24.52,28.44,14.34,27.37,24.29,49.11,87.37,29.85,17.72,26.44,45.85,23.12,27.1,17.05,22.08,22.95,26.79,7.24,10.05,23.45,26.35,18.67,18.71,28.72,28.54,18.35,29.02,17.82,17.52,17.75,18.26,39.11,12.91,15.08,28.85,27.83,16.76,23.11,39.45,20.94,23.99,24.37,25.03,20.23,14.11,16.1,27.21,87.64,19.94,24.94,13.83,15.57,11.86,14.69,39.17,12.57,15.91,49.89,17.61,13.28,20.74,14.91,24.41,19.64,20.09,37.44,18.79,16.0,57.45,22.01,20.2,35.38,27.01,37.94,48.99,24.78,37.76,15.39,44.28,22.97,37.99,21.26,28.46,23.12,13.56,17.58,21.67,40.18,17.6,53.04,26.94,35.52,23.76,17.78,18.77,22.53,17.71,23.23,31.55,18.87,19.9
2025-10-15,24.37,28.84,16.33,28.14,24.71,50.12,91.03,29.78,18.49,25.77,46.27,23.19,27.11,22.48,24.21,22.7,26.72,7.31,9.91,23.42,26.38,18.43,18.5,28.36,28.55,18.46,29.35,18.13,15.75,17.72,18.28,38.91,13.1,15.16,28.84,27.11,17.2,22.51,42.41,20.51,24.18,21.03,21.39,19.99,14.16,18.92,27.45,87.95,19.92,21.81,13.63,15.97,11.99,15.26,39.17,13.5,16.04,51.44,17.71,12.72,20.8,15.41,24.47,19.68,19.95,37.26,24.48,15.57,57.74,21.83,20.17,35.75,26.12,37.94,47.92,23.51,37.81,15.64,44.27,19.96,38.05,21.24,29.21,22.69,13.55,18.17,21.56,39.88,17.81,52.01,25.93,33.8,23.59,17.95,18.73,22.84,17.95,22.11,32.28,19.57,20.0
2025-10-16,24.56,28.7,16.41,29.3,23.85,50.3,91.5,29.79,18.23,25.26,46.24,24.52,27.28,25.78,25.02,24.83,26.71,7.89,11.27,26.15,26.4,18.54,18.82,33.86,27.1,21.1,31.96,18.27,15.75,16.84,19.63,39.4,14.04,14.16,23.52,27.02,17.27,21.46,42.73,19.71,24.17,21.02,21.39,20.38,14.17,18.98,28.38,88.41,20.15,21.83,13.28,17.78,12.22,15.65,38.91,14.41,16.54,52.14,18.94,12.66,19.88,15.25,23.28,20.14,20.21,37.28,25.13,15.02,59.67,19.69,20.93,36.45,25.77,37.61,48.77,23.45,37.87,16.36,44.34,20.01,37.62,21.23,28.98,22.57,13.95,17.97,21.77,39.99,17.67,51.54,25.93,34.33,22.43,18.21,19.16,22.75,20.78,22.13,34.01,21.42,18.76
2025-10-17,25.27,28.15,16.14,29.29,22.21,50.71,91.44,29.86,17.63,25.18,44.47,33.17,27.34,25.93,26.02,24.86,26.86,7.87,11.52,26.0,28.52,18.89,19.17,36.89,27.07,21.11,31.94,18.51,16.05,17.17,19.67,39.54,14.01,14.24,22.93,26.78,17.21,20.96,42.72,23.45,24.95,21.04,21.39,20.05,14.87,18.9,28.87,87.82,20.7,23.53,13.29,17.44,12.27,15.24,39.62,14.34,16.88,52.32,18.85,12.89,20.45,15.41,23.57,20.22,20.31,37.4,25.12,15.06,59.8,20.33,19.83,36.66,25.02,36.28,54.38,23.42,38.01,16.09,44.1,19.21,37.56,21.33,28.83,22.39,14.34,18.22,21.66,39.23,18.08,52.07,25.47,29.69,22.42,18.33,18.87,20.68,20.91,21.78,33.9,21.59,19.4
2025-10-20,26.86,28.99,15.25,30.44,24.83,48.3,93.0,28.88,16.78,26.65,45.55,33.62,28.7,26.6,26.7,25.41,27.03,7.58,11.66,27.84,27.24,19.95,18.16,37.68,27.54,21.33,36.0,18.31,16.53,16.96,19.11,40.19,14.44,14.22,23.51,26.51,17.64,19.25,43.07,23.85,25.38,21.38,21.8,20.92,15.25,20.09,28.84,57.26,18.94,25.68,10.98,18.67,12.07,15.24,40.15,16.07,17.31,52.75,18.56,12.29,20.75,15.24,25.44,21.14,18.55,38.7,26.39,14.11,56.93,20.86,21.87,37.29,25.74,35.47,55.88,23.87,38.94,15.31,40.93,17.07,38.69,22.67,29.4,22.4,14.65,18.45,22.1,39.86,18.61,52.56,26.33,26.45,22.5,18.27,18.56,23.56,19.6,22.26,35.99,21.54,19.27
2025-10-21,26.22,28.0,15.54,31.77,28.34,47.53,91.36,28.39,16.43,27.75,44.95,32.97,28.01,26.17,28.01,26.41,27.52,7.44,11.55,27.34,27.31,19.47,18.54,37.04,26.92,20.83,36.96,17.87,16.15,16.61,18.73,43.27,15.85,14.12,23.47,26.14,17.44,19.27,42.24,23.32,53.28,22.24,22.82,20.44,15.15,20.3,28.29,56.02,19.35,25.18,11.73,18.97,17.54,14.88,39.52,19.89,17.81,51.48,18.52,12.01,21.02,14.88,24.87,32.55,18.41,37.99,26.44,13.78,56.69,21.22,21.35,36.67,26.85,34.77,54.54,23.41,38.04,14.94,39.95,21.07,37.93,33.21,29.21,21.86,14.7,18.02,21.59,39.47,18.18,51.49,25.8,25.87,21.96,17.9,18.53,23.44,19.31,22.0,35.52,21.29,18.81
2025-10-22,23.05,28.39,15.48,31.87,28.46,45.85,93.05,29.16,16.57,27.86,44.66,33.17,27.39,26.23,28.14,26.35,27.53,7.59,11.54,27.76,28.57,18.71,19.44,37.29,27.33,20.82,38.11,17.64,17.16,17.11,18.85,43.13,15.86,14.14,24.01,26.55,17.6,21.75,40.59,24.1,53.23,22.09,22.72,21.14,15.01,20.68,28.34,56.36,17.9,50.01,10.42,19.07,17.67,14.9,39.77,19.35,17.08,51.09,18.51,12.29,21.06,14.76,24.4,31.73,17.84,37.54,26.47,13.69,57.53,22.08,41.94,36.82,26.52,32.17,49.19,23.27,38.11,13.6,41.18,23.98,37.48,34.19,29.12,22.05,14.68,18.17,22.17,39.14,18.28,51.22,32.41,25.62,22.18,16.19,19.07,22.77,19.23,22.19,35.62,21.4,19.54
2025-10-23,22.96,28.41,15.82,31.03,28.41,47.01,92.99,29.44,16.51,26.4,44.83,33.25,26.62,26.58,29.02,26.35,27.84,7.59,11.58,27.86,28.65,19.41,19.29,37.14,28.86,20.84,37.42,17.74,17.17,16.98,19.49,43.25,15.83,14.75,25.11,26.19,17.76,23.25,42.29,23.82,53.28,22.14,22.76,21.47,15.23,30.55,28.6,56.78,18.35,51.58,10.19,19.09,18.33,14.72,39.53,18.86,17.15,52.84,16.46,12.86,21.54,15.97,24.1,32.36,16.9,37.52,26.61,13.16,58.55,21.96,41.93,36.95,25.49,30.81,48.82,23.7,38.11,13.55,41.88,23.72,37.51,34.2,29.08,21.99,14.96,17.31,24.66,38.55,20.68,51.23,32.17,27.0,21.51,17.61,19.08,23.11,18.3,24.64,35.57,21.39,19.04
2025-10-24,23.03,28.04,15.43,30.93,27.23,47.02,94.67,27.82,16.51,26.8,45.78,33.25,27.07,27.1,29.32,26.56,27.27,6.51,11.46,28.77,28.52,18.93,19.29,37.89,28.35,21.13,37.41,17.67,17.3,16.61,19.52,42.2,15.93,14.72,25.13,26.48,19.53,22.6,42.59,23.62,54.34,22.83,23.46,25.99,15.42,31.49,37.12,53.96,18.52,51.59,11.31,20.51,18.31,14.52,39.33,18.95,17.0,52.18,16.44,12.89,21.22,15.77,24.06,32.87,16.85,37.42,27.52,13.26,59.03,21.54,42.08,36.99,25.64,31.44,48.94,23.72,38.11,13.56,42.18,23.69,36.64,34.35,28.58,21.19,14.85,17.26,26.07,38.39,20.79,50.97,32.08,27.03,21.26,17.69,18.9,23.34,18.33,25.2,36.37,21.58,19.07
2025-10-27,23.88,28.45,15.82,28.77,27.53,47.61,96.06,26.2,17.11,27.39,47.13,34.19,24.79,27.8,30.91,26.4,26.88,6.42,11.32,30.15,28.51,18.47,19.8,38.71,27.73,18.96,37.39,17.72,14.34,16.55,20.07,41.91,16.35,14.37,25.15,28.16,19.42,24.53,42.13,22.23,55.75,25.88,26.42,26.51,15.43,32.28,34.74,47.0,18.7,52.2,11.26,21.3,18.28,14.79,37.21,19.27,17.14,54.04,16.76,13.39,19.65,15.42,24.72,33.27,17.64,36.63,28.36,13.91,58.24,22.2,42.99,36.72,25.5,33.4,45.48,23.34,38.21,13.96,43.74,25.71,51.75,34.72,29.37,19.65,14.77,17.12,27.55,39.03,22.13,50.02,32.17,28.98,20.63,17.14,19.2,23.89,18.13,25.94,37.24,22.92,18.7
2025-10-28,23.32,27.8,15.46,28.21,26.95,47.06,94.28,25.57,20.86,26.88,46.83,33.4,24.19,27.16,31.17,25.81,26.67,6.75,11.83,29.47,28.06,18.24,19.33,37.96,27.64,18.65,36.57,17.92,14.19,16.28,21.02,41.93,16.07,15.06,24.55,27.58,20.58,24.32,41.75,23.31,54.41,25.47,26.05,25.9,15.13,31.54,33.96,48.23,18.35,51.45,13.01,20.88,17.84,14.44,36.62,18.82,16.78,53.08,16.85,13.73,20.68,15.39,24.13,32.81,17.32,36.18,27.77,14.86,56.9,24.7,42.15,36.27,25.09,36.01,44.39,23.82,37.54,13.65,42.69,25.94,52.38,33.98,29.69,19.49,15.42,17.51,27.15,38.7,21.6,49.14,31.6,28.46,20.15,16.73,31.27,23.56,17.75,25.41,36.35,22.81,18.42
2025-10-29,23.21,27.88,16.29,27.26,34.41,48.14,94.21,25.61,21.65,26.72,46.96,33.59,27.92,27.21,30.87,26.14,26.7,7.1,12.32,30.38,45.21,18.68,20.79,38.12,27.39,19.18,36.79,19.3,16.14,14.09,21.32,42.51,15.95,15.57,24.87,27.47,20.92,24.57,42.04,23.32,54.64,25.83,26.63,26.14,16.16,31.64,33.83,46.7,21.49,51.89,12.68,20.89,20.35,15.87,36.9,18.52,17.74,53.5,18.09,14.25,24.2,16.28,24.12,33.28,18.49,36.3,27.85,14.85,56.21,26.25,42.16,37.61,26.78,36.58,44.87,25.83,37.68,14.55,45.26,26.42,51.87,34.46,28.71,18.96,15.33,18.2,27.8,38.51,22.46,49.11,33.88,28.16,23.87,16.51,31.29,23.77,18.52,26.86,36.51,22.93,16.63
2025-10-30,23.23,25.24,16.07,27.32,34.01,48.56,96.11,23.79,21.73,28.85,48.22,31.59,35.46,26.73,30.8,26.09,34.94,7.21,12.22,30.23,45.44,19.12,24.66,33.85,27.22,19.12,35.17,20.24,24.03,14.4,21.59,37.38,16.87,15.55,24.48,27.46,19.05,23.83,41.31,22.58,54.74,26.38,27.2,26.17,16.34,38.01,33.81,46.85,20.87,52.38,11.47,21.44,20.49,15.86,35.42,18.06,17.83,53.38,18.07,14.21,24.02,15.6,47.44,33.36,32.17,29.08,27.44,18.26,56.86,25.92,42.21,37.59,27.15,36.91,50.45,25.96,29.75,14.72,45.79,26.44,52.0,33.82,28.71,18.34,16.06,17.63,27.92,35.99,22.75,51.86,33.85,27.85,26.13,17.24,32.45,23.85,18.85,27.73,36.32,22.94,16.87
2025-10-31,23.34,21.78,16.17,26.99,32.94,44.35,96.23,15.84,21.53,42.19,48.88,31.16,35.57,25.93,30.73,25.56,30.49,7.28,11.98,28.81,45.91,18.99,26.03,33.9,27.17,19.15,35.2,20.23,23.98,17.05,21.34,28.72,16.46,15.26,25.21,27.7,19.05,23.96,41.77,22.74,54.74,26.48,27.32,25.75,15.15,31.65,33.84,41.75,21.78,51.39,11.45,20.93,20.43,17.14,24.77,18.15,17.47,50.46,17.74,14.43,23.45,15.58,47.65,33.37,32.03,15.16,27.15,19.01,51.01,22.27,42.91,29.59,27.61,36.96,50.09,25.56,18.77,14.86,46.57,26.47,52.33,33.82,30.13,13.88,16.49,18.41,27.21,21.15,21.62,52.2,33.8,27.44,26.11,17.55,32.54,23.7,18.18,28.94,33.99,22.92,16.71
2025-11-03,24.0,21.56,15.75,27.75,32.53,43.7,96.84,16.36,22.15,44.34,50.62,31.88,36.84,26.47,31.0,25.42,28.32,8.58,11.95,29.0,47.24,21.35,26.78,34.8,26.71,20.52,35.91,21.01,24.13,19.23,20.46,28.16,16.71,14.52,25.23,28.13,19.62,24.22,42.39,23.06,54.73,27.02,27.84,25.85,15.47,32.87,34.9,41.12,22.76,52.59,11.71,21.03,21.05,17.43,27.12,18.31,18.15,51.23,18.22,14.88,22.47,12.61,48.15,35.17,33.02,20.64,26.96,19.26,53.77,21.24,44.2,29.41,28.35,38.14,51.52,26.83,18.53,16.26,38.48,26.02,53.51,34.78,29.06,14.19,16.68,19.0,27.29,18.02,23.91,50.27,34.65,30.34,26.05,17.42,34.65,24.22,18.37,29.38,34.71,23.48,15.98
2025-11-04,23.43,22.41,16.72,28.19,31.79,44.39,96.62,15.97,23.13,44.11,50.65,31.22,37.33,25.85,30.29,24.85,27.85,8.38,14.84,28.43,48.88,22.16,27.31,34.03,26.12,20.5,36.56,23.42,23.62,18.82,20.51,27.48,16.42,14.18,25.39,27.53,19.22,24.27,45.78,22.54,54.13,28.06,28.88,25.34,15.88,32.16,34.46,46.25,23.58,51.72,11.5,20.52,20.78,18.28,26.62,17.94,18.09,51.73,18.89,14.93,22.0,12.49,47.14,34.52,32.82,21.27,26.31,18.88,59.73,20.74,43.16,29.23,29.39,40.22,51.53,26.25,18.38,15.95,48.62,26.63,54.66,34.15,28.74,14.1,16.33,22.04,26.64,17.59,24.33,52.71,33.93,34.7,25.48,17.58,34.09,23.65,18.37,28.68,33.93,23.03,15.63
2025-11-05,23.3,22.07,16.86,28.77,31.55,45.89,68.12,29.58,21.78,44.12,50.86,31.42,36.68,26.92,30.54,24.58,28.45,8.4,14.83,28.48,50.08,22.1,28.19,34.0,25.82,20.55,36.0,23.12,23.46,18.86,20.31,27.09,16.39,13.98,28.8,27.88,19.0,24.25,46.19,22.63,52.96,28.3,29.13,25.18,17.15,32.18,34.97,47.7,23.23,51.58,11.56,20.68,20.54,18.13,27.24,17.94,17.59,54.62,18.92,15.47,21.79,11.94,47.4,34.71,32.84,21.48,26.37,17.77,65.38,18.96,43.06,30.1,29.49,40.55,51.04,25.59,16.13,15.74,47.64,26.7,56.12,34.14,27.27,14.11,16.46,18.94,22.49,17.61,23.48,51.28,35.29,32.76,25.55,17.98,34.13,23.72,18.37,23.27,33.96,23.07,15.44
2025-11-06,23.31,22.0,16.97,29.75,32.47,42.56,73.27,30.15,21.62,45.66,51.04,30.92,36.33,27.29,28.77,24.46,28.13,8.34,15.1,28.64,49.4,20.87,28.61,34.82,26.55,21.02,39.79,23.82,23.44,18.75,20.15,26.77,16.57,13.58,27.65,27.02,18.94,23.96,46.32,20.97,52.35,27.13,27.85,25.11,17.49,32.24,35.11,48.65,22.42,50.72,11.63,20.66,20.43,17.85,27.3,18.01,17.92,50.18,18.89,17.72,21.06,11.89,47.96,34.69,31.73,21.99,26.18,18.68,64.04,18.37,42.06,28.65,30.35,42.68,51.08,25.69,16.67,14.86,53.37,26.85,57.28,34.18,27.19,14.24,15.96,18.98,22.26,17.28,23.2,50.31,34.58,32.03,25.23,16.7,33.94,23.71,18.19,23.32,34.28,23.0,15.64
2025-11-07,23.38,21.96,17.14,30.38,32.44,42.21,63.93,30.31,21.54,45.49,50.72,30.27,35.56,27.03,28.26,25.02,28.08,8.18,15.62,28.3,49.04,21.34,28.46,34.69,26.95,21.02,39.78,22.95,23.42,19.16,20.98,25.97,16.51,13.58,27.83,26.79,19.67,24.03,47.71,24.65,52.04,28.25,29.17,24.41,17.55,32.35,35.41,49.26,22.55,50.85,11.53,20.16,21.05,18.87,28.03,18.74,17.93,50.72,18.84,17.59,22.03,15.09,47.9,34.71,32.14,21.6,26.32,18.64,62.09,19.79,41.42,28.64,30.06,42.03,50.6,25.36,15.94,14.57,53.64,28.04,57.35,34.25,29.63,14.68,16.23,19.59,22.26,17.32,26.06,51.78,32.99,31.42,24.44,17.75,34.67,23.68,18.19,23.41,33.54,23.21,17.5
2025-11-10,18.58,22.5,17.45,26.8,31.95,39.48,60.05,30.08,22.23,42.23,47.5,29.3,33.35,25.95,28.59,23.64,28.17,8.01,14.9,27.6,49.44,21.89,27.9,32.21,22.15,18.22,39.87,21.13,24.43,17.62,19.84,26.31,16.22,12.17,23.82,21.32,17.66,22.48,45.97,24.89,52.37,28.35,29.42,24.2,17.13,31.3,33.23,48.38,22.25,49.4,12.05,19.84,21.43,18.38,29.83,19.28,17.47,45.02,17.74,17.65,22.54,14.74,47.27,32.97,32.05,20.86,24.93,18.95,60.11,20.44,42.47,25.77,28.88,43.07,50.23,16.8,12.82,15.18,58.86,27.49,51.41,29.64,29.89,12.55,14.06,18.62,22.75,15.74,26.08,51.0,30.89,29.95,22.48,16.33,35.28,19.54,18.02,23.56,32.32,23.46,15.79
2025-11-11,19.0,24.37,17.43,26.33,31.56,40.11,59.65,32.26,23.9,41.23,47.0,28.59,32.6,25.32,28.74,23.13,28.97,7.89,14.54,27.2,48.43,21.75,27.77,31.44,23.5,17.78,39.1,20.8,25.84,17.2,19.42,26.52,17.45,12.15,23.31,26.23,17.35,22.07,44.89,27.21,51.21,27.73,28.77,24.11,17.12,31.3,32.59,47.59,21.72,48.73,15.3,19.48,21.37,18.92,29.57,19.6,17.35,47.77,17.65,19.22,22.97,17.71,46.14,32.17,32.13,25.8,24.38,18.6,62.67,20.28,41.92,28.77,28.24,43.58,49.15,17.67,19.66,16.54,57.78,27.17,50.26,28.97,29.78,12.32,13.99,18.44,22.85,15.98,27.97,50.07,30.16,29.29,23.25,16.01,34.82,19.07,18.15,24.07,31.53,23.13,15.77
2025-11-12,19.34,27.23,18.03,26.65,31.76,37.53,65.74,32.57,23.16,41.98,34.49,28.14,31.33,25.37,29.4,22.08,28.53,7.88,14.84,27.02,47.9,21.67,28.51,30.56,24.03,17.63,37.87,22.6,25.8,17.37,18.17,26.7,17.85,11.99,23.79,25.78,17.74,21.32,36.96,27.16,51.17,27.92,28.88,24.94,16.97,31.22,32.6,46.99,20.63,48.91,15.32,18.6,21.3,18.87,29.05,19.65,17.1,45.77,17.7,18.96,22.97,17.77,46.24,32.12,31.47,25.73,24.3,18.55,60.46,19.96,42.55,26.94,24.53,42.65,45.25,17.57,20.0,15.75,59.28,27.22,47.67,29.37,29.35,12.31,14.53,18.61,23.51,15.89,27.66,47.37,30.27,29.18,26.21,16.1,34.87,18.16,18.15,24.05,31.28,23.11,16.42
2025-11-13,19.42,27.21,17.31,26.67,31.77,39.32,68.0,32.66,22.61,42.78,35.56,28.44,31.33,25.98,30.0,19.1,28.96,7.78,16.18,25.3,47.78,20.82,27.51,30.2,23.93,17.67,36.55,26.21,25.73,18.01,18.42,26.75,33.21,10.85,25.78,25.56,18.69,21.97,37.92,27.49,50.99,30.55,31.36,27.97,15.07,30.08,35.01,48.23,21.17,49.5,15.36,21.24,21.35,18.65,28.36,19.5,15.02,49.9,17.17,18.34,22.01,17.47,46.33,32.21,31.19,25.55,26.34,19.26,60.7,21.41,42.55,28.78,24.72,41.62,45.98,16.37,19.72,15.28,63.53,27.22,47.98,30.69,29.46,15.19,12.92,18.53,22.38,17.09,26.9,52.54,30.25,29.87,26.72,16.22,34.96,17.52,17.49,23.24,22.24,15.8,16.44
2025-11-14,19.52,27.11,15.6,26.06,31.4,36.8,61.16,32.62,22.12,43.07,34.89,29.49,31.34,21.76,27.09,18.71,32.84,7.86,16.51,25.34,47.65,20.8,27.82,31.5,24.85,17.32,36.48,26.11,26.05,18.44,18.44,26.75,33.53,10.6,25.82,25.61,18.24,21.98,37.88,27.49,51.97,30.29,31.1,28.75,15.65,28.16,34.77,46.05,22.0,51.19,15.38,21.93,21.13,18.28,28.38,21.24,15.65,49.29,17.91,18.34,21.98,16.95,45.88,33.14,31.44,25.29,21.9,19.87,61.36,20.84,44.1,29.82,24.66,41.95,46.74,16.58,22.33,14.73,63.68,27.11,48.0,29.97,29.66,15.28,12.82,18.13,22.46,17.25,26.9,52.31,30.44,29.84,28.32,16.35,34.97,16.91,18.27,23.19,20.91,14.34,16.16
2025-11-17,20.31,27.59,15.03,25.13,32.46,37.68,63.01,33.3,23.02,44.04,35.32,22.8,32.05,18.99,30.17,20.13,33.51,7.69,16.31,23.64,47.69,20.33,27.91,26.94,27.36,13.93,35.84,26.37,26.06,19.82,17.94,26.22,33.82,12.28,26.16,26.85,18.83,23.21,38.12,24.53,55.28,32.3,33.11,29.7,15.36,29.36,36.22,47.63,22.69,52.24,16.77,21.15,21.48,17.36,26.44,21.89,15.66,50.08,15.69,18.67,22.47,17.18,46.75,33.58,31.62,25.78,23.56,20.35,61.73,22.46,44.58,29.99,25.23,43.43,40.29,17.07,22.43,14.05,65.4,27.68,51.58,30.71,29.33,17.49,12.75,18.46,22.82,18.95,27.04,52.79,31.9,29.76,28.85,16.49,36.5,20.48,14.5,23.72,19.81,11.81,16.94
2025-11-18,19.85,26.93,14.67,24.61,31.67,37.2,63.35,32.5,22.66,46.14,34.52,22.25,31.36,18.56,29.45,19.65,32.71,7.6,15.92,23.07,46.71,19.97,27.41,26.3,26.89,14.93,35.28,25.97,25.46,19.55,17.64,26.49,33.11,12.47,25.53,26.48,18.41,23.13,39.27,25.29,53.99,31.64,32.44,28.98,24.64,29.91,36.55,46.56,22.27,51.08,16.37,20.68,21.07,16.99,25.83,21.67,16.81,49.98,16.17,18.22,22.16,22.79,45.63,32.78,31.53,27.58,23.0,21.83,64.22,22.41,45.36,29.29,25.35,43.53,39.7,16.89,22.31,14.08,64.23,27.99,50.48,30.17,28.65,17.15,12.55,18.07,22.39,19.01,26.6,51.78,31.91,29.4,28.72,16.09,36.17,20.28,14.71,23.44,19.4,12.35,16.79
2025-11-19,15.24,26.74,17.71,24.05,30.24,39.78,63.01,32.56,22.3,45.87,37.24,22.45,30.64,18.04,29.36,19.59,34.32,7.66,16.09,22.35,46.72,20.26,27.79,25.93,27.72,14.95,31.87,26.12,26.01,19.73,17.46,27.04,33.05,12.94,25.67,26.54,17.5,23.63,46.45,25.35,53.79,32.46,33.39,28.76,24.64,29.49,36.53,46.06,22.18,51.32,16.78,20.41,21.09,16.88,25.91,20.17,22.36,51.28,15.84,18.32,22.15,22.91,44.44,32.59,31.47,28.05,22.52,21.99,64.2,22.43,45.05,29.26,24.38,44.57,39.14,17.2,23.79,13.99,63.81,27.99,49.97,30.0,28.51,16.91,13.48,18.44,22.59,19.03,26.55,51.33,31.01,29.21,27.1,15.95,36.25,18.53,14.87,23.52,15.86,12.41,17.77
2025-11-20,15.59,27.22,17.93,20.81,26.28,45.69,68.36,33.31,22.35,45.89,37.42,21.63,31.83,18.96,27.74,19.12,33.63,7.49,15.93,23.37,46.74,20.32,27.09,25.54,27.67,15.0,28.54,29.91,25.8,19.9,17.3,18.84,32.35,12.99,27.67,26.37,17.56,25.8,51.21,26.73,27.26,31.45,32.29,29.25,24.27,29.25,36.5,47.93,22.33,52.43,16.27,20.28,16.21,17.06,25.36,17.23,21.77,55.78,15.16,18.41,21.75,23.25,44.35,21.39,31.43,27.85,23.07,22.52,75.46,22.21,46.45,29.27,22.19,45.87,43.87,17.28,24.7,14.33,66.53,24.46,51.56,16.79,28.21,18.51,13.45,18.44,22.91,17.18,26.55,51.63,31.28,37.48,27.4,15.94,36.64,18.22,14.39,23.41,16.66,25.25,17.84
2025-11-21,15.59,28.67,21.31,26.06,30.02,44.96,67.72,32.37,22.41,45.8,37.94,23.36,31.98,19.13,31.76,21.29,33.64,7.45,16.02,22.52,46.08,21.52,28.68,26.91,27.4,14.91,28.13,29.94,27.43,19.4,18.68,19.8,32.98,12.82,30.16,26.42,17.4,24.26,50.98,25.91,29.22,32.67,33.65,28.38,27.76,29.28,36.81,48.12,26.43,30.0,16.25,19.96,17.99,17.74,25.35,17.86,23.79,55.6,17.72,19.11,23.44,23.93,44.67,22.55,31.03,29.09,22.97,22.38,75.79,21.94,30.71,30.25,23.57,45.96,46.54,17.32,26.12,15.65,65.85,21.97,52.26,14.57,30.42,18.4,13.72,19.12,22.61,18.37,26.52,51.65,29.56,37.63,29.67,17.7,38.67,20.5,15.34,23.21,16.62,25.72,16.98
2025-11-24,16.31,31.22,21.47,29.0,31.02,45.64,66.14,32.95,22.74,47.24,52.58,23.8,31.12,18.42,32.41,21.41,35.54,7.96,16.45,22.12,47.33,22.4,31.12,26.2,23.43,15.6,28.81,30.51,27.74,19.55,18.48,19.09,34.3,12.47,29.69,27.17,14.61,23.99,52.88,26.79,26.4,37.72,38.65,25.85,28.58,16.7,27.55,49.62,27.02,26.7,15.99,19.21,17.82,18.25,25.87,19.33,25.51,57.1,17.97,19.87,23.94,23.79,47.53,20.43,31.79,30.47,23.53,22.78,78.44,21.86,32.49,30.78,24.08,46.82,44.99,17.55,26.8,18.1,68.21,24.22,53.65,16.07,32.13,18.78,13.62,19.36,18.05,18.71,24.99,56.6,29.94,37.01,30.13,15.13,39.96,20.42,15.65,21.64,16.13,26.57,17.3
2025-11-25,15.93,30.64,21.07,29.4,30.38,47.44,65.6,32.47,22.23,46.35,51.58,24.09,31.86,18.36,31.77,21.52,35.51,9.16,16.05,22.1,46.3,22.0,30.7,26.72,23.17,15.72,30.81,29.79,27.27,19.22,19.34,19.38,34.0,12.17,29.67,27.42,14.69,23.41,51.81,26.51,27.0,36.88,37.76,25.68,32.41,17.15,26.89,48.44,26.44,26.63,15.61,19.61,17.4,17.89,26.53,18.99,28.81,55.85,18.68,20.35,23.59,23.84,48.92,20.29,32.0,33.33,23.58,22.54,76.55,21.46,32.67,32.05,24.26,46.48,43.91,17.25,26.84,18.13,66.74,27.8,52.46,15.77,33.13,18.39,13.41,19.34,17.85,19.32,24.39,55.27,29.26,36.17,30.94,16.06,39.07,21.59,16.47,21.28,15.87,27.7,17.47
2025-11-26,14.24,31.29,21.09,29.13,29.8,48.29,66.52,32.31,22.41,46.2,52.11,23.82,33.36,18.43,30.75,22.06,35.11,9.6,15.72,21.28,46.37,21.98,30.53,27.2,23.1,16.76,31.59,29.76,27.93,19.42,27.96,19.45,33.88,13.02,29.32,26.54,14.28,21.25,52.82,26.42,26.92,36.32,37.26,26.15,32.91,17.16,26.11,48.0,27.97,26.77,15.53,19.85,17.38,17.94,26.96,19.02,29.25,55.07,18.68,19.93,23.38,24.01,48.22,20.37,32.0,33.9,23.71,22.83,76.98,20.65,33.27,32.36,24.0,45.64,47.76,17.7,26.85,18.08,66.26,26.03,36.83,15.9,32.97,18.83,14.18,19.15,17.15,18.66,23.88,53.5,30.32,36.03,30.99,16.04,38.61,21.29,16.44,21.14,15.79,27.78,17.41
2025-11-28,14.63,31.82,20.51,28.72,22.3,47.74,67.68,32.96,17.58,47.58,51.51,24.23,31.96,19.2,30.31,21.59,35.16,9.45,14.08,20.26,27.74,20.97,30.44,27.48,22.68,16.64,32.73,29.29,27.93,20.04,27.67,17.98,34.85,11.9,30.07,27.18,12.77,21.0,53.59,26.24,27.26,36.52,37.34,26.61,33.24,18.15,27.08,57.67,26.6,26.39,13.89,21.16,14.62,17.06,29.15,19.87,28.82,55.2,18.03,19.3,21.755,22.71,50.37,19.92,32.28,33.77,24.21,22.64,79.05,16.39,34.36,31.06,24.23,41.17,48.7,14.53,26.75,17.54,65.52,23.94,36.73,16.13,32.43,19.14,14.25,16.94,15.59,18.65,23.75,54.44,27.37,37.94,29.7,16.04,28.82,20.64,16.01,20.41,15.81,27.96,17.44
2025-12-01,15.53,27.9,20.95,31.15,23.01,48.61,68.85,35.15,20.66,33.45,53.93,25.32,24.25,19.51,31.1,21.79,27.73,9.72,15.12,20.65,28.6,21.45,26.36,28.15,23.89,16.54,31.97,29.71,21.87,17.93,27.69,19.12,36.15,14.91,29.97,27.6,16.16,24.14,56.36,27.22,27.99,37.7,38.56,28.16,34.03,18.62,27.74,58.43,26.36,26.75,14.57,21.74,16.26,14.95,30.03,23.84,29.86,56.15,18.94,21.64,20.13,24.26,28.37,20.55,14.03,36.75,24.92,20.98,81.08,18.42,34.02,32.0,22.78,42.75,43.95,14.11,28.18,17.8,65.58,24.16,36.67,21.39,32.59,19.62,15.18,17.18,14.71,18.39,23.6,51.48,27.75,38.69,29.42,16.19,27.83,21.12,15.8,16.24,15.77,28.15,16.97
2025-12-02,15.42,27.24,21.08,30.67,22.44,49.0,67.26,34.29,20.15,32.64,52.78,24.68,42.05,19.02,34.98,21.24,28.12,9.5,14.93,20.17,29.28,21.62,26.5,27.99,23.66,16.56,31.51,29.12,22.36,18.14,27.0,18.89,35.65,14.78,29.22,27.37,16.3,23.63,56.88,26.59,27.39,36.76,37.59,27.49,33.24,19.17,27.4,63.79,25.89,26.09,14.27,21.22,17.32,14.7,30.2,23.59,29.56,55.28,18.52,21.39,19.74,24.57,27.88,20.11,13.94,36.26,24.3,20.72,79.07,17.99,33.18,31.3,22.39,41.97,43.11,13.98,27.57,17.68,64.65,24.03,36.37,21.01,31.76,19.23,14.82,17.96,14.98,18.24,23.78,50.17,30.28,38.16,28.77,15.79,27.17,20.61,15.4,15.9,15.87,27.46,17.07
2025-12-03,15.58,26.25,21.31,33.77,22.89,48.82,67.15,34.27,19.66,29.04,52.27,25.67,41.91,19.9,35.37,25.11,33.43,8.56,15.07,22.96,29.37,19.35,24.71,28.29,25.39,15.29,32.3,28.75,25.2,16.64,28.45,18.72,35.89,14.97,30.47,27.3,16.28,23.62,56.81,26.0,27.01,36.88,37.65,28.62,33.6,18.27,27.26,63.51,26.4,25.48,12.79,21.68,16.46,13.84,29.12,24.22,29.65,54.74,18.47,22.58,19.18,24.34,27.57,17.48,14.23,31.56,25.81,22.17,77.82,17.99,37.02,29.41,23.02,40.85,45.79,12.49,28.03,17.05,64.51,25.24,37.65,20.9,32.45,19.98,15.0,17.92,14.89,18.13,20.83,51.44,32.84,38.42,32.22,15.77,27.29,21.88,14.98,15.65,19.88,27.8,18.24
2025-12-04,16.4,25.95,20.59,32.96,22.97,46.84,66.3,35.13,18.97,28.8,50.96,25.75,40.31,19.9,35.29,24.96,33.36,8.65,12.76,22.9,25.09,18.37,24.18,28.38,25.46,17.4,34.07,26.46,26.64,16.65,28.13,18.93,35.87,14.99,30.36,27.37,16.65,23.78,54.09,26.81,25.54,35.85,36.57,28.59,33.59,18.26,27.5,65.41,26.6,25.14,14.38,22.08,16.35,13.67,30.35,24.35,29.6,53.74,19.07,22.41,18.91,24.4,29.19,19.12,13.8,32.52,25.85,22.43,74.15,19.34,37.03,27.97,21.48,40.0,46.76,12.71,27.32,17.23,58.68,25.5,34.27,21.78,33.16,20.17,15.09,13.93,14.78,18.48,20.31,48.39,32.88,34.39,32.75,15.74,30.09,21.71,14.6,16.14,20.04,27.8,18.42
2025-12-05,16.68,26.41,20.3,32.88,29.39,44.94,65.57,27.5,18.89,28.75,51.14,25.31,40.3,18.46,36.5,24.6,33.03,8.68,12.76,22.99,21.8,18.41,23.3,28.39,25.4,17.35,38.59,26.36,26.93,17.39,28.55,18.71,35.87,15.41,26.87,26.99,17.22,25.28,53.84,27.07,24.28,35.36,36.05,29.19,33.07,18.26,26.7,64.75,26.96,24.76,14.24,21.99,16.53,13.98,30.0,23.45,29.11,49.72,19.21,21.4,19.7,24.67,29.43,18.15,13.96,33.28,25.9,22.23,69.62,19.34,38.02,27.69,22.53,39.69,47.08,13.64,27.33,17.52,59.12,25.5,31.29,21.57,30.32,20.7,14.88,13.81,14.88,18.52,20.23,46.36,32.18,33.75,32.69,14.72,30.05,21.83,15.42,16.2,20.11,27.41,18.47
2025-12-08,17.0,27.42,22.03,31.49,29.72,43.4,62.47,29.09,20.95,27.97,52.14,27.02,41.65,18.13,37.62,25.02,34.26,8.57,13.22,23.17,22.3,19.62,24.09,27.88,24.25,17.53,33.75,26.19,27.97,17.25,29.46,19.09,37.73,16.01,27.0,27.41,16.15,26.2,53.21,24.0,23.61,36.66,37.24,29.82,33.82,18.43,25.63,65.83,29.18,24.96,14.58,22.47,14.94,15.58,30.52,24.9,29.95,51.08,19.94,20.01,18.92,24.29,28.5,20.11,13.54,34.44,25.79,22.68,72.82,21.16,40.23,31.06,21.47,39.26,47.94,12.26,28.32,21.68,54.61,24.39,28.69,21.6,28.41,20.83,15.05,13.75,16.44,18.75,18.97,45.43,32.47,34.91,33.68,14.44,29.51,22.29,16.17,17.08,20.08,28.87,17.01
2025-12-09,16.64,26.73,21.55,30.79,29.34,42.49,60.92,29.52,21.74,27.41,50.86,26.4,42.07,17.86,36.67,24.61,34.5,8.35,13.5,22.59,21.85,19.65,23.59,27.19,23.65,17.12,32.9,25.55,28.46,16.82,28.83,18.86,36.8,15.65,26.45,26.87,15.8,25.56,51.87,24.05,23.64,35.69,36.26,29.15,33.16,18.25,25.01,64.16,28.45,24.96,14.85,27.48,14.58,15.34,30.5,24.29,29.45,50.16,19.49,19.51,18.75,24.77,28.5,19.74,13.21,34.91,25.25,22.12,71.32,20.89,39.26,30.33,20.94,38.27,46.82,12.29,28.45,21.55,53.23,24.38,27.98,21.09,28.04,20.31,14.69,13.58,16.69,18.53,19.19,44.46,32.01,36.59,32.83,15.64,29.23,21.73,15.76,19.63,20.28,28.32,17.9
2025-12-10,16.67,26.88,21.97,30.65,29.38,42.92,58.57,29.31,21.51,27.46,50.55,28.64,42.2,18.13,36.95,24.94,34.47,8.4,13.45,22.9,24.28,20.0,25.59,28.6,25.76,17.7,33.0,25.39,27.86,18.25,28.76,21.33,36.99,15.86,26.71,25.84,17.72,24.66,71.33,24.58,27.75,33.79,34.21,29.17,33.89,18.22,24.64,64.15,28.56,22.69,17.8,29.66,14.59,15.62,26.7,23.7,29.75,48.14,19.51,19.49,18.08,24.91,28.41,18.83,13.15,34.92,24.88,22.96,69.61,21.93,40.36,32.72,20.85,32.15,46.83,16.78,28.94,21.4,45.48,24.01,30.23,21.49,28.66,21.19,15.38,13.6,16.75,19.59,21.69,42.95,32.03,40.13,33.07,16.18,28.32,24.69,15.74,19.67,21.27,29.24,18.04
2025-12-11,15.09,24.99,21.83,30.58,29.88,42.08,58.02,24.39,19.28,27.39,50.43,29.74,42.32,18.32,36.53,25.61,33.1,8.4,14.04,22.51,24.46,19.52,25.26,28.6,24.46,18.32,33.11,25.86,27.12,18.21,29.13,20.44,37.07,15.69,27.14,19.17,17.39,25.75,72.25,21.65,27.83,35.13,35.69,29.68,34.36,16.71,24.18,64.99,29.36,23.13,16.23,30.79,14.4,17.82,26.13,23.92,29.69,45.3,24.93,17.51,16.95,23.6,28.24,19.73,12.14,31.67,24.83,23.23,67.6,21.39,40.38,31.69,21.52,31.04,60.49,16.11,24.53,20.05,45.26,23.82,30.09,22.22,27.88,21.57,15.64,12.96,15.87,18.82,18.46,42.86,31.85,40.75,33.62,16.17,27.66,24.7,25.96,18.35,22.17,29.7,17.49
2025-12-12,14.87,21.42,22.16,30.32,30.15,45.39,50.13,24.39,19.19,27.25,67.17,29.8,42.72,18.43,35.64,25.83,33.86,8.48,13.76,21.8,29.87,19.84,25.02,28.79,23.89,18.32,33.12,25.25,27.78,17.11,29.78,22.3,36.57,16.08,27.59,19.23,17.59,29.6,74.83,22.94,27.88,34.86,35.35,29.57,34.39,16.51,24.17,66.92,29.44,23.24,16.27,30.35,16.27,21.26,24.87,24.13,29.7,48.59,25.4,19.09,17.14,23.59,26.49,19.08,11.92,31.82,24.53,23.23,71.93,21.52,39.87,31.42,21.51,32.63,60.93,16.22,24.04,20.91,44.07,24.63,30.37,22.14,27.78,20.83,15.1,12.81,14.9,19.15,18.32,43.01,32.0,40.72,31.78,16.57,27.46,24.88,26.02,19.27,22.16,29.68,16.88
2025-12-15,16.24,23.11,24.05,30.72,31.01,44.24,49.95,26.64,18.54,26.74,70.19,28.05,43.75,16.26,36.82,24.88,31.71,8.43,12.5,19.99,28.13,20.61,28.05,25.09,24.21,20.18,34.5,20.31,27.29,15.74,29.99,22.94,22.8,17.32,25.54,20.14,17.68,29.92,74.86,22.83,27.03,33.4,34.0,24.24,34.87,18.26,21.79,65.61,30.35,24.19,16.91,27.31,16.01,21.44,28.0,21.97,29.0,44.54,24.84,19.62,17.74,24.73,27.16,20.14,12.05,32.36,22.44,22.66,71.43,20.75,39.59,28.71,48.7,30.62,60.49,16.59,23.33,22.35,37.51,27.56,30.76,21.98,27.96,19.95,17.2,13.71,15.39,19.26,18.04,36.48,31.88,43.24,29.17,15.85,27.34,24.37,25.46,19.58,21.27,29.97,16.88
2025-12-16,15.84,23.17,23.8,30.41,30.53,43.51,49.01,26.04,18.17,26.08,68.43,27.49,42.66,16.4,35.99,24.75,31.05,8.29,12.96,20.61,27.46,20.23,32.59,24.46,27.52,19.7,33.63,20.04,27.4,16.64,29.32,23.26,22.39,17.07,26.59,19.64,17.5,29.26,72.96,22.37,26.59,32.77,33.35,24.43,34.21,17.87,22.17,64.01,30.62,23.82,19.09,27.24,15.9,21.63,27.48,22.28,28.66,43.6,24.35,19.84,17.32,24.36,26.79,20.28,11.8,32.6,22.22,22.21,69.94,20.25,39.04,28.32,48.3,30.13,59.82,16.4,26.16,21.79,37.32,26.89,30.73,21.97,27.29,19.59,16.77,13.75,15.21,19.07,18.23,36.37,31.19,42.19,29.56,17.44,26.66,24.06,24.96,19.09,21.15,29.9,18.73
2025-12-17,14.84,23.01,23.77,29.44,30.08,46.54,51.27,25.4,17.25,26.04,70.23,22.04,42.26,14.19,31.48,21.63,31.79,7.93,12.8,18.34,32.42,20.24,32.6,16.77,30.59,19.58,31.99,21.19,27.33,17.29,29.53,23.48,22.71,16.42,27.45,19.1,17.38,29.76,83.81,23.71,22.68,33.76,34.4,23.23,34.25,17.24,19.72,64.69,29.61,23.76,18.3,26.89,15.78,21.11,27.82,22.12,28.04,47.75,23.47,20.03,15.64,24.39,26.74,19.91,11.84,32.66,19.86,22.21,70.36,18.76,39.19,28.48,48.09,32.16,62.04,15.89,27.08,22.25,42.45,26.09,27.74,22.72,26.87,16.93,17.58,13.65,16.04,18.34,18.6,41.26,30.02,42.35,29.67,16.88,26.68,18.84,24.4,19.13,19.4,29.93,20.17
2025-12-18,14.84,23.06,24.09,29.99,30.01,46.3,50.33,25.22,18.85,22.55,70.38,21.99,41.94,14.48,31.33,21.51,31.99,8.06,12.79,18.38,32.27,22.0,32.69,16.15,32.43,18.67,31.31,21.63,27.25,17.63,29.82,22.23,22.9,16.21,27.44,19.39,17.42,31.51,83.3,21.87,22.5,34.22,34.86,23.17,25.95,15.2,17.86,64.53,29.82,23.92,18.81,26.99,15.63,21.13,28.11,22.23,26.09,50.36,22.34,20.0,16.93,18.15,27.22,19.88,11.85,30.51,20.52,21.31,75.61,18.66,36.23,28.33,48.02,31.81,62.23,15.9,26.55,22.76,44.12,25.43,27.55,22.69,31.39,16.97,17.61,13.63,15.84,17.4,18.47,41.24,29.87,42.55,28.79,17.45,25.98,18.92,23.63,19.03,20.27,29.34,19.86
2025-12-19,14.88,24.07,21.82,30.01,28.75,44.29,54.49,25.52,19.06,22.56,69.79,21.85,41.6,15.42,30.01,21.51,29.75,8.13,14.05,18.56,32.61,21.9,33.2,16.23,31.62,18.64,29.47,22.17,26.47,17.2,30.0,21.68,22.2,16.62,27.41,19.27,17.45,31.64,80.51,23.33,22.59,33.37,33.83,23.54,27.99,15.07,17.69,64.29,29.83,22.12,18.83,27.02,15.69,21.14,27.76,22.1,25.84,50.96,22.47,20.41,16.83,18.13,26.94,19.78,11.84,29.92,21.22,20.85,78.48,19.31,35.09,48.53,48.32,33.24,66.47,15.64,25.4,22.88,45.35,25.45,27.54,23.52,31.84,17.63,18.16,13.07,15.4,17.76,19.11,41.5,29.82,42.44,28.21,17.5,25.87,18.47,23.64,19.51,20.72,29.15,19.28
2025-12-22,13.71,21.56,17.75,27.27,25.76,37.65,47.18,25.47,19.41,20.34,70.9,20.97,39.72,13.31,26.24,20.64,30.47,8.59,14.83,17.14,33.09,20.46,33.13,14.83,32.56,18.82,29.73,17.61,25.56,18.14,29.5,21.21,20.52,17.17,21.84,18.29,18.51,30.1,78.3,21.77,20.65,32.14,32.32,22.55,25.68,15.61,16.18,63.47,26.12,20.68,19.32,27.34,13.26,20.98,27.89,22.59,25.16,44.96,21.69,19.12,14.82,17.12,27.49,18.54,12.33,31.45,19.43,19.89,66.61,20.03,33.83,49.53,48.87,32.31,62.4,16.09,23.25,22.35,38.69,26.82,22.58,23.82,31.7,16.83,18.42,13.51,13.9,16.45,19.61,40.37,26.1,37.14,26.92,16.42,22.34,16.86,24.01,19.28,19.11,21.08,20.26
2025-12-23,13.49,21.11,17.36,26.6,25.98,36.71,46.0,24.83,19.48,20.45,69.56,20.44,38.85,13.01,25.57,20.2,30.17,8.44,14.46,16.72,32.26,20.4,32.3,14.56,31.91,18.57,29.29,17.18,24.95,17.76,28.78,21.1,20.03,16.91,21.29,17.87,18.11,29.34,76.39,21.45,20.53,31.6,31.82,22.04,25.09,15.27,15.79,61.87,25.48,20.26,19.07,26.7,12.98,20.46,27.25,22.09,24.53,43.99,21.16,19.71,14.44,16.69,26.79,18.11,12.03,30.65,19.13,19.41,65.14,19.53,33.11,48.33,47.85,32.98,61.05,17.73,23.14,21.89,37.89,26.54,22.01,23.26,32.35,16.64,18.27,13.22,13.97,16.29,19.62,39.82,26.01,36.2,26.25,16.06,21.97,17.12,23.4,18.79,18.68,21.54,20.06
2025-12-24,12.34,18.66,17.26,23.19,24.86,35.75,42.04,24.77,19.5,18.73,58.44,20.37,38.62,12.97,24.95,20.2,28.83,8.18,14.2,17.0,31.87,18.91,29.58,14.64,32.22,19.53,29.13,17.18,25.39,17.75,28.82,21.09,17.58,17.1,21.32,17.19,17.98,28.58,75.31,21.13,20.64,23.39,23.52,21.49,24.04,15.08,13.81,60.64,24.81,19.88,19.02,26.72,13.04,19.85,27.09,20.33,22.72,41.15,20.98,19.08,14.25,14.77,25.1,17.71,10.7,29.74,17.37,19.39,61.64,19.48,31.34,51.08,47.9,32.4,61.12,17.63,23.1,20.4,35.69,24.3,21.87,22.49,31.37,16.53,18.64,13.15,14.03,16.28,19.66,34.39,25.94,36.23,26.33,15.69,21.34,16.95,23.41,17.11,18.17,20.9,19.73
2025-12-26,12.52,17.6,17.39,22.56,25.17,31.42,37.75,23.91,20.05,18.5,57.94,20.32,39.48,13.01,25.66,20.45,28.7,5.88,14.49,18.46,32.21,19.33,30.33,13.19,32.74,18.72,25.89,17.55,25.24,17.85,19.21,20.58,18.4,16.73,21.26,15.91,18.52,29.29,76.58,21.14,20.1,22.95,23.14,21.82,19.16,14.75,14.09,61.43,22.26,19.11,19.19,26.86,13.24,20.36,24.26,21.13,18.15,41.94,20.94,18.75,13.46,12.44,22.72,18.08,12.35,24.42,16.97,18.82,63.3,19.27,30.84,51.48,48.18,31.45,60.7,17.35,22.53,20.55,38.84,20.83,21.7,23.08,30.11,16.87,18.59,12.9,13.8,14.78,20.5,36.46,25.87,36.02,26.01,14.8,21.54,16.14,23.54,17.06,18.76,18.32,19.58
2025-12-29,12.39,17.64,17.31,22.53,25.27,31.33,37.35,24.03,20.05,17.41,57.48,21.23,39.47,13.98,25.67,20.39,29.11,5.57,14.52,20.8,32.33,19.25,30.33,15.19,32.41,18.55,26.0,17.26,25.21,17.57,18.75,20.33,18.31,16.67,20.76,16.78,18.54,29.7,76.5,20.64,20.27,22.95,23.13,23.01,19.2,14.34,12.57,49.83,22.35,19.17,19.15,26.87,13.29,20.33,22.35,21.29,18.15,42.51,20.86,18.9,13.55,12.16,21.65,17.7,8.96,24.44,17.56,18.18,63.55,18.77,30.01,51.48,47.96,30.98,60.65,17.28,22.53,20.55,40.14,20.4,21.31,23.08,30.14,17.2,18.24,12.87,13.56,15.02,20.47,38.92,25.54,34.94,26.22,14.79,21.9,16.93,23.58,16.91,19.33,17.94,19.7
2025-12-30,12.09,17.29,17.33,22.19,24.74,30.91,36.4,23.42,19.68,16.99,56.1,20.82,38.47,13.67,25.17,20.02,28.39,5.64,14.34,20.87,31.52,18.78,29.58,15.47,31.94,18.08,25.51,16.93,24.58,17.39,18.28,19.82,17.85,16.31,20.23,16.69,18.1,28.95,74.65,20.69,20.3,22.37,22.56,22.86,18.73,14.08,12.9,49.15,22.02,18.77,18.7,26.21,12.95,19.83,21.79,20.84,17.72,41.9,20.37,18.43,13.23,12.33,21.39,17.25,8.79,23.93,17.32,17.72,62.24,18.45,29.27,50.18,46.75,30.28,59.24,16.84,21.96,20.05,39.91,19.89,20.77,22.56,29.39,17.27,17.8,12.67,13.29,14.67,20.02,38.28,24.93,34.27,25.77,14.63,21.36,16.78,23.07,16.62,19.0,17.63,19.21
2025-12-31,10.61,16.9,17.23,20.36,25.02,31.07,36.23,22.17,17.26,17.13,54.58,20.48,38.07,13.47,25.75,20.37,28.54,5.1,13.94,20.53,31.27,18.8,29.52,15.99,31.59,18.08,25.74,16.48,24.03,17.09,18.39,19.54,17.33,13.9,21.02,16.61,15.51,26.38,73.17,20.3,20.73,21.72,21.84,21.73,18.8,13.76,14.14,49.09,22.44,18.79,18.5,25.72,12.68,19.65,21.02,16.58,16.97,42.26,20.32,17.13,11.73,11.1,21.25,17.16,8.76,21.58,17.45,17.54,63.35,17.52,28.39,51.89,46.47,29.99,59.34,16.72,21.1,20.05,40.44,19.97,21.58,16.62,28.33,17.57,16.02,12.91,13.12,14.48,19.7,38.54,25.32,34.16,24.79,14.87,21.3,18.46,22.79,16.33,19.55,17.44,19.32
2026-01-02,9.64,14.61,17.12,16.68,31.54,32.36,39.35,21.15,17.73,18.5,56.03,19.92,24.9,13.83,19.61,16.33,21.5,4.71,14.67,18.9,34.16,19.39,30.34,16.79,32.6,17.9,31.38,16.52,19.69,18.15,15.99,19.63,17.46,13.7,21.59,16.66,16.87,30.0,74.87,20.76,21.18,21.66,22.06,24.38,18.69,13.15,14.79,46.34,28.85,19.41,18.98,26.14,12.02,20.19,20.53,18.72,18.02,50.28,21.06,15.29,11.84,10.87,21.85,17.44,8.7,21.78,17.42,17.27,71.26,18.2,25.61,53.04,48.83,30.58,59.6,17.28,21.11,20.39,44.58,18.44,19.81,17.86,27.76,17.15,15.92,11.98,13.34,16.59,19.78,38.11,17.2,32.28,20.49,14.48,20.67,17.42,23.91,16.81,17.63,17.0,19.07
2026-01-05,10.01,20.65,18.8,17.44,25.68,38.88,40.43,19.62,17.73,21.2,56.51,21.43,25.3,15.18,15.96,20.11,21.02,4.58,15.11,22.73,36.31,19.89,36.42,17.22,34.27,18.48,22.93,16.6,17.59,24.66,15.13,21.25,18.63,13.31,28.47,17.18,20.3,28.12,75.53,22.17,23.05,21.81,22.19,27.12,18.32,15.91,14.26,37.65,27.41,19.64,19.55,27.9,13.49,19.25,24.26,21.01,18.39,53.13,20.12,15.63,10.8,12.57,17.95,16.71,10.86,20.82,19.58,17.41,70.72,17.79,25.12,55.03,49.09,30.57,59.43,18.43,20.91,20.53,46.95,16.37,21.53,17.66,29.42,17.35,15.53,12.22,13.86,19.57,20.24,40.3,16.14,33.7,20.34,14.45,15.87,18.79,24.89,15.88,18.04,17.34,20.36
2026-01-06,11.33,21.12,18.63,23.26,25.6,40.08,40.92,21.96,17.28,23.61,55.07,21.07,24.62,14.82,15.65,19.83,22.13,4.46,14.72,22.6,35.53,19.42,32.13,18.95,34.45,18.89,24.2,16.2,17.12,29.91,21.1,20.71,18.13,13.25,28.37,19.83,20.18,27.39,73.53,23.54,23.18,21.42,21.71,26.4,18.78,16.53,16.94,37.29,28.01,25.26,19.04,27.16,13.13,18.82,24.64,21.02,18.12,54.67,20.63,15.76,12.36,16.69,17.53,17.39,12.7,20.5,19.1,17.57,74.6,17.33,24.49,53.78,48.11,29.84,58.01,18.03,20.8,19.99,47.3,20.08,24.15,17.33,30.82,17.06,15.33,13.26,14.36,19.52,19.96,41.95,33.23,39.95,20.81,14.33,18.23,18.41,24.36,15.51,17.61,17.74,24.14
2026-01-07,11.46,25.27,16.33,23.46,24.68,40.56,41.07,22.76,19.3,23.04,53.67,20.03,24.43,18.55,16.57,23.29,25.54,6.93,13.97,23.17,38.79,17.07,30.72,20.69,36.48,18.86,24.48,15.55,17.55,29.91,21.62,20.52,18.13,13.51,29.6,20.01,25.91,28.16,74.65,25.02,23.13,21.61,21.81,27.19,18.18,19.72,18.01,42.43,26.63,24.54,19.51,28.69,13.03,15.72,27.36,27.65,17.32,55.63,20.17,15.85,14.6,16.78,18.33,17.21,12.82,20.14,20.26,16.95,74.86,17.83,21.83,53.55,48.64,29.45,57.57,18.35,20.62,15.92,47.47,20.11,24.69,20.38,32.14,18.61,15.94,13.1,14.05,19.35,18.22,40.23,35.47,39.67,21.55,20.05,18.25,20.72,23.73,15.27,19.81,17.81,25.43
2026-01-08,11.47,29.51,16.32,25.12,24.04,43.05,41.83,24.71,18.48,23.75,53.79,20.35,21.16,18.49,16.59,23.46,24.9,6.98,13.5,23.54,39.36,23.73,30.78,20.71,40.42,22.93,25.68,15.25,16.2,31.01,27.99,20.39,18.08,13.9,29.66,19.58,26.33,30.49,77.16,26.83,25.72,21.64,21.81,27.3,20.31,21.32,19.55,44.63,26.65,24.25,19.52,21.95,16.53,15.89,27.96,30.96,21.06,56.06,19.93,16.83,22.47,16.21,17.66,17.8,15.27,18.48,19.99,17.3,77.18,18.23,21.82,54.72,49.37,30.51,57.51,19.61,19.7,17.99,48.41,21.06,24.84,20.41,32.01,18.84,16.36,13.11,13.79,20.31,17.57,40.12,35.6,37.98,21.95,21.31,18.25,20.92,24.23,12.09,19.34,17.15,27.71
2026-01-09,11.1,29.98,16.05,25.04,24.56,47.94,41.83,25.24,18.57,23.26,55.59,18.74,22.14,18.48,16.03,23.16,24.9,6.94,13.48,23.24,37.74,23.64,29.53,21.32,38.82,22.17,25.28,14.54,16.02,30.91,29.69,17.87,17.9,13.36,29.43,16.98,25.21,30.81,54.97,26.22,23.14,21.61,21.8,26.99,24.12,21.34,19.44,57.45,26.53,24.13,15.89,19.62,17.57,15.95,29.21,34.15,25.01,61.84,20.36,16.92,23.46,16.04,17.72,17.75,18.32,18.91,20.12,14.26,77.79,16.71,16.69,53.11,49.95,30.42,60.41,14.44,18.8,18.0,46.75,22.07,23.01,19.96,31.54,18.86,15.05,12.1,13.92,20.44,14.39,40.54,35.53,33.15,21.91,20.41,16.4,16.97,24.44,11.94,18.34,16.74,27.85
2026-01-12,11.57,30.75,15.6,25.51,23.2,45.17,40.31,25.89,20.12,22.31,37.98,22.83,23.03,19.0,18.05,22.57,24.63,7.78,13.02,26.99,34.8,23.69,30.21,33.14,40.38,23.35,25.87,13.44,12.36,31.44,29.45,14.73,19.75,13.46,28.32,17.39,26.07,28.67,55.01,25.21,23.77,19.75,19.61,24.49,24.11,21.77,22.1,56.05,26.48,25.35,17.69,19.6,15.3,10.26,29.53,35.07,25.74,58.62,13.97,14.99,24.11,16.22,18.62,18.04,19.88,20.14,20.13,13.71,72.14,18.03,14.99,53.41,50.66,27.68,43.97,14.78,19.48,18.0,47.72,22.47,28.94,21.95,32.42,19.6,15.28,12.44,13.88,20.41,15.97,40.37,36.22,33.74,20.39,19.93,16.83,18.43,14.74,11.58,18.1,18.43,28.56
2026-01-13,11.5,29.97,15.2,25.53,28.98,44.37,45.12,25.27,20.42,22.88,37.08,22.22,22.77,18.97,18.38,21.96,23.97,7.8,12.91,26.78,33.99,23.34,30.92,32.34,39.47,22.79,36.09,15.22,12.09,30.66,29.28,15.61,19.22,13.23,27.6,17.49,25.4,27.97,54.09,24.71,23.16,19.4,19.33,24.48,23.76,21.24,23.97,58.92,30.49,25.9,18.5,24.66,15.35,10.15,28.83,34.19,25.2,59.19,19.1,15.05,24.23,15.84,19.1,17.85,21.49,20.18,21.23,14.19,71.76,17.71,15.35,52.15,49.9,26.95,43.17,15.77,19.0,17.62,46.45,21.87,29.15,21.39,31.59,19.39,15.13,12.16,14.78,20.82,21.33,39.31,35.31,33.0,21.0,19.4,17.47,18.14,21.46,13.26,18.52,19.22,28.5
2026-01-14,10.62,29.22,12.51,29.15,29.1,44.82,44.74,24.37,21.79,24.0,34.28,22.24,23.53,23.18,16.96,21.84,21.79,7.83,11.84,29.5,33.4,23.73,28.91,32.57,41.46,19.79,34.83,15.63,13.56,31.09,30.39,15.64,19.21,13.08,27.77,17.25,25.35,29.97,53.89,25.51,24.43,19.25,19.2,24.66,23.92,20.75,25.01,58.81,36.88,25.38,19.71,24.75,15.22,10.71,26.47,34.78,25.21,60.81,19.18,14.82,25.31,17.65,20.7,16.36,22.57,21.47,21.6,16.31,71.7,17.77,15.94,52.23,28.49,27.59,45.11,17.08,18.21,17.47,46.46,21.96,28.94,21.94,31.6,18.44,14.18,11.71,15.45,22.09,21.77,37.26,36.01,29.85,21.05,19.49,17.03,18.49,21.6,15.6,25.05,19.28,29.48
2026-01-15,10.58,29.78,12.42,28.87,29.17,47.46,45.06,24.35,23.11,24.04,34.4,22.23,23.93,23.09,17.0,29.22,22.04,7.83,11.0,32.91,33.49,23.58,22.6,32.71,39.01,19.7,35.69,16.12,14.74,29.9,30.26,14.05,18.93,12.46,25.94,17.41,24.9,29.71,53.76,26.77,24.45,19.58,19.5,28.36,23.35,20.84,27.53,58.94,35.5,25.42,17.57,24.4,15.7,9.6,29.76,33.64,24.64,61.23,19.25,14.19,25.13,17.36,20.12,15.23,22.57,19.46,28.95,16.27,70.34,17.72,15.38,52.37,27.4,28.35,45.25,17.16,14.05,18.0,45.49,21.84,29.05,21.06,32.24,18.46,14.09,13.13,15.28,21.48,21.51,35.05,37.19,29.5,20.18,19.42,17.2,18.61,21.59,16.06,24.97,18.92,27.54
2026-01-16,10.61,29.74,12.87,28.99,28.27,43.46,39.52,24.33,23.3,23.79,30.8,23.36,23.84,23.3,16.68,29.11,23.46,7.75,10.45,32.91,27.49,23.45,22.62,32.76,36.07,19.68,36.04,14.48,19.51,29.59,29.96,15.09,20.02,11.26,24.45,18.88,24.78,28.4,41.03,27.74,23.81,15.15,14.75,28.85,23.17,21.57,29.09,58.36,35.58,25.61,17.69,24.71,15.63,9.59,29.55,33.22,24.68,56.03,19.24,13.19,25.08,19.12,19.85,16.85,22.48,21.41,29.05,16.58,70.53,17.95,15.27,51.86,28.09,23.97,40.15,17.16,12.52,16.7,42.56,21.84,28.49,19.66,32.34,18.59,13.16,13.71,14.52,21.09,22.48,31.39,36.52,28.08,21.8,19.37,18.5,18.75,21.64,15.62,24.91,18.94,26.74
2026-01-20,15.33,29.57,12.54,34.5,28.62,46.97,35.23,24.71,24.91,26.83,36.34,26.88,23.47,23.24,17.37,35.16,24.6,8.05,10.39,37.25,30.61,21.59,21.89,36.78,36.83,19.59,37.54,14.42,21.09,29.89,30.28,15.81,20.23,9.33,28.07,21.18,27.31,31.09,38.72,27.37,27.17,17.48,17.09,30.36,21.24,23.41,34.57,60.34,35.84,24.95,17.13,27.22,17.2,10.64,29.35,34.22,26.0,54.4,19.51,13.78,25.25,20.89,19.74,32.03,22.53,21.63,32.2,15.66,64.32,17.04,15.4,32.79,27.35,26.08,40.35,17.73,12.92,17.16,35.78,26.89,30.32,23.01,28.15,21.5,10.11,14.03,14.82,21.56,22.64,31.95,37.84,29.32,23.36,23.11,18.82,19.18,21.63,14.78,25.07,19.41,27.01
2026-01-21,15.59,29.81,12.56,35.96,29.42,47.11,43.48,27.87,24.91,26.79,36.45,27.8,23.43,22.63,20.56,34.39,24.48,8.03,9.35,35.84,31.5,22.02,23.05,36.64,36.94,19.46,36.63,14.69,21.75,29.76,32.76,18.85,22.04,9.23,29.29,21.71,27.21,30.64,39.94,30.88,31.05,18.4,18.09,30.45,22.53,22.66,35.46,68.74,35.21,24.08,17.17,26.04,17.22,11.56,32.21,34.15,27.69,54.59,19.18,14.37,25.71,21.44,20.72,31.78,22.49,18.61,31.82,17.2,66.13,16.99,16.48,31.7,26.58,27.74,39.31,17.66,13.85,16.65,35.8,26.43,31.32,22.19,27.53,19.51,10.07,13.69,14.61,22.93,22.67,33.58,38.46,28.19,24.84,26.75,18.82,19.94,21.17,14.78,24.18,18.23,27.71
2026-01-22,15.41,30.02,40.0,36.29,31.16,48.49,43.45,28.02,24.85,26.56,35.27,29.31,23.27,22.91,20.3,34.5,24.45,8.15,9.36,36.12,31.44,22.1,23.25,37.36,36.85,20.16,39.19,15.27,22.06,29.84,33.31,18.95,21.88,10.71,29.28,21.75,27.08,41.59,40.1,31.2,31.07,18.0,17.6,30.46,22.93,22.67,35.56,68.66,40.5,24.32,16.73,25.85,17.11,12.39,32.28,33.83,28.13,57.16,19.81,13.12,25.59,21.63,29.79,33.78,22.54,20.07,31.82,18.5,65.73,17.38,17.3,31.73,29.82,25.54,40.74,16.51,12.84,18.96,35.9,26.13,31.64,22.42,24.94,21.02,12.3,13.52,14.42,22.91,22.67,37.73,38.08,29.29,25.4,26.98,18.52,20.12,21.15,14.94,26.0,17.93,27.75
2026-01-23,14.98,30.03,39.87,36.77,31.31,48.38,43.64,28.14,25.06,27.53,35.49,29.79,23.33,22.98,20.41,34.74,24.42,8.12,9.91,35.76,34.63,22.21,22.95,46.36,36.81,19.56,38.9,15.39,21.68,29.83,34.21,20.78,22.58,10.54,30.43,23.03,27.34,41.49,40.0,33.5,31.66,18.34,17.98,33.78,22.93,23.07,35.59,102.08,42.89,24.26,16.63,25.95,17.69,12.92,33.22,34.31,28.1,57.87,19.87,13.39,25.82,21.71,30.49,34.09,22.91,19.97,32.61,22.68,65.54,17.43,21.69,28.39,33.89,26.22,40.29,16.52,14.65,18.79,37.47,26.64,31.67,22.5,25.29,22.07,11.88,13.43,13.98,24.78,22.49,37.73,38.38,29.33,25.36,27.04,19.49,20.67,20.91,14.47,25.72,17.94,27.62
2026-01-26,19.54,30.2,40.45,36.78,31.96,48.89,46.23,28.43,24.91,27.58,36.03,29.88,24.1,23.26,20.48,34.9,24.42,8.21,10.67,36.05,34.79,23.21,22.78,46.77,36.74,19.98,39.03,19.75,21.83,29.65,34.2,20.83,22.49,11.28,30.31,23.04,26.96,41.59,40.23,33.34,31.62,18.89,18.59,34.08,22.93,23.19,36.0,105.24,42.71,24.72,16.6,26.6,17.74,12.94,33.22,35.15,28.11,57.96,20.12,13.78,25.79,21.46,31.34,34.63,23.15,20.16,33.18,23.07,66.97,17.47,21.09,28.11,35.34,25.99,42.19,16.81,14.91,19.09,36.64,26.93,31.58,22.67,26.4,22.23,12.13,13.49,14.05,24.8,22.53,38.54,38.55,29.38,25.9,27.05,20.0,20.76,21.29,14.43,26.45,17.98,27.62
2026-01-27,19.73,29.93,39.38,36.46,31.65,48.78,45.04,27.68,24.26,28.23,36.49,29.23,24.83,22.77,20.41,34.38,24.51,8.01,11.97,35.1,33.87,22.62,24.4,45.6,35.95,20.03,38.02,20.74,59.09,28.88,33.29,20.37,21.97,11.76,29.96,24.03,26.3,40.69,41.54,33.05,43.41,18.39,18.09,33.2,23.57,22.71,35.13,102.81,42.16,24.08,16.53,25.9,17.75,12.92,33.21,34.51,28.37,59.79,19.81,13.46,25.15,20.9,30.5,33.84,22.62,19.69,32.33,23.97,66.46,17.96,20.57,29.78,35.75,25.66,43.23,17.7,16.49,18.91,35.7,26.61,30.76,25.1,26.1,21.78,12.08,13.18,15.0,24.32,22.57,37.56,37.57,28.79,82.49,26.47,19.48,20.59,20.82,14.28,26.07,17.77,27.04
2026-01-28,19.72,30.94,39.64,37.18,32.07,48.69,45.04,29.23,24.82,28.39,36.47,28.91,25.67,22.44,20.71,34.66,25.08,8.34,11.6,34.56,33.57,23.02,24.71,45.73,36.06,20.34,37.94,20.67,60.15,28.88,33.34,26.98,22.0,11.76,29.82,23.46,28.4,40.92,42.44,33.45,43.93,18.3,18.06,32.59,24.1,24.31,35.11,108.22,42.08,24.08,16.86,25.77,18.03,13.12,33.53,34.58,29.33,59.06,19.95,13.29,26.8,20.79,30.48,34.11,23.01,20.0,32.08,23.99,67.86,17.83,20.67,30.24,35.58,25.89,43.2,17.73,19.02,19.12,38.71,26.73,30.8,25.38,26.44,21.68,12.23,13.24,22.72,26.39,22.47,36.07,48.84,29.47,84.18,27.4,23.08,21.03,21.08,14.32,26.07,17.77,26.98
2026-01-29,20.06,31.14,39.23,39.13,32.63,47.85,45.07,29.17,25.87,28.51,36.49,28.98,28.84,24.47,20.95,34.61,25.21,8.23,11.77,34.66,34.89,22.93,26.57,45.86,35.99,20.72,42.55,20.75,60.62,28.87,33.28,27.97,23.04,11.86,30.01,23.6,29.37,41.84,42.32,32.76,44.11,18.31,18.07,32.32,24.43,28.46,39.38,108.37,46.69,25.46,16.79,26.93,18.02,13.23,33.52,35.99,29.73,58.53,26.03,13.55,26.93,20.76,46.3,34.15,31.24,20.42,32.02,44.22,67.55,17.84,21.11,30.29,49.11,25.88,43.17,17.72,19.18,19.82,39.79,26.86,30.69,25.29,27.1,21.45,12.62,17.69,27.57,28.22,23.5,37.73,48.64,30.64,83.98,28.93,24.1,21.16,22.1,14.67,28.55,17.66,27.44
2026-01-30,20.22,31.44,41.51,39.27,33.06,53.48,51.54,29.15,26.11,28.65,36.4,29.43,28.67,24.49,21.74,34.42,25.55,8.56,12.43,34.69,35.14,29.57,26.99,45.88,35.94,21.51,42.48,20.65,60.63,30.32,33.19,27.9,23.25,11.71,30.72,23.15,29.14,42.82,42.11,32.76,45.0,18.24,17.99,32.28,24.17,28.09,38.81,110.12,46.73,25.39,16.81,26.93,18.88,12.92,33.94,35.17,29.36,63.99,25.95,13.18,27.24,21.34,47.73,34.78,33.56,20.96,31.82,44.21,70.18,17.84,21.32,26.81,49.39,25.94,43.65,20.7,19.46,19.94,40.81,26.35,30.54,25.13,27.97,21.26,12.48,17.46,31.19,29.48,28.36,39.86,48.95,31.45,84.09,28.87,23.94,20.95,24.1,42.41,28.31,17.97,27.02
2026-02-02,25.13,31.73,41.56,37.76,29.59,52.06,51.25,29.22,28.55,27.93,36.32,29.13,23.48,24.33,23.74,34.15,26.0,8.52,13.09,34.13,36.05,28.43,26.6,45.78,35.86,22.48,40.72,22.64,60.7,30.89,33.17,28.91,35.44,13.2,30.1,26.0,28.88,40.15,42.07,32.17,44.97,18.98,18.53,29.52,24.24,28.19,39.1,109.24,44.84,25.59,17.18,26.78,18.02,12.94,33.99,34.97,28.57,59.61,28.11,13.12,27.1,21.41,47.7,34.5,33.36,22.64,30.96,43.96,64.79,19.49,19.37,26.88,49.07,27.71,43.94,20.29,19.29,19.33,37.11,26.27,30.24,24.41,27.97,20.92,13.4,17.22,30.68,28.26,28.0,39.43,49.68,31.2,83.54,28.86,26.35,21.91,27.91,42.25,28.13,22.14,28.61
2026-02-03,24.51,30.93,40.52,51.04,37.58,52.61,50.53,29.34,27.84,28.22,36.96,28.48,22.89,23.94,40.5,37.03,25.34,8.3,13.67,33.6,35.31,27.76,25.93,44.64,36.24,21.95,45.07,24.0,59.62,30.69,32.87,29.97,34.55,14.18,30.04,29.92,29.44,39.19,42.11,31.41,44.13,19.39,18.89,28.96,23.66,27.59,45.34,106.47,56.32,27.08,16.83,27.4,18.44,12.68,35.65,35.14,28.46,60.08,27.53,12.79,26.58,20.87,47.31,34.15,33.78,22.97,30.5,43.62,66.4,20.91,21.54,27.05,52.31,28.69,43.65,24.92,22.71,19.13,44.06,26.74,31.26,23.97,27.49,21.08,14.98,17.24,30.41,28.35,27.77,38.44,48.58,32.8,81.43,29.49,25.91,22.43,27.57,42.51,27.43,23.15,29.98
2026-02-04,25.54,30.61,39.57,50.62,39.8,55.9,84.1,38.45,28.55,27.96,38.85,27.88,23.19,23.97,40.15,35.25,26.66,8.35,15.38,30.56,35.31,26.97,26.63,44.6,36.21,21.02,45.43,25.67,59.95,26.74,34.56,29.28,35.23,13.97,27.31,30.42,26.95,38.93,45.69,28.9,43.32,21.27,20.55,27.61,23.69,27.09,45.58,106.74,57.76,26.62,15.12,25.78,16.56,13.9,48.27,38.91,28.02,67.89,27.35,12.26,26.65,21.28,48.78,38.55,32.86,23.68,29.56,43.84,76.96,21.11,21.39,32.26,52.83,30.83,46.0,23.9,26.12,18.43,58.55,27.03,30.55,27.29,28.99,19.78,14.86,20.08,30.59,25.76,28.64,38.56,48.95,36.31,81.24,31.46,29.04,20.85,26.33,42.3,27.24,23.08,30.3
2026-02-05,24.53,30.16,39.44,48.39,40.26,54.63,84.47,37.55,30.29,29.38,39.06,27.56,23.12,23.91,41.34,35.78,27.49,8.39,15.38,30.82,36.29,26.92,24.37,44.22,36.52,20.83,44.98,25.78,60.21,20.47,32.69,29.5,35.57,14.08,31.04,29.04,26.45,38.69,46.01,28.65,44.98,21.11,20.47,28.56,24.23,27.16,44.61,106.87,56.16,18.21,15.25,26.52,16.58,17.95,55.8,38.67,28.2,64.86,26.19,12.15,25.41,19.06,48.77,38.22,31.35,23.63,30.36,45.89,70.3,21.44,21.99,32.9,56.8,31.01,49.76,23.26,26.4,18.23,59.94,23.73,37.82,27.15,27.6,20.77,14.93,19.52,29.7,27.85,28.33,36.68,41.9,29.72,80.67,31.46,27.72,20.87,25.85,42.29,27.47,23.38,26.93
2026-02-06,24.31,27.13,40.26,50.12,39.88,57.88,89.16,38.64,27.36,34.63,46.84,27.86,24.28,24.09,40.43,33.9,27.36,6.66,15.43,37.23,38.41,27.13,24.34,45.65,34.61,20.43,44.63,26.85,60.89,19.74,31.74,29.64,37.81,14.0,32.49,28.89,22.9,42.18,47.04,28.45,45.1,21.55,21.11,32.23,24.18,24.65,45.54,106.04,57.15,21.69,15.12,29.3,16.05,20.13,55.38,33.01,28.29,69.77,26.21,12.47,23.4,18.92,48.55,40.54,30.95,23.93,31.29,46.44,70.54,16.37,23.17,31.63,55.62,41.4,54.1,21.85,27.62,16.8,62.84,23.6,38.54,25.7,26.55,22.51,14.51,18.92,29.06,27.97,29.35,39.04,39.77,29.3,81.89,27.21,27.71,20.47,26.14,42.99,27.62,24.18,24.79
2026-02-09,25.41,22.73,41.38,49.85,40.63,53.24,91.74,37.63,28.11,33.82,46.2,27.4,22.62,24.4,43.1,35.45,28.55,6.79205,17.3,38.28,39.14,23.76,24.91,45.99,31.08,17.73,46.71,27.27,63.41,18.6,25.58,29.68,38.15,13.95,33.5,30.57,22.77,41.45,42.41,25.72,45.77,21.48,21.06,33.46,18.71,24.16,46.18,101.95,57.99,22.88,14.28,29.87,15.94,20.89,56.12,29.15,23.6,65.51,27.97,11.96,18.23,18.9,50.31,41.76,31.4,27.67,32.45,49.53,69.61,16.66,23.66,31.03,59.27,42.66,63.61,25.28,27.51,17.08,67.93,23.04,39.55,26.83,27.21,23.23,14.83,20.48,29.49,27.17,29.68,39.36,41.38,28.17,83.54,26.79,28.13,20.82,27.21,44.0,28.48,26.08,23.58
2026-02-10,24.79,22.22,40.76,49.4,39.61,51.99,89.55,38.88,28.81,32.97,45.17,27.03,22.37,24.65,42.78,34.65,27.84,6.92411,16.93,37.64,38.27,23.42,24.9,44.89,30.83,20.28,45.7,27.0,61.8,18.33,24.97,29.67,38.61,14.39,32.7,29.8,22.25,40.4,42.31,28.82,44.63,21.77,21.37,32.67,19.72,23.68,45.28,102.19,56.86,22.78,14.26,29.35,17.02,20.53,55.06,29.4,24.67,64.04,27.64,11.68,17.89,18.48,49.2,41.11,30.67,27.09,32.7,48.33,68.77,16.56,23.54,30.56,59.44,41.7,63.03,24.72,27.43,16.76,66.37,22.46,39.2,26.26,27.43,35.93,15.2,20.03,28.78,26.58,29.12,39.11,40.34,27.46,81.43,27.17,27.42,20.3,26.82,42.88,29.46,26.75,23.11
2026-02-11,24.83,22.38,41.12,50.91,40.0,52.64,89.27,38.8,28.46,32.96,44.59,24.06,23.05,26.21,43.21,34.66,28.6,7.05616,16.93,38.75,39.93,23.55,24.09,39.92,30.96,19.39,46.67,27.52,62.18,18.87,26.12,29.63,37.97,14.71,36.94,29.83,24.45,40.35,43.19,33.15,44.65,22.51,22.33,32.47,19.72,23.94,49.35,101.66,57.95,22.32,12.67,30.03,18.15,21.01,54.72,29.38,24.45,65.15,27.23,12.23,17.92,18.36,48.77,40.84,31.03,27.03,32.72,48.58,75.64,16.22,25.41,30.71,60.81,41.77,61.27,24.76,27.02,16.64,66.09,22.72,37.15,24.56,27.61,37.7,15.09,20.36,30.62,27.23,33.26,39.06,40.46,29.04,82.16,27.17,27.45,22.02,26.26,43.62,31.24,25.57,23.2
2026-02-12,31.09,24.52,41.42,51.77,38.08,54.22,87.33,38.73,31.37,33.21,45.91,26.37,22.43,27.26,44.1,35.74,28.64,7.18822,16.74,43.01,41.41,23.49,24.14,41.39,31.16,20.45,42.11,54.89,62.32,20.71,28.58,30.16,42.06,14.75,43.69,29.33,24.75,40.15,43.69,35.08,44.61,21.95,21.63,35.56,19.35,24.83,51.05,99.68,57.42,24.16,12.32,27.71,18.05,21.17,55.42,29.41,24.36,64.59,24.72,14.79,17.29,18.22,49.5,40.87,30.31,26.69,36.19,48.53,74.81,16.22,28.73,30.95,62.32,42.2,61.34,25.59,27.29,16.66,67.12,22.9,36.92,25.78,29.32,37.67,15.95,21.44,28.96,28.64,30.04,39.95,41.18,28.68,82.67,27.29,27.7,23.21,21.6,42.15,32.43,27.51,28.18
2026-02-13,32.09,25.1,41.63,48.84,38.17,59.7,87.24,38.74,31.4,32.76,44.04,26.77,22.94,23.77,43.92,36.17,28.34,7.32027,16.76,41.4,41.59,23.11,24.56,40.96,28.78,21.14,43.83,55.29,62.12,19.98,27.96,29.77,43.61,16.33,44.39,29.37,25.78,39.34,44.1,35.14,44.17,22.03,21.71,35.54,18.9,24.71,50.51,99.1,55.41,24.28,11.37,27.54,18.31,21.39,55.45,29.26,24.41,63.82,25.24,15.73,16.23,17.24,48.97,41.11,29.7,26.11,36.86,48.19,74.52,16.96,29.34,33.3,64.46,42.63,61.38,25.84,26.94,16.89,67.97,21.49,37.87,24.53,30.81,37.58,17.67,23.21,29.33,26.11,30.49,39.61,40.75,28.84,83.66,26.97,27.74,22.8,24.17,42.58,28.49,27.4,26.55
2026-02-17,34.45,23.75,42.55,49.97,38.51,58.23,88.89,39.74,31.3,33.69,44.79,27.47,22.29,24.27,44.99,29.85,27.2,,17.65,40.35,43.2,24.24,23.49,41.17,30.24,21.86,44.71,56.61,61.81,21.59,28.78,31.09,44.34,17.65,45.44,28.58,26.52,42.06,41.42,33.36,45.29,22.59,22.34,32.24,20.78,24.75,49.36,101.26,58.21,25.79,11.34,28.48,17.47,21.76,55.19,30.23,26.38,63.69,25.99,15.96,24.04,19.33,50.18,42.49,30.92,25.24,30.89,49.2,73.65,18.0,30.17,35.17,65.49,43.23,63.49,28.56,27.39,16.36,69.89,23.68,39.21,25.58,31.09,37.9,21.97,23.53,29.39,26.28,28.91,40.94,40.41,29.67,85.39,27.22,30.38,23.32,25.68,42.38,29.2,31.87,27.86
2026-02-18,33.58,24.38,41.72,49.8,37.99,57.32,86.68,38.9,33.04,34.05,43.7,26.91,22.85,24.01,46.14,30.09,27.0,,17.52,40.14,43.01,23.76,22.95,40.87,29.71,22.24,44.74,55.45,60.28,21.6,28.93,30.89,43.68,17.99,44.61,28.1,27.11,41.07,40.56,33.86,45.31,22.2,21.98,32.3,20.26,24.44,48.5,98.83,58.86,25.98,11.06,27.85,17.2,21.21,54.04,29.52,25.73,62.33,25.74,15.58,23.44,20.26,48.94,42.05,30.14,24.66,32.28,48.21,73.59,19.04,30.17,34.49,64.51,42.52,62.49,28.06,26.73,17.72,68.92,23.26,38.36,25.02,30.31,38.35,21.82,23.62,31.57,28.21,31.04,39.94,39.94,32.14,83.23,26.54,29.61,22.85,25.06,42.56,28.84,31.92,28.4
2026-02-19,31.4,25.55,41.77,49.07,37.81,56.09,87.02,39.38,31.07,32.71,39.16,24.38,23.74,23.6,49.86,25.74,25.75,,16.55,36.77,41.32,24.98,23.27,38.97,27.16,22.51,44.03,54.61,59.91,21.26,45.17,31.56,43.73,18.12,43.3,25.6,26.62,38.56,40.74,34.16,44.22,20.83,20.68,32.23,20.22,22.91,46.38,98.14,58.66,25.66,10.75,25.48,17.13,20.22,54.04,29.69,23.2,62.52,25.76,14.29,24.81,19.44,47.86,33.11,30.11,24.69,29.98,48.19,73.79,18.94,30.26,34.18,64.47,39.23,59.8,28.07,27.72,17.28,68.96,18.08,37.05,22.75,30.25,37.64,26.19,23.51,31.51,28.33,30.11,37.25,40.96,32.23,82.72,22.59,29.67,23.71,24.98,42.51,28.25,32.22,28.44
2026-02-20,31.71,25.4,41.8,47.13,37.23,55.9,81.97,37.8,31.34,34.4,38.96,23.42,23.63,23.65,49.04,25.41,25.75,,16.48,36.67,40.99,24.95,22.13,39.34,27.53,21.57,43.78,54.63,59.56,21.49,44.19,28.49,42.58,18.04,42.63,25.45,26.07,38.9,39.17,32.45,42.11,23.84,24.2,32.07,18.48,22.57,45.49,88.81,58.77,25.91,13.42,25.6,17.3,20.16,52.57,30.16,19.73,62.76,26.0,14.18,24.45,18.49,47.93,33.21,30.29,24.43,29.96,47.83,71.17,18.94,31.08,32.85,64.86,38.15,61.48,27.78,27.66,17.18,69.03,18.05,36.85,22.76,29.15,37.47,26.47,23.61,31.48,25.08,30.08,35.68,40.43,32.6,81.82,20.58,29.32,23.23,25.1,42.46,28.43,32.76,29.82
2026-02-23,32.5,26.77,20.89,50.96,39.35,56.64,82.51,38.6,32.14,33.78,39.34,33.53,23.89,27.4,52.18,26.46,26.16,,16.63,40.31,39.32,26.03,22.6,42.86,28.2,21.84,43.62,56.55,60.39,21.9,45.22,29.07,43.34,17.22,43.92,25.29,26.69,27.05,39.16,31.89,43.5,24.3,24.74,32.16,19.09,22.78,66.75,62.93,54.95,27.61,14.04,29.78,17.32,20.24,56.25,30.58,21.41,62.78,33.39,15.0,26.28,19.74,45.91,32.44,31.33,23.12,34.57,47.06,73.1,19.71,30.45,36.0,63.5,38.83,63.32,27.67,28.66,17.71,70.09,18.83,37.64,23.91,30.78,37.06,24.68,24.47,32.3,25.94,31.15,34.06,41.15,35.63,83.31,21.24,30.23,29.55,30.32,43.37,31.51,33.94,31.19
2026-02-24,32.32,26.2,20.63,49.7,41.25,55.23,87.29,37.65,31.33,33.93,38.76,32.7,24.04,27.05,55.43,26.12,25.5,,16.21,39.43,38.38,25.42,22.08,44.06,27.49,21.71,46.22,55.12,60.0,21.37,44.38,28.35,42.73,16.79,44.67,24.69,26.17,26.71,41.15,31.82,42.97,23.68,24.12,31.65,19.93,22.22,66.49,64.45,54.01,27.02,13.75,29.02,16.92,19.86,55.09,29.8,21.57,61.2,32.62,14.91,25.88,20.21,44.78,31.62,30.55,22.62,34.1,46.45,71.33,19.65,31.74,35.59,62.79,37.9,63.65,26.97,27.94,17.32,68.32,18.44,38.73,24.17,30.73,36.25,24.06,23.99,31.93,25.43,30.36,34.73,42.09,35.22,81.45,20.75,29.47,29.23,29.61,42.36,30.79,33.12,30.89
2026-02-25,31.07,26.3,20.35,49.48,41.14,56.26,86.89,37.51,34.89,34.39,39.08,33.78,23.94,28.47,56.51,26.47,25.67,,15.97,42.14,38.55,25.18,24.38,47.08,27.7,21.64,48.35,54.21,60.8,21.71,46.88,28.1,42.76,16.61,44.95,25.58,27.19,27.24,41.62,31.72,43.18,23.02,23.4,32.15,21.33,22.42,67.93,60.79,60.9,28.34,14.13,29.61,16.83,19.88,55.24,30.91,29.36,61.16,33.69,14.64,26.69,20.21,44.89,30.81,30.25,23.04,35.25,47.92,70.98,20.04,38.46,35.77,62.32,38.04,62.6,27.18,27.88,17.94,70.81,18.37,38.86,24.37,30.76,37.33,24.08,24.04,32.8,25.24,31.42,34.21,41.88,36.43,83.22,21.49,29.7,29.87,30.35,43.07,31.83,33.32,30.9
2026-02-26,31.06,26.14,20.48,59.98,40.92,58.77,87.25,38.02,35.17,32.44,39.78,35.24,23.53,28.75,57.14,26.11,25.46,,15.29,42.51,39.65,25.2,22.28,47.21,27.51,21.67,51.13,53.9,29.15,21.7,47.17,28.15,42.82,16.34,45.84,25.02,28.26,27.61,40.7,32.1,31.78,23.49,23.79,32.28,20.65,22.61,68.67,61.03,63.37,28.31,14.4,29.75,16.6,21.42,54.77,30.6,29.15,58.91,33.66,14.64,26.6,20.31,44.94,30.55,30.31,25.63,36.12,46.91,69.77,23.35,39.37,34.35,65.16,42.89,62.08,27.34,26.77,17.43,71.28,18.42,38.78,20.92,30.64,38.23,24.05,23.89,32.35,26.32,32.21,34.77,42.01,38.07,34.71,21.5,30.59,30.48,30.59,43.04,31.74,33.52,30.83
2026-02-27,33.26,26.88,18.56,60.33,41.21,58.94,87.15,36.9,36.68,33.01,39.8,44.59,23.38,33.26,57.16,26.88,24.76,,15.18,46.41,40.33,24.81,21.73,51.7,28.15,22.72,51.45,54.24,28.78,21.98,47.25,23.62,42.8,16.53,46.11,25.35,27.49,26.29,40.57,34.0,32.41,24.17,24.46,41.84,20.78,21.01,68.58,48.22,65.87,28.32,15.03,30.56,16.36,21.77,55.43,31.51,28.65,59.36,33.7,15.43,26.72,20.49,45.12,30.13,30.24,27.4,42.16,46.98,66.46,24.04,59.45,35.46,65.11,44.75,62.72,27.3,25.85,17.76,69.84,18.49,39.4,22.47,30.54,38.94,23.86,23.68,29.77,25.79,32.44,35.0,26.01,37.93,32.82,19.34,27.73,34.28,30.79,43.23,37.32,34.53,31.77
2026-03-02,34.04,27.43,18.34,60.86,41.39,55.88,87.24,37.96,36.93,33.85,40.76,45.4,21.78,32.67,58.25,27.49,24.95,,24.29,47.65,39.69,19.15,19.71,52.92,31.78,22.65,48.59,55.58,30.2,19.25,48.32,24.25,43.23,16.96,46.09,26.07,28.23,25.49,41.61,34.5,31.54,24.8,25.18,42.9,22.98,15.95,66.84,46.81,65.49,27.72,15.21,30.7,17.69,22.35,57.96,30.11,30.8,55.44,30.83,17.56,27.51,19.64,26.13,31.21,19.22,29.17,43.09,33.09,65.93,25.75,60.33,36.67,56.64,47.29,64.78,27.13,26.81,20.07,73.1,19.79,40.48,28.08,30.14,39.89,24.51,22.11,23.83,25.59,31.07,31.41,26.28,37.31,32.91,18.44,26.53,34.9,29.13,23.96,36.89,35.39,32.14
2026-03-03,33.21,26.77,18.02,60.31,43.11,58.93,85.69,38.35,36.0,33.12,40.02,44.34,22.79,31.92,56.78,27.14,25.74,,23.69,46.47,42.06,20.2,19.27,51.59,31.01,22.09,47.9,54.22,30.16,18.98,48.05,23.75,42.19,16.66,46.9,26.47,27.53,28.47,44.83,34.17,30.76,24.22,24.6,41.85,22.67,17.25,66.36,49.2,65.49,27.04,15.4,30.14,17.96,22.92,56.59,29.89,30.05,57.99,30.18,17.53,28.72,19.58,25.58,31.32,18.75,29.1,42.0,32.8,70.41,25.14,58.81,36.88,56.7,46.25,63.15,27.21,27.73,21.71,71.42,22.56,39.9,29.25,29.4,38.88,24.1,21.77,24.23,25.02,30.36,31.74,28.1,36.48,32.89,18.36,26.36,34.2,28.4,23.71,35.98,34.51,32.1
2026-03-04,30.06,26.7,18.15,59.9,43.27,58.91,87.14,38.34,33.76,35.84,40.32,44.66,23.46,31.42,56.78,27.11,25.9,,23.6,46.36,38.89,19.52,22.05,51.01,31.11,19.96,48.05,53.9,30.02,18.76,48.37,22.28,32.88,15.06,46.82,23.88,26.96,28.8,43.39,34.13,31.53,22.71,23.34,41.62,22.5,17.29,65.95,50.17,65.61,26.66,15.23,30.0,19.0,23.12,56.52,30.0,29.93,58.46,27.91,17.29,28.69,19.8,26.54,31.66,19.58,27.79,41.87,32.49,70.44,24.01,58.51,36.94,56.65,45.66,63.23,27.28,27.58,21.9,72.7,22.65,40.02,29.44,29.34,38.72,23.35,21.77,24.33,25.25,29.77,33.8,22.64,36.28,32.98,18.28,25.07,33.25,25.07,23.66,35.77,31.78,31.42
2026-03-05,30.17,27.46,19.37,51.09,35.93,59.05,87.1,39.6,34.46,35.9,42.03,44.72,24.67,31.22,55.26,22.77,28.04,,24.91,46.5,40.73,21.51,23.01,50.99,29.94,21.67,44.07,52.88,30.84,18.49,50.42,20.36,32.93,14.48,46.45,20.36,26.27,32.43,43.95,35.02,32.02,22.61,23.26,43.17,23.19,20.71,63.74,50.14,55.65,23.33,17.54,29.42,18.43,24.33,55.27,30.14,29.03,58.96,27.91,18.04,28.42,21.23,25.88,33.18,18.43,29.91,42.76,31.33,69.07,23.15,56.41,36.52,53.83,44.5,62.42,22.77,24.68,23.61,68.81,28.81,38.67,30.52,29.4,38.57,22.76,21.83,23.73,25.42,29.64,33.79,23.27,34.49,33.19,19.7,32.21,31.96,24.62,21.16,36.24,32.62,28.96
2026-03-06,28.62,23.72,19.79,51.15,34.68,58.52,58.4,29.04,33.99,36.1,39.48,44.5,28.34,30.92,55.4,35.24,26.77,,23.88,46.95,42.33,21.27,21.79,51.52,29.08,22.33,43.77,52.58,30.07,17.78,48.69,21.8,31.44,14.51,45.17,23.27,26.27,32.72,42.47,34.39,31.79,21.9,22.71,42.63,22.34,20.31,63.8,53.37,55.87,23.9,17.49,29.36,18.31,23.82,42.11,26.69,29.01,55.73,27.79,17.52,28.47,21.97,24.63,28.2,18.01,28.91,42.72,31.25,64.26,22.79,56.5,30.87,54.65,44.11,59.56,21.58,21.5,23.31,53.3,27.83,38.1,29.38,25.91,38.53,22.75,22.18,23.94,27.27,29.12,31.97,24.08,29.07,31.51,18.74,27.91,32.49,24.67,20.83,36.22,32.65,27.63
2026-03-09,29.44,23.8,21.72,50.36,32.61,57.94,53.93,26.12,33.11,26.75,35.79,45.6,28.57,28.75,55.93,34.14,20.24,,24.3,42.07,37.03,21.74,23.65,50.1,26.95,22.33,41.52,53.18,29.05,17.49,49.12,23.05,28.56,14.48,42.01,23.28,25.78,29.13,42.53,34.14,30.13,23.68,24.46,40.24,22.54,19.82,64.18,54.88,56.53,22.97,17.3,24.88,18.13,19.12,30.45,27.65,29.08,52.85,28.57,17.52,28.58,21.97,24.96,22.36,18.62,28.76,42.11,25.23,67.44,23.36,58.23,29.32,46.47,36.87,52.65,21.28,19.56,23.81,45.02,29.22,23.93,30.01,23.42,37.21,22.74,22.27,28.6,25.55,29.4,29.25,25.55,29.76,28.92,19.08,28.88,31.07,25.09,20.91,35.33,30.99,27.27
2026-03-10,28.79,23.22,22.24,50.22,33.31,56.8,52.59,25.49,32.37,26.1,35.09,44.44,29.59,29.01,54.78,33.66,19.88,,23.75,42.23,36.63,21.26,23.05,48.86,28.18,21.95,41.16,52.54,29.61,18.35,48.08,22.98,27.83,15.0,40.95,22.91,25.9,28.78,41.54,33.68,29.54,23.27,24.0,39.3,22.52,19.8,62.58,54.57,57.33,23.09,16.91,24.26,17.69,19.41,29.72,28.11,28.51,52.16,27.87,17.39,29.3,21.7,24.64,24.12,18.15,28.04,41.12,24.83,66.87,22.89,57.31,28.59,49.02,36.19,51.67,20.76,19.65,23.31,46.17,28.48,24.53,29.4,23.07,36.36,22.72,21.72,27.95,25.55,28.66,28.53,25.27,29.79,28.4,19.21,28.76,30.32,24.47,20.38,34.45,30.36,27.17
2026-03-11,28.63,23.23,22.24,50.2,33.3,56.44,50.99,24.33,32.98,26.11,33.22,44.74,29.51,29.04,51.89,32.57,18.73,,22.77,42.0,35.93,23.77,23.48,48.81,29.1,21.98,40.91,51.74,27.34,20.5,48.06,22.95,27.54,14.92,40.18,22.61,25.94,28.38,40.66,34.12,26.17,23.3,24.04,38.63,22.93,19.78,62.59,55.47,58.13,23.4,16.81,24.21,17.1,18.87,29.49,27.09,28.82,52.59,27.53,17.56,29.5,21.64,23.05,23.94,17.79,25.32,40.64,22.32,67.12,22.89,57.93,27.83,48.52,35.16,50.76,19.25,19.6,23.73,43.14,30.67,24.26,28.92,23.05,35.15,22.39,21.78,28.89,25.27,30.45,29.06,25.45,32.16,28.51,19.1,28.53,30.64,24.41,20.05,34.12,30.18,27.9
2026-03-12,29.24,23.5,22.77,49.79,33.58,58.34,52.17,23.76,32.31,26.48,33.53,44.32,32.35,29.8,52.5,33.25,19.58,,22.72,43.09,36.01,24.43,22.18,49.11,29.63,20.06,41.88,51.74,27.39,22.0,48.09,25.93,25.7,14.73,42.95,23.67,25.97,35.14,40.94,32.61,26.65,23.22,23.95,40.6,22.22,20.96,62.59,54.75,56.7,25.24,16.88,24.4,16.23,19.51,29.79,26.57,27.4,54.46,27.38,17.62,29.86,21.96,24.4,25.48,18.97,25.3,42.0,22.44,67.46,22.35,58.11,28.4,48.91,35.45,51.07,19.31,18.98,24.01,42.11,32.82,25.04,29.93,22.86,24.47,22.48,22.02,28.78,28.11,30.4,29.99,28.35,33.51,30.28,18.71,29.11,30.51,24.05,20.05,33.69,30.12,28.22
2026-03-13,29.86,25.08,22.25,48.34,42.47,57.41,52.54,23.76,33.24,26.18,36.31,43.9,33.53,28.84,52.47,33.38,18.94,,22.74,41.48,31.96,24.07,22.0,49.4,27.98,20.0,40.42,51.9,26.68,21.35,46.8,26.18,25.34,14.56,41.12,23.68,23.01,35.87,40.22,25.24,26.89,21.97,22.61,40.58,22.12,21.07,58.75,54.15,53.18,25.62,16.55,23.61,14.08,19.09,29.87,26.9,26.74,52.82,27.44,17.54,29.6,21.97,27.53,26.33,17.38,24.36,42.14,21.84,61.38,22.59,56.4,28.39,43.81,35.62,51.51,18.8,19.12,23.86,41.21,32.5,24.91,29.94,22.57,22.18,22.48,21.92,25.7,28.1,25.8,29.8,26.15,31.16,30.09,18.48,28.26,29.74,24.02,17.49,32.7,29.74,27.37
2026-03-16,24.18,22.41,22.62,48.54,42.94,50.33,52.94,23.76,29.46,26.07,34.93,44.0,33.86,29.06,52.28,34.09,19.07,,23.36,38.85,31.2,25.12,21.78,49.73,28.76,17.96,41.86,22.68,26.82,20.36,47.27,28.02,13.68,12.49,34.9,23.38,21.83,37.1,41.8,23.01,26.99,22.5,23.19,40.34,23.22,21.09,57.92,53.87,55.05,24.07,16.17,23.18,14.44,18.62,29.35,25.88,28.66,55.12,28.24,14.26,33.82,23.38,27.76,26.26,17.03,24.08,39.33,22.7,64.03,21.94,54.0,26.08,42.79,35.87,52.16,19.33,19.34,24.56,36.91,32.72,23.94,29.66,19.8,22.53,21.07,19.7,25.94,27.49,24.19,29.84,27.07,31.66,28.25,18.98,28.33,30.32,22.01,17.63,33.82,26.97,25.33
2026-03-17,23.66,21.93,22.23,47.31,42.04,49.51,51.6,23.64,28.75,25.81,34.27,43.13,33.07,28.53,52.16,35.38,18.59,,22.77,37.91,30.55,24.49,21.35,49.02,28.17,17.58,41.26,22.14,26.47,19.85,46.11,28.65,15.0,12.34,34.01,23.02,21.33,36.19,41.27,22.44,27.2,22.66,23.4,40.02,22.66,20.98,57.38,54.03,53.75,23.46,17.41,22.67,14.11,18.4,35.1,25.66,27.94,55.09,27.54,13.91,33.55,22.96,27.16,25.6,16.86,23.56,38.86,22.13,63.96,21.41,53.07,25.8,41.93,35.05,50.89,18.94,22.02,23.94,36.07,32.0,24.41,29.37,19.36,21.99,20.89,19.38,25.37,26.99,23.67,29.38,26.58,33.52,27.68,18.55,27.98,29.96,21.51,17.58,33.28,26.33,24.81
2026-03-18,23.78,27.47,22.66,46.35,42.35,48.39,50.75,24.69,29.04,27.01,33.89,42.36,32.75,27.89,51.24,34.53,18.22,,22.88,37.16,29.91,25.22,26.67,48.03,27.49,17.93,40.32,22.94,26.88,19.38,45.02,28.43,14.8,13.56,33.56,22.81,21.06,35.33,40.57,22.8,26.56,22.41,23.15,39.08,23.69,20.53,56.28,53.38,53.71,23.16,17.01,22.2,15.44,18.45,34.36,25.28,28.88,53.8,29.42,17.26,33.58,22.59,26.72,25.91,18.93,23.24,38.1,22.55,62.45,21.65,51.83,26.48,42.18,34.32,49.78,19.33,21.54,25.39,36.05,33.48,23.9,28.72,26.18,21.59,21.45,18.93,25.24,26.76,25.36,29.08,26.25,33.39,27.26,19.42,27.31,29.23,23.35,18.45,32.53,26.74,24.49
2026-03-19,20.86,27.26,22.93,48.87,42.2,48.82,51.29,24.23,29.32,26.92,33.21,41.4,32.9,27.9,51.81,34.54,19.42,,22.47,36.18,29.82,25.95,27.4,48.03,25.83,17.9,38.88,23.25,27.22,19.2,45.03,27.04,14.77,13.18,33.41,23.86,20.73,33.91,40.61,22.72,26.62,22.11,22.74,38.78,23.21,20.38,56.08,53.97,49.89,22.54,17.03,21.38,14.85,18.45,34.4,25.35,28.56,55.7,29.37,18.62,30.47,20.71,27.08,25.4,18.65,23.21,38.05,22.37,63.14,22.04,53.64,23.81,41.97,34.17,48.36,17.82,21.42,25.57,36.24,33.05,23.4,28.91,28.06,21.61,19.68,16.65,25.68,27.25,25.35,30.43,26.23,34.13,27.24,19.01,27.19,28.9,22.4,18.46,32.45,23.9,23.64
2026-03-20,20.8,26.9,23.05,48.55,42.14,47.8,51.48,23.2,29.21,26.94,34.46,41.31,33.47,27.43,50.82,33.69,19.45,,22.34,35.23,29.6,25.9,27.39,47.78,25.16,17.19,38.45,22.85,27.22,18.65,45.07,26.56,13.45,14.91,32.61,22.76,19.94,33.81,42.16,23.79,23.87,23.44,23.77,38.0,23.66,22.91,57.05,56.5,49.5,21.81,17.04,21.18,15.12,18.4,34.31,25.87,28.51,55.83,29.31,18.58,30.39,18.55,27.67,24.98,18.78,23.19,37.11,22.97,63.4,24.0,53.66,23.06,42.72,35.18,49.81,17.44,22.12,25.17,38.42,33.07,23.35,29.09,30.41,20.05,22.12,20.06,24.85,25.96,23.76,31.95,26.23,33.4,27.8,18.65,26.78,28.41,22.55,17.48,32.65,23.74,21.81
2026-03-23,20.78,27.01,23.49,48.13,42.95,48.88,52.18,23.84,29.26,27.35,38.34,43.06,35.1,28.14,46.56,34.9,19.38,,22.83,36.8,32.2,25.6,28.06,48.6,25.17,17.53,39.02,23.77,27.84,19.33,23.09,26.63,14.25,14.99,33.82,22.55,19.68,32.81,44.31,24.25,27.91,19.83,19.76,39.61,27.07,22.98,59.13,57.45,49.58,22.0,16.11,21.92,14.78,19.24,35.09,25.02,33.85,56.5,29.53,18.77,30.5,19.91,28.32,28.9,17.81,24.27,38.47,23.59,66.05,24.61,54.38,23.91,42.3,36.43,48.31,17.97,21.66,24.37,44.38,33.74,23.18,30.23,30.89,19.86,16.65,20.43,25.98,26.74,24.06,35.43,26.25,34.42,29.18,19.42,28.29,28.4,23.27,17.47,33.14,24.13,20.07
2026-03-24,20.3,26.43,22.97,48.01,43.46,49.15,51.1,23.27,30.61,27.1,37.63,42.09,34.26,28.13,46.42,34.14,19.2,,22.28,36.58,32.53,24.99,27.63,47.54,24.81,17.4,44.29,24.79,28.4,18.88,24.94,26.05,14.54,14.63,33.14,22.63,19.23,32.06,44.19,23.91,27.68,22.01,23.04,38.81,26.52,22.44,58.62,56.06,53.01,21.75,15.72,21.77,14.47,18.87,34.26,24.53,33.19,55.82,28.82,18.32,29.86,19.44,28.09,28.31,17.39,23.84,37.78,24.58,64.79,24.62,54.36,24.78,46.22,35.56,50.1,17.55,21.27,23.78,46.1,33.07,22.75,29.5,30.76,19.42,16.27,20.45,25.37,27.79,23.9,34.73,28.75,36.03,28.82,19.28,28.16,28.39,22.7,17.14,33.25,23.89,20.92
2026-03-25,20.21,25.44,20.68,42.49,40.66,49.3,55.63,23.56,30.2,26.83,37.6,34.37,35.19,25.91,42.66,33.82,21.24,,22.23,32.89,32.59,23.97,27.64,36.2,24.65,17.4,42.26,24.04,28.38,19.41,24.13,26.0,14.32,14.53,32.91,22.44,20.08,33.33,44.35,23.85,26.74,21.95,22.95,37.6,26.63,23.76,32.33,60.47,48.7,20.45,16.5,16.83,14.35,20.95,29.72,25.98,33.23,56.22,20.69,17.91,28.29,19.05,26.87,28.77,15.86,25.14,33.77,22.22,65.49,23.6,52.44,22.85,44.99,36.19,47.42,15.91,21.01,21.26,43.8,32.27,23.0,29.28,29.56,18.96,16.11,21.89,24.6,27.46,22.69,33.62,29.22,32.88,27.56,19.59,28.14,23.62,16.72,17.41,30.95,22.69,20.76
2026-03-26,18.31,26.65,20.68,42.55,39.16,57.08,55.06,23.16,30.59,27.24,38.58,34.37,35.13,25.8,39.56,33.63,21.37,,22.21,33.31,32.62,23.49,27.64,34.32,26.14,16.9,40.55,24.03,25.98,19.58,24.39,26.2,12.83,14.78,31.06,23.05,20.14,33.84,45.05,23.64,25.84,23.86,25.35,37.91,25.17,23.68,31.3,62.1,48.6,20.34,16.27,17.35,14.33,20.66,29.99,25.95,32.38,64.85,20.71,18.02,27.88,18.42,37.97,29.66,16.61,25.14,33.82,22.06,69.41,22.71,52.09,21.49,44.69,38.35,46.64,15.38,21.28,21.16,47.36,32.54,19.75,28.95,29.17,19.05,16.22,21.96,24.52,27.46,22.39,34.35,28.21,34.99,25.82,18.94,27.92,23.33,16.72,17.54,31.23,22.59,20.42
2026-03-27,18.38,26.68,20.58,42.07,39.61,54.38,54.96,23.19,27.91,30.15,38.67,34.01,35.32,25.28,40.84,34.73,21.83,,22.61,33.54,32.7,23.5,26.76,30.99,25.74,16.95,40.36,25.76,24.28,19.48,23.45,27.77,14.43,14.81,30.92,23.31,20.3,33.84,45.69,24.26,27.25,24.48,25.83,37.43,24.98,23.75,30.09,62.11,47.31,20.81,16.36,18.49,15.42,20.58,30.32,25.27,27.88,64.15,22.11,18.13,27.84,18.52,38.13,29.66,19.43,24.98,33.35,20.2,68.56,22.71,49.02,21.54,46.47,38.1,46.93,16.72,22.34,21.29,47.3,32.01,20.67,29.16,32.53,18.78,16.23,21.62,23.72,29.26,21.92,34.17,28.36,34.76,24.64,18.9,28.71,22.36,18.8,17.2,30.22,22.6,22.42
2026-03-30,15.91,25.21,20.65,33.41,41.45,55.06,55.71,21.5,24.02,30.57,39.0,19.8,36.16,19.88,41.45,35.03,22.31,,22.6,28.51,35.46,23.52,28.48,24.12,26.26,15.52,39.72,28.33,20.37,19.83,23.36,28.87,16.64,15.23,28.94,22.95,18.92,35.4,48.99,20.61,26.29,23.66,25.16,28.06,24.72,23.37,30.01,64.61,46.7,21.27,15.21,17.65,15.16,19.75,28.88,25.39,28.75,66.58,23.42,16.93,26.6,18.68,40.09,30.17,20.07,20.18,25.1,19.9,77.37,18.12,21.03,20.18,48.45,32.13,46.38,18.84,23.72,20.61,50.35,33.08,20.34,28.23,33.23,15.6,16.9,22.15,23.14,30.03,19.68,34.72,29.52,34.13,23.48,19.02,27.22,14.8,18.82,15.06,24.39,20.55,21.58
2026-03-31,18.91,25.95,20.7,32.68,40.66,57.8,55.87,21.46,24.27,32.47,42.73,20.3,40.61,22.55,41.23,36.18,22.55,,22.45,33.84,40.96,22.96,27.81,25.42,26.08,15.14,38.95,27.8,22.3,20.99,24.06,30.82,18.66,15.01,36.93,27.48,18.73,38.24,53.19,21.94,27.27,29.71,31.09,32.04,25.45,23.4,30.22,67.82,45.61,22.18,15.16,21.63,14.79,19.39,32.01,25.22,29.02,69.62,23.32,17.0,25.96,19.05,46.36,30.72,20.22,20.86,28.11,22.75,78.23,18.0,23.74,23.76,47.29,36.94,49.66,18.51,23.44,20.19,53.36,32.42,20.81,29.87,34.93,15.66,16.55,23.53,22.67,30.75,20.13,38.07,32.86,35.04,26.29,19.63,30.62,18.75,18.82,14.72,27.17,20.23,21.76
2026-04-01,19.12,25.72,20.14,32.47,40.67,59.24,56.8,21.64,24.28,32.58,42.99,20.27,43.33,22.88,40.99,36.04,23.44,,14.67,34.07,42.15,22.75,27.94,25.84,25.62,14.92,38.86,27.86,20.87,26.95,24.73,30.38,18.28,14.86,37.0,27.77,18.68,40.06,53.79,21.91,27.22,31.16,33.13,32.46,24.57,22.62,30.2,73.82,45.31,22.18,15.16,21.49,14.0,19.38,33.7,23.48,27.84,70.99,23.6,16.43,25.48,18.75,46.53,30.12,20.3,19.84,28.31,21.91,84.46,17.57,23.62,59.61,47.02,35.52,49.0,18.1,23.4,19.44,49.85,35.61,20.9,24.93,35.07,16.59,16.62,23.87,24.23,29.88,22.01,39.28,33.15,34.89,26.67,19.34,30.56,19.51,19.05,15.7,27.06,20.2,29.29
2026-04-02,19.13,27.06,20.41,32.67,38.12,56.14,55.72,20.99,25.22,32.61,42.67,20.26,42.83,22.86,40.93,36.16,24.11,,14.66,33.97,40.25,22.32,27.72,26.14,25.98,16.12,38.44,28.6,21.57,26.93,24.58,30.34,18.18,15.25,35.38,27.76,18.69,40.59,51.23,21.51,29.32,31.04,33.04,32.47,25.37,22.32,29.86,72.48,43.86,23.51,15.04,21.24,14.06,19.73,34.12,23.61,28.35,68.03,23.49,16.46,23.98,18.92,46.46,29.73,20.34,19.28,28.23,21.7,79.79,17.6,26.02,59.45,45.55,35.45,49.09,18.67,21.65,18.41,49.83,34.58,20.07,23.82,35.07,17.52,16.64,23.93,22.85,29.93,21.78,42.47,31.26,34.81,26.44,19.68,30.71,19.2,19.36,14.32,27.06,20.3,28.64
2026-04-06,19.96,27.63,20.53,33.45,37.33,52.15,53.06,19.53,26.56,30.08,41.01,20.13,41.85,23.14,37.51,27.17,22.54,,10.55,33.68,37.44,21.29,24.5,24.85,25.03,13.24,36.66,28.47,21.29,26.82,22.02,29.59,18.96,15.93,35.75,23.79,18.87,41.9,50.46,21.36,28.41,32.66,34.94,30.36,26.75,20.19,28.78,70.35,37.45,24.14,13.51,20.65,13.02,19.08,35.18,24.26,30.38,63.58,25.51,17.35,25.53,16.13,47.51,28.56,20.46,14.99,26.68,21.77,78.26,17.57,27.08,62.57,39.45,35.08,50.36,18.34,23.27,17.32,48.99,31.89,20.26,20.93,40.48,18.18,17.21,22.62,23.33,28.69,22.42,42.34,31.79,36.28,27.78,17.51,23.86,16.97,20.65,14.81,26.15,16.97,29.88
2026-04-07,20.8,26.96,20.01,32.64,36.55,50.83,51.72,19.08,26.05,29.36,45.49,19.66,40.86,22.58,34.09,26.49,24.03,,10.48,32.91,36.5,21.14,24.2,24.83,24.46,13.08,35.81,27.75,31.47,26.43,21.49,28.9,18.5,15.58,35.33,23.26,18.54,40.88,49.27,21.03,27.83,32.64,34.61,29.64,27.0,20.62,28.09,69.53,36.67,23.58,13.69,20.21,14.08,19.01,34.39,24.11,29.9,62.1,24.91,17.51,25.45,15.77,46.42,27.84,20.03,15.58,26.2,21.24,76.28,17.42,26.4,61.31,38.57,34.2,49.32,19.41,24.67,17.04,48.13,31.54,20.02,20.4,39.52,17.8,16.77,22.06,22.97,27.99,22.47,41.46,30.98,35.39,41.32,17.12,23.37,16.58,20.13,14.76,25.49,20.68,29.12
2026-04-08,21.88,28.78,18.12,32.0,36.56,56.63,51.05,20.6,26.48,31.68,45.93,21.61,42.37,23.92,36.48,30.54,25.8,,10.64,36.87,40.7,24.25,23.2,32.63,31.34,14.06,37.3,27.62,31.54,30.97,28.76,29.87,22.64,15.11,40.31,27.89,18.66,47.64,47.3,21.15,33.59,33.62,35.88,33.29,33.54,24.61,27.55,76.47,39.69,24.78,13.99,23.29,15.08,19.32,34.86,23.97,35.36,67.04,25.7,17.41,26.62,18.32,52.07,30.24,20.04,18.58,29.91,21.44,78.68,17.14,26.34,61.85,39.13,33.77,49.32,19.16,24.86,19.25,52.69,31.79,21.57,22.87,40.17,21.53,16.81,22.66,20.28,29.23,22.2,41.27,34.16,35.15,41.45,17.76,24.38,19.15,21.65,14.65,26.92,24.61,34.15
2026-04-09,21.95,28.89,17.38,31.35,37.71,57.08,51.26,21.72,27.74,36.59,45.94,21.36,40.98,24.05,37.11,30.4,25.71,,11.41,36.51,40.84,24.47,23.87,32.72,30.32,13.66,37.89,27.34,30.15,30.74,28.74,29.74,22.76,14.98,40.47,27.93,18.64,47.72,48.26,20.58,33.58,33.64,35.88,33.36,33.55,24.82,27.95,77.23,43.68,24.8,13.88,23.18,15.59,18.71,34.86,23.23,35.89,68.45,25.69,17.77,24.5,17.71,52.83,29.16,20.29,18.7,30.01,21.37,78.72,17.01,27.23,62.88,44.9,33.71,50.66,20.25,24.72,19.78,57.34,31.84,20.68,22.8,39.96,20.96,16.46,24.08,21.09,28.49,21.94,41.46,35.3,34.55,41.17,17.4,24.49,19.58,21.61,14.43,26.99,24.99,33.76
2026-04-10,21.95,29.45,18.75,33.24,37.9,57.01,52.15,21.78,27.13,36.72,48.35,21.89,40.72,24.12,37.45,29.7,26.18,,11.93,36.67,40.35,23.07,23.71,32.34,29.54,18.1,39.17,27.82,29.99,29.17,29.86,30.34,22.81,15.39,40.52,28.12,19.81,47.93,48.6,21.09,33.62,33.64,35.91,32.85,33.1,24.81,29.25,77.11,43.68,24.05,14.41,23.09,15.9,18.49,35.21,23.76,35.76,68.48,24.86,17.99,22.93,17.57,52.84,29.15,19.76,18.92,30.1,21.37,77.64,17.12,25.89,63.24,50.4,34.79,38.34,20.24,24.94,19.27,57.36,29.57,20.66,22.92,39.85,22.95,16.56,23.55,20.02,28.49,20.8,40.65,35.33,32.51,41.32,17.37,24.48,20.37,21.21,15.82,26.07,25.45,33.45
2026-04-13,19.63,29.08,18.6,41.55,37.72,56.21,49.47,20.63,25.83,36.46,46.02,24.01,37.9,21.09,37.97,28.81,26.34,,12.2,34.43,40.65,22.48,24.17,32.05,28.6,19.04,41.89,28.36,31.4,28.93,29.6,28.49,23.92,14.98,35.95,27.39,21.07,43.81,46.51,21.5,33.19,33.85,36.32,29.26,32.79,23.77,32.27,75.15,49.44,23.78,14.74,22.6,17.0,18.23,35.28,24.44,34.97,67.46,25.98,18.02,23.96,17.05,51.54,26.53,19.24,19.8,25.98,25.55,76.82,18.54,26.22,64.88,59.64,34.57,58.66,20.56,25.16,19.09,60.13,27.81,21.48,22.21,40.75,22.83,16.48,23.52,22.47,25.72,20.34,41.06,31.51,33.54,41.24,14.07,22.3,19.44,22.39,14.93,23.63,26.18,33.41
2026-04-14,19.17,29.29,18.3,40.58,37.21,54.85,48.75,20.2,25.66,37.04,44.89,23.48,36.97,20.68,37.61,29.35,25.67,,11.99,34.07,39.64,21.97,23.66,31.32,31.22,18.63,40.84,27.65,30.71,29.38,29.25,28.05,23.74,14.66,35.06,26.83,20.54,43.13,45.6,21.38,34.05,34.83,37.14,28.96,31.99,23.18,31.73,74.48,48.19,24.11,14.76,22.52,16.7,19.04,34.42,24.13,34.1,65.8,25.47,17.56,23.35,16.61,52.24,25.87,19.76,19.35,25.36,26.24,80.8,18.44,27.08,64.82,58.14,35.79,59.35,20.04,24.75,18.81,59.61,27.76,21.32,21.81,39.9,22.8,16.07,23.07,21.94,26.0,19.96,42.14,30.74,32.83,40.2,13.72,21.97,19.48,21.92,14.74,32.58,25.57,33.4
2026-04-15,21.19,29.06,17.5,40.87,39.5,54.91,48.73,20.28,25.69,37.0,46.32,23.2,36.63,21.07,38.25,29.15,25.38,,11.98,34.08,41.66,20.93,23.65,31.54,31.2,18.96,41.74,27.67,33.06,29.52,31.47,27.27,23.57,15.23,36.9,27.44,20.25,43.24,45.29,21.38,35.17,34.87,37.18,29.45,32.02,23.22,32.16,74.25,52.47,22.5,14.64,23.62,16.66,18.94,34.75,24.13,34.22,66.63,24.86,18.13,20.54,16.59,51.91,25.94,20.64,20.42,28.25,30.41,80.36,18.43,27.11,65.57,64.43,35.64,60.83,19.6,24.76,18.38,62.01,27.94,21.26,22.84,39.61,23.47,16.02,23.08,21.93,25.92,20.01,49.7,31.1,38.17,40.16,15.04,21.97,19.47,22.23,14.8,32.8,25.54,33.23
2026-04-16,21.69,29.05,26.33,40.86,39.7,55.05,52.92,19.91,25.93,36.88,45.75,23.75,37.32,22.39,36.73,29.31,26.24,,12.02,35.36,41.66,21.01,27.13,31.87,31.88,18.91,42.45,28.82,33.71,30.22,31.76,27.65,23.11,15.41,36.83,30.91,20.34,46.9,45.39,21.48,34.91,34.74,36.98,29.3,32.05,23.15,31.94,72.52,51.84,23.62,14.05,23.85,16.65,18.79,27.88,23.82,34.11,66.64,24.84,18.21,20.19,17.52,51.77,25.91,20.73,21.75,30.36,31.19,78.87,18.58,26.66,65.56,64.87,35.5,62.56,21.02,22.23,18.38,61.71,27.84,20.79,22.81,39.6,37.02,15.94,23.1,25.82,28.73,24.64,49.63,32.33,35.54,40.16,15.52,22.32,20.74,22.16,20.98,32.93,25.42,33.86
2026-04-17,22.08,22.28,26.78,40.89,38.37,55.01,53.22,18.58,25.62,35.02,44.76,22.55,36.69,21.68,38.48,30.34,27.08,,10.74,35.65,41.97,21.48,20.02,31.82,35.51,18.5,42.55,27.95,32.45,30.91,31.84,26.82,23.88,14.46,38.22,31.52,20.37,47.38,45.68,20.33,37.16,34.81,36.87,30.24,32.37,23.89,31.53,72.88,51.95,25.12,14.02,23.87,15.31,19.04,28.97,24.74,33.61,66.71,20.75,15.55,17.97,17.05,51.65,25.34,18.74,23.78,30.36,30.19,78.88,17.56,46.14,65.31,64.67,35.44,62.86,19.88,22.6,17.76,62.36,25.12,20.86,22.7,35.1,36.96,14.86,24.12,25.39,28.16,22.46,50.42,31.87,35.31,40.36,12.42,22.03,21.78,18.87,20.22,32.91,24.71,35.94
2026-04-20,22.37,23.94,27.06,38.83,39.72,56.49,53.86,19.61,22.86,34.97,44.62,23.42,33.66,22.28,38.46,30.67,27.0,,10.96,36.3,42.19,21.64,20.05,32.68,35.36,18.83,44.51,28.22,32.73,30.93,32.01,27.28,24.44,12.06,38.5,31.98,20.74,46.63,45.08,18.88,37.9,34.67,37.15,31.22,31.49,21.89,29.44,73.61,54.0,25.78,14.94,24.97,15.12,19.9,29.52,25.53,32.8,66.97,21.49,15.19,18.3,17.9,52.79,25.96,19.03,25.23,30.7,30.1,77.7,12.3,46.83,67.04,67.37,32.81,62.24,19.06,22.35,18.59,62.54,25.68,21.0,22.0,31.75,37.88,11.4,19.71,24.47,28.88,22.76,49.23,31.16,34.79,39.9,11.78,21.97,22.16,19.81,20.23,33.47,24.2,36.73
2026-04-21,24.2,23.46,28.4,37.85,38.77,55.07,52.88,19.86,26.34,34.1,43.55,22.91,34.83,22.37,37.69,30.09,26.33,,10.93,36.06,41.17,22.22,21.37,32.75,36.71,18.49,43.45,28.06,31.98,30.9,31.65,26.69,25.06,13.26,38.16,31.18,21.19,49.98,44.0,19.51,37.85,34.54,36.93,31.5,31.88,24.55,28.75,71.86,52.67,27.18,15.95,25.12,15.22,19.58,29.54,25.25,32.35,65.86,21.38,15.86,19.42,21.38,51.55,26.53,18.54,28.37,30.41,29.54,75.73,13.33,46.5,65.36,65.75,32.62,60.79,19.35,21.99,18.87,60.96,26.59,21.31,26.39,31.38,37.15,12.61,20.36,24.02,28.28,22.61,48.43,30.73,33.96,43.98,11.76,21.89,21.81,19.98,19.72,32.74,23.82,35.92
2026-04-22,25.2,24.8,28.45,38.58,40.61,55.36,55.28,19.78,26.51,34.03,44.44,22.22,38.51,22.79,43.87,30.17,26.41,,11.09,36.75,40.38,22.4,21.66,33.33,37.46,18.29,43.81,27.99,32.39,30.04,31.62,33.15,24.19,13.18,38.68,32.23,21.42,51.18,60.32,19.5,35.62,34.99,37.35,31.03,30.66,24.68,27.92,72.66,52.84,36.89,15.94,25.02,15.12,17.95,30.35,26.3,30.52,66.07,21.28,15.95,19.0,21.65,51.39,24.21,18.69,27.96,30.2,30.01,78.28,13.26,46.19,65.28,66.7,32.5,60.97,19.52,22.85,18.92,58.47,36.11,20.7,28.15,31.57,37.03,12.5,20.18,23.13,29.56,24.88,47.0,30.73,34.52,42.42,11.54,21.83,22.06,19.8,18.98,33.01,23.53,35.86
2026-04-23,25.19,24.81,28.89,43.0,45.65,54.43,55.43,19.95,23.52,33.21,44.0,27.93,38.02,23.39,43.29,30.47,26.37,,11.9,36.93,41.04,23.1,33.39,33.91,37.31,18.41,49.27,27.91,34.27,30.0,31.29,34.6,23.76,15.38,38.75,32.46,21.44,51.86,60.03,19.49,35.56,32.06,33.76,31.2,30.66,26.13,39.69,72.38,53.98,36.77,17.65,25.12,16.79,19.96,30.23,30.1,30.53,66.7,22.0,16.28,21.48,21.77,51.69,24.3,21.09,28.44,30.95,32.13,77.85,26.45,45.21,64.95,92.7,33.17,62.74,19.88,22.76,20.04,62.56,37.7,21.67,28.21,30.5,38.29,14.79,18.42,25.0,44.55,26.63,48.67,65.35,32.0,42.56,30.65,22.79,21.96,20.01,21.47,32.53,23.77,34.45
2026-04-24,25.57,24.78,28.68,43.01,46.49,54.94,65.45,19.49,22.42,34.07,43.87,28.39,38.28,23.54,43.43,30.73,24.86,,11.74,37.09,41.26,23.08,59.37,35.47,37.91,18.5,50.34,27.78,34.44,30.11,35.96,34.33,24.08,15.37,38.97,32.74,20.42,51.39,60.13,21.02,35.65,32.05,33.83,31.37,31.0,25.07,39.7,97.3,55.47,36.79,16.5,25.45,16.67,18.15,32.51,29.24,30.71,66.8,21.87,15.85,21.45,21.0,52.09,24.23,21.12,27.86,31.01,32.38,76.48,26.69,44.95,64.98,95.92,35.2,63.15,19.79,22.8,21.58,62.75,39.08,41.88,29.27,30.76,38.27,14.66,18.96,25.35,44.64,27.3,48.65,66.49,31.85,42.22,31.1,23.04,23.19,19.98,21.95,32.77,24.67,34.4
2026-04-27,25.9,24.21,30.67,42.82,47.42,46.45,59.34,20.02,23.92,28.17,39.94,27.6,35.99,20.78,42.49,27.12,25.4,,11.2,31.45,40.46,23.04,60.74,33.26,36.44,19.6,49.73,26.38,33.83,29.11,35.86,34.0,21.61,15.2,36.97,31.19,19.21,50.79,56.66,21.51,33.51,26.5,28.1,28.35,30.7,25.63,40.41,91.28,55.34,36.51,16.86,22.27,17.18,18.14,32.3,29.54,30.16,58.24,18.46,19.0,21.61,21.51,37.38,22.56,19.43,28.68,27.57,30.09,72.87,27.48,46.1,66.83,97.49,30.25,62.82,19.82,22.15,21.66,61.16,40.14,41.1,29.65,23.94,39.8,14.7,18.78,26.63,44.39,30.17,46.97,67.99,29.22,38.97,31.41,19.72,22.48,16.11,23.1,32.26,26.12,31.59
2026-04-28,25.39,23.64,30.45,41.83,46.52,51.3,61.45,19.51,23.91,28.24,44.36,27.32,35.34,20.33,42.54,26.81,24.93,,11.54,31.04,40.18,23.26,59.23,32.85,36.66,19.18,48.52,26.75,34.26,29.75,35.03,33.28,21.59,14.99,37.3,30.4,18.96,49.81,57.11,21.54,32.82,26.35,27.8,28.47,30.19,25.09,40.21,90.02,54.9,35.8,17.14,21.79,21.3,17.71,31.58,28.9,29.69,58.64,17.99,18.84,22.13,21.24,37.33,21.99,21.16,27.96,27.02,29.33,73.88,27.33,45.09,65.15,95.04,31.13,63.84,19.9,21.93,21.14,59.79,40.6,40.21,29.54,23.72,38.8,14.57,18.32,27.59,43.31,31.03,45.9,67.32,30.76,38.48,30.82,25.23,21.91,15.75,22.59,31.61,25.46,31.81
2026-04-29,25.07,25.43,30.99,41.03,45.64,48.2,58.74,19.53,23.94,28.19,42.15,26.88,37.38,20.34,42.37,27.3,24.15,,10.87,31.35,36.68,23.06,59.72,32.94,38.53,18.72,47.21,23.79,35.51,31.05,34.39,32.91,20.89,14.42,37.07,30.29,33.47,48.74,55.18,20.61,34.79,26.24,27.59,30.28,30.93,25.29,41.1,89.62,53.81,37.21,16.67,22.18,21.28,17.4,32.62,28.02,31.41,54.32,20.26,18.53,26.32,23.01,37.54,22.63,21.08,28.08,28.36,30.13,59.53,28.83,45.06,65.2,92.67,31.62,64.08,18.12,19.6,21.87,58.72,41.08,41.51,29.69,35.2,38.71,13.83,19.27,27.62,43.07,37.89,45.48,66.0,30.66,38.48,31.34,26.22,21.95,30.94,22.9,31.51,25.44,33.7
2026-04-30,23.46,27.59,30.65,40.96,45.69,45.74,59.23,21.23,24.94,26.96,40.19,27.39,34.46,18.1,43.43,26.86,29.7,,10.38,26.2,43.91,23.25,59.88,32.08,38.99,19.48,47.86,24.27,35.52,30.81,38.41,30.82,21.15,16.84,32.28,29.71,33.87,47.58,51.77,19.72,33.93,37.13,37.9,26.96,31.06,25.96,40.8,90.12,53.82,36.77,16.94,19.28,21.25,17.41,44.76,28.58,31.9,51.31,25.59,18.92,26.3,23.95,46.45,22.57,29.39,27.3,26.44,33.22,59.36,31.56,43.78,63.84,92.66,33.72,61.85,19.15,20.17,21.87,54.45,41.4,61.53,28.26,34.33,38.58,18.4,18.77,28.13,43.32,37.68,43.46,66.12,29.23,38.43,31.49,24.51,19.75,31.7,25.59,29.23,27.27,33.65
2026-05-01,25.47,28.38,30.79,41.12,46.01,45.11,59.27,26.82,24.78,26.96,40.22,27.72,32.43,18.18,43.45,26.83,32.1,,10.38,26.12,43.49,24.43,59.84,31.91,38.48,19.52,50.13,24.28,36.31,26.76,39.04,31.29,21.43,17.01,33.28,31.46,33.06,46.48,52.45,19.69,34.31,36.93,37.39,26.61,31.48,25.66,40.85,88.63,54.76,36.67,17.19,19.37,21.29,17.88,44.12,26.56,32.96,50.35,25.5,20.12,25.92,24.12,46.42,24.6,29.91,29.28,26.97,33.36,55.47,31.82,44.08,26.1,93.68,33.97,64.64,19.26,19.31,21.83,55.97,37.31,61.69,27.92,34.34,38.13,18.33,19.04,27.27,43.73,36.66,43.36,66.38,29.22,39.02,32.01,24.93,19.71,31.33,25.02,29.68,27.33,28.62
2026-05-04,26.07,26.69,30.97,40.14,46.15,44.54,65.27,27.01,24.47,26.38,41.04,27.73,34.22,19.94,44.28,27.19,31.4,,10.83,26.53,43.39,25.69,59.84,31.71,38.33,18.43,50.2,23.94,36.29,26.8,38.93,31.23,22.56,16.75,33.69,46.73,33.2,44.91,52.43,20.04,31.98,37.4,37.45,28.07,32.81,25.69,40.12,92.08,55.28,35.66,17.53,20.33,21.25,19.68,43.5,26.74,35.33,49.64,26.25,20.18,25.89,24.6,46.25,24.63,30.83,29.55,27.54,33.39,56.71,32.36,42.42,27.9,93.68,34.0,66.09,19.59,19.26,23.74,55.98,37.63,65.49,27.51,34.7,37.71,18.39,19.25,27.24,43.9,36.47,38.1,66.1,29.89,39.14,32.44,47.03,21.14,31.43,25.3,30.52,27.56,28.77
2026-05-05,26.55,26.27,30.25,39.18,45.06,45.83,63.99,27.3,24.63,25.85,40.27,27.42,33.6,20.11,43.43,26.64,30.71,,10.73,26.35,43.12,25.34,58.84,30.96,37.59,18.03,49.07,23.62,36.18,26.18,38.03,30.59,22.3,16.37,33.57,45.86,32.4,44.44,51.31,19.77,31.23,36.5,36.55,27.85,32.23,25.08,39.15,94.98,54.37,34.81,17.43,19.87,20.76,19.82,42.98,26.28,34.59,52.08,26.21,19.85,25.29,24.01,45.32,24.27,30.45,28.86,26.87,32.77,62.11,31.66,42.72,27.22,91.44,33.58,64.77,19.15,19.06,23.4,59.68,36.72,70.65,26.92,33.95,37.0,17.95,18.79,26.63,43.03,35.6,37.4,64.63,29.59,39.75,31.66,46.35,20.69,31.33,24.72,29.97,26.9,28.28
2026-05-06,26.56,26.09,30.25,39.71,45.75,47.32,81.17,26.99,24.5,25.94,40.47,27.45,33.92,19.89,39.87,27.12,30.73,,11.28,26.06,43.32,26.04,58.79,31.33,39.05,19.28,50.1,26.38,42.92,29.18,39.12,30.48,32.66,17.04,40.12,47.6,32.38,48.75,51.33,21.2,32.78,36.89,36.77,28.45,32.87,28.62,39.32,94.54,54.81,34.81,17.33,20.46,20.88,19.73,42.81,24.57,36.21,56.41,25.84,19.4,25.04,24.03,45.42,25.84,33.35,28.94,27.35,32.71,62.29,31.81,42.75,28.03,91.87,37.78,65.53,19.27,18.46,24.28,59.81,36.54,70.18,27.99,30.87,36.9,19.74,19.19,26.78,43.32,35.37,36.88,64.75,40.39,39.76,31.93,46.6,20.72,31.57,24.71,29.56,26.91,30.42
2026-05-07,25.04,26.38,30.71,41.64,45.95,50.46,83.41,26.96,24.09,27.27,39.62,27.75,33.53,20.9,40.08,27.28,29.34,,11.89,26.09,45.98,25.5,58.77,30.7,40.26,20.07,50.87,26.36,37.84,28.8,39.71,30.61,32.45,16.97,43.7,47.57,32.25,48.95,57.64,21.65,32.59,37.01,36.98,28.9,31.76,27.99,40.46,97.18,56.97,34.83,17.27,22.88,20.27,20.22,43.11,24.55,36.01,58.87,26.53,18.94,24.61,24.14,45.44,26.7,33.87,28.86,28.43,32.85,64.59,32.59,42.77,26.08,93.67,37.9,64.8,17.55,16.3,24.42,60.27,35.79,69.94,28.04,32.1,38.12,20.02,20.81,26.85,43.32,35.24,36.98,65.44,42.03,28.75,32.42,46.59,21.52,31.58,24.57,29.99,23.77,30.48
2026-05-08,24.98,24.83,30.58,41.37,46.25,46.17,87.61,25.05,24.73,26.0,38.83,26.06,32.59,20.56,38.29,23.9,27.7,,11.84,22.19,41.95,23.76,59.53,23.53,37.03,19.19,49.95,27.93,39.22,25.2,34.51,29.47,30.95,17.0,38.99,45.16,32.23,43.94,57.26,21.21,27.41,36.16,35.83,24.6,26.16,24.49,40.28,99.54,54.79,34.15,16.42,20.06,19.41,19.78,43.53,24.28,31.26,51.38,26.06,20.37,23.6,22.43,40.4,24.0,34.17,26.1,25.27,33.48,74.58,32.53,42.6,26.03,93.51,37.72,64.74,17.64,16.0,22.99,56.45,35.25,72.48,25.52,31.57,35.77,19.98,20.07,25.83,42.44,34.93,37.9,64.7,42.5,28.98,32.3,45.58,18.93,31.08,24.26,29.73,20.19,26.64
2026-05-11,25.63,24.51,31.18,42.21,45.39,46.67,90.05,24.52,24.27,21.69,37.66,26.55,32.88,20.75,41.6,24.49,28.04,,11.11,22.35,43.65,23.39,60.72,25.55,38.78,16.18,49.04,27.84,40.32,26.23,35.43,30.65,33.79,16.89,39.8,46.07,31.6,44.59,58.12,21.59,32.42,38.96,39.1,25.28,26.97,26.62,40.8,101.56,48.36,41.89,16.59,20.41,19.22,21.72,44.68,25.78,31.21,50.34,26.51,20.16,24.18,23.52,40.67,24.3,34.94,26.69,26.12,34.19,76.53,33.93,41.96,27.25,86.74,38.35,64.13,20.53,16.03,24.1,50.59,41.54,75.67,27.07,32.18,35.69,21.14,18.68,26.05,44.22,35.99,40.0,66.2,42.77,28.81,33.09,46.59,19.05,31.73,23.46,30.46,20.57,29.81
2026-05-12,25.02,25.44,32.12,41.43,45.17,46.92,89.69,25.18,23.83,21.99,37.98,26.0,32.26,20.37,41.26,24.0,27.92,,11.49,21.85,43.34,22.93,59.25,24.93,38.59,17.46,49.64,27.19,40.16,25.73,34.58,29.95,33.18,16.54,39.13,45.02,30.9,43.65,56.74,21.49,32.09,38.47,38.41,24.67,26.32,25.98,40.3,105.34,47.66,42.22,17.1,20.8,19.57,21.2,44.24,26.61,30.48,50.08,25.91,19.78,23.62,26.25,39.81,23.72,34.61,26.47,25.5,33.85,78.07,33.13,42.57,26.59,85.35,37.43,65.1,21.0,15.69,23.56,49.48,41.11,89.83,26.54,31.43,36.27,20.73,19.8,26.09,43.63,35.44,41.09,65.13,41.74,28.88,32.36,45.74,18.59,31.01,23.35,31.24,21.3,29.19
2026-05-13,24.87,25.31,31.87,38.28,40.34,46.79,90.17,25.19,25.45,22.31,37.71,23.8,32.0,20.24,41.58,22.94,27.78,,11.49,22.22,43.71,22.84,59.21,23.41,38.43,16.4,48.26,27.66,39.84,24.96,34.88,26.75,32.99,16.47,39.11,45.41,30.89,43.46,56.88,21.9,32.15,39.79,39.69,23.67,26.77,25.96,39.11,105.78,47.14,41.62,19.87,20.83,18.81,21.79,44.67,25.99,30.36,50.31,25.67,19.96,22.04,25.72,40.55,24.94,35.16,26.7,24.99,32.11,78.2,32.42,42.52,26.47,82.28,37.77,53.26,21.57,14.66,23.61,50.75,41.03,89.88,26.49,31.58,35.67,20.38,21.7,24.59,42.12,35.38,41.49,65.54,41.81,28.31,32.43,45.72,20.52,31.56,23.48,30.89,20.33,29.28
2026-05-14,24.9,24.82,32.42,40.1,39.88,46.78,90.33,25.13,25.77,19.85,41.25,23.83,36.49,20.25,40.42,21.03,27.91,,11.37,20.32,43.93,23.02,59.35,24.62,36.3,16.21,48.36,47.93,40.05,23.53,34.84,25.65,32.73,16.55,39.11,46.32,30.89,42.83,57.34,21.54,31.19,39.07,38.91,23.16,26.83,25.97,39.49,106.78,47.41,41.03,19.56,20.71,18.55,20.81,44.71,26.09,30.87,50.14,25.39,19.97,22.4,26.2,37.43,25.25,34.47,26.71,24.8,31.46,78.14,32.22,40.42,24.28,83.22,38.33,52.18,21.58,14.64,23.55,50.94,40.15,94.4,26.24,31.5,35.44,20.51,21.7,24.59,40.86,35.31,41.01,65.59,41.75,28.76,32.84,45.48,21.14,31.57,23.54,25.06,20.4,28.3
2026-05-15,23.59,24.83,31.74,41.02,40.65,46.93,94.68,25.99,25.73,20.41,41.52,23.7,38.91,18.83,38.84,22.22,27.95,,11.09,19.57,44.42,23.03,59.34,24.01,37.53,16.09,48.25,47.54,37.75,24.48,33.86,25.67,33.97,17.02,39.3,46.21,31.49,44.02,59.15,22.22,32.93,39.53,39.42,24.14,27.41,26.29,38.79,111.11,44.57,41.17,20.27,20.11,18.18,21.16,43.99,25.99,31.2,52.35,25.11,19.62,21.08,26.18,36.97,25.36,33.52,26.76,20.4,29.33,82.9,33.46,39.81,21.83,81.4,42.35,51.35,21.61,15.38,23.59,48.15,39.98,94.3,26.55,31.52,35.21,20.39,22.09,25.84,40.75,35.69,38.73,65.93,36.59,29.67,32.13,45.51,21.01,31.39,23.87,24.64,20.63,31.13
2026-05-18,22.77,25.47,29.85,45.66,42.41,51.74,95.36,25.58,28.59,20.9,42.32,23.01,38.37,20.01,36.22,19.18,26.77,,11.94,17.32,46.31,22.96,58.72,21.65,33.96,18.02,50.36,48.7,38.56,24.39,34.1,26.44,33.93,18.31,36.94,43.78,33.19,41.65,61.43,22.69,30.6,40.11,40.15,22.89,24.27,26.81,38.62,113.49,46.13,43.87,20.41,20.33,18.49,21.17,45.02,27.9,28.06,53.47,27.1,21.0,22.29,27.22,36.8,28.57,33.74,24.31,18.99,29.06,89.07,38.07,26.03,22.91,88.05,43.61,51.31,20.32,14.77,22.3,48.41,40.62,96.6,29.41,32.01,24.34,22.13,20.88,23.38,40.21,35.73,39.92,67.5,37.19,30.42,33.08,46.15,18.68,32.79,20.64,25.24,20.48,28.18
2026-05-19,22.23,25.79,29.56,44.56,41.42,50.87,93.87,26.18,30.06,21.91,42.15,22.57,38.4,19.55,35.42,24.84,26.96,,13.11,17.82,45.28,22.41,57.31,22.53,33.14,18.12,49.14,49.93,38.95,23.82,33.43,27.43,33.48,18.62,36.14,43.11,32.55,40.64,59.95,22.36,29.87,40.28,40.54,23.32,24.3,26.18,37.71,110.76,45.14,42.88,20.01,20.51,18.14,21.01,45.1,27.23,27.52,52.55,26.69,20.5,21.97,27.53,36.02,28.72,32.95,24.46,19.46,28.79,86.95,37.41,25.4,22.36,86.16,42.77,51.16,20.21,15.41,21.88,47.27,39.76,96.39,28.72,31.29,23.85,21.65,20.41,24.47,39.91,35.29,39.31,65.92,36.52,30.05,32.81,45.44,18.23,32.2,21.3,24.73,20.04,27.63
2026-05-20,22.24,24.56,29.52,44.89,41.15,52.95,95.32,25.91,30.08,22.57,41.98,22.61,40.05,20.03,36.31,25.34,26.4,,12.94,22.98,45.42,20.87,57.31,24.84,34.29,19.62,48.49,50.46,38.97,26.65,33.35,29.19,34.1,18.7,36.8,44.53,32.24,44.54,59.9,22.08,34.65,39.86,40.04,29.58,26.55,25.77,38.12,109.56,46.01,43.34,19.39,20.46,18.2,20.66,44.96,26.84,27.92,56.54,26.58,20.23,22.05,27.32,35.46,27.94,33.36,24.11,23.93,28.7,86.53,37.96,24.47,26.67,85.67,42.86,52.34,20.27,15.62,21.4,47.64,40.47,96.55,28.83,30.93,24.4,21.41,21.09,24.23,40.23,35.66,39.98,65.92,36.58,30.86,33.88,46.08,20.11,31.93,21.27,25.45,22.11,31.4
2026-05-21,19.53,24.67,27.44,44.91,43.1,52.94,95.4,26.28,26.69,22.8,42.08,22.61,39.2,20.05,37.39,25.55,27.02,,12.64,22.9,45.59,19.03,57.29,24.49,33.09,21.36,48.89,50.85,39.08,26.31,37.42,29.88,33.52,17.96,37.23,44.57,31.4,39.77,60.17,21.2,34.59,39.33,39.45,28.89,26.52,25.4,56.24,109.89,87.77,42.62,18.41,20.2,17.77,21.06,44.54,26.59,28.14,56.76,26.45,20.58,20.59,24.85,35.58,27.4,33.31,21.73,24.01,28.26,86.42,38.1,23.97,26.77,86.58,43.23,52.02,19.89,15.74,20.85,47.66,38.59,96.54,25.33,31.78,24.11,20.56,20.64,24.77,40.21,35.4,39.45,66.74,36.79,22.61,33.84,46.07,20.13,31.48,21.36,25.49,33.66,31.55
2026-05-22,18.39,23.06,27.28,44.58,41.26,52.57,94.38,26.34,26.59,22.13,38.44,22.45,34.26,20.13,32.51,24.93,26.79,16.3,12.96,22.44,45.73,19.04,57.11,24.33,32.41,22.76,49.23,50.73,38.53,26.32,37.31,24.05,33.51,18.12,37.31,44.14,31.02,37.23,40.14,23.5,35.34,39.38,39.64,28.88,26.34,25.78,56.0,109.05,89.36,34.55,18.72,20.64,17.69,21.09,44.62,26.19,27.82,56.32,26.45,20.6,20.5,24.29,35.42,26.7,33.32,28.29,23.91,27.28,84.87,38.28,23.85,26.47,86.41,43.82,50.9,20.28,14.51,20.95,44.61,32.66,100.89,23.1,31.64,24.11,20.56,19.95,24.72,39.95,33.47,39.81,67.24,36.97,22.17,33.66,47.14,20.24,31.65,21.16,25.47,33.65,31.53
2026-05-26,18.23,23.7,27.43,40.09,33.97,55.55,90.35,26.74,26.78,19.43,39.84,16.87,34.66,20.23,32.64,25.15,28.69,16.55,13.04,23.36,46.74,19.26,20.23,22.93,33.9,24.7,37.76,52.16,39.32,29.47,33.31,22.6,33.95,16.83,39.98,44.87,30.67,39.45,42.04,22.35,36.32,40.33,40.52,29.42,26.78,24.61,48.31,89.55,89.31,35.12,17.83,20.79,17.77,19.71,42.7,17.79,28.31,58.08,26.81,20.74,19.37,24.87,34.35,27.25,34.06,28.48,23.76,22.96,101.64,30.5,24.59,26.32,50.5,42.21,46.26,22.96,14.04,18.59,37.67,33.8,98.52,21.43,32.85,22.27,19.75,20.05,23.28,24.32,32.0,38.24,36.18,38.49,25.69,18.97,47.66,19.95,32.41,18.54,26.36,33.7,34.26
2026-05-27,16.87,23.53,26.54,40.02,32.97,54.63,88.94,26.38,25.96,20.69,39.65,16.09,35.91,21.11,34.58,25.03,28.31,16.96,13.22,23.43,46.68,19.51,20.37,22.82,34.1,24.26,37.66,51.55,39.4,29.8,33.06,21.44,34.06,16.87,40.1,45.87,30.79,39.43,42.95,20.92,40.48,40.12,40.35,29.27,28.21,24.44,47.9,90.2,89.67,36.94,17.47,22.01,16.96,20.32,41.63,17.86,30.03,56.73,26.8,18.33,19.77,25.62,37.11,27.25,33.62,27.7,23.64,23.09,101.23,30.53,24.37,27.28,50.83,40.06,46.54,23.6,14.75,21.8,38.89,32.56,103.11,21.94,32.71,25.21,19.79,20.07,21.62,25.28,28.85,38.36,35.62,37.7,26.23,21.58,48.3,20.02,32.41,18.05,26.43,33.34,34.53
2026-05-28,16.81,23.8,26.28,40.2,32.81,49.22,87.16,26.38,25.51,20.61,36.18,16.09,36.65,21.17,33.9,26.18,28.36,16.71,12.79,23.45,47.4,18.85,20.12,22.77,32.99,24.41,37.64,51.07,38.34,29.0,33.84,26.19,33.94,17.26,39.64,45.87,31.16,39.29,43.52,21.46,40.35,40.03,40.29,28.9,28.39,24.45,48.66,90.26,89.23,37.41,17.17,22.12,12.98,20.7,42.79,18.12,30.2,54.87,26.78,18.27,18.95,25.45,37.02,27.98,32.64,27.73,23.77,25.89,99.07,29.53,24.16,29.02,54.46,39.78,47.79,22.99,14.2,22.0,47.97,32.38,103.0,21.95,33.03,25.18,20.17,19.95,20.08,34.32,28.21,38.04,34.79,36.62,24.0,27.04,46.6,19.95,32.6,18.15,26.17,33.4,34.12
2026-05-29,16.77,21.98,24.94,43.2,41.09,49.26,87.31,26.33,25.48,20.87,39.02,16.16,35.28,21.99,34.15,25.94,28.16,16.58,12.81,23.64,47.55,19.21,17.63,22.77,30.54,27.98,47.31,50.74,38.02,27.95,33.91,26.45,34.6,17.15,39.49,45.81,17.22,38.27,43.78,22.07,39.02,41.37,41.65,27.48,27.96,24.24,61.06,86.04,92.39,36.5,19.21,22.36,14.35,20.57,42.07,18.7,29.25,54.48,23.51,18.3,14.57,24.51,37.02,27.26,34.98,28.09,23.19,31.41,99.34,28.65,24.16,29.94,68.75,39.56,56.85,23.3,13.86,21.8,55.84,31.53,102.88,21.0,16.88,26.67,19.98,19.63,19.77,34.25,18.34,38.4,37.53,36.57,23.92,27.05,45.82,20.18,16.84,17.51,26.62,34.27,32.75
2026-06-01,16.84,18.92,27.01,47.25,45.82,49.36,89.53,20.24,24.59,24.44,39.99,14.07,36.95,22.09,33.2,26.44,21.67,17.64,13.45,25.81,35.42,19.59,17.46,24.08,30.92,28.06,55.53,51.91,38.28,29.1,27.78,26.55,34.53,16.69,38.97,83.12,18.46,38.3,44.04,23.89,39.64,25.52,26.14,28.63,28.19,24.19,66.06,88.85,97.51,38.26,19.04,22.44,14.79,20.33,31.37,19.56,29.18,55.12,18.08,16.54,14.76,23.53,27.51,25.81,25.51,29.09,22.89,28.37,101.73,27.45,23.26,30.7,74.35,41.66,61.55,22.72,14.15,23.57,56.76,33.84,102.92,22.95,19.04,27.97,19.54,19.41,19.49,32.94,18.28,42.69,39.52,41.34,24.46,26.68,46.86,21.83,16.81,14.39,26.45,32.65,35.17
2026-06-02,18.42,18.77,26.48,50.34,47.77,52.28,87.28,19.75,24.34,24.54,41.55,13.94,37.41,22.65,32.62,25.77,21.23,17.72,13.14,25.75,38.86,19.11,17.08,23.48,30.52,27.66,56.75,52.42,37.79,28.58,36.07,27.02,34.0,16.88,37.99,44.73,18.04,38.54,43.82,25.11,39.03,28.05,28.7,28.06,27.52,23.9,64.49,86.81,99.77,37.89,18.58,22.68,14.45,19.82,31.57,19.21,28.44,55.7,21.61,16.45,14.39,22.94,26.85,25.38,25.25,28.37,22.8,32.26,99.17,28.86,24.44,34.78,77.87,40.86,61.06,22.35,13.82,23.07,59.06,33.02,101.16,22.37,18.68,27.55,20.29,18.97,19.14,33.45,18.41,41.96,41.85,41.5,23.95,26.06,45.68,22.59,17.33,14.07,27.93,31.91,34.28
2026-06-03,18.93,18.78,25.42,53.23,48.34,52.37,83.53,21.1,25.16,25.09,41.25,17.97,37.99,21.55,31.92,27.22,20.98,16.88,12.98,25.78,38.7,22.36,24.5,25.93,30.87,27.88,59.98,53.24,38.17,28.7,36.45,27.16,34.19,16.72,37.7,28.34,17.63,37.76,43.54,25.28,39.02,28.01,28.73,28.06,24.61,30.52,71.3,86.36,99.47,38.35,18.01,22.12,14.42,18.87,31.72,18.88,25.38,55.9,20.61,16.6,14.46,29.9,30.61,25.47,25.66,28.45,24.18,34.48,98.77,28.79,25.06,33.07,84.62,43.41,65.42,22.01,14.07,21.35,63.7,32.83,98.62,22.54,18.84,27.75,20.24,18.89,24.11,33.63,22.63,41.98,41.83,41.21,23.93,25.99,20.94,23.54,18.0,16.24,27.21,34.82,34.94
2026-06-04,17.37,21.51,29.39,53.28,48.38,50.72,85.63,21.5,32.34,25.75,63.36,22.86,39.45,23.7,32.15,29.71,24.29,18.41,12.88,28.37,37.37,22.0,23.81,28.47,30.63,28.19,60.05,53.41,38.87,28.79,36.44,31.47,34.08,16.95,37.13,28.25,18.36,39.31,42.75,25.17,39.35,30.97,31.33,31.38,24.38,32.07,71.69,75.89,99.63,40.01,19.45,24.98,16.79,18.35,33.8,18.3,25.13,53.92,21.79,16.49,14.57,34.42,30.47,25.44,25.64,32.72,26.7,34.38,101.86,29.13,22.66,33.12,84.51,43.42,65.36,21.88,14.8,21.05,58.33,32.93,94.88,26.25,19.43,28.18,20.88,19.36,26.09,33.97,23.81,42.17,42.15,41.07,28.38,26.09,20.71,28.07,19.59,20.89,29.92,34.96,34.83
2026-06-05,18.1,21.32,29.06,52.52,48.75,62.31,78.51,21.71,32.24,27.21,69.39,21.82,38.37,23.53,32.21,29.06,24.53,19.03,14.13,29.39,39.0,25.14,25.51,27.73,28.53,27.39,59.26,58.68,30.67,25.18,35.55,31.95,21.42,17.63,29.84,25.52,19.03,33.11,42.37,23.82,38.25,29.09,29.9,37.12,22.76,30.13,75.3,85.01,99.55,40.17,20.44,24.24,20.48,18.33,33.68,18.22,21.92,61.6,22.65,19.03,15.51,34.44,36.23,24.16,23.48,32.72,28.91,35.76,116.13,29.53,22.83,32.89,86.81,45.55,74.75,22.06,15.56,24.44,60.26,33.43,104.5,25.35,19.18,28.46,19.45,19.78,26.03,34.43,24.06,48.12,48.0,28.69,28.34,27.76,21.53,27.87,19.58,21.37,29.87,35.32,32.07
2026-06-08,19.03,22.38,27.2,53.17,49.77,64.94,71.86,22.53,33.83,27.46,69.53,22.12,37.65,20.82,31.28,28.97,27.37,17.24,14.13,27.91,38.29,27.59,24.02,28.01,26.5,27.39,59.61,58.94,29.4,25.23,36.17,31.14,21.74,18.97,25.82,26.12,20.31,33.58,37.5,22.97,39.68,29.77,30.55,37.47,22.71,30.71,77.54,81.96,100.92,41.14,20.41,22.09,20.65,18.34,31.26,18.26,22.57,65.35,22.22,16.74,15.72,34.44,37.1,23.31,23.1,33.28,28.4,36.13,111.98,30.25,23.52,33.45,86.91,46.23,76.83,22.46,16.22,24.9,61.22,34.68,102.17,26.45,18.37,27.4,20.04,19.54,26.67,34.62,24.55,48.47,49.41,27.47,28.21,28.54,22.5,28.11,20.21,21.81,26.29,36.35,32.11
2026-06-09,22.85,21.89,26.56,51.84,49.46,63.36,71.05,22.05,33.03,26.77,67.82,22.63,36.7,20.73,30.74,29.17,27.3,16.94,13.78,27.33,37.33,27.84,23.54,28.04,26.77,26.74,59.77,59.4,28.68,25.18,35.33,31.36,21.42,19.19,26.55,25.46,20.46,33.58,36.7,23.36,38.69,29.14,29.89,37.06,25.7,30.59,75.96,80.06,98.78,40.85,20.85,21.56,21.48,19.99,30.83,18.8,27.8,63.7,22.79,17.15,17.01,33.87,36.16,23.13,22.52,32.45,28.12,35.9,109.52,29.91,23.31,34.54,88.77,45.06,75.73,22.86,15.85,25.74,60.71,34.07,101.6,26.31,21.01,26.86,20.5,21.87,26.5,37.96,24.16,48.24,48.24,26.92,27.83,27.98,21.95,27.72,20.51,21.5,25.83,35.45,32.18
