Date,IBM,JPM,GS,CVX,AXP,BA
2020-01-01,0.3305951484104705,0.33059390687644746,0.442889933076381,0.3533209697294538,0.3638467079760852,0.3051012699767747
2020-01-02,0.3293212354670212,0.3202423872111956,0.39503396050907125,0.42303739879042557,0.27663383868075936,0.37198351637894583
2020-01-03,0.37860136185191806,0.26546050893673373,0.3183205619800018,0.33481056371969764,0.11727791085429667,0.06584821764565926
2020-01-04,0.23512527398512187,0.3362370413251749,0.3150834520731145,0.23366385305378207,0.4162720726232757,0.1714199957217227
2020-01-05,0.3180834655130069,0.3144836196044058,0.3628376228943716,0.2697792871473659,0.20603475708939223,0.324878638087353
2020-01-06,0.25152399694358063,0.39470492501508264,0.26614691536728,0.2644138222342587,0.31515891033429994,0.43887801178168734
2020-01-07,0.34982638787110343,0.40363826225813604,0.3690364084639247,0.3323299260527673,0.183277651542894,0.04490538727158718
2020-01-08,0.424511953094219,0.3127927196702787,0.2789771066558347,0.3069488326750698,0.16147414802880564,0.29145293826025426
2020-01-09,0.39954380941781203,0.28183845360357496,0.3114854572930233,0.3423169795356682,0.3408873691848082,0.10884848291025148
2020-01-10,0.4207035089174889,0.3708099506241945,0.3089117988053062,0.3892942025317068,0.24091310433197294,0.3828367876207953
2020-01-11,0.4451813031597738,0.40308429016538355,0.2537493238132083,0.2757558487280651,0.21138413209060558,0.3011927143322181
2020-01-12,0.4550682631755804,0.3733149175333234,0.2885387137283154,0.31048267893875064,0.34363032644454083,0.3875263150995055
2020-01-13,0.3440527743276116,0.3619754446716795,0.4055098625683725,0.31338267030022965,0.03162277660168379,0.42217553551893594
2020-01-14,0.3221315655382299,0.4299570836819795,0.39002906522293873,0.3234007403002892,0.2983561723982335,0.03162277660168379
2020-01-15,0.39029387470692595,0.31936469050265226,0.36292144891401457,0.2440805601749976,0.38179851477592697,0.27370083635380654
2020-01-16,0.23989331606328032,0.3248475109331678,0.3229230639957042,0.3238114844587851,0.254749573711385,0.38526906121131044
2020-01-17,0.3090011831218182,0.21765390308017651,0.3369596397344116,0.338830361469023,0.31663176219722977,0.3362331982553098
2020-01-18,0.36130723731803355,0.45868314398725085,0.3779708971370955,0.28786155383041606,0.3032090275976287,0.2447164410882911
2020-01-19,0.5022018945561115,0.36596550847034337,0.3448900111480371,0.3359724981842089,0.0637294220517331,0.3102864873172721
2020-01-20,0.4255268052885634,0.4149873412887611,0.2511748007248376,0.30063591229416337,0.31347154817421286,0.3392305515673384
2020-01-21,0.4870500086471832,0.39649418016522076,0.21845837503737459,0.3735660548713606,0.4124799577516524,0.23351793776980614
2020-01-22,0.3708767318565372,0.23905862947029677,0.2916362223432017,0.22466237723184893,0.3240101360364859,0.26774075804752145
2020-01-23,0.3287081314907722,0.278038215482635,0.43951154731260983,0.21652901494648416,0.2324409350529933,0.35168113616137997
2020-01-24,0.3748614356416106,0.1816013783234295,0.4438942890930337,0.3750678083606796,0.3337259305630992,0.1961040136720874
2020-01-25,0.38804661457600975,0.37750662748867253,0.23984799718271027,0.3361460095143496,0.19532655850164338,0.3729492506881674
2020-01-26,0.29556825217732274,0.3660556829927188,0.3623182377305792,0.33544692950941407,0.25690224584669447,0.3425235911216172
2020-01-27,0.40246854186879055,0.2693170041108295,0.39709869304543877,0.4396461367477688,0.20108412453465233,0.3516982315076227
2020-01-28,0.47898879019388174,0.3951401125256567,0.3857161497179285,0.3974037983592636,0.38492701446146393,0.2428289193700258
2020-01-29,0.40017764073168377,0.3592625050518445,0.2828140183500314,0.29619350803124717,0.23563590244002258,0.2496261039677652
2020-01-30,0.5124310688026186,0.32557058629343844,0.43232672822022883,0.3373937461875975,0.3172539906666193,0.3759776089766533
2020-01-31,0.43306390345135054,0.33284729397725443,0.396169379181052,0.36233046709909766,0.21553509017546166,0.23904418457512386
2020-02-01,0.42519016919239616,0.3084186347684285,0.21369807833411927,0.35165591311490446,0.24012562149129307,0.31041674305223355
2020-02-02,0.3655133274303051,0.2694709466969399,0.3653332879598122,0.33272313897069167,0.3296347164552895,0.19419850942888464
2020-02-03,0.42565460033246993,0.4165398884576883,0.38099524085479664,0.32079656469840817,0.34335021190821213,0.20700600259042937
2020-02-04,0.5731955875938668,0.3949062227502245,0.380118643862489,0.17639878571618753,0.3546149508416601,0.23045335320676907
2020-02-05,0.44277253397872557,0.33541560851368524,0.39029406312023257,0.35853106634524484,0.38431769172737823,0.3959523734100226
2020-02-06,0.21288001435513557,0.4933616013626264,0.36742955888293627,0.24770696250432972,0.27519415438658,0.2969159302950914
2020-02-07,0.25367374802980697,0.3681090051520824,0.4204329731226598,0.36648739339672476,0.2764116616760739,0.13915533205924027
2020-02-08,0.3032251723886129,0.3539397619457961,0.36115888278156255,0.2534458808838715,0.25195568740185875,0.3660326316692732
2020-02-09,0.40706902204678114,0.2935963049009301,0.36846204464550675,0.45518919634176985,0.03162277660168379,0.3628993677535145
2020-02-10,0.3408338390916391,0.229722471458355,0.41235152801284836,0.24571113747318205,0.35390586876883356,0.3070230902174217
2020-02-11,0.4193599167706602,0.23478177444005802,0.3829866598279454,0.2761389766801351,0.43390403548947876,0.2594870678305846
2020-02-12,0.31616996882033027,0.4338969056960954,0.3117523510006549,0.4539909799221034,0.15502097181445912,0.389388319069226
2020-02-13,0.2636193938320682,0.03162277660168379,0.34914898157535745,0.3495582518083523,0.2316322007431088,0.3724670491083296
2020-02-14,0.3551900991713505,0.2849519863307237,0.23357354837957564,0.2955868610583731,0.42616964368263227,0.19393514612302107
2020-02-15,0.3778471507681576,0.27923066976072763,0.33125276963584427,0.4148055742794518,0.3976910705657697,0.16794907692818092
2020-02-16,0.40049282638198086,0.36366090411171453,0.30745381627190216,0.33159159334740906,0.3216987787504033,0.26455463734748685
2020-02-17,0.3968384247113631,0.34233557641191753,0.13728550743649745,0.42343930002689595,0.45458956073893003,0.19521584223278998
2020-02-18,0.4032281334913603,0.3257777967652462,0.2846851011699309,0.337712293804581,0.29932238052330173,0.26242146255398074
2020-02-19,0.39810669619425687,0.40189095903223776,0.36104852738591925,0.3432940056252838,0.3807623849222275,0.25564530161332377
2020-02-20,0.3704898671936615,0.36193015137511514,0.38741395071438,0.2419715881129361,0.37062741433434615,0.2683112893453265
2020-02-21,0.4307646453867847,0.3410198886909795,0.33481101997714,0.40482495573941735,0.35686813959570823,0.2653703648831356
2020-02-22,0.3430677860971249,0.4014328881782734,0.345401472271431,0.37586010356168625,0.40653897766108044,0.3750673030271126
2020-02-23,0.4792748222937083,0.3061485597410108,0.3946588617484423,0.34089341094310127,0.3238051856435223,0.30576600085950656
2020-02-24,0.418616389778294,0.39040248724775145,0.4055958347196948,0.22293301892051545,0.3973733051867015,0.19821848894745767
2020-02-25,0.36012885447518983,0.4243052575738146,0.2941458302860205,0.31525808690286483,0.32216490794263475,0.23481329056445766
2020-02-26,0.3680867271850131,0.2970846493781521,0.2932229142646211,0.24233270551119265,0.3473421551061449,0.28970797006183713
2020-02-27,0.2315367321690015,0.22097790227715405,0.35859940798138606,0.3350348169301754,0.2764924677438499,0.273226721298345
2020-02-28,0.33243156910054844,0.39581672739771806,0.4405592451771748,0.2531359100115553,0.33991966445014654,0.2988773032774614
2020-02-29,0.3005329183838027,0.3791677073765496,0.33750418833925905,0.3147208121571651,0.31476077138102915,0.22332382713922302
2020-03-01,0.31808435751607506,0.39971555277903636,0.3694101338572241,0.35491875931268924,0.3075093373820657,0.42028198349456863
2020-03-02,0.38689502060563774,0.3581141396241046,0.30440037791021346,0.3334735733015749,0.3238576924012175,0.31722172062941995
2020-03-03,0.36829672473388014,0.41008003227487283,0.2845374190975496,0.4154000245423104,0.45569630553207013,0.3846602933813943
2020-03-04,0.31178925433130483,0.18537876741830406,0.3048325378710324,0.45770093583133914,0.24086076453204494,0.24410056479296074
2020-03-05,0.3018499403994699,0.4014320908873025,0.4572300713519486,0.24908505961280597,0.34218094451453307,0.3279019507776835
2020-03-06,0.32770208235809395,0.43264361339591156,0.4724731114465135,0.234689723747296,0.18435926786838763,0.35298152724374304
2020-03-07,0.3228721585272948,0.20663705670929564,0.4434788558208842,0.11976340653745671,0.30703909805978963,0.4095041131762545
2020-03-08,0.35222116661639963,0.2456353793221881,0.40936439518382894,0.3166420455118195,0.2783823385670108,0.31992034897492394
2020-03-09,0.4411199599688175,0.1951483759530503,0.26600887049373456,0.3255991117702795,0.36821290567339504,0.35457290040686623
2020-03-10,0.36564611431411326,0.4212542413422222,0.3541638008084281,0.3414904106984259,0.4213758402852804,0.25015130056062534
2020-03-11,0.44286789982193514,0.41125417092641164,0.40912017139862733,0.45059671131078993,0.29589152163596427,0.4333209458613329
2020-03-12,0.19554103271161938,0.2657586712830105,0.21812304178051553,0.22749467459919756,0.39105143439511814,0.36647315454194185
2020-03-13,0.199305103299849,0.451722827306345,0.34913144008602176,0.29415923966071866,0.4184708503645163,0.3686151282703928
2020-03-14,0.33445973536891355,0.18786636129338563,0.352338260936744,0.12178209241198917,0.3452582691941865,0.3118054121646529
2020-03-15,0.26812538203385405,0.2996303620175103,0.27412131839961307,0.18648465077522425,0.34399115149207316,0.36535411239166576
2020-03-16,0.2749119221031396,0.3072765633188913,0.38218442961501803,0.3112331041781086,0.225197019703243,0.384391878198619
2020-03-17,0.3528434633523385,0.46226379711230275,0.2636063557600223,0.3076499341821352,0.2689191974044265,0.21963124522487984
2020-03-18,0.3985273584525175,0.4002557979618,0.31737066576945944,0.25497789041477836,0.30721913598514416,0.33271458569878043
2020-03-19,0.44364517457459385,0.22387933236559204,0.07775767014248094,0.27106261752494315,0.293679102325,0.2668503100387294
2020-03-20,0.42442823587230116,0.5178038568824526,0.35112396963259584,0.4269055933986625,0.3589259647236298,0.295885447466044
2020-03-21,0.24995013341375863,0.324343611590262,0.36229381143021816,0.3059479047582475,0.14027716844562188,0.22852347356448682
2020-03-22,0.4401825846975256,0.336102941532642,0.40302601184605175,0.26013718647643147,0.4293682356132417,0.21429558982694968
2020-03-23,0.360356011045798,0.2798711496906145,0.38442263043246344,0.3222862320707804,0.4197096661544536,0.2386122166478213
2020-03-24,0.3969867164852209,0.2379052174915686,0.46469612317699255,0.23710564592763736,0.3825034344637733,0.17567018373014584
2020-03-25,0.31351286323923494,0.35076048375479957,0.2854482642279686,0.2597457825334391,0.265292864186085,0.2750340539129022
2020-03-26,0.39586962828496575,0.3015923522171039,0.26520607295869497,0.33693150830545954,0.29673657957299354,0.31223083532467316
2020-03-27,0.3902929681513445,0.1889961215226823,0.39287605136322706,0.35361823960483013,0.323985517070534,0.2261022727883832
2020-03-28,0.3679574253542001,0.18508144078455954,0.17407836716909253,0.25859004631405996,0.24867054946831593,0.35851071592026085
2020-03-29,0.24052422313592095,0.32672981507622545,0.1811279051420392,0.33613408795609245,0.36322117633594647,0.2340601818865814
2020-03-30,0.28382391155959824,0.4188787729245539,0.29921793306067246,0.2596308814642281,0.23870343888558118,0.31995301774763857
2020-03-31,0.2789496419959588,0.03162277660168379,0.43734261344623987,0.37654296647694413,0.3556546202367743,0.20860167129512433
2020-04-01,0.34601989746935996,0.3449643480558876,0.30541621198705154,0.3589618452691414,0.34432149754054775,0.2997461103965327
2020-04-02,0.3179724761312995,0.3178612645374817,0.31260011359261153,0.397981284840117,0.34187736559146487,0.3357395451314317
2020-04-03,0.32342481103946535,0.4097029870880133,0.4741455760107748,0.3460095477279707,0.3383618519349081,0.2809818071672735
2020-04-04,0.3412627739023544,0.19007441243262696,0.28279350200294107,0.40007586294126424,0.03162277660168379,0.2821280406994711
2020-04-05,0.10218991542157738,0.383997952147287,0.3240398326933863,0.31768052971417304,0.3410958350496355,0.42874452254666084
2020-04-06,0.3013153973272494,0.3798992013116573,0.43135840091380934,0.3343362497627625,0.1614641994716102,0.37221399717682346
2020-04-07,0.2932885701769502,0.3087407605466419,0.38062102186866076,0.36282102103559855,0.3302927682419413,0.4620980879534342
2020-04-08,0.37484940023256724,0.3822607661970144,0.3346009984737053,0.37618717525616463,0.321835846140497,0.23915645235819302
2020-04-09,0.3822124788876824,0.32366371086089885,0.260724333155347,0.3897139941199122,0.29411945402392453,0.2729453792561117
2020-04-10,0.4662405702349631,0.37696797275867283,0.4266491869626659,0.3712807978232481,0.3787879301209095,0.23214593210116505
2020-04-11,0.37667912659304575,0.40395178452989605,0.4454147974946066,0.2476096525679509,0.10518549118003906,0.19433801695609934
2020-04-12,0.4151260995904706,0.3510979081969455,0.3606621961959978,0.3376365372941605,0.47147385821574594,0.2091065461315862
2020-04-13,0.4477515426569307,0.47953782235618664,0.3754380036661179,0.35220798058368247,0.24591924940462553,0.33345794519542726
2020-04-14,0.4391723701637978,0.36519635450837984,0.3448556851439356,0.4238623966949296,0.22476600941216837,0.27283551121223343
2020-04-15,0.22837890220942733,0.2664795346809672,0.3130373978905434,0.12400309880909846,0.3034791674416063,0.42009227078468214
2020-04-16,0.4458004534218553,0.3155083268060785,0.25038581078393896,0.3757106988070685,0.1884196248084241,0.3219718906355339
2020-04-17,0.356900612985586,0.03162277660168379,0.32093568946558676,0.2949922582574325,0.2961635473783072,0.15761615508600219
2020-04-18,0.26331349698580264,0.3068377493070334,0.41123291258005173,0.29741095052059885,0.43868873332611047,0.36716524650444643
2020-04-19,0.3422095123397871,0.37329124971287775,0.35942457944257816,0.47819241959957187,0.3173270625012108,0.3208752432032182
2020-04-20,0.36238413651703044,0.3059262950604641,0.3099087872973782,0.26705224143599354,0.31362770363792813,0.2695497225707725
2020-04-21,0.1441929746003228,0.4266241824983646,0.41405964972976333,0.2953830379845079,0.03162277660168379,0.41856857195582
2020-04-22,0.4548411283492076,0.2453129717766946,0.309473213569128,0.2878638919628208,0.1721174461352159,0.285355842239493
2020-04-23,0.3987657111643605,0.28886146286293946,0.24752287591420696,0.3831238959623545,0.3688951113828452,0.404447468467424
2020-04-24,0.3831055734162852,0.3995685236728748,0.32209236642238964,0.1972146281476167,0.2966205152920028,0.3683068306570208
2020-04-25,0.3342576178669275,0.39315417803333264,0.39336512523205797,0.28627205890384416,0.21435212529854966,0.39744998448636576
2020-04-26,0.42467070424175285,0.3075502578180557,0.34932099045083886,0.34103760952731577,0.38236285248484203,0.19350535181419365
2020-04-27,0.4703500660258965,0.24781062787722993,0.38242312315328286,0.2545246853899677,0.14889103842677978,0.17197946151160612
2020-04-28,0.40199341276100126,0.28553737380399574,0.3357778766340833,0.03162277660168379,0.3324919147289614,0.4299102446028728
2020-04-29,0.35664924163424244,0.31785108780084054,0.3705024266563357,0.31323835154520524,0.32513286889070747,0.39391000761700135
2020-04-30,0.3447692802629519,0.36080474074159125,0.4079300417069595,0.33969116627401863,0.18052902507551066,0.12038098008891901
2020-05-01,0.2846428426293045,0.35693252722278135,0.2813798387576932,0.3176817537304742,0.2702073573841614,0.34260631235878236
2020-05-02,0.40719849517278406,0.36587059201123096,0.37853037396408634,0.347005241726582,0.389175772455432,0.12194597077438835
2020-05-03,0.3673737257155214,0.3142306456180885,0.22767687199925432,0.42810480284987323,0.08919802931353213,0.38822481019495203
2020-05-04,0.22398321320455905,0.2888819036977784,0.2872044211215437,0.3547998746102599,0.33066348184196864,0.2524139642379691
2020-05-05,0.4951123880588206,0.27091293166814845,0.4090256822203231,0.2320308981460331,0.2262881732462688,0.18004379944664387
2020-05-06,0.3916037521597207,0.2897722911844711,0.3936842285562732,0.3530805786843061,0.2389186283882848,0.3305174824192265
2020-05-07,0.4708777318904043,0.33750517505186334,0.30209946465290993,0.4774978815800545,0.3968169178781114,0.308540118969588
2020-05-08,0.42993365734227545,0.40491520180393675,0.3008700223701605,0.26201459331611976,0.36795053576910824,0.43660328434386114
2020-05-09,0.40247592287137723,0.3559269941330207,0.3402037449066537,0.36206421821392376,0.25227592276861577,0.1465904635557074
2020-05-10,0.42945960984480996,0.3856691728699349,0.37980524281477474,0.32997734777809024,0.3449781044505552,0.18229860686383464
2020-05-11,0.38295533643445434,0.386576728107427,0.18628052441843979,0.37642543448529775,0.31063115495240917,0.3506551068520489
2020-05-12,0.39288843193845274,0.35302032394156735,0.4103944278868175,0.33701475021097915,0.2143529168907829,0.19016458978733272
2020-05-13,0.3339872271713569,0.3509317720868078,0.30766276887866134,0.3184586610637605,0.383293869372835,0.3185715099860426
2020-05-14,0.277730630963868,0.43683298299612394,0.30931696938531084,0.2797770337757984,0.333326699473183,0.29076002790371314
2020-05-15,0.20880153379801905,0.42708067370276825,0.3575605920165236,0.3010920420601183,0.41514924330617137,0.2793088739841455
2020-05-16,0.43336153154117374,0.33231327946754946,0.41696561148159134,0.33667864989253915,0.32266732010504445,0.38010727404401495
2020-05-17,0.3369721349486948,0.4491304020337022,0.4522205324283982,0.46362151177545946,0.27879181108842027,0.28610849686441864
2020-05-18,0.30774153108262775,0.2869797765136117,0.2875822506146271,0.2810527693249208,0.18104550380577294,0.2931053898463395
2020-05-19,0.3285396456005782,0.4016883854490412,0.25873486430246573,0.31347369208700904,0.4213371863967194,0.3342315613864526
2020-05-20,0.3785179437059837,0.378386158108559,0.3701161087718916,0.31229283455977397,0.20943710015631203,0.3657061314885631
2020-05-21,0.3198517113639191,0.29748633580511985,0.31705337580285564,0.3383170586822233,0.2609846753881044,0.47197987986305595
2020-05-22,0.38065759884464356,0.2745057498353547,0.3221668361623824,0.26101847374213594,0.4135519464341726,0.39931294313530286
2020-05-23,0.4655777684317853,0.44997477755528353,0.22480441263009962,0.26905175670482334,0.3318827368854322,0.3628313532314642
2020-05-24,0.48160024936463697,0.40584920020848697,0.36734343737424413,0.26336394110770117,0.3380728760729634,0.2839276703725806
2020-05-25,0.481451403566506,0.3559851463828702,0.2915632183616731,0.30191495263616464,0.17616480522304576,0.24512269942434403
2020-05-26,0.33243034012115985,0.49290308170163355,0.4170480649515756,0.2722488476526419,0.314926745762189,0.33345074236226396
2020-05-27,0.3342163100413156,0.40491852099677716,0.46994384227584207,0.27482363048706143,0.3661892604669279,0.390138493170635
2020-05-28,0.4392803846148466,0.4286135101599877,0.40332273358937804,0.35990657334177084,0.3755317683763495,0.39425268423835164
2020-05-29,0.3137522924618323,0.4409951093306122,0.37302295501427457,0.4112273696531839,0.3027277588596019,0.36391687839324266
2020-05-30,0.35644009767600154,0.3755353265738481,0.4371278475058199,0.34414192630896495,0.318492136711004,0.28343087231921643
2020-05-31,0.37997987427804575,0.33205442901512167,0.48508155768916156,0.178905541979571,0.36369521450942105,0.3705572537427395
2020-06-01,0.38650230620801473,0.39338366363443267,0.38886084384991426,0.33536425597480984,0.30860204694825405,0.42293340372708055
2020-06-02,0.3119057502421427,0.36457099235401325,0.2858019891747276,0.27870830499372207,0.3920224323849193,0.33121669590302266
2020-06-03,0.3399348839227621,0.45556443362724724,0.37148259908014625,0.39969029441086273,0.26842858945429154,0.15440419282134557
2020-06-04,0.3187288910974307,0.3905279622833315,0.07901708541202394,0.26877504286175846,0.16613038547835796,0.4405199807863765
2020-06-05,0.39425633961067164,0.23349043149304444,0.3030284207612673,0.22122015989385854,0.3349478103952315,0.3679916063784169
2020-06-06,0.3042155882067135,0.20157881704699365,0.26309725635037684,0.36401931116073094,0.43855655257034215,0.3082875391757358
2020-06-07,0.4349959267193586,0.2499510097795887,0.3660995863651413,0.3126031016836287,0.29654375243323455,0.3349133805420957
2020-06-08,0.39785793983756246,0.380111388879863,0.38400162619183714,0.309665046591267,0.34225176013993736,0.39479715244591923
2020-06-09,0.45286452927039456,0.35013546641090254,0.4071638391718545,0.36350534795705164,0.33140014858939565,0.4079921892715859
2020-06-10,0.3274756827727537,0.3624821471111444,0.2483651479931839,0.25725548565003725,0.3130369027251944,0.43594382854393154
2020-06-11,0.03162277660168379,0.3174290618646424,0.1752032827633237,0.37687156625226614,0.2787307452350046,0.2595550057981554
2020-06-12,0.3168121024520572,0.26742047519252327,0.36204886026866706,0.14423889498229608,0.3732157659217274,0.37151141679255956
2020-06-13,0.354255038561675,0.3317762007318582,0.41325310105513924,0.3159428319260806,0.41853305136913327,0.20513840581512977
2020-06-14,0.3422680259921041,0.28185091175438476,0.29527407049606685,0.332293756181752,0.29604244775702376,0.03162277660168379
2020-06-15,0.4099237164992698,0.43346870385182884,0.37032302439413367,0.4357571873675478,0.2672845871180382,0.3633760353454125
2020-06-16,0.40632488015304336,0.41749117776717715,0.3828738667199217,0.3209073363075527,0.3673025533271985,0.26010221282165463
2020-06-17,0.31533416825673644,0.48553534152093203,0.3623596778448156,0.3904838482779624,0.4072710440010636,0.27062564442781767
2020-06-18,0.3811444074150633,0.35562480881670544,0.31025793439050187,0.4322015619572221,0.2596711378248988,0.331504961008327
2020-06-19,0.38481119534965447,0.4574454342718871,0.47720967135330833,0.35516443290647076,0.31429646893808855,0.2670486843312864
2020-06-20,0.2373698114970646,0.3457256244857621,0.28065063471102303,0.31921806638786915,0.36149121515815685,0.3255788173943647
2020-06-21,0.2015183516628498,0.25450008251550427,0.444045011991423,0.34635409067927,0.2753918606005474,0.36381285984024403
2020-06-22,0.3493108253882048,0.4116238652679394,0.33167659522871523,0.333500511136038,0.42918106269136974,0.39032667745185917
2020-06-23,0.4401092476672668,0.45872336223771043,0.21775403565973148,0.30227245161105737,0.36416499546314307,0.3797143622176196
2020-06-24,0.30705365727157974,0.3280608049619666,0.3635844743429492,0.26214855506854035,0.35313100871225817,0.3461071751233575
2020-06-25,0.03162277660168379,0.4028520139094885,0.32660016543352455,0.31420104463611787,0.3566230611299859,0.3982919167683023
2020-06-26,0.4084785500121316,0.2553184495481369,0.26560669639734275,0.39678493547336846,0.2861432384835319,0.11408028340206304
2020-06-27,0.24974908016353353,0.3478883761681662,0.3636044061674399,0.2767940388346639,0.3124963536683921,0.3425276544843289
2020-06-28,0.40293724441758516,0.4444018494186621,0.3217880945261891,0.3870572838383965,0.14889897604420402,0.27443063029103437
2020-06-29,0.3882379530407033,0.37855985947836784,0.47087511512089386,0.2873454250194477,0.28968646402469495,0.2872927336082111
2020-06-30,0.37102022956119435,0.34615640386584934,0.34728742624542347,0.3892482147699487,0.29503879865021965,0.3345735464009755
2020-07-01,0.16676732359776353,0.3562507948529792,0.3452810050270946,0.3692986287299873,0.3696376656413399,0.32030812398433633
2020-07-02,0.3283304690734208,0.48232083641522533,0.03162277660168379,0.3818591150347521,0.38716986645784124,0.3425265300599351
2020-07-03,0.4531894156966987,0.33044089216544487,0.23832446369826907,0.3942196606422311,0.36143975328279604,0.21909975728814365
2020-07-04,0.3855957608281313,0.36594963206644543,0.3677831151136623,0.30077546436142805,0.37881840838908254,0.33297393840807743
2020-07-05,0.4358406385548757,0.42876212072199954,0.42088754572040993,0.4692235919707296,0.33174531245482336,0.31163931098037156
2020-07-06,0.3203200194859036,0.3864821875794653,0.2647815495425478,0.36323065826201845,0.4262294882044822,0.2070018221259799
2020-07-07,0.37550087925021325,0.4642524028394698,0.36385703242609874,0.3111158669536968,0.34068733579708194,0.34123030421575107
2020-07-08,0.4054454930356823,0.40492802941911704,0.25199725256292077,0.29629743204332293,0.3993413633049199,0.384973191812648
2020-07-09,0.35534503790425864,0.35279055913063084,0.35700072835352165,0.2917564477985027,0.3041335572546602,0.41083493116528075
2020-07-10,0.13891317300415285,0.2699088641735675,0.2954241335015408,0.21257056629561843,0.42394015280608727,0.1673244030925713
2020-07-11,0.4725634941612658,0.301751996236689,0.40251477229994165,0.26086761511449613,0.42673265401984234,0.18397149325269144
2020-07-12,0.24748841885130715,0.2414538992579077,0.4838734275143315,0.3861195078593928,0.03162277660168379,0.28941048844948397
2020-07-13,0.415432716164716,0.3678225365722372,0.399980810127838,0.38875251973521924,0.41135585680226544,0.4711556221854555
2020-07-14,0.34957356975082393,0.308279839584714,0.3675154016960002,0.37141140193771416,0.3243609951852932,0.3377270661325041
2020-07-15,0.44364441223603523,0.361831840455973,0.26407053661367746,0.12390383081338015,0.22487873319292362,0.308355344789518
2020-07-16,0.34539474427129657,0.26277075892038076,0.4043762926980025,0.38198930652587076,0.22476341599887453,0.14654340592070714
2020-07-17,0.3816989105370259,0.28985766722162815,0.22759226886164644,0.35707506906983527,0.324451499160195,0.2271184212185754
2020-07-18,0.43598042074880977,0.36297385909403196,0.3714331696699938,0.14265452437065057,0.314671431899475,0.34931896154949843
2020-07-19,0.3720843145046377,0.35434620117259524,0.3913611313029582,0.32597733837246323,0.3257527822622766,0.2802315523700666
2020-07-20,0.3105358549847195,0.24920592603468694,0.45896422841349394,0.254755599761148,0.17282863307338667,0.25856324975226586
2020-07-21,0.3815595617574942,0.27557940449264234,0.4360474920719661,0.2531395597719569,0.29198033510049715,0.3804552783800247
2020-07-22,0.3954516963404974,0.3849923589598022,0.3859784954246787,0.2413144159328492,0.2015442359595639,0.45525537491464
2020-07-23,0.4934651241570686,0.40916620035375467,0.3581530196026168,0.30122353337034374,0.3196726037666592,0.3057923560413646
2020-07-24,0.47440867188521657,0.2959735159315057,0.5011623708231655,0.26856174476199757,0.3091696905947238,0.17751014343142793
2020-07-25,0.37750374149976207,0.31604183648646117,0.4579161369196778,0.42881819073334804,0.3583980384422657,0.26892487410910926
2020-07-26,0.3142480682807761,0.35765724355774736,0.25885085338567326,0.26630049624919555,0.25987713009555047,0.2219508131666939
2020-07-27,0.36912542925223774,0.14269410566135576,0.3915393222357507,0.33419948472362637,0.3413854296989297,0.14901415264939982
2020-07-28,0.35780401385372107,0.2822896013443109,0.37215826784174394,0.4017255899537203,0.4285191003232939,0.19879121978960673
2020-07-29,0.24001214784235883,0.37068059946529275,0.2678960486548325,0.3576539467503275,0.35628331370177646,0.3221804922254303
2020-07-30,0.37911233377832176,0.4273592818949571,0.42351093847275206,0.30730879735628297,0.25144284215406026,0.2341038614093337
2020-07-31,0.39247978366546976,0.49136980942681585,0.3612512407941022,0.21303605743247095,0.40081777031334226,0.29013717017173085
2020-08-01,0.4226845675926403,0.41931053567163573,0.33740882002405725,0.3310626161687568,0.32661452086383747,0.29076481353471045
2020-08-02,0.15747439676083336,0.27254866827782764,0.38110163369843664,0.24637476935474242,0.09049713445648523,0.182861566005848
2020-08-03,0.3348442569700176,0.33571889151098266,0.3997401899678777,0.3455849102992609,0.3157474535495185,0.47397254759283214
2020-08-04,0.42196032002450173,0.29876774777306564,0.39310190770908265,0.38203903485035196,0.336704047649557,0.29238035636917786
2020-08-05,0.3687440993297915,0.3518557773124352,0.2812083554483346,0.3020794798810895,0.35612566908118287,0.2494248223921544
2020-08-06,0.3889015229139241,0.44204735995586697,0.39372249501386863,0.39280374017004843,0.3142429825194873,0.3517597356776322
2020-08-07,0.35151828017717035,0.31830885913450485,0.33558008918090027,0.31704515607744116,0.21620434048887957,0.18549444299625806
2020-08-08,0.16239277959176723,0.3450225859556269,0.3728636488785484,0.32067506333492063,0.3106043481618463,0.3556467878637969
2020-08-09,0.42136386803914844,0.446258398730192,0.3956610043169487,0.23028944897468118,0.19878446332131852,0.30462373875638654
2020-08-10,0.34848004454152637,0.30574057843893143,0.3287552687018105,0.2988776613490704,0.327770305030986,0.41777542632674985
2020-08-11,0.42890427560338246,0.3778040795142409,0.35834890032179595,0.28388582048587524,0.3286771958206003,0.32942497039352436
2020-08-12,0.351259303037737,0.2395454460562975,0.41280681935988556,0.38402826298602843,0.03162277660168379,0.16048396049918764
2020-08-13,0.03673528395553664,0.2762572058087536,0.39695618799041965,0.2037016168247862,0.3564731917132611,0.09950365883222094
2020-08-14,0.3806010072465558,0.3460430661866804,0.3548457627187427,0.26960670909192125,0.161413820849683,0.3458181607002838
2020-08-15,0.2872494124729715,0.3372582791382294,0.3415026982435261,0.3255441881230683,0.3997856614277513,0.22659777791479382
2020-08-16,0.19979086220449535,0.2447146711601581,0.4498694128227327,0.27899083755640525,0.3022460868296376,0.2361352669523444
2020-08-17,0.46442405752370863,0.2923163736074426,0.421674601629048,0.41660354820222123,0.2579658176328875,0.2992220181443984
2020-08-18,0.39870634732861193,0.39410220374375526,0.3105617208059863,0.3659184247437719,0.45592259284145503,0.27496259671583495
2020-08-19,0.30689217601704266,0.4013846343047387,0.2820184527383977,0.4063090750524038,0.3187478744294436,0.42198999968760237
2020-08-20,0.26396602004736414,0.24827412797142015,0.3674166736082832,0.44796134026981743,0.2858914521884041,0.32684364236456687
2020-08-21,0.39610664714526517,0.4214847844682398,0.38860624735883437,0.40002586841005827,0.21829899419352125,0.2591433696844861
2020-08-22,0.3474358275297866,0.33008643988181097,0.4437157792456213,0.38704312975467065,0.17002784084645614,0.24931956515991072
2020-08-23,0.4238026326623706,0.28957696103207875,0.48389514471356476,0.4079334591479999,0.350420302785213,0.3575073432393145
2020-08-24,0.4452275964093435,0.38774855707069583,0.401980582826112,0.320703377351805,0.4200278815990989,0.3367931322684043
2020-08-25,0.291119563944383,0.48635935143586906,0.17083316663469736,0.2859237022753723,0.2185395623198425,0.2409139195502196
2020-08-26,0.28802404697110623,0.41487650598093806,0.38666420751410857,0.2982236054049233,0.33966208927470115,0.2935291041882457
2020-08-27,0.40084759687176635,0.39254173951358967,0.4515906700085891,0.3027274587986353,0.29591458850624897,0.3378298351602697
2020-08-28,0.3263054026090249,0.38077513624942494,0.2587754155218958,0.3648891111466203,0.3302288266266065,0.3983386660547357
2020-08-29,0.45120775429303583,0.37764859727635486,0.35160691075700246,0.2712363653946723,0.4023855782352069,0.3596083994260349
2020-08-30,0.39487254925674925,0.4106842886356634,0.19301923247488276,0.33472026973941754,0.3581556676664174,0.47967088269877267
2020-08-31,0.28146632549770984,0.34712791238954205,0.25596708024070786,0.40557075548433874,0.3050855630815908,0.3655941295528389
2020-09-01,0.37058333782338193,0.25351324231697014,0.3736996091303738,0.26640913555988255,0.42836342656390536,0.3597623107289457
2020-09-02,0.4024902118193533,0.2933176293538966,0.35727082380874925,0.39978941248147454,0.3054490819536934,0.26364911299685967
2020-09-03,0.3360755433217221,0.39573617277468653,0.31279772156576013,0.3065168715904737,0.23585035745127672,0.3478169377637486
2020-09-04,0.18524085739484453,0.22624692986564196,0.41050145587423037,0.4316806603980195,0.33351796996203115,0.28287486759920877
2020-09-05,0.3600387110776749,0.302493596478261,0.5027553360063182,0.15400384498932246,0.2690856605346663,0.4038925663729887
2020-09-06,0.4117593546647611,0.4094512469575871,0.4494524722760746,0.4208390400478475,0.4506386344198863,0.4475540686978012
2020-09-07,0.3425908686970663,0.36290488402537097,0.3742492405520091,0.37271712304149895,0.24308446233538794,0.26914812684388745
2020-09-08,0.34269179057847576,0.25283268761880745,0.44173162087006634,0.3671775760757127,0.3231413689309872,0.38440247193342236
2020-09-09,0.4051866156787696,0.44082262272156736,0.35805283564208507,0.2532960401780094,0.3096222952370598,0.08168946778102423
2020-09-10,0.2897606306583491,0.3436662426509663,0.37761406938725056,0.22088607648183656,0.40131245280487826,0.4389813530398637
2020-09-11,0.25957549553361686,0.3220425420042351,0.45901184928626876,0.28528873303453006,0.44071455081121436,0.39298528087602635
2020-09-12,0.2202861254556345,0.32734488543015783,0.35935052742706186,0.32717627106127395,0.340820166230285,0.10760126264062808
2020-09-13,0.45454805548100896,0.34943012062596124,0.03162277660168379,0.3545137590115309,0.2037256935550487,0.27085966480246637
2020-09-14,0.37022387488450903,0.2608080350680136,0.35752063698739556,0.42785857561511315,0.26436602841876444,0.27775022442958786
2020-09-15,0.2949972130901733,0.2706346212793086,0.33213390642240614,0.3718924762874809,0.30820820264230864,0.4016797993355098
2020-09-16,0.327008799797157,0.4397394318408266,0.2949695098903361,0.2977852504824973,0.38167948767475374,0.3440469086342862
2020-09-17,0.3262994070188435,0.4141660766619774,0.4058815079904823,0.31453399702190893,0.03162277660168379,0.2502786767637404
2020-09-18,0.2560083061800553,0.3946189724676864,0.31029870703857104,0.3214802262367681,0.14789424314581304,0.35467867272392484
2020-09-19,0.4181495835694462,0.19511844074743562,0.3470247119912748,0.3386412506005898,0.35117160921930507,0.17936250937369758
2020-09-20,0.3683323701031794,0.25819233441810385,0.4155617565676388,0.25153612297262107,0.3317053811163562,0.24390034470922947
2020-09-21,0.37011326043938064,0.27692955372860323,0.32383097939036054,0.34848360795958344,0.3298819148784323,0.36695405756464555
2020-09-22,0.2749089931002938,0.04335171473190024,0.4112771819733226,0.21539045800759063,0.3490386657777092,0.03162277660168379
2020-09-23,0.4402128642167562,0.32162267579546644,0.2755140514787984,0.3618807995048368,0.31786740220376547,0.45041622249380064
2020-09-24,0.46038984901615293,0.3581851353105483,0.2832169595766629,0.26019567837259183,0.275432067651714,0.2450314258773501
2020-09-25,0.3603024561675405,0.4062385796711642,0.1893823755028455,0.34081367879796354,0.2922489290899503,0.2956050150009056
2020-09-26,0.41913709874266003,0.3241530757740314,0.27337748334440315,0.3016222875061933,0.3390245498754984,0.5095639100174217
2020-09-27,0.42676658881528073,0.4652889836889479,0.31627813456236037,0.3250592569469269,0.3820490108988115,0.16758908402438288
2020-09-28,0.2986895524833822,0.4019933423936804,0.3942720884170585,0.27862861521577864,0.321547470097916,0.40503187292700266
2020-09-29,0.3826780445181219,0.28168371561376926,0.334316775853457,0.26042754920347216,0.2885502268144542,0.38922749245018406
2020-09-30,0.3880517352277387,0.33576571386270354,0.44377652317397587,0.4506952917017852,0.31813672034777424,0.21592441799686843
2020-10-01,0.5162343613841711,0.4299887074122323,0.41670444617829555,0.21651864490767536,0.30106940520380443,0.34844706177607876
2020-10-02,0.3692507204372127,0.38039095174869925,0.3344360632347831,0.3591401657579931,0.3312389093673429,0.341012926190648
2020-10-03,0.3475269153514702,0.4392732968428585,0.42403733052475595,0.3292765536953409,0.22287411634377363,0.4072835336475046
2020-10-04,0.3260033349784688,0.27472501568327684,0.3652743494018596,0.03162277660168379,0.40601690522446904,0.26383498753061235
2020-10-05,0.28103264629864844,0.32318440689323985,0.3193152118313323,0.37687000587102665,0.2967379231603458,0.35684265217329186
2020-10-06,0.31166795374069295,0.4137426507277051,0.4460893306141925,0.4251691245533618,0.40107097382043844,0.2896273062738267
2020-10-07,0.43582196806152806,0.27842384325566977,0.380139357116315,0.3466792530810439,0.23412583574542473,0.3143091148542374
2020-10-08,0.3366114070036479,0.3794899787955359,0.3337429645186878,0.27707243662096803,0.3378822184982618,0.33174987986982296
2020-10-09,0.29977619166833763,0.27638829124804554,0.46807123909598486,0.3788995445667126,0.3260659120136918,0.18083422239073713
2020-10-10,0.4326525426567554,0.3899591095516533,0.386831392977657,0.3545354601206285,0.34282868165262653,0.3301198102158971
2020-10-11,0.29742251556168925,0.3491535579922037,0.4699530384131613,0.3471180387799309,0.36555257496034216,0.2965419317214226
2020-10-12,0.35663350495313617,0.31660556912979154,0.41623356594081234,0.39414976019826353,0.03162277660168379,0.3065631122661696
2020-10-13,0.34450560933898994,0.3704447845367756,0.3239580432607289,0.3414659815097995,0.3680660142650391,0.33094559067761176
2020-10-14,0.40518486483597266,0.3191105666294722,0.4192212847494495,0.37005475817015937,0.23071208225355308,0.36161910098977446
2020-10-15,0.34860934088277146,0.3411894668383001,0.33643074498751346,0.3440412267012008,0.2980380862933585,0.43807440445631624
2020-10-16,0.4587799008953038,0.41163100857565094,0.2777036854676245,0.3741618568174775,0.2175221346040037,0.13850801268580315
2020-10-17,0.38093099560540916,0.2779709671537713,0.40954156782975853,0.3078596093564832,0.32171821234685966,0.3025870351493921
2020-10-18,0.40900205788042493,0.03162277660168379,0.41950044766418626,0.3856940257368806,0.33087623189032056,0.3536307516280114
2020-10-19,0.429846958659854,0.32352712963083463,0.445854752881353,0.25941514189350784,0.35434464857854003,0.0920236662884997
2020-10-20,0.248336732509294,0.3567177502874065,0.3972805760869786,0.42498695615210624,0.42661250153806984,0.40711880658992206
2020-10-21,0.3871755422905456,0.3746290924052435,0.35151595591082857,0.29613658266668536,0.45666961347881546,0.24049463660171388
2020-10-22,0.25217624618623935,0.3139027782436953,0.35758982998859395,0.319656256498481,0.2624262409007099,0.42982851466781224
2020-10-23,0.3396990743395073,0.21787256175652772,0.3108717659415022,0.2634607095085257,0.28024076929336494,0.31328606759251104
2020-10-24,0.2914231675099869,0.31244467767237966,0.21587349658415741,0.15736575643528644,0.32267938832024146,0.37148727863074954
2020-10-25,0.3839806689419926,0.3350060478915198,0.3524368318274438,0.34052712890599335,0.07900238298755784,0.4086838904350858
2020-10-26,0.3611159914507042,0.408646598415471,0.29886808366367573,0.3326557250550251,0.28990912923995527,0.24980298919960714
2020-10-27,0.21087065240443595,0.19018809262762443,0.198712472819258,0.4416554474787449,0.25412528731804096,0.3113951818979686
2020-10-28,0.3404888909305333,0.2995444655316813,0.39799155307635253,0.33668432180690294,0.144708206050636,0.35416980554741917
2020-10-29,0.304662713334251,0.06899949941392172,0.2895233004049899,0.42498356605023124,0.29423369556308193,0.38058108964224246
2020-10-30,0.2933014243409232,0.3180450836419305,0.35596230822238173,0.29907104182554234,0.3056749117042234,0.22503560527712232
2020-10-31,0.3506508416244224,0.3396021051595747,0.4339143208503934,0.3292912595231407,0.21326051235017163,0.3494238579125221
2020-11-01,0.3882148366872337,0.29433800406200716,0.3813057504049002,0.36798195765937747,0.3842614106251918,0.3341568592191025
2020-11-02,0.19439497034988013,0.34472583309308863,0.3395580146629953,0.2069146916822653,0.3135897008317986,0.32469675897493366
2020-11-03,0.26859442749324086,0.43033258451132017,0.26587404163395156,0.2693766036851603,0.3286226096906146,0.32348453604006444
2020-11-04,0.4009505788638782,0.26488224468570015,0.45420113357152514,0.38532176168280047,0.2601703951409727,0.3483672173060839
2020-11-05,0.39026467593608777,0.3611429416258712,0.3467903012674614,0.38733592126492594,0.4118534508817626,0.2578158054622869
2020-11-06,0.21552756471641116,0.44437893135778395,0.17676722433195977,0.30542521658578325,0.37373043230062314,0.3748872012459069
2020-11-07,0.31183265834335916,0.28160197905904566,0.31086651818404665,0.3893935158898808,0.21319399261996125,0.39539253513613426
2020-11-08,0.3314697879441742,0.2943905876575757,0.4416803317292077,0.2908578446435869,0.40683588497818185,0.37280427386695425
2020-11-09,0.3194985932641527,0.2534094886593869,0.4628018964766681,0.12580973884780336,0.38502283264096543,0.24434912865649955
2020-11-10,0.36324358286989405,0.3123763444160565,0.3854766678139724,0.3141332713229429,0.24396685021518333,0.3376507928925687
2020-11-11,0.33360790872546764,0.3350604438817571,0.34753351168010094,0.3568111719105569,0.2796081284113028,0.3167350840853392
2020-11-12,0.3282606343690634,0.3943516600018769,0.3276218088309552,0.2950596496755273,0.3578351190102251,0.4241843449789677
2020-11-13,0.25754970564282287,0.22487787930063444,0.38873215342341333,0.39831674817829604,0.30762784789382863,0.3442123031065344
2020-11-14,0.3837012757204316,0.38592775282856584,0.4883896876277616,0.20075793802499375,0.4320020254284169,0.3273333999734603
2020-11-15,0.3422545192081188,0.35399413318915873,0.32175267560562254,0.09973521590874036,0.24619263271793504,0.2699376039259794
2020-11-16,0.27833289276628886,0.47149368380443546,0.36000201753993694,0.032171563238528156,0.21532033975686013,0.370669007074879
2020-11-17,0.38228546143827546,0.2557137885603559,0.4739378326900057,0.03162277660168379,0.39376132586876605,0.29274526282417357
2020-11-18,0.4032323603326067,0.3671526067317318,0.2363962127368621,0.2770098863957699,0.4818891650066971,0.3077378466890175
2020-11-19,0.3276157713975388,0.3882614910840995,0.30899214682095555,0.3927967874702737,0.3397094743677384,0.32388139445411923
2020-11-20,0.34476536325484136,0.43046252228598186,0.34434632241800966,0.36204777929549925,0.3447535637163296,0.2855161697659492
2020-11-21,0.4403163682889247,0.3199224833768926,0.2955013880908542,0.10652875944859176,0.23390892449171122,0.40385155074073886
2020-11-22,0.38230426185956823,0.336116879324735,0.36905780068491995,0.03162277660168379,0.3909000389528026,0.5068406324309443
2020-11-23,0.3504404805048652,0.3416363864692233,0.37919407004290223,0.35504383027869524,0.35746359716784093,0.36367675110941977
2020-11-24,0.3713551811439825,0.3985393553806192,0.03162277660168379,0.3004240103293443,0.3601080894870915,0.3958389885336628
2020-11-25,0.36620130703750914,0.3016982781323563,0.4013772784272783,0.31474523376487396,0.395228587021866,0.2838557333321906
2020-11-26,0.39619863050284193,0.4163656802853512,0.4090078890650673,0.2267535297915684,0.262038429949696,0.17612237722831667
2020-11-27,0.41545723091042885,0.40557033986509194,0.37606752284862177,0.36912706395278017,0.26062601604377944,0.35469552345039246
2020-11-28,0.30048070703535573,0.3518121599392708,0.42453631355344157,0.39930648451250095,0.3428883351429138,0.36798803290331766
2020-11-29,0.33536413244150903,0.2950520576076632,0.3526169222439332,0.30306212531890525,0.2573734373459719,0.2505092169156208
2020-11-30,0.41451684679249073,0.38618071477138605,0.27902495337843286,0.07293330276568258,0.31632305285595486,0.33266302074118026
2020-12-01,0.3438443881750391,0.407916846157773,0.2680611981287204,0.14007857359907436,0.24807837977267405,0.2487242671547939
2020-12-02,0.36643585058764455,0.3547238889859603,0.22673583077827777,0.2945747068817509,0.3630026191509661,0.03162277660168379
2020-12-03,0.4269879839191035,0.46533700707372183,0.33810365143180954,0.40991819890306475,0.03162277660168379,0.18590045735297264
2020-12-04,0.39782006227464506,0.37841470274473454,0.25731303101540204,0.3323897873938538,0.3746413349216361,0.2746237257019095
2020-12-05,0.19104432126270196,0.35818614543530763,0.2978500249781728,0.3911655600573036,0.3458623980124731,0.4878350150876358
2020-12-06,0.4107383598860551,0.2932780862329348,0.3745497397331779,0.25546886981694483,0.2716534190899691,0.28202105966460167
2020-12-07,0.30064765332391,0.39706626434726466,0.36019699159737933,0.31624413551228087,0.2891457490165714,0.3154916543160362
2020-12-08,0.40810484534640107,0.31830151059036593,0.28629494002481476,0.2590254341686105,0.18084925719045478,0.29122791514751256
2020-12-09,0.3499488874887657,0.365206292227711,0.33137480245867834,0.3363451596947639,0.37755118607732996,0.33117894795469294
2020-12-10,0.41356724614072915,0.4472239440660371,0.33946268928701917,0.3365532906836322,0.03162277660168379,0.2661992996223335
2020-12-11,0.34021909241844417,0.2969969893702929,0.35843476927332174,0.38505827381002805,0.32316076424602025,0.40225183168049206
2020-12-12,0.39474367978175434,0.34855243884893955,0.32637208635062903,0.36164700674629824,0.3050044036009153,0.40024270369169856
2020-12-13,0.3482429936465668,0.3126582857993333,0.25619460330971533,0.16675508745859274,0.2692083905182393,0.03162277660168379
2020-12-14,0.2514357737718116,0.38498119134445313,0.34656367480068867,0.278096349398638,0.34108245078003646,0.4154796947186917
2020-12-15,0.3995332176306785,0.2221822391915143,0.27510018918474355,0.3898148142015814,0.365409401715474,0.310180247071323
2020-12-16,0.4563029799846708,0.24723946549482026,0.4164864093785166,0.344703461405417,0.23773271953238848,0.23430198949672726
2020-12-17,0.36655549282358457,0.29320735048198415,0.3911460171112964,0.23445460811766222,0.2890831648722401,0.36320737365920747
2020-12-18,0.28429506599519727,0.3253092768185257,0.32067242159977793,0.3194463315954435,0.3701907849623033,0.22336209886846597
2020-12-19,0.32538308805219984,0.3526542968247014,0.39306787876073057,0.03162277660168379,0.4697134989338137,0.30074675703985826
2020-12-20,0.4038166304947078,0.4127319989690317,0.42451287571967566,0.3179988909424093,0.20238418721470747,0.3568696621439829
2020-12-21,0.3291001818353821,0.3231892057999445,0.40043404004670213,0.34917586821039964,0.3655722388233836,0.31777481474260905
2020-12-22,0.36136250387357666,0.3654230637198626,0.22968796669320823,0.32418021957408094,0.19505036841109774,0.42124934133451103
2020-12-23,0.2803823803268805,0.19549198760877365,0.44442539181728363,0.3296469068845034,0.2980602074552384,0.3349591913881824
2020-12-24,0.3738527605679594,0.3390145695409993,0.46264961597859133,0.30795659108476253,0.30200543004786595,0.1335685570869568
2020-12-25,0.4064714734350586,0.43080786458740433,0.3275710118782358,0.19233242509096324,0.28502663206059037,0.2630245798362315
2020-12-26,0.28147327901394475,0.4537041250523385,0.4179185586548641,0.21077737580952186,0.3534276268556821,0.33514957693782077
2020-12-27,0.34959756391355323,0.42736396036804797,0.38989233742315665,0.24383831618407123,0.297151488376974,0.19266838623466276
2020-12-28,0.371691018465631,0.21694321785981147,0.47264220110808436,0.2898406869941793,0.24133556496815559,0.3280059444772869
2020-12-29,0.4546488411336495,0.31971372424020944,0.33944894144414683,0.44853128203223686,0.3008289351939492,0.3167648847773375
2020-12-30,0.40730025529416664,0.3191498427207348,0.32897407366817594,0.03162277660168379,0.16971193940761137,0.4203233101611381
2020-12-31,0.311552082784969,0.3500891403578581,0.24562341580440683,0.14175253932756415,0.4485704862831957,0.35086839883936133
2021-01-01,0.3273171585568589,0.47184273888082573,0.3778062516861068,0.348273398797054,0.2606255063261931,0.31773792482293894
2021-01-02,0.37936249088426677,0.45247448114708677,0.38469443609494564,0.3687653686389343,0.2284254389491231,0.18797965875711609
2021-01-03,0.32963196573781717,0.41431516706123916,0.38543272103527143,0.29042571937389133,0.19359652192514754,0.3161717417340894
2021-01-04,0.3384537131064524,0.47603697320299715,0.3486339979696343,0.27658252405389777,0.2795782774071874,0.33659160934670135
2021-01-05,0.43702065270756163,0.3139969142312722,0.33826431816167696,0.2865012956322168,0.37041814018079194,0.260044053418343
2021-01-06,0.4167971512647964,0.3000377252085011,0.4105852534587777,0.41349746096642703,0.08168844735927593,0.26453510487847304
2021-01-07,0.2992505635019987,0.33661051449259205,0.4004923384540753,0.03866276133966919,0.1985985990281929,0.3803023361944618
2021-01-08,0.21813838972274185,0.4627062317188909,0.39965365884871135,0.2822200991312649,0.32449148317908394,0.36649136804000587
2021-01-09,0.4087048728730876,0.3508810934504132,0.25077522944052955,0.4252771199446676,0.2346503730741624,0.3243729287042318
2021-01-10,0.3794266836315556,0.24180409098059522,0.3408902372691368,0.305978012251082,0.16565390275336725,0.4189961175385368
2021-01-11,0.38510309632966416,0.36235961288761553,0.3729930259101399,0.37992679492879283,0.03162277660168379,0.2810016197745973
2021-01-12,0.38330774824644226,0.15252386738645352,0.4259506384468202,0.4022301699165637,0.366074862934513,0.21551639384869906
2021-01-13,0.369732591291883,0.2907913361495697,0.3137302950551676,0.27347944794740325,0.342613228257341,0.30971578317050247
2021-01-14,0.38537151192330205,0.3925166710798518,0.24898866375821055,0.21362982717041146,0.3660173003395129,0.21379603260056237
2021-01-15,0.3825692853180451,0.32525661715160326,0.24841926911292514,0.11708827251467231,0.3996316681049797,0.2571415318131578
2021-01-16,0.4145987758241328,0.4620752237381922,0.4288378284968656,0.3730543197231869,0.2648102910866908,0.29567390094118084
2021-01-17,0.456742841653969,0.3888708358723204,0.39148205469479197,0.32290231824539634,0.24182179321180244,0.24410389984175526
2021-01-18,0.391215047823582,0.32071545801181933,0.26717308985165467,0.36403640563384176,0.39063714734539257,0.15762609210409645
2021-01-19,0.4113006744850211,0.3924628421095065,0.3169588515079987,0.4469713351985765,0.36102098686476547,0.5054660500966094
2021-01-20,0.3884639441116529,0.40709197463755076,0.40060334320812085,0.28976994102587733,0.33392145477577523,0.4356151601994771
2021-01-21,0.41516594448790156,0.38781805297634264,0.28287214247770887,0.3767585765758765,0.26848633541150374,0.26293980427590996
2021-01-22,0.3299300654311834,0.26396709536614965,0.385165525126385,0.3505547650618863,0.3157850519871827,0.42863110207657223
2021-01-23,0.3302333856015821,0.20629192223840612,0.36003853647689266,0.3671197187271325,0.29206446654256124,0.3774322529105816
2021-01-24,0.30338326606748783,0.3390507924511979,0.36013465493840774,0.38015675474202654,0.3536004610702035,0.35883178622486656
2021-01-25,0.42175660660345043,0.13572142538122717,0.31550591106334985,0.3673437368598065,0.35298858678382217,0.34792046105319746
2021-01-26,0.40218980578619773,0.411241854245734,0.32009159738671983,0.2757863796484152,0.36697948933925406,0.23845589067549575
2021-01-27,0.36906296411476697,0.3354012637676213,0.3591580582601975,0.3663037894426208,0.40074580380750097,0.1780511568060519
2021-01-28,0.4289637100124755,0.23019893020566987,0.22008216246016885,0.10577446929710405,0.22029848976081617,0.347034062555873
2021-01-29,0.4340750468502435,0.23310639818801454,0.17753586116914644,0.26179539781165095,0.2705733298893021,0.4203407968492054
2021-01-30,0.44493732947661774,0.4112110437214061,0.3819812476523773,0.3036529122257296,0.32863492098777236,0.2694172139553632
2021-01-31,0.300748276499694,0.28349916216650894,0.3672377379879388,0.2863766186519872,0.2816500345177259,0.18356910332596302
2021-02-01,0.27773685866418585,0.32422585600602655,0.2809472378487394,0.3423293649068018,0.3188100528066506,0.31235777951169624
2021-02-02,0.2893107983363787,0.21730876236650715,0.2667851762711168,0.3801446047969632,0.08769610531885272,0.38956702470330784
2021-02-03,0.3459122793971921,0.34342837490923794,0.26850663138430103,0.30956114341189844,0.2321788305245212,0.16588471603819774
2021-02-04,0.4331626754527633,0.4491947381954631,0.3104490288194492,0.2528104474366859,0.2695663105260684,0.3299106600383957
2021-02-05,0.45696602092043237,0.41084250238709824,0.25121464900073004,0.18713882054138345,0.37492642974933044,0.3761470734884943
2021-02-06,0.38546417293962026,0.39828708154058845,0.3661069619905285,0.2094582528519211,0.38843670442193684,0.23264749934028267
2021-02-07,0.3581836482670119,0.3459400410003014,0.42106462244899034,0.3457380454135865,0.39034072978754397,0.18351129007351524
2021-02-08,0.33985468492229703,0.4299425129827789,0.3434932752417289,0.153116376890958,0.35861242600571885,0.3545599213121694
2021-02-09,0.3258935257672666,0.37771113936598744,0.34007693820454277,0.3580925806194259,0.31436029083885275,0.2213973420468146
2021-02-10,0.43861894546056407,0.4618141464104334,0.1901001200932369,0.3056572757459188,0.2795742980641982,0.37590205981355745
2021-02-11,0.3388706730774311,0.3804306303547926,0.36182648077456525,0.18811396876553071,0.27358958582598286,0.3667224976221935
2021-02-12,0.3001763540138856,0.3445637547960824,0.29146057852422236,0.24660031776273156,0.23278832493477392,0.25587682072471324
2021-02-13,0.37671943284583315,0.37768441924271856,0.3563880562652949,0.36620022294590565,0.26645325656012886,0.4175671296531809
2021-02-14,0.41625905179281103,0.40819167052658334,0.2612553431514277,0.3221766028062938,0.3522959659633259,0.3703162444694887
2021-02-15,0.49532668478256775,0.4287185425299789,0.33177274834643605,0.2486678402831193,0.36628738667957633,0.31921292544691876
2021-02-16,0.4628442406917535,0.34732643213229436,0.3965792860048038,0.24637511718566646,0.33939789301090806,0.1759197824075259
2021-02-17,0.32156863784852563,0.4728391726162761,0.4525386008987564,0.18185079052299322,0.26402075479411713,0.36694131840333893
2021-02-18,0.18948717035906823,0.36153446006073947,0.36286795222075835,0.2692993561161463,0.28397793490080225,0.37812616194729254
2021-02-19,0.39692194808572284,0.2425606413739234,0.44681859258901524,0.3151318972990328,0.274488358368823,0.25595626832877394
2021-02-20,0.4319846392394812,0.37806720612618677,0.37883850296194355,0.29334596210517294,0.37352187995161085,0.29327801072567355
2021-02-21,0.44579061163729217,0.5257761445038125,0.28580156366125387,0.2888504471882186,0.21387490192191813,0.2634163306908144
2021-02-22,0.3453153962631984,0.400448033425084,0.37745239378692697,0.1801285143712648,0.3522687938008767,0.18405733390120999
2021-02-23,0.29158680393760694,0.3421410347309755,0.0816683692530562,0.3061491254272254,0.3229468227350542,0.34116561404685536
2021-02-24,0.36609635587008715,0.41122265176889616,0.31085347925642115,0.32978867619344604,0.3440553491427146,0.49926240608538763
2021-02-25,0.2802550581627887,0.39193405731062214,0.2793651048418601,0.3478573335759821,0.45036338465896303,0.3610298182432907
2021-02-26,0.40273862096498764,0.43116006152594727,0.32570576205298146,0.35745717550094364,0.28130350036881124,0.23252026669883055
2021-02-27,0.3376906226049692,0.34246879346542763,0.23041212262434055,0.1942012646140101,0.25400985662478015,0.320541269651807
2021-02-28,0.4716301581332822,0.41157257988906326,0.29554178210817766,0.4704634144301511,0.17640613640768887,0.34878072089499845
2021-03-01,0.4033078013149509,0.2855440937345496,0.3746731942540278,0.14387784536926482,0.4399411992171103,0.07748406767231408
2021-03-02,0.37045082330149487,0.27722991119887647,0.4010634429868271,0.03162277660168379,0.3411613381409949,0.31649451074206336
2021-03-03,0.4052760710905756,0.2638844866375322,0.32511078743256056,0.23179466925928352,0.23501634811614444,0.3358112383225372
2021-03-04,0.35662600056604277,0.31271651103709047,0.22229946121661281,0.37805099633889777,0.31923643236322735,0.2971009449701049
2021-03-05,0.45520156903107384,0.36884259179683543,0.40448923455293956,0.4806658450020126,0.4161836877361027,0.2107169872395005
2021-03-06,0.33180065023537547,0.4371347227505208,0.426590861457419,0.3443911636937614,0.31199994767487177,0.34562690836130866
2021-03-07,0.3279543845057,0.43831689580237443,0.3563250532245385,0.18449292742558354,0.24494503828434183,0.2997515106387575
2021-03-08,0.3676589925153788,0.308209050240004,0.09663014265403148,0.31282396157331244,0.37738779009165657,0.3207820704784165
2021-03-09,0.2383167988344793,0.30484578382177874,0.3771066486012712,0.4000049347462392,0.07856439841242534,0.27459948584199817
2021-03-10,0.42891345303521605,0.39664060286029745,0.10715935493200664,0.26226461925760935,0.26412642195185504,0.301286793798214
2021-03-11,0.3954066118668524,0.39130739750334814,0.3315111162317068,0.3641100102537354,0.29987567974516394,0.20764324327740397
2021-03-12,0.4105141344513019,0.40160634889555985,0.4336964949982112,0.2515776422122507,0.3505196431453765,0.3226449717889278
2021-03-13,0.41640914448413374,0.4460765018128423,0.29353849364395573,0.3227868203574428,0.3471140155596931,0.41294425442204086
2021-03-14,0.3801686641499389,0.37801777096074857,0.38578234824117213,0.27901218422064633,0.33886395095530314,0.27572695122174373
2021-03-15,0.3889997638560541,0.27340895019288614,0.41176554763946105,0.43011378579257264,0.33095585742399425,0.3918892159931736
2021-03-16,0.30844589766743613,0.25955576016953247,0.3157663027522157,0.43642332371982084,0.2400381294066544,0.2984923872234957
2021-03-17,0.4431185616161467,0.2659673745589977,0.40496230072409317,0.28543755021107253,0.3174601025286172,0.17239967819305205
2021-03-18,0.4294213771827526,0.25143403120332214,0.4026138010031607,0.35431568470275165,0.2590526438919185,0.38926729798584786
2021-03-19,0.30105330967607496,0.38009231059846116,0.29429440716756977,0.3295329528130329,0.20302775603044382,0.3572989798463455
2021-03-20,0.38707520175512317,0.3838792281993496,0.2445424506512307,0.35094203881119196,0.3773707866718533,0.17788510245939013
2021-03-21,0.1583551608088216,0.2829599076780577,0.28670946823415655,0.2552673286547286,0.33618761602218156,0.3593067329653542
2021-03-22,0.3093355378974573,0.39203390407872235,0.3285695572459848,0.34275720614596084,0.3236776327954488,0.14751224163403268
2021-03-23,0.2109541778682309,0.3881872905165073,0.35885871787823537,0.2890114369409028,0.3416912370169974,0.3695856263633839
2021-03-24,0.3328683299081521,0.3542266918098196,0.33813205671372315,0.3712673349479444,0.22173372222369592,0.361418648800363
2021-03-25,0.4361052861678164,0.3879016753611654,0.24266172561045338,0.3416035689632454,0.3925408722459885,0.414208086704689
2021-03-26,0.4251809235908467,0.379845705492557,0.41740961000212884,0.3454568367169192,0.44789900902439855,0.3931272329148648
2021-03-27,0.4640985287206478,0.30820838511975346,0.4594003138002282,0.32748189515581555,0.2871050125203553,0.31811185479992377
2021-03-28,0.437657809865554,0.38751478227667335,0.16193534100318685,0.3535437825602631,0.3440675291996777,0.17330519686351856
2021-03-29,0.4466865070405104,0.2747216189521893,0.2834403630033579,0.26529644214990394,0.44464353327976597,0.32584871458666076
2021-03-30,0.328180760175293,0.3011463726706674,0.43095867341807786,0.4451172424502782,0.38803756489600055,0.31651979968462063
2021-03-31,0.32241935319223075,0.4768698028287423,0.29086130458272286,0.4019250249209879,0.3579721260220099,0.42924435224639296
2021-04-01,0.3782863051640432,0.3986324092869242,0.41180565813440456,0.28851882250804267,0.4215542919194854,0.3422234529141466
2021-04-02,0.27525536293474623,0.38264947429040513,0.3374014022290204,0.3196493914153026,0.03162277660168379,0.35764084739571533
2021-04-03,0.3346530708814275,0.2995796575592758,0.4503616929268588,0.3454217217989888,0.43332872616037643,0.2996271665765538
2021-04-04,0.40481061055122397,0.2695274450057307,0.30223518308807884,0.3103266371415454,0.33128726084986476,0.27823915287396
2021-04-05,0.4113688920995595,0.3630775546328606,0.29205723197785016,0.36259685493822275,0.38048360219348476,0.24450810215001134
2021-04-06,0.3016404324205179,0.3451013519767609,0.3235503588397818,0.31355919977703467,0.2723573347747797,0.3503384729187714
2021-04-07,0.3291202952412357,0.3278490938767938,0.32939097340813284,0.30192928285313914,0.27466764032716845,0.150230107025232
2021-04-08,0.2659942922200919,0.24282448279258473,0.2839339509455388,0.311306585229085,0.37911192767654533,0.35209668544918626
2021-04-09,0.3531417199784434,0.3136911003607495,0.23590935383721004,0.2750270058380697,0.2479923319179993,0.28706085436571555
2021-04-10,0.27779494843442715,0.33910235998181726,0.25975142019119146,0.3602103181361942,0.28169151370396,0.2685681428326598
2021-04-11,0.49971120456804646,0.36098382545769353,0.35918704281081687,0.35868703720940354,0.28638875043789147,0.10347306607660971
2021-04-12,0.3200866005526798,0.34475794854205405,0.15861867493874993,0.3427681450024132,0.3085883789865496,0.22315301960291617
2021-04-13,0.3126485324369843,0.45796445353802145,0.2751687179704522,0.38179773935685907,0.30685779150974424,0.2693009214061906
2021-04-14,0.1480491560285776,0.3901333804187766,0.36504895333071224,0.4377531863664274,0.3522830344577628,0.37511010131148603
2021-04-15,0.4480750463934006,0.3587236261140074,0.23903418229031062,0.2933527403868288,0.3123381834267061,0.37717091425402366
2021-04-16,0.2891339978524303,0.19537338438811014,0.3187697803554138,0.4029200736830271,0.3841516157103915,0.31128732632681727
2021-04-17,0.4477924522850231,0.46520611372784987,0.32382014672686704,0.42207160343407363,0.2963626174659164,0.2937692051739508
2021-04-18,0.27598827740544923,0.45546132473373196,0.208047724963372,0.45928097246936617,0.3387937786284671,0.3033937037580006
2021-04-19,0.29252244883797535,0.3260036624139342,0.2677126033300603,0.3329245833340209,0.26562503395400294,0.2124496966774907
2021-04-20,0.30132430338738353,0.42404007563830337,0.3502963923746646,0.2694189307634973,0.21155817248897288,0.37638636477563236
2021-04-21,0.38258152053039396,0.31052029040304013,0.3689753478996123,0.25318778695391275,0.3987308119747401,0.29744540463921687
2021-04-22,0.29335895059541783,0.28986644198202094,0.32721741098682167,0.21186172969221892,0.3470307844919358,0.366152940070331
2021-04-23,0.3013682258742206,0.12765347967524565,0.38344915717090944,0.35600683535192906,0.26102607656814725,0.40180719894553046
2021-04-24,0.3394761165196668,0.3530707627383702,0.31218464136230195,0.31376273417417644,0.23059636003311113,0.23348625045365803
2021-04-25,0.3124290932698941,0.03162277660168379,0.37159364532782224,0.03162277660168379,0.26392563556263576,0.03162277660168379
2021-04-26,0.13414120402349816,0.3349335010152783,0.36380507445426463,0.2714546134699666,0.28416352583390575,0.4116028290845708
2021-04-27,0.4486669253230035,0.12502109950662837,0.5713921485571235,0.3720354295380843,0.35413758905788223,0.33282101086442
2021-04-28,0.4163013168702775,0.2958521034523376,0.35002009170996434,0.29262198145385837,0.31260900136582426,0.3381810834747421
2021-04-29,0.4420894368430262,0.3110592412790888,0.2591998920332768,0.1553747571725087,0.2814076753674947,0.3708489697654401
2021-04-30,0.47171284321324325,0.38978004102749103,0.3979540761655747,0.2706164179224698,0.251897173890908,0.3433987200186993
2021-05-01,0.4246051280505464,0.2934838293776283,0.4386600071329485,0.30202947327212826,0.32388790804373546,0.3652844648187154
2021-05-02,0.38891811700470036,0.3378228871486553,0.38104796814956415,0.3004415670212195,0.3234000992925306,0.31111186275128616
2021-05-03,0.42390846962667134,0.2796854139602798,0.31846795477152035,0.4229726975563662,0.37875814133143704,0.3863579742683732
2021-05-04,0.33424185665457945,0.20831392205728652,0.33703412213260286,0.37921278937621516,0.2641987295607958,0.4166935730096507
2021-05-05,0.25767125366456284,0.3599865672240091,0.3452497618059045,0.3870768987281111,0.36335105581247623,0.2769029271036876
2021-05-06,0.3973290545228531,0.4344030575027484,0.19509895110124342,0.3228939028252083,0.3010900066290822,0.03162277660168379
2021-05-07,0.33205110913725727,0.4190855803665805,0.43153081015537564,0.35118876562086104,0.22924697153672094,0.4195834974805003
2021-05-08,0.2793483078421135,0.3128752479713165,0.325265167186939,0.3959558149076071,0.24243409810424013,0.21138903561778766
2021-05-09,0.3639987803496652,0.16460372010104132,0.2941610222578317,0.40144009933583646,0.34296537495473794,0.2950547067604725
2021-05-10,0.359090193332664,0.4032829844315029,0.4655347448486187,0.06623632861965668,0.17771957702616636,0.3107544009273667
2021-05-11,0.4470427414102672,0.3641772511059032,0.375925007576824,0.4039620451016821,0.35661459439218784,0.24017535495282027
2021-05-12,0.3778613395824698,0.3500105749192607,0.26813814812678494,0.3696276574324358,0.13136067976599847,0.33828417512684683
2021-05-13,0.33599980225225456,0.34560783326122024,0.38566739683545387,0.208542115090223,0.41930860086895266,0.4696635325197402
2021-05-14,0.3459409141015755,0.38265441977038117,0.2735768424081147,0.2289193678981493,0.33598753995816205,0.32229493623999605
2021-05-15,0.23261572466257044,0.3924709902056366,0.46071272429769433,0.0678941978826648,0.28163757442663395,0.23870640850430663
2021-05-16,0.43956711816475624,0.3444642732894497,0.3215081084330361,0.3525646245312792,0.39259973598355064,0.15044866417845568
2021-05-17,0.03162277660168379,0.22990608769876336,0.4056096263466794,0.18879041705231625,0.26612033684538233,0.17362053664342372
2021-05-18,0.4163317540165671,0.30318870010779325,0.3103357180033816,0.27828413012521946,0.4000163590241548,0.3571932810056007
2021-05-19,0.3628918461755947,0.3167065520271511,0.38059225668774943,0.08070263326081105,0.3309398653777645,0.28385552881853393
2021-05-20,0.389527867290829,0.3520452759873329,0.2709755357895217,0.03162277660168379,0.35025053265872896,0.25901270120074726
2021-05-21,0.36423464530148275,0.39399435982987885,0.32205739869341654,0.2878759106926312,0.22773531069153372,0.3294285788298103
2021-05-22,0.3295240470376104,0.42349732203054335,0.1368479146038623,0.26584476019249137,0.3684161906483358,0.33348286344959266
2021-05-23,0.2733546468110706,0.3428995272657607,0.2784273102143883,0.3482448803098353,0.17724648131479706,0.39982789570296545
2021-05-24,0.30983667720730945,0.2371980483562499,0.36600254494428985,0.43214213956965647,0.2687427413450579,0.2390844940782659
2021-05-25,0.37416159587749437,0.2015253826799731,0.3043769376924231,0.34040073892767736,0.30875663078710164,0.28871608853833286
2021-05-26,0.458639148029833,0.22687096832586587,0.390174791284409,0.43329741931191107,0.3335613974403775,0.3176792116887284
2021-05-27,0.41028689301482163,0.3981909334829537,0.4649932699052661,0.33183797224118294,0.2516909816099904,0.42613711989740516
2021-05-28,0.2922837028730005,0.15827038518217273,0.38314377470287453,0.3342173285717804,0.40003322727455237,0.2959283174964463
2021-05-29,0.36212168227152347,0.14899742577867386,0.42940169027225267,0.30117721094127065,0.31172195231488786,0.339852834559722
2021-05-30,0.44412228284657473,0.2637531454288055,0.3885473905174251,0.09539936441424682,0.3086698305275394,0.371464150052476
2021-05-31,0.42601607239339256,0.2848647628110207,0.3973516493107428,0.38998234986078867,0.3058171637708191,0.35941231914139277
2021-06-01,0.4072482893445744,0.23478320238014114,0.38311541433321544,0.42716980782376934,0.2520314990425394,0.3918297181161216
2021-06-02,0.2711819928536556,0.31646641718422175,0.34040248241262683,0.35004309826523783,0.20472129299216,0.08067950807603992
2021-06-03,0.4497249340837509,0.41005231458143426,0.27285294262237475,0.3456138545654806,0.300477192813488,0.33552001497231965
2021-06-04,0.41078387271911726,0.34684274422081995,0.3174913729333793,0.27535781413948135,0.35293113105902096,0.26342295674875976
2021-06-05,0.35766369275916904,0.3472739782666834,0.310555285536777,0.0673215836462227,0.3219223916046647,0.40732679293490315
2021-06-06,0.27021307310626347,0.4123140390869364,0.3852091336976773,0.11593073288715865,0.31947813949240866,0.41802740504979075
2021-06-07,0.30419106811508156,0.3496716502905625,0.16109602039809337,0.351672567812392,0.3772778005141897,0.29430926838117133
2021-06-08,0.2605235554002936,0.3499387482956664,0.2750423496763983,0.348730766540189,0.254202095307845,0.3514288112383646
2021-06-09,0.18234297043504621,0.26126493833812053,0.3180785241372044,0.3769604551841033,0.03162277660168379,0.2855514664252798
2021-06-10,0.3692533679244475,0.27200191933953505,0.365965274913812,0.19526563468483485,0.40796083318427956,0.3247621030718463
2021-06-11,0.369850803404531,0.32355973599743704,0.19065324614559567,0.2775706837709098,0.2056255494542222,0.255479904379665
2021-06-12,0.3974749845241971,0.22233821445130436,0.37493222556219147,0.30849443511878055,0.22959245842396686,0.2814278834846186
2021-06-13,0.3976599391823848,0.39985751355244203,0.31129965530415094,0.2233587899628393,0.1632811699774844,0.24975635754140124
2021-06-14,0.44105946713002514,0.28265458323687676,0.3152603846602127,0.38590297433603926,0.21169909913242793,0.35511565340983886
2021-06-15,0.41084387643232084,0.30692740532202223,0.46263444946208293,0.2004010171598049,0.3803257728651037,0.38037466328536595
2021-06-16,0.2167346749068748,0.3996024288302171,0.20462416801166433,0.4626906005387857,0.15247290783408707,0.26290286448290207
2021-06-17,0.41599091639039554,0.36604731562656745,0.3638284483626682,0.28527889398464773,0.3305431542801873,0.3490926228838817
2021-06-18,0.39509214184477587,0.412319302419862,0.40857468168270533,0.2288759073451379,0.24772369231960595,0.2571968955432266
2021-06-19,0.47310644138300545,0.4002410943322168,0.4466209605969392,0.3989670203719806,0.42820696582091805,0.20272630966695213
2021-06-20,0.4303658093735119,0.29048586010106503,0.4001634542226945,0.1310299187823579,0.25146535937560544,0.271620310703871
2021-06-21,0.44771190164939395,0.26916280349922783,0.2720242108401257,0.410520166617714,0.3379164855153934,0.36709691500229197
2021-06-22,0.47647993025431795,0.26069354448727533,0.13994762582184261,0.372783382402256,0.281255262549353,0.3131278078215392
2021-06-23,0.4203712965971173,0.35478625064302594,0.22139851580422734,0.1896766233616485,0.38777854332048844,0.33086854045232833
2021-06-24,0.40532906973332317,0.34512881277432017,0.4108351930888234,0.3172143850700383,0.12872465597580846,0.49337627910484144
2021-06-25,0.3884775658225104,0.380451451377241,0.2198306127372905,0.3493785305152025,0.3338410094984842,0.2516787439266578
2021-06-26,0.29426267487698765,0.2881941896828794,0.3443417486074105,0.36322583668037045,0.3440653891493382,0.39103186091974335
2021-06-27,0.4241506928868028,0.2768638680280497,0.3597886226265366,0.3991700527455267,0.29680713971263784,0.41450786516699406
2021-06-28,0.40803943596945275,0.36136674372654004,0.33350572315144617,0.36506279074234466,0.23682028236832472,0.4439153881351574
2021-06-29,0.4453273658358934,0.2731837909614554,0.4085161710961694,0.29869150996072585,0.37956603700302083,0.23738564715945862
2021-06-30,0.37676877309485407,0.2821006610965949,0.38733271138419784,0.39813306250527625,0.32245913402910736,0.3266723509303927
2021-07-01,0.34731815183677467,0.32305201264907674,0.44815749111056075,0.03162277660168379,0.14807207325457095,0.3792397424784839
2021-07-02,0.38794823732294426,0.4200986415903162,0.10038106935379773,0.26194141462505455,0.41343266351051877,0.29257145503944193
2021-07-03,0.4185557154562697,0.27846758630166024,0.24958384871965225,0.19912035959976374,0.42874194028624046,0.21502181365512224
2021-07-04,0.42412941574795965,0.42583407377284915,0.24405944687086253,0.34194684355071286,0.3329132751486954,0.23044244655266977
2021-07-05,0.38685224807996454,0.26737631127939765,0.33354338525508254,0.3558093730371604,0.4336581675045089,0.34363214788833546
2021-07-06,0.28145169733278996,0.3533588419795178,0.3791513236111009,0.4519981775149715,0.28622868770495513,0.22195050200598193
2021-07-07,0.3685422364046272,0.21772655363350754,0.2722101406393151,0.39508593092076,0.3313707484845266,0.46476019203548724
2021-07-08,0.40567787644902475,0.2520901822633212,0.3155098367520553,0.39394652830785665,0.3160376685682536,0.35179310300909694
2021-07-09,0.2490264847996879,0.4344320115882793,0.3886309888389085,0.3816917356575582,0.4236649016723408,0.15071002178177584
2021-07-10,0.3309914435433747,0.4174311609311431,0.45518435469761626,0.1780696274754009,0.3537502245154902,0.3042228369331191
2021-07-11,0.4608732515941278,0.3403235399090788,0.4597802310516712,0.22063893495189238,0.22751863376977338,0.4018706615765295
2021-07-12,0.38826483070979156,0.3720367023582193,0.3467627360067465,0.36598710974973414,0.2720848790519122,0.30520521871009526
2021-07-13,0.28352403725059044,0.3820297408379049,0.12207685014094838,0.26515925327350875,0.32237997997077533,0.30285050682493236
2021-07-14,0.4558925416649691,0.30005141416856934,0.20709839093250082,0.20575077117647153,0.10151539344653834,0.12503112670237151
2021-07-15,0.2638707087732346,0.32609915837622466,0.3352693125353437,0.2714885194722602,0.3464449008505053,0.32998106811361405
2021-07-16,0.2654453595607692,0.3304379118768521,0.26632287205535576,0.415387021239182,0.1259645398271502,0.43630245493452624
2021-07-17,0.40741220268188927,0.35512188704361614,0.43087840529939603,0.35397496757933783,0.4563472399284674,0.2521634189958356
2021-07-18,0.38062081182838836,0.42200498559667393,0.3589309295000702,0.39407489290471864,0.24328817844873138,0.26796011941534853
2021-07-19,0.24529525033651087,0.4740954521666826,0.3409987148928801,0.14543100044505688,0.3103245991220823,0.24466053585009964
2021-07-20,0.3827467128525719,0.3958825470876064,0.31208014832236175,0.3539483890227412,0.46213903456767186,0.41767889031696886
2021-07-21,0.36447754602558424,0.4155749230900531,0.03162277660168379,0.3313217266912397,0.34899680439081715,0.308314352468442
2021-07-22,0.27111499205638506,0.47982583166839127,0.2990137803820866,0.2981212088414488,0.25739716210648556,0.4498256437620891
2021-07-23,0.3003716096845008,0.2565292269804872,0.3735844756304819,0.2692475363920217,0.37687759830809453,0.30438253699655227
2021-07-24,0.4207016955748031,0.18030349569806411,0.3796468052288266,0.26387928743914224,0.3482702728219729,0.3100628125700464
2021-07-25,0.4500622092645066,0.3730848219110811,0.42319405989772396,0.335601612480976,0.3495853491846213,0.4113716110522156
2021-07-26,0.2800938996570589,0.3950898096916763,0.4234192220308804,0.35512326282699214,0.4621923149754268,0.3083897496316225
2021-07-27,0.45367441006979137,0.38159054157929667,0.3110187764040835,0.18863885900530442,0.32753024270807735,0.3385790514888549
2021-07-28,0.3373584714853378,0.3256230502015042,0.28440907386310754,0.36711050615245944,0.3072857931028586,0.2072427912192921
2021-07-29,0.47266670667373323,0.03162277660168379,0.2904366156985683,0.275894401664477,0.30596938723357686,0.19298505486521556
2021-07-30,0.4802421601361912,0.43848169509471135,0.2314669491484664,0.39298661899717857,0.3177120590834253,0.2849297523140576
2021-07-31,0.37461511305535994,0.33333867310595044,0.21596277291789984,0.32838192156744295,0.32979438889510565,0.38881426441074307
2021-08-01,0.26007079756454476,0.3546317209129943,0.3402024695035186,0.2779795209414316,0.30891750051517686,0.2984415120727145
2021-08-02,0.4337192615066694,0.4247304919763616,0.12328081175283466,0.2532769088243205,0.38586367733217647,0.18913166502466355
2021-08-03,0.31322318459063403,0.28776774962429885,0.3191985063588221,0.29136055095168417,0.28624198137526136,0.03162277660168379
2021-08-04,0.33209838746982967,0.3175598475435189,0.16520630958671706,0.4201306462794253,0.23188746037915678,0.3650292565193742
2021-08-05,0.33551482058326193,0.3991894609869209,0.46131513121427786,0.3532845303267125,0.3543656004299699,0.2706181153796195
2021-08-06,0.36927670449448896,0.3637466267869155,0.31183153972669475,0.30140085674618655,0.3987882215194015,0.2866467221005788
2021-08-07,0.3139107406959802,0.39366435504968394,0.3389547560562672,0.27369835651575153,0.34080599346385243,0.17713475832200457
2021-08-08,0.3822114262293206,0.3865380975283402,0.16506022971776935,0.4012992212061374,0.4308155222376448,0.2369837777979914
2021-08-09,0.03162277660168379,0.4015370896174288,0.03162277660168379,0.24540201018523847,0.40493941952841284,0.348166191484829
2021-08-10,0.4501425832498261,0.3506944268555704,0.23060342403317655,0.22741319184216116,0.2662910030969828,0.42597924626095024
2021-08-11,0.2602572149755007,0.338357280172821,0.4651330378708589,0.09173814713465,0.41817649881238106,0.21779463817558223
2021-08-12,0.34763348377810405,0.35565620899271194,0.2928450226430862,0.45253969449149756,0.36598818203339795,0.4239364570162135
2021-08-13,0.371184294734421,0.4461644033729303,0.2695908545151171,0.3413833112950586,0.37943491148927,0.41539146826405426
2021-08-14,0.21107108131050445,0.3302860004185699,0.35033077389683115,0.3665423437925635,0.21076287036459349,0.41632564533539146
2021-08-15,0.35082852578653084,0.3862424243415516,0.3577594706752496,0.34254269643395696,0.08942098620968326,0.47495034222455423
2021-08-16,0.43168477516977194,0.0871700005415573,0.3122799509941509,0.3071540287448839,0.3341247329172269,0.18718755788702623
2021-08-17,0.4207857249472401,0.35218013698900913,0.4086217023089203,0.38460277039057084,0.33384687269807567,0.32028588611200776
2021-08-18,0.3897256361160602,0.2494662613644323,0.36967292519784717,0.29176341435537717,0.34064539670548055,0.40693879997942856
2021-08-19,0.4446665101808233,0.4741207462772659,0.2773336965829104,0.2416655832452719,0.24337464655175967,0.2609326803479689
2021-08-20,0.2923482983593236,0.30652652174372885,0.22321425365147926,0.4427396245054344,0.32181157141337324,0.19711734835427808
2021-08-21,0.20071739269008085,0.48864749825000847,0.37292630597071963,0.40246639651289906,0.391687332811135,0.28317576890495416
2021-08-22,0.3266873814237131,0.39830956391741174,0.41506977895487146,0.40368510251102896,0.2265635851116597,0.3966384292022602
2021-08-23,0.2991568193503978,0.4034356294194632,0.3646842983184803,0.2424937641495138,0.44998956075590946,0.2530702025674708
2021-08-24,0.3586342232149432,0.37225292970741014,0.31455242502879344,0.24699666533967227,0.1803363230811347,0.392554761100279
2021-08-25,0.3319679058718541,0.2611347211395624,0.40253710900781026,0.30173719649587816,0.36693703518572585,0.346108348721605
2021-08-26,0.36164221250945155,0.14900025464736819,0.3817809664400863,0.3996725448337012,0.17707915582006484,0.3804370636237926
2021-08-27,0.3126130229203688,0.17540627698722036,0.4089625846579428,0.44146160743296675,0.24142047909284933,0.22935859289887242
2021-08-28,0.3752248716824572,0.36576026585624377,0.39899230756296206,0.360308280336558,0.2969873745455376,0.2613153413321343
2021-08-29,0.35050348725975294,0.31470141827008175,0.38162591291379044,0.2881733610806142,0.3062896766053537,0.3442427279746774
2021-08-30,0.3728208288820831,0.36456511209823,0.26591693591979715,0.22472674601034767,0.2438236182541752,0.31344795341441967
2021-08-31,0.2856921523007401,0.376469792260364,0.3800473947345901,0.37301968680946135,0.3469908389883482,0.2800780632631643
2021-09-01,0.48363037261841485,0.3690173335190105,0.1340301886069896,0.32782338860056864,0.3167947653377453,0.34381247040026497
2021-09-02,0.26031457566244987,0.42947057023018326,0.35949411837943107,0.2863529929338104,0.3444813898972917,0.2521827613205033
2021-09-03,0.40469115453182464,0.42714924996757697,0.3690766621201459,0.36955244909045,0.3047829935429021,0.3598904042379752
2021-09-04,0.35379277077939864,0.3647737306347697,0.36085672151036335,0.20700008308286635,0.31107164729106074,0.37551019871339614
2021-09-05,0.43424205808492083,0.3634568533489933,0.3277896512722935,0.399481382363876,0.2098158563618145,0.3095385307316997
2021-09-06,0.3543602971960796,0.4288690288065139,0.3654651574333374,0.36076964152689134,0.47356044580807694,0.23973576300303592
2021-09-07,0.33426946723854206,0.43141938929386314,0.41469533033897726,0.35590442851315085,0.4011355576207535,0.3767936109144106
2021-09-08,0.4497223162484305,0.43539214285060684,0.34678311548323254,0.26723154361376755,0.3829574436109755,0.34151189659543324
2021-09-09,0.4516099155543691,0.3284872886751087,0.3729202647745313,0.23277447034915366,0.30492826542439977,0.24115133176117026
2021-09-10,0.17841509113223966,0.3666504700519086,0.2322316904464029,0.34814270504481715,0.16794202513538303,0.31933110154201544
2021-09-11,0.32149778758676234,0.32963658879816127,0.48061024081553716,0.3881132186388446,0.5120103988003922,0.303467144484183
2021-09-12,0.40452432352486406,0.3290117758959399,0.20733807626213024,0.3870130174814556,0.13453084080685426,0.43030062804497726
2021-09-13,0.28623572381000084,0.39721381710296144,0.08371127575156434,0.35333225089903675,0.20003780538121935,0.3917761768525398
2021-09-14,0.3187428464872948,0.31376036896100035,0.3315822046456215,0.03162277660168379,0.37370949200004794,0.32749532408565635
2021-09-15,0.3613717773237464,0.37402466211903074,0.384426832861928,0.285431010718809,0.25350732957939975,0.1805481775122409
2021-09-16,0.23629666074830893,0.4387740613648419,0.35631726960251864,0.22414855767399225,0.03162277660168379,0.3015374634986781
2021-09-17,0.14193456544468622,0.2898393652362134,0.31524189606715286,0.2659015162313149,0.40328914158624973,0.3412555331939784
2021-09-18,0.3338237124459004,0.37585757224088484,0.347086920292261,0.3243021838739377,0.3374432146276375,0.4495595644708132
2021-09-19,0.4354400137146343,0.27901880832293174,0.36488076932225166,0.24361707942382346,0.3335986752905169,0.37571797373014415
2021-09-20,0.3128650856824957,0.2831360384160185,0.320236873643945,0.3650138864024977,0.3874161105118073,0.2689869107068872
2021-09-21,0.34161129345080976,0.1449878809408607,0.23678760477271643,0.10698865521911864,0.0918844713925182,0.35153537378322297
2021-09-22,0.30184584928579855,0.35521545539215404,0.24362442654146782,0.3041117837019907,0.21879468747314498,0.2892493549529226
2021-09-23,0.3086353945966112,0.3841464982544473,0.42363393032267527,0.34032031393498574,0.33023194445503623,0.23608804648645149
2021-09-24,0.37280582868086065,0.34465458882791433,0.3274748458340235,0.33594634767741766,0.31685013687031355,0.2965918766141267
2021-09-25,0.36677947296493474,0.24965512546392374,0.19876392119186317,0.22434808896200223,0.17485100030723147,0.22182438696072415
2021-09-26,0.39969127631107915,0.37721633883740513,0.1022061878259039,0.23528838523268802,0.3189603226698081,0.35451477149979915
2021-09-27,0.17296446256623488,0.24796036960786053,0.34423277246880873,0.2242919219638936,0.23911312830863146,0.3478643085238116
2021-09-28,0.3583232189657002,0.3035194693512699,0.25445834623274444,0.2843574168530717,0.28304772622169183,0.30628998136775254
2021-09-29,0.3812361656102653,0.24304148121723673,0.417662729964243,0.3126585173857785,0.257864770717693,0.33034081117833547
2021-09-30,0.2508823863249801,0.40659111343607146,0.3192833669641523,0.3988665875302143,0.2997895739460572,0.35220080158546596
2021-10-01,0.31838525080563773,0.2822194749189831,0.37628062547490515,0.22692242502894644,0.4023464773992683,0.28305849523625665
2021-10-02,0.40833158466344505,0.4526115948430817,0.23148167448017282,0.26321824175992303,0.38593325579410614,0.25398927219141215
2021-10-03,0.38664535778951864,0.33109980082345314,0.20037924262410814,0.3931196809245054,0.3041429993375559,0.2772237803629716
2021-10-04,0.38828723126831755,0.22980839969899924,0.3227003649141239,0.4059595461238346,0.28587532798535925,0.21128691194647486
2021-10-05,0.3420275413817699,0.3403195836637636,0.27461034791423083,0.252587575729428,0.2782131043002937,0.30038389178041625
2021-10-06,0.4128120364446986,0.35598231255678464,0.4463686772018021,0.28531930514086623,0.3405528351653349,0.2521446388801135
2021-10-07,0.4466149679720204,0.29658743290160683,0.22898896286435266,0.17461072058246271,0.212441954546287,0.32846319727587214
2021-10-08,0.37141018398350556,0.358451568152364,0.3259115971217367,0.38405831775068,0.1528560499473392,0.3348883935025518
2021-10-09,0.3438213015460681,0.0869166679296455,0.3855533763306653,0.08837601951866078,0.31112073507332194,0.2355506476301995
2021-10-10,0.1807865478588065,0.26541314336652466,0.38670675879836713,0.32734147078234316,0.3669371597588228,0.3774660242006036
2021-10-11,0.3705555216949598,0.3783172045201801,0.405869100557685,0.2834561026806972,0.41191349380206227,0.38740365416504274
2021-10-12,0.3405703250876675,0.46115525884143194,0.29043627789103654,0.26868952838166393,0.4283146930602738,0.3057727674635513
2021-10-13,0.3637391440497071,0.26338109950601435,0.28451101013206986,0.40776415420528805,0.35957643145544516,0.1722186096945481
2021-10-14,0.38793265070781136,0.3438885569522691,0.3262948639258694,0.3879092541172464,0.158269396843104,0.24031838895582916
2021-10-15,0.21767502484516257,0.3150773856836177,0.35725881914410074,0.3840308953303424,0.439061687852303,0.31149517000488997
2021-10-16,0.35544177679205335,0.2690937818365904,0.38156322108217394,0.29473212241659646,0.38472748772874743,0.2884105627910379
2021-10-17,0.3849736169912073,0.35468515339673357,0.4011476625343573,0.3654812698161873,0.3799673648758574,0.4200018666260802
2021-10-18,0.4411575511819336,0.38439511089211703,0.3083888196332756,0.40308218149070785,0.2872769284839146,0.18265029462340737
2021-10-19,0.392644076931341,0.39057659833138214,0.3981459104661915,0.26486087982929135,0.2817604705219959,0.03162277660168379
2021-10-20,0.4027047723019973,0.4825876719813119,0.26867527661289725,0.29325813698220893,0.3546332134490837,0.1898643283742649
2021-10-21,0.3679490588864498,0.43868764771743174,0.3144016390607964,0.2663974190421192,0.30879247022769285,0.2634971302131554
2021-10-22,0.3786980619866302,0.3144396263687836,0.39404301367479316,0.25183012737671717,0.32010219708088716,0.44104652164798797
2021-10-23,0.27714875320179827,0.31729512007724264,0.44666700811062554,0.33993455187309185,0.44806668646869074,0.07428011439942964
2021-10-24,0.4478700361963982,0.39596887717076096,0.36066849732499995,0.34260484627362997,0.34319593154371963,0.3230091097333322
2021-10-25,0.284456972252777,0.5351991012883511,0.4532906277078247,0.35833665770673295,0.41003431885102326,0.21798446058034263
2021-10-26,0.3009365446244061,0.4932318930532005,0.3128720935364595,0.3348792329445255,0.35729183844437373,0.03162277660168379
2021-10-27,0.3479773215088088,0.18734191584584764,0.38331889322183077,0.12466293796328128,0.03500873375520923,0.2764720835181629
2021-10-28,0.35596098126601755,0.24593033980157614,0.3746590626934815,0.03162277660168379,0.4268124972282638,0.2898018457035219
2021-10-29,0.31115756945998957,0.03162277660168379,0.38995360749135166,0.3176489313727064,0.177924371113006,0.3516127376705376
2021-10-30,0.3684558018214356,0.2320320010772855,0.23935617943966814,0.27492964168569156,0.31801185926603975,0.3628585692850066
2021-10-31,0.34167764437546794,0.3003060764722729,0.3920512365136936,0.3099139120897482,0.275605352858759,0.26654041816995167
2021-11-01,0.33540394928278294,0.28914450974145234,0.4020625323217064,0.45661453043461847,0.08606894574274199,0.16975237304910895
2021-11-02,0.24056015220344173,0.39567601579447703,0.39894039371337253,0.24686470199978833,0.4241779173941249,0.29497456324507776
2021-11-03,0.3331088164357726,0.3998341684236629,0.41527280477905537,0.20601532266401093,0.24398966975235303,0.03162277660168379
2021-11-04,0.38020379807872257,0.2032870574894251,0.38902913890287183,0.3144598317974767,0.3320209995167312,0.25603851833509295
2021-11-05,0.3890306223450782,0.33304210181128846,0.5122720581900809,0.3829121877764318,0.36747112894216494,0.2815048588423147
2021-11-06,0.3924096875050991,0.275245771631729,0.3793532413581308,0.2511914525156667,0.3507329201103244,0.3302462083508341
2021-11-07,0.3822616454284181,0.39720337178482756,0.3368182677428154,0.41606465475438054,0.38483679586753666,0.34990254103925333
2021-11-08,0.3780932240934242,0.3782196496022116,0.3032223930168419,0.22902939443581996,0.22453321987622338,0.3404791480251672
2021-11-09,0.34393051642579675,0.20674243461160316,0.29249028224222456,0.20134144319077368,0.35860885922551283,0.3907675633405923
2021-11-10,0.32634664209864844,0.3128598150966004,0.1531409231370815,0.27875224538457444,0.2860841955477822,0.32504926219367297
2021-11-11,0.32080172873227464,0.4291091827375676,0.13163923802045122,0.3628815939651706,0.4288749627439544,0.2551274510307496
2021-11-12,0.42907878315589426,0.289153702686471,0.29811707817225885,0.37812596263305936,0.3962042109837722,0.3224749202696803
2021-11-13,0.31810862824015984,0.3948133930736822,0.26017037599497833,0.3071253289878465,0.4021661294816357,0.33328354847068364
2021-11-14,0.402767595712075,0.4474426270979126,0.2809533816874895,0.3056002817698004,0.15807879974131,0.3218912056413074
2021-11-15,0.3719399785699449,0.3367104840756875,0.43137459868017747,0.31123627862708786,0.2920408785053509,0.3348972572680234
2021-11-16,0.34017986054140803,0.4497628601696017,0.23086998775077724,0.3966125404057507,0.42182870839340075,0.24724770121824122
2021-11-17,0.33373035002351814,0.3318353026872933,0.24382967651381296,0.29642041530356156,0.27795730631000753,0.07415855608662326
2021-11-18,0.4563546831485409,0.2747213418477995,0.22741871254734125,0.3845641438351283,0.3396819581167886,0.3322351088762765
2021-11-19,0.44037451541728506,0.41808008282364895,0.3410635434136099,0.25147554207484607,0.296389844724742,0.4275633433806794
2021-11-20,0.36742042919219026,0.4137981428427179,0.38315969482250756,0.3073424344050877,0.3117755243342385,0.2838799875368517
2021-11-21,0.03162277660168379,0.2275741727448297,0.37191741382500354,0.36186228720489466,0.3450586625680324,0.4265184481514804
2021-11-22,0.4123932448447899,0.34026460787454993,0.3797374950426937,0.34557023376082097,0.27250847005967155,0.3086402249156069
2021-11-23,0.33233816951141804,0.38308877013329135,0.3362876471273001,0.3229636874525508,0.3866630470422076,0.250307482402128
2021-11-24,0.17820130608257684,0.34246490148364134,0.37625214086305525,0.2598242785521172,0.31724033819359143,0.3228132765381325
2021-11-25,0.28606698344884984,0.41420638726076725,0.3350496058430816,0.279930894723288,0.29177250733721416,0.37375248943276723
2021-11-26,0.38033435774169944,0.34280452062159605,0.27727711803467814,0.15119470588567255,0.2753022020209122,0.30326299481427876
2021-11-27,0.3143016046718429,0.3651031541032784,0.31581824099164385,0.3154925861594995,0.43665820148689655,0.33963076073040244
2021-11-28,0.29159278397410654,0.5008408850613211,0.373473976837869,0.24017080173420616,0.2757935304243295,0.26599740098187336
2021-11-29,0.04306112893416765,0.44410345363290404,0.366334933453199,0.2813693919374083,0.34610683673612597,0.311197444308975
2021-11-30,0.37704756804494266,0.03162277660168379,0.2117123324253453,0.03162277660168379,0.3935289180952087,0.2742372903153263
2021-12-01,0.29900504879235923,0.34531925645592254,0.2520230829275635,0.3349371003414458,0.22521771680743394,0.2132828630247365
2021-12-02,0.2986450824869335,0.32471265204803185,0.23366177127053048,0.3531333968187886,0.23907615260332854,0.03162277660168379
2021-12-03,0.3018043042039148,0.45896299616684705,0.35930971345260276,0.3740216424149655,0.3198039615397808,0.08386394587066082
2021-12-04,0.4263498895282294,0.3646520647664984,0.39478143566905965,0.3409148430585355,0.03162277660168379,0.09902959341470483
2021-12-05,0.37080271314219904,0.3556925414493134,0.3708789622638953,0.17700241679568263,0.4398191583221366,0.3549578946529259
2021-12-06,0.265371589251471,0.232254705578405,0.38933121372655055,0.14647841869608094,0.26354718364981006,0.40960791836281363
2021-12-07,0.40902248637878197,0.1424467748331725,0.35780471087424875,0.4144325879574527,0.4155283068602273,0.28746284203720635
2021-12-08,0.4920796951630978,0.3611927191609104,0.20954712660985772,0.26552849962333536,0.3182146184212852,0.3673342356435787
2021-12-09,0.2826433783483377,0.36625931361155384,0.3583543876594586,0.3530571100059068,0.39213157243181135,0.3116474167223705
2021-12-10,0.27763327756367634,0.3546262111771111,0.4402033496156051,0.33420413116758435,0.2412403208317357,0.38957947946580457
2021-12-11,0.39033071758413984,0.34154337393509626,0.34636279299375927,0.3871454556701037,0.37145086401071326,0.2926777890668961
2021-12-12,0.32150778890895215,0.34799767547699995,0.4086970106299937,0.33844475602304774,0.20961348476488914,0.03162277660168379
2021-12-13,0.28245200467138465,0.2964695478735276,0.3341580910474172,0.17908461474154136,0.03162277660168379,0.21450683890311653
2021-12-14,0.41040909537132686,0.4083531989226061,0.20043280768553207,0.3107954773506242,0.4523935196380439,0.34380013313353575
2021-12-15,0.3924006386634512,0.4620939413294725,0.3537253358396472,0.24707359840979565,0.27770188608131424,0.33190630866149795
2021-12-16,0.23221224151042066,0.43562366349018383,0.33631076486992934,0.35416157140727744,0.1606149642897051,0.28015091290636174
2021-12-17,0.22070939995694855,0.31929588816769094,0.28201555648794596,0.21736037263301985,0.22531591323658628,0.326057336693569
2021-12-18,0.3868586416000261,0.28981662744687653,0.19670030342261563,0.22648158355411943,0.18609543489417413,0.3676566276287773
2021-12-19,0.37449514443975,0.3699471692399708,0.17349601977454368,0.3002564064265,0.3197154045018481,0.27707570462640546
2021-12-20,0.31964672681947676,0.36393040655024506,0.4087574233697307,0.28201875167302964,0.20886645267334836,0.3876805715918981
2021-12-21,0.424010334728068,0.2830435770543707,0.2791127537419556,0.3146526946199324,0.4012656785982148,0.30763088549339923
2021-12-22,0.26705151449457953,0.3989500251497731,0.3117119146808562,0.264996704207443,0.43008347928098273,0.3808236519264259
2021-12-23,0.3775172719651374,0.2277108954858279,0.3032169084340264,0.3711289060466599,0.35164174113436925,0.3316190575032418
2021-12-24,0.4203957788424407,0.46568732828847553,0.3602583185432566,0.03162277660168379,0.3834828461887161,0.2900559866437396
2021-12-25,0.32517266631785624,0.298953904926268,0.20562834186814427,0.25943222734217347,0.3124603412799426,0.3183797559402481
2021-12-26,0.38950443117056516,0.373315055771193,0.1752717128678291,0.03162277660168379,0.295882422200691,0.3199604247599727
2021-12-27,0.2816282651582413,0.3715663606012672,0.3838235306729579,0.3336940573987563,0.3599612584537296,0.28947640877893915
2021-12-28,0.3534302301445312,0.31893845916579333,0.47750254067429027,0.33738707484958436,0.26489346362153504,0.39971744087702
2021-12-29,0.37897150517593986,0.2527423520591663,0.33388048902014555,0.2576348582775304,0.1135293590585107,0.33341197008507817
2021-12-30,0.2979047742134992,0.35054433648756855,0.47367441868949234,0.38693974824957617,0.03162277660168379,0.36373109484305516
2021-12-31,0.33448614145524147,0.2868761070047734,0.38152668293942354,0.3284149752212086,0.25818126220239496,0.3298628368354559
2022-01-01,0.4098687068270729,0.3765674262476838,0.39332198250009665,0.25629288560599134,0.3275543062009248,0.1684233817289552
2022-01-02,0.29475683791858465,0.283385570387452,0.22456844112872498,0.34090616084304404,0.37680657268890555,0.27085738883987426
2022-01-03,0.3632022232132255,0.2821622896577636,0.40740147796075055,0.3924319086885845,0.35265459284156464,0.38358757240948743
2022-01-04,0.41873359019472706,0.38705967784777817,0.33476020458629296,0.30617197549880654,0.3069833682341604,0.37728517754378543
2022-01-05,0.4028148759947266,0.36784116485309953,0.03162277660168379,0.2580363157729158,0.21697457988879104,0.31136187376167496
2022-01-06,0.25418469327539445,0.43262788930046037,0.03162277660168379,0.33630840080844887,0.2871541894108046,0.050218662987794115
2022-01-07,0.2540577271101678,0.3817855278702751,0.20855705503034835,0.4034478658674437,0.23445784775348621,0.38378832992185585
2022-01-08,0.2883450364059629,0.3661375325697833,0.08692267703246924,0.3242286725567472,0.10460439415587826,0.275424436932626
2022-01-09,0.3671079764226987,0.31396664197878643,0.3077566914887864,0.2689712050653255,0.39833668401444305,0.36714192345016833
2022-01-10,0.29444308418107923,0.1714948067874416,0.39618461319435766,0.17931319392342898,0.35720344146033606,0.33340313846360964
2022-01-11,0.31660528286199874,0.30175418088502554,0.4490517903529991,0.23682659765918748,0.35218919487741135,0.324028313146337
2022-01-12,0.2540413502304982,0.25291900652941685,0.3809207082378973,0.3968420352532445,0.40420610529703616,0.3388640537538841
2022-01-13,0.4237005909498272,0.4091093191496761,0.4673981711115446,0.14974774638388902,0.399286665385097,0.3648322789144673
2022-01-14,0.40297607849913963,0.3716214897576254,0.3950194954956072,0.26645671950115235,0.3774969756446767,0.20537577550141392
2022-01-15,0.40022891187257786,0.4133459590453068,0.38344879542835764,0.34082146957448306,0.4058931869850094,0.4052046927081152
2022-01-16,0.38415836002548837,0.2741962195548429,0.42873880135300074,0.2773833329496728,0.17399783492054413,0.3712522508290785
2022-01-17,0.32622283464235236,0.3635558588949517,0.22896882199321347,0.24029627978537674,0.3135342703814123,0.35730861891888555
2022-01-18,0.3067334742711675,0.30645467184823866,0.2648229017836402,0.3795488585685227,0.3460795418244221,0.3163325535519865
2022-01-19,0.23999457495025905,0.12231080180069812,0.4133547539432283,0.37793534369271126,0.24442056462756195,0.428799317152295
2022-01-20,0.37702515929871283,0.3143357072363264,0.39512408975746344,0.22816896631808029,0.1442933834609924,0.1799293348177664
2022-01-21,0.42981206975234904,0.22996547109506726,0.33966622862944346,0.36677463694491697,0.3645382816763127,0.3365722057131674
2022-01-22,0.3881065324169652,0.31546056709130754,0.277893601380406,0.26560194532597775,0.30183456761905203,0.2306950044146572
2022-01-23,0.47833800295889467,0.3799731629866751,0.4083639970828933,0.3426617675818333,0.27498132909810946,0.23475198972259753
2022-01-24,0.34240768870131577,0.3474518250642698,0.4004746966549756,0.39875607667730456,0.17494734201241788,0.3965030307929524
2022-01-25,0.3118613736713659,0.3934262113811907,0.29637100658091736,0.3292427174997595,0.3536121880679604,0.38374545825400225
2022-01-26,0.4655265676159035,0.2777552213255369,0.4022707841482669,0.33291764138929963,0.2984236710001717,0.2912601871628584
2022-01-27,0.3737387860827407,0.33589447751127394,0.39227686187475547,0.0945816923895697,0.3442536775360389,0.26479542261386835
2022-01-28,0.2880961900697659,0.40839048660674965,0.40542228716677187,0.34717071343415595,0.41189690809320884,0.2973996068039028
2022-01-29,0.39773828875723577,0.3289598536056364,0.3785361077931055,0.3098880100612395,0.22297966547541218,0.29150763723093914
2022-01-30,0.3226749154036953,0.3953588298943846,0.3657755399240546,0.21561637659343832,0.23491140259765364,0.4312215563281723
2022-01-31,0.3315359328373407,0.3025636506234178,0.36425518647394767,0.3776551762807542,0.41545864410206707,0.1963181604181824
2022-02-01,0.46529038385695887,0.2638202104951655,0.3256461825649551,0.37476120859773626,0.250064222808584,0.26603991318499204
2022-02-02,0.4196918051850655,0.33895146157571354,0.26164014340036246,0.2677317135478422,0.33237554690799476,0.37627229410231655
2022-02-03,0.2712381386198231,0.3163338857157811,0.40859439928574,0.3009766323914278,0.38868466607147395,0.3995693272669355
2022-02-04,0.36400229221007574,0.3543010426967611,0.15518354553237995,0.2632880926511115,0.356776310419593,0.3313790081362065
2022-02-05,0.40532381869458983,0.33906395453918764,0.4229645297040622,0.2934668417116701,0.34797845294291363,0.40566450664409126
2022-02-06,0.40184624025478954,0.32724427431626313,0.34880146882824076,0.42632536838238466,0.21305614360671074,0.4069209658688442
2022-02-07,0.32450449380094293,0.4366335428633311,0.16651830861569042,0.3664937622262167,0.32154614862542963,0.2409468121779435
2022-02-08,0.3303348137460967,0.36107850169217015,0.03162277660168379,0.32061378166296106,0.39661237846374736,0.2907189610269632
2022-02-09,0.41454688236833737,0.3842358518977449,0.3790934782067416,0.278061469140217,0.2358676049338091,0.431637958573828
2022-02-10,0.3279391094267962,0.2089928574513658,0.39277014227989915,0.25814830187534593,0.3934507534290282,0.2516973481064353
2022-02-11,0.2575301582180553,0.38269231309857976,0.03162277660168379,0.34542601623560876,0.25697950762726635,0.37668051592474155
2022-02-12,0.4172866804935207,0.3337515151898842,0.34383806228514086,0.03162277660168379,0.3750987110213618,0.03162277660168379
2022-02-13,0.3475603892487881,0.21064975219834087,0.3254739628372463,0.3631339066393465,0.17425047027669732,0.42522347317157344
2022-02-14,0.4815379605301226,0.379979646135359,0.3998064371369019,0.2959209477405514,0.319809621583052,0.3623957530975681
2022-02-15,0.361093167544175,0.44668909498908854,0.29833468713334116,0.2902329533938105,0.33511815940921563,0.23010620366839538
2022-02-16,0.4548701927398651,0.31592680824552155,0.32604891640640166,0.2678081059383761,0.3686744786035264,0.27646738314391467
2022-02-17,0.2878317933186857,0.3848382514688153,0.19159189821693823,0.23914746071600362,0.3641638471629378,0.3190271206365529
2022-02-18,0.35384694002335937,0.41408995626240663,0.411266615750826,0.3756848932838532,0.3669311264971167,0.22774426316386367
2022-02-19,0.40530350492857026,0.2841647696767281,0.29517114841247055,0.29738014872132107,0.4165954086891204,0.2667939676665457
2022-02-20,0.37415608248426974,0.34939441606932414,0.30279532828432737,0.24534294332765152,0.1667926463951926,0.22912185650149933
2022-02-21,0.43446068212717265,0.37531296218238086,0.3232775893512644,0.3841423072443,0.3007596864979431,0.3554502724479047
2022-02-22,0.40222911447042964,0.3982745994907683,0.2254441535622385,0.32606089918013786,0.22440298559895036,0.276664882645918
2022-02-23,0.3492015636638611,0.4120578849307664,0.297541472129931,0.3589821391870814,0.41273082910607434,0.30588727937329663
2022-02-24,0.34733210402483655,0.37381608522208876,0.3688609948141856,0.26378487781909166,0.3471048918327134,0.36003682501362005
2022-02-25,0.39118401334539016,0.42055208842528935,0.36353604057409394,0.46842139110369624,0.36897336590772456,0.3990148271177509
2022-02-26,0.32624560915706113,0.38294259952981113,0.03162277660168379,0.31829269177708397,0.30976464148909183,0.2912417959989676
2022-02-27,0.3640170890492972,0.2701485497593265,0.32101363653034315,0.42383192413283854,0.20137484704712233,0.31775336904679347
2022-02-28,0.4004827179653011,0.21524157696374704,0.349431110019285,0.3384484720263548,0.24587783636446725,0.3845672653196231
2022-03-01,0.34141839130197543,0.43841481505405877,0.38436708074432163,0.35488527585968693,0.31635573579097165,0.3532566362453486
2022-03-02,0.3390799185521266,0.4312907435868309,0.3635154673955352,0.32700498342610046,0.2378801209014393,0.21376081268775507
2022-03-03,0.435982541980522,0.2248119976533634,0.36404984657751677,0.2969918745258762,0.27066984770709845,0.28223348095996914
2022-03-04,0.39380766948591184,0.38308678923747996,0.3932693852616809,0.25831934711423954,0.19104991528473966,0.3689107944637932
2022-03-05,0.4161907554921897,0.41260330255610844,0.3412293006334472,0.22422884272548524,0.20210687955455786,0.3353765189751719
2022-03-06,0.4136387846414773,0.07311553318050872,0.3519382707151508,0.3174258135801524,0.3637023310465712,0.22640598756185296
2022-03-07,0.38340756740247245,0.35879236358977,0.03162277660168379,0.3143061537840381,0.2126886787251728,0.4001531736712251
2022-03-08,0.2831885733579526,0.39359967761079256,0.31080445402571616,0.12436405678361173,0.487607308380417,0.22599783783627153
2022-03-09,0.3626790142486297,0.36545866876475075,0.30785310003550515,0.03162277660168379,0.29448220996470187,0.3024683250527313
2022-03-10,0.4016468078983636,0.13968588634960644,0.14545609000673157,0.30412851302912997,0.3525751545104915,0.19183245711461816
2022-03-11,0.20262152935960207,0.31953140390503343,0.2653303027144922,0.3540494507929194,0.173860791331014,0.31165723438787396
2022-03-12,0.12494445613330292,0.390676969709511,0.3094855448895129,0.25109473729817267,0.4139628826530959,0.36416550757702737
2022-03-13,0.2596956492553798,0.4458896600708522,0.3323434383712936,0.3646540306313377,0.3396575935194126,0.24454565885254628
2022-03-14,0.3428400368661317,0.3015012470631082,0.3283790178608364,0.36246422565281056,0.303454652459831,0.29329955137226743
2022-03-15,0.26718456060107737,0.4076766884727746,0.3991058357143552,0.31123558423469017,0.32283936761901133,0.3347566465663325
2022-03-16,0.3580864237461762,0.1800417794723319,0.3976451776235976,0.37873292044597673,0.35971209933346243,0.20170071552800026
2022-03-17,0.366147090965518,0.2791404684659303,0.2952905849520266,0.2767222331725158,0.4093196996663492,0.24912193220034093
2022-03-18,0.31216979572063813,0.12736566185263412,0.3761311071483701,0.36644165608582335,0.39789260772658575,0.3048238355173257
2022-03-19,0.3637113542289937,0.38184873539967173,0.500888913315419,0.26815647490302197,0.03162277660168379,0.3520909650523159
2022-03-20,0.3646796331505725,0.34425039745914704,0.430030731389,0.3988463185500868,0.3788632104459605,0.4660286500212527
2022-03-21,0.22209694835893073,0.35347077331415827,0.2695980620123405,0.2760619999198639,0.2562211837749275,0.2422692725342463
2022-03-22,0.4247942181696965,0.5229559318445366,0.29501046260176716,0.33097707806913995,0.32763816157360914,0.3133424158933529
2022-03-23,0.3893779519739289,0.26884827022842633,0.26037948830287777,0.1943524504495991,0.2638175370462203,0.33413081924800786
2022-03-24,0.3847184215033608,0.2677895614668997,0.4320182953192999,0.25677030250112903,0.3868967701164252,0.3852159150415001
2022-03-25,0.40921124041949614,0.3659911464823085,0.4625787977825876,0.362798443811595,0.24781324042584216,0.276208419938281
2022-03-26,0.3747734472197789,0.2608784115314855,0.3504653394713645,0.24268539183190163,0.2674462773631267,0.1975747369323576
2022-03-27,0.2782313033808796,0.3077524064065024,0.38259077236436534,0.12479880046128249,0.3654388627579773,0.20975611761401952
2022-03-28,0.2555454683483244,0.3130868586936384,0.4067549844374412,0.22052170510790872,0.36362882804071595,0.2851957007090645
2022-03-29,0.3624920420118105,0.405730437554389,0.4369695927963588,0.33673755640456365,0.2721899484862361,0.2425350520413648
2022-03-30,0.44564353878307217,0.4389896795965596,0.32587556576315374,0.19079845372634407,0.39132194487324157,0.33252041797990833
2022-03-31,0.3306988395404821,0.3963416489240698,0.43861809776849536,0.42800308597856357,0.35967983678585685,0.3395028075385646
2022-04-01,0.14767552909104065,0.43223687862566673,0.3515705525686878,0.27851904454382814,0.18833992912467887,0.3345560456615408
2022-04-02,0.419628489393727,0.35069816936008297,0.38822995956752804,0.4203856623265424,0.27750994434159687,0.39511860363080603
2022-04-03,0.315235091354841,0.35674201739910094,0.34699096322805567,0.38617891855783254,0.35967085046359937,0.1731948724438733
2022-04-04,0.38038168198774097,0.3295500977071127,0.21979396919562355,0.4329051321664387,0.2510207995393044,0.3898757378898164
2022-04-05,0.22787836858725719,0.37015722844861915,0.41049932920363574,0.33467938717123163,0.3734916145096736,0.40330713016064096
2022-04-06,0.26612570343188563,0.33610779637147165,0.3978330711274417,0.30035824184239546,0.3121279442372434,0.3911578798841119
2022-04-07,0.4235247788552223,0.2736420002190319,0.34545911727001666,0.3063213946130673,0.2592597423953974,0.3397828308664708
2022-04-08,0.16968826116218824,0.2542982079748111,0.3455823189192034,0.2920226226178347,0.42004451255437847,0.41549702436516817
2022-04-09,0.06232161839781548,0.3798920157175327,0.36742036008084206,0.16247506377490803,0.41100301869095224,0.17694139921190574
2022-04-10,0.44235683486549726,0.39954467414917594,0.33056063595265,0.20025403501337227,0.3381400680474429,0.379939454153309
2022-04-11,0.41046947567997255,0.1503012523807583,0.49494233406536675,0.29824130636641777,0.3311039805507709,0.3216651832774313
2022-04-12,0.5475669333006705,0.3867605624838038,0.36386177165975425,0.30701773167367197,0.2590972255742307,0.3582437526450517
2022-04-13,0.3683853412379424,0.18104652581070269,0.3215628898042585,0.3747022944553497,0.28073477857021,0.23999316677454502
2022-04-14,0.344494155116683,0.2764391194321004,0.37481819896316526,0.36965044852006773,0.39041533339833057,0.19049512866779625
2022-04-15,0.31896193692923225,0.35858306450624255,0.3252591916978918,0.4241651687515745,0.31692141414695757,0.36969905419853766
2022-04-16,0.2916028494819478,0.3510608097659868,0.37967677898714425,0.03162277660168379,0.3282777025019672,0.44956522944589095
2022-04-17,0.31879265281425617,0.2674049796352532,0.2700013616294539,0.30117067578461465,0.46244386135255944,0.1415283077348289
2022-04-18,0.381323402549653,0.40731894583988953,0.4147409043668967,0.40546736766676905,0.195430832261639,0.3173727303394744
2022-04-19,0.39117067910050934,0.45200365431875444,0.3048569822419287,0.3684924857558727,0.45744370664793893,0.46874096794404746
2022-04-20,0.42484184907783995,0.4296544526579048,0.3010388811237671,0.35348944935724386,0.3024577850388219,0.12404216387113523
2022-04-21,0.384613389522109,0.4069679572971476,0.3182249809819086,0.03162277660168379,0.39508616179222555,0.31448093233101826
2022-04-22,0.35788353677202156,0.4094393876113049,0.2528636631879339,0.34217394932640816,0.1979165475477342,0.2939970256594191
2022-04-23,0.23192519227791739,0.32448389214127293,0.40912469743361574,0.305080952813575,0.2911023148756506,0.2807231694817554
2022-04-24,0.3699537048955119,0.3447336532699631,0.4527667908685204,0.3703816798614757,0.31870016202794565,0.2995933357182101
2022-04-25,0.3756316385527575,0.36601266292232437,0.22739108751213657,0.2026174361576114,0.36121503603868715,0.2983563764735924
2022-04-26,0.3578654889843345,0.2773683886937654,0.43356189676223006,0.31947515205313226,0.34164590695986113,0.38968954942737705
2022-04-27,0.39811499702373426,0.3457700460910304,0.5002170045273735,0.322836397141799,0.38446683875799653,0.2157249992751095
2022-04-28,0.47810924286652323,0.24129960399084824,0.30722428051553835,0.32284039987394136,0.09466776700598357,0.2536153909064693
2022-04-29,0.3754016542169667,0.26355616274027854,0.24450602724983844,0.3069926958476994,0.38007590194511187,0.28758308981517233
2022-04-30,0.36351015153534294,0.37721605196306446,0.34373625041987477,0.38915093417743973,0.33528533687859674,0.3536725212091539
2022-05-01,0.5037306754011599,0.32207419024951317,0.3582987766601452,0.22023030277678232,0.2152105179913667,0.3198499039888203
2022-05-02,0.33937924588522544,0.4459912228536014,0.3860519844861257,0.31305795120458835,0.3054357370481617,0.1725920672769191
2022-05-03,0.3525143564563006,0.342489992939973,0.3099590998275182,0.14449429503900144,0.17598313755873726,0.37528902271655784
2022-05-04,0.3584266638400889,0.3497862711314767,0.35068238017652675,0.3666854549252217,0.2937916564364311,0.2565507471937679
2022-05-05,0.3595922846324293,0.2087178485859477,0.37624316331417423,0.34899898103164856,0.3458781660968908,0.37708351260972267
2022-05-06,0.39443537857867617,0.29849285063488373,0.30890633790494176,0.3521013737548896,0.25569994385668193,0.3693874114375347
2022-05-07,0.3419817520213217,0.33282239239401,0.359667914875467,0.38947920707813205,0.38131104846483593,0.2821825555122427
2022-05-08,0.3154979683818204,0.39220285532027727,0.2797991569193202,0.3705813921800552,0.4623756820837163,0.34099690737505745
2022-05-09,0.249528591084177,0.35977786594405214,0.5151362185463338,0.23777226636125545,0.32690613938920116,0.3153674731931805
2022-05-10,0.4264173819526512,0.4045743699322409,0.3705178279049536,0.33712095140278553,0.30887240224692575,0.03162277660168379
2022-05-11,0.26746687040959255,0.37774944284151957,0.2386462196462034,0.27353522452257245,0.24838268552672196,0.3040876506346539
2022-05-12,0.1439093687990088,0.23647259214304717,0.4527843158782304,0.2815468965756981,0.357049239341737,0.22414571600866728
2022-05-13,0.37548736977800057,0.3300556493074501,0.3212623042146686,0.3061954534811003,0.3330660074787953,0.3174663601043234
2022-05-14,0.4614827672440615,0.27742958884266294,0.36206335838879605,0.3898994032211924,0.28557490794610596,0.047408453719625404
2022-05-15,0.34279492708714027,0.16073090273621937,0.2894296188317485,0.26120778316995674,0.35749280390256044,0.31294626639350703
2022-05-16,0.30983958343265366,0.31510368855543913,0.40552940394724624,0.38919407471896594,0.24016303821997895,0.28836650925643753
2022-05-17,0.31885540208479674,0.4195035611132765,0.40758157403828543,0.3278304508174393,0.468065889150905,0.3722062741020621
2022-05-18,0.38441993263438423,0.3631765484065317,0.2766593355182809,0.22069570612389855,0.32458973453111517,0.3211176847838751
2022-05-19,0.2542994127329372,0.3134769082593579,0.3043275580316947,0.34353990998267436,0.3384497547744305,0.35385645771868235
2022-05-20,0.24996027939465248,0.5190928242743026,0.2744874522670424,0.4350158065625372,0.29792171322388944,0.3172893288955124
2022-05-21,0.3734710294669737,0.4793568886071272,0.40681468843821983,0.2802812939168369,0.36056989376154785,0.34755120747064455
2022-05-22,0.43883047908244266,0.25827547944633683,0.48170562102764597,0.21725206558665128,0.33969341857871527,0.2952164354230823
2022-05-23,0.42295532345314996,0.3949382136785607,0.29966259926964156,0.3301449961415754,0.30805886477782685,0.3766849170878415
2022-05-24,0.3889261734204549,0.40895515127063825,0.21267244829798498,0.3854903997338794,0.26459194778754613,0.31517418712684614
2022-05-25,0.25543269707495014,0.29163244380576664,0.20076656158457223,0.2274002382514188,0.27687914223073573,0.2703170663039402
2022-05-26,0.2683841252439336,0.4231614255935176,0.4609418232131254,0.28173755412724655,0.13656410200584398,0.2511277067221414
2022-05-27,0.31870567573220143,0.4183382955548601,0.29431785133432237,0.3370772460915754,0.3994424773840081,0.34766831102512746
2022-05-28,0.39344291641156875,0.2734242742024262,0.5001450528467176,0.1822275494857167,0.40563274178266406,0.3690620922903419
2022-05-29,0.38319533375268977,0.2919698683445768,0.27476663079848124,0.2819750659372622,0.16271300635916439,0.3730521887433467
2022-05-30,0.38102628165617575,0.4390259191096378,0.3891597882039238,0.2606644138985647,0.38903050126294175,0.3646268190844867
2022-05-31,0.3931981566747782,0.4621225213242581,0.41708599926074946,0.19787663955856852,0.26408746320054677,0.4100839251627854
2022-06-01,0.4161586681173494,0.36395319854502756,0.3546220824532571,0.15872006597077612,0.4075993416877127,0.2325712614974396
2022-06-02,0.40071482629465366,0.4157142295585952,0.3199237393773423,0.3671731786283091,0.2992767639476488,0.3375499824015297
2022-06-03,0.282725421483164,0.30017910405060566,0.2811512230934196,0.29518638174738093,0.30585665636619846,0.39256288114091614
2022-06-04,0.32174750103100475,0.293752212614313,0.3643335705648924,0.29390389444479237,0.2444283963627683,0.4021022431133774
2022-06-05,0.25451542863044796,0.3556877110428181,0.3955463483051286,0.15651817594368198,0.30052409389224005,0.29828357068764805
2022-06-06,0.3652851474703488,0.30960457106128186,0.3522554223155587,0.3926956992407443,0.33154136372234816,0.3324381927683698
2022-06-07,0.4326635013190639,0.36846175733031744,0.3327349619982874,0.35182299782195753,0.27029975607220813,0.11249540182924038
2022-06-08,0.4145303790074772,0.3241225265932265,0.2688129415255994,0.2478163821666374,0.2727146759301239,0.2740472726722671
2022-06-09,0.459461977302983,0.31913251294253536,0.2943965534733126,0.21750454071532097,0.12208557858765803,0.3484117101327755
2022-06-10,0.3911608389667147,0.3776074609148548,0.35001069178354405,0.29370033156665926,0.03162277660168379,0.03162277660168379
2022-06-11,0.29093838716731124,0.1827775353815422,0.3949557682454659,0.3292089082786939,0.2702229430732028,0.3976342287521075
2022-06-12,0.28000416768071096,0.33898608279039527,0.3702909376232302,0.09822387822423416,0.31254909876159115,0.293696671698047
2022-06-13,0.44901389762348987,0.31116692087986936,0.32734692254600484,0.3008121636160001,0.4100749306609861,0.15851708604977754
2022-06-14,0.4146390258333695,0.3858743560705149,0.33141333458693417,0.1946475618201742,0.21257700665069998,0.20909482130937998
2022-06-15,0.316454205373558,0.30038573597539797,0.295802325270495,0.4781210786764671,0.36116032375694435,0.03162277660168379
2022-06-16,0.2100967563835596,0.4414107043372637,0.32964001307548835,0.23358406722120698,0.37698125464099025,0.42921584515273037
2022-06-17,0.3506312218720128,0.373009989718607,0.3706397230873881,0.18293371322272364,0.2550083782816471,0.03162277660168379
2022-06-18,0.37830890621793983,0.16090510423282164,0.3866526294302886,0.17160174371694456,0.334636184403226,0.3743764644454845
2022-06-19,0.3627998233262607,0.26701478867865175,0.3654045424052654,0.20152354205929304,0.3559750622330435,0.2830792068881639
2022-06-20,0.3194809851496878,0.30600630908865567,0.42106166877436096,0.15304651004782124,0.29955934140865553,0.39687954066053194
2022-06-21,0.17372313485802043,0.3150711204307313,0.4070754248187371,0.24857727303216534,0.25402449120818293,0.3792211710659807
2022-06-22,0.3393026694349513,0.403807366099996,0.2672667637845686,0.2673654738568103,0.31889674846902544,0.20259464277679604
2022-06-23,0.1768691837905258,0.297366000071967,0.3320281217639416,0.3018612268279301,0.38496148729943513,0.36440994345568994
2022-06-24,0.2891387822503612,0.3986089890637323,0.32717943700093016,0.2563152592965175,0.3245810725375324,0.26294369676339824
2022-06-25,0.29681999386843694,0.3110604347947365,0.33855088255970706,0.3116856455747568,0.34218600307106123,0.3989979600948412
2022-06-26,0.45766422592768563,0.23417964101733604,0.341009081491339,0.23972763159970237,0.37119171857305183,0.27009194121790275
2022-06-27,0.2855800329015233,0.4525728855763055,0.352800232679151,0.34058517225102175,0.2791192462693299,0.17219997088949096
2022-06-28,0.33330838013131786,0.27893202450243154,0.3186477717986881,0.3857486694310135,0.2618535559167977,0.41227942144693225
2022-06-29,0.34847531788588343,0.1359595060429616,0.2995768167782785,0.3133217216901079,0.3930765492254942,0.36466765678370566
2022-06-30,0.3764033569842975,0.44049449625763987,0.3584835866378114,0.33863974441644035,0.28925133988375545,0.33536679081902565
2022-07-01,0.357822005172435,0.34629498553951915,0.4538007654453969,0.2851869189669221,0.3025018712605155,0.2738432200095526
2022-07-02,0.3699670939963342,0.35488432998944663,0.3881020186213571,0.2754710900497271,0.44496276556273084,0.39363583153988696
2022-07-03,0.3337671840890994,0.31208365602989374,0.3898388603077473,0.03162277660168379,0.3266623957540754,0.3704828514442212
2022-07-04,0.2525754578288569,0.37681626397198714,0.48275895033393046,0.2818665520682462,0.2847139058245054,0.3886915862269879
2022-07-05,0.3959196819538699,0.3976098439997041,0.467319250982459,0.30589652717447147,0.03162277660168379,0.2596463823976356
2022-07-06,0.11568333154420404,0.2513006759052727,0.4131215213012985,0.3290443480976162,0.2753527610579349,0.17578145967472827
2022-07-07,0.36243841160295304,0.3833401246123836,0.395705425118856,0.29773259749472125,0.3267692929587103,0.3048148984197181
2022-07-08,0.23532210943013993,0.2533386195761652,0.39531811082160007,0.39972061418487725,0.3538772254947604,0.15508549564460972
2022-07-09,0.30148011407090974,0.2804931086288294,0.29547563822713807,0.25040545855915347,0.3710403929158139,0.2586946614722372
2022-07-10,0.2849335515305573,0.43200800654640864,0.3315457783337686,0.3948817756084859,0.3017241268645158,0.3172572595211142
2022-07-11,0.319508716941505,0.27823790012184507,0.49608719201536866,0.4071552708083308,0.30328044925651343,0.3324527258815533
2022-07-12,0.354936558144065,0.4253059163245534,0.46814407053065277,0.19590415524383345,0.429487423194887,0.38421751460183134
2022-07-13,0.45000424731024935,0.33478933991616855,0.4001588445072845,0.2858984979420278,0.4492145108509849,0.128224457009171
2022-07-14,0.26041789033120616,0.35899469382453675,0.3867695931886131,0.2266313618235569,0.3022722998977218,0.3468877364669061
2022-07-15,0.3476890866066348,0.2645976232863162,0.4071215273994931,0.32214720025712146,0.3139095087876453,0.390439761158835
2022-07-16,0.4058397174769862,0.4151115920125535,0.4078269220311689,0.2622488841645873,0.318707668739081,0.37060631673682454
2022-07-17,0.34218264493130673,0.3326544997898848,0.3220445061370767,0.33712893930168947,0.31600742786626856,0.223806584073011
2022-07-18,0.35247022140864137,0.23438192262292382,0.3536229315202258,0.22584003467252609,0.25805590011393204,0.04618517666200382
2022-07-19,0.3004557319339693,0.41326553501492375,0.36369577763656014,0.4416032395890549,0.4268220653340528,0.3887837802205899
2022-07-20,0.33222307921635685,0.33382736401735486,0.4531654704788547,0.26035165958545525,0.39913315284766177,0.03162277660168379
2022-07-21,0.34490248607578683,0.3847157107877272,0.17234150585013688,0.24961348985071286,0.39528044128841244,0.3451560191766538
2022-07-22,0.4059517656997904,0.3465829439966695,0.33121606928252695,0.32506879210150963,0.30098152445184895,0.3506418401784284
2022-07-23,0.3633878374915655,0.408804389034699,0.3230114414425757,0.3477614095991314,0.19092515273107907,0.3332104093315034
2022-07-24,0.03162277660168379,0.31027485504038926,0.35523861516444827,0.3646595309044547,0.3897823796177052,0.4339649640424693
2022-07-25,0.1530376575415426,0.3325193270332893,0.35179076881478755,0.30262312184688955,0.3457142023691951,0.2893084430312353
2022-07-26,0.4029844747753011,0.37448364234477105,0.34039586195481947,0.23022078216897943,0.4310398839511661,0.35189849678568946
2022-07-27,0.3812957324305237,0.37477247423262017,0.4089149195274609,0.24383458161218133,0.25094918745314176,0.34400683447320074
2022-07-28,0.3807280919125349,0.32203809268151545,0.2795704322460297,0.24671860515386868,0.45192438091073467,0.3679016417203642
2022-07-29,0.1930418008186337,0.41132741270538836,0.4350983787201216,0.3732563604277773,0.03162277660168379,0.2683704263430055
2022-07-30,0.3562945601408861,0.32540630877434795,0.4160112133392413,0.26385897826494786,0.415198531937305,0.4223850393614413
2022-07-31,0.35971456115108863,0.42287865183822093,0.3079893867746503,0.3057019949946249,0.2370820104420504,0.3954895563266392
2022-08-01,0.22399140897644848,0.3531924645901152,0.28108058615053627,0.4110028804919625,0.31186709025329806,0.2577292952905679
2022-08-02,0.4241035916756499,0.1963185518395532,0.38777897769754455,0.27498787055477897,0.36700975689968096,0.16789075839245624
2022-08-03,0.37049165069079976,0.2279190685261367,0.5089916637627054,0.47420539465614764,0.2606612494959075,0.31984421104158983
2022-08-04,0.35274170294186935,0.26360312225787214,0.3334750193376587,0.3301228765650696,0.3434922834014462,0.40897112492524546
2022-08-05,0.31658775113911497,0.4274252369872739,0.23053070791111482,0.22283094927038927,0.2679369160958894,0.3199863528171696
2022-08-06,0.2529503982691458,0.377196479430758,0.16801854376518002,0.19129338658519895,0.3215875903986081,0.3026335131402716
2022-08-07,0.37452682758304995,0.34562276660430064,0.2733557003550355,0.43075682288216793,0.28285155204547524,0.3552436144448437
2022-08-08,0.13848221315820441,0.32592736474939266,0.29983193607452013,0.3142058140307719,0.3208091559492883,0.29856667537278364
2022-08-09,0.24318151594952506,0.35530298133004745,0.4613468044986301,0.38559864048336373,0.24764330759850647,0.3390278587610288
2022-08-10,0.33831881309085976,0.37880376152693024,0.3339016263379665,0.37793765500876325,0.3460187845684263,0.34626927502373517
2022-08-11,0.3061260804087169,0.3000149884687574,0.45743526927869255,0.3574871642203285,0.27983267652481286,0.06894038946414548
2022-08-12,0.3585372822985811,0.35391766330014973,0.3314674348435652,0.27857123519398275,0.03162277660168379,0.19814058949535765
2022-08-13,0.33382356742659686,0.2887601851118252,0.32463937848060465,0.3045588151779647,0.388769949427085,0.3196123332140351
2022-08-14,0.2707320379134127,0.37580672265489545,0.3545433207828395,0.3591202277620112,0.2619022967473578,0.41303915544069486
2022-08-15,0.3613183203356469,0.3216393491842117,0.38466550588595994,0.31783778623795805,0.10745922395508939,0.16345123778330725
2022-08-16,0.2485109358880754,0.426695529456461,0.23624842984535774,0.31480986507665626,0.3126296289569867,0.22622996611149931
2022-08-17,0.39344450562618316,0.32098206347936786,0.30680248247536324,0.30035102205847564,0.3584983384452985,0.2188296611468326
2022-08-18,0.3336863444277922,0.35962376197002255,0.2096677638281407,0.318545961493593,0.2256849644396515,0.3547283781949202
2022-08-19,0.32948205037893713,0.46203656721852854,0.18923570712602567,0.3623834069362134,0.3320448267353845,0.3098460543025722
2022-08-20,0.3127565287989697,0.3958548816498692,0.21917854558692254,0.36725923884493356,0.3397064837633616,0.24123726181711375
2022-08-21,0.4695247293508597,0.3897378813557442,0.27640347067796,0.3185271184636849,0.19589023569077146,0.3672855857592357
2022-08-22,0.373197347993465,0.1808180860348815,0.4671638232448524,0.3051161799494185,0.30765471962425023,0.3599400031896936
2022-08-23,0.36384325334281503,0.3152134168074929,0.37650335213895153,0.13683127684084861,0.33892934758720855,0.03162277660168379
2022-08-24,0.3424244180162242,0.3690798601236119,0.28137942103822927,0.5048910493399175,0.35426856770323806,0.29511225508004285
2022-08-25,0.32088516054391913,0.13213698802304125,0.351374294077107,0.28191146813053475,0.39857150946751946,0.4369724552074378
2022-08-26,0.2856786003362166,0.3594603619907716,0.45115186158593007,0.48492409531828196,0.3939046567415558,0.2974338862134148
2022-08-27,0.34046909640800005,0.2673497019503524,0.3714942993942587,0.03162277660168379,0.2434382875778225,0.3663443195007229
2022-08-28,0.20739569718142237,0.2885765778248964,0.43251261823137077,0.31888234937834464,0.2103779708818851,0.33679322892869284
2022-08-29,0.3423624459532178,0.31931973733536223,0.44514750879052556,0.3074879330995394,0.32867837114508763,0.3189337947777297
2022-08-30,0.452914242419162,0.16327789214814034,0.3301304600285549,0.21175641888345517,0.3304776137711981,0.3755365163927402
2022-08-31,0.1715291505900213,0.1977703035788826,0.2552909774110156,0.19650954627497652,0.3433907767453869,0.26539800212419595
2022-09-01,0.28509032187583483,0.26415828633799837,0.25267212942142026,0.3688493563031957,0.4963501834629121,0.26970481598162815
2022-09-02,0.15893967251769003,0.2537433362035757,0.2544188864364656,0.334898093092398,0.3614092011835416,0.2765679537848419
2022-09-03,0.4128733526887054,0.4277013353572953,0.28731520828085555,0.03162277660168379,0.29146352152600313,0.27220681296809446
2022-09-04,0.3054853672134952,0.30650234893539485,0.2927005092201221,0.28854783074522483,0.2677027168282895,0.10150834616129777
2022-09-05,0.27062542765048075,0.3677940993516824,0.3464301930766019,0.2594741898797637,0.26119522403601136,0.2840297857709857
2022-09-06,0.36868164568801204,0.28272323618743156,0.37297129025740433,0.4044171933787579,0.13823881260063378,0.22582489877772402
2022-09-07,0.46148051000243745,0.19657148994294624,0.20972987237938745,0.03162277660168379,0.3655334053161491,0.41185288280422827
2022-09-08,0.40743725963345,0.3253924683349816,0.32221426312962165,0.2512588402924404,0.03162277660168379,0.24143478946367447
2022-09-09,0.4287355706139111,0.17634823558883522,0.4081026616601595,0.17333804715288628,0.3500687528740945,0.15487304603438753
2022-09-10,0.4375181753441178,0.3284152718152405,0.03162277660168379,0.3191819106314471,0.31062675661333355,0.393179687870231
2022-09-11,0.2775457085177909,0.4528132399007188,0.03162277660168379,0.23518651969408086,0.30198232534777775,0.2839044761088268
2022-09-12,0.24616767093356107,0.3437776191038449,0.3540348980413651,0.3539587145750758,0.4035851246242458,0.30929749949294705
2022-09-13,0.35640723666470964,0.43850913449287127,0.25912994355078167,0.374022105054109,0.3637231378587216,0.07954831740690158
2022-09-14,0.35967179336359245,0.40992064746987733,0.2535964670000809,0.363601689204692,0.11127059469127579,0.322644449342052
2022-09-15,0.07306704215499607,0.3534619150595955,0.2775569382857943,0.3988100992518665,0.2272991541226386,0.3466464021908472
2022-09-16,0.4688448149292781,0.42710415041114186,0.20171752817686872,0.4285698242773857,0.40168610861273707,0.3494099838568982
2022-09-17,0.41540653109300435,0.4029822712346568,0.1976260038225085,0.1842717618929556,0.3163155026778875,0.3722500365952814
2022-09-18,0.354131205707787,0.3649523148958876,0.20742421601809669,0.2644686604619868,0.12908070986998837,0.397864079822194
2022-09-19,0.3854155218926768,0.330632109970643,0.4037809018354498,0.2533205984099886,0.3557312408417308,0.3748062456771422
2022-09-20,0.2541445160604293,0.3546017823454475,0.48540369314775506,0.27877855880339913,0.24366516265954127,0.45021209946460766
2022-09-21,0.3175307155344051,0.36879979935734214,0.45279527814423004,0.4103705246779184,0.377566159658161,0.32602924626442326
2022-09-22,0.3157090812090101,0.39120586034822163,0.15311869462404903,0.38572745414795473,0.36645994451020286,0.31628748848591814
2022-09-23,0.4409853122377137,0.28464919900255353,0.36968068744407157,0.4273938252466062,0.33465338380549037,0.36215240906896473
2022-09-24,0.37274817925861337,0.287719993906493,0.31356723022779487,0.4467309267566386,0.4236982162207931,0.3458983601109014
2022-09-25,0.3893541806922238,0.28336851981461186,0.3702924282829516,0.3489227019246454,0.356213993995778,0.283373721325468
