Date,IBM,JPM,GS,CVX,AXP,BA
2020-01-01,0.48559761623884534,-0.3547505230221658,-0.39782249112174306,-0.010863480824654454,0.6715561549395958,-0.7380666294210676
2020-01-02,0.09859040652992779,-0.1712653590874757,1.4706584193680894,0.060409725346746455,0.7848209551200828,0.13334467404292938
2020-01-03,0.6614646018654585,0.43519472653957475,0.2055216992591531,0.7591738820813348,-1.0510493613967056,0.19837246533798994
2020-01-04,-0.7490757479771284,-0.2717259272076901,-0.47117644730200137,0.9191202890463813,-0.2415417965094343,0.30260962893258636
2020-01-05,0.22690783949886859,-0.0029611291009696444,0.9278180268835243,-0.33111450780923124,0.319863734067621,0.3275548885074273
2020-01-06,-0.6600253139638084,0.22362208988499452,1.251570198136802,0.4161360657922128,0.29249469584320215,-0.16232813055411804
2020-01-07,-0.5587359560299946,0.4932968163188745,-0.01703754487984706,0.393578855328565,-0.3809002644549994,-0.7805189332511369
2020-01-08,-0.3731711276491157,-1.1294057263107788,-0.30595930821592787,0.6188016395823505,-0.13078718939289047,0.09172485814944054
2020-01-09,-0.6137953730139958,0.3997420532983425,-0.09104549362393824,0.27628898829599835,-0.2400506856731453,0.5996554446830535
2020-01-10,-0.34638529584419836,-0.12408050188137743,0.3988980825541888,-1.136513848385297,0.06446819576291299,0.2491520875154088
2020-01-11,-0.13890144891879844,0.4308004759358864,0.7102306122894946,-0.09697341053414853,0.5876099378712226,0.6710075204819947
2020-01-12,0.5585654477209616,0.4932655368745455,0.2873746471595674,-0.6068904815197327,-0.35449842953465366,-0.11628715118899002
2020-01-13,-0.21664986541017064,0.9824280989644151,0.05464143490990331,-0.11289390724819644,0.5866808788550987,-0.29047782787795756
2020-01-14,-0.9300648047745971,0.8142972010588875,0.9539287465690255,0.548612174967553,-0.13900313516569254,-0.4788019218451592
2020-01-15,0.6470641502904204,0.8829620241299924,-0.19537359462340737,0.17353419630951153,-0.4629908460039484,-0.009939953567288495
2020-01-16,-0.5229595411244928,0.815852177209786,0.6210563468550812,0.5672086661326805,0.5058083592752166,-0.041115895121041496
2020-01-17,-0.028760622360831035,0.16607260482862457,-0.16369548747076312,0.19447314133345261,0.46532639157533867,0.1282848991337584
2020-01-18,0.248220154673066,0.01501543497846138,0.25020117541690334,-0.7557443231892667,0.47908872865222935,-0.07497393049822418
2020-01-19,0.11998350248872161,0.5911254099463183,-0.06981751277609687,-1.352503262076707,-0.7245362023737449,-0.06610406458256367
2020-01-20,0.7754035161548584,0.4428729802570836,-0.0328004995301255,0.08625422294682936,-0.11762786587600177,-0.4326447233195909
2020-01-21,0.312465321524142,-0.19909895874251698,-0.18913609305303006,-0.11729647109279856,0.460779214008715,0.5484318882182215
2020-01-22,-0.6010990689283616,0.2549083289898995,0.628578465696904,-0.5971097273170362,0.026680082009675463,0.036976354062515114
2020-01-23,1.3267367297715515,-0.01715993388549662,-0.3958046415731389,-0.8060728779361047,-0.6111662419116913,-0.09026369698546918
2020-01-24,0.11141734733608427,-0.4502730942016139,-0.49074190974301346,-0.34189569583214413,0.22096483451161045,-0.44324579924959434
2020-01-25,-0.09021042223293058,0.5499261442165155,1.4131202825970726,-0.1191119919003686,-0.41293712575665004,-0.5898195114350521
2020-01-26,0.6004618005064357,0.033915280119283395,0.47889379133955223,0.3860633113983247,0.7931039729003352,0.7987681217329837
2020-01-27,0.13561697307969287,1.2395204456460263,-1.4356685422387714,0.1092509357292465,0.7830110077689557,0.3246051605699305
2020-01-28,0.2532719960715905,-0.8435615885244474,-0.35620213183553473,1.066242126079405,0.2708918117702147,-0.9630506880011801
2020-01-29,1.724816023466388,-0.3499920899015461,-1.1253550113590312,-0.6528444998841426,0.8444024025529197,0.37605877810806987
2020-01-30,-0.17404070231076355,0.01956323258306432,-0.5055797941589761,0.4795045211096173,0.031451239147415294,0.4608955440094199
2020-01-31,-0.22746688239295548,0.6489759265475278,-2.0636222679031913,0.027473760915045484,0.43113499808105404,0.07626372314632732
2020-02-01,0.07671751039047624,0.23046554284724563,-0.08622396288322776,0.41814838445755076,0.6860428316432667,0.7813506969102522
2020-02-02,0.6986991929009404,0.17242244510249055,-0.5278910342856459,-0.2588558583199886,0.12030077231854144,0.12074546929959325
2020-02-03,-0.9108157975843243,-0.5851692978210815,0.03620841855782939,0.6181683700683702,-0.14651271304042615,-0.6243652248803739
2020-02-04,-1.2823721080544763,-0.7466888380902603,-1.003103040778958,0.16721207269307195,-0.9988418685253375,0.1661442719338759
2020-02-05,-0.4445031015448568,0.20266697407808923,0.05111827709429922,-0.28536591147442325,-0.04950564467683739,0.11756431450965563
2020-02-06,-1.0872312125807988,-0.7900230297592362,-0.2592128016706383,-0.007199683552096827,0.5104677146154543,-0.37962301331192344
2020-02-07,-0.1960126049977242,-0.3735893572791985,0.9104233302717232,-0.11922735350207116,0.4960693767539122,0.31253216826602503
2020-02-08,0.25308917276136667,0.3039164986410503,0.9151351220839298,0.2961397793654632,0.2651692613779668,-0.6220980061966883
2020-02-09,-0.4904987475158246,-0.5844125752398551,0.47196518865994863,-0.5939398317752993,-0.27170609704637094,0.5992991782384375
2020-02-10,-0.9103433352754418,0.8698545471372015,-0.19825807435334664,-0.019802921417430275,-0.35153410933803386,-0.5289904322065063
2020-02-11,0.040479711931355536,0.5866250052948837,1.2749041452996528,0.19595087339637368,-0.29460340302018545,-0.5457553418485406
2020-02-12,0.5585659499724085,-0.7614203260886885,-0.9611101073839494,0.017353393709097387,-0.20047620468120683,-0.05798219464645523
2020-02-13,-0.9530665012815485,-0.6141608755831812,-0.7836739801195478,0.9075535578173022,-0.12320859192352186,0.2701793809624387
2020-02-14,0.42113913230593897,-0.4064750609820874,-0.04950645335572712,0.4576289794799184,0.2976999359938775,0.10004298481725853
2020-02-15,0.4870967379533463,-0.41775426709270824,1.089364161715448,-0.0040671521326106535,1.2962827217297404,-0.3270527507968921
2020-02-16,0.586469174896648,0.40497715497612213,-0.11645527317520199,0.13955948325713985,0.07790091435980831,-0.20740344145930253
2020-02-17,0.7711091427305489,-0.24959646286398027,-0.1016067719017094,0.1702560223472967,-0.12292701114436876,-0.5827789158647139
2020-02-18,1.3871611575337608,0.2696099338320942,-0.534257475528376,0.2624359804126044,-0.1747757896220503,-0.09927085318770205
2020-02-19,-0.2261193294630135,-0.8689019638522331,0.5047091502359661,-1.0609449717305,0.0680513573286902,0.5507020720311989
2020-02-20,0.06913495200797665,0.5058753782956836,0.572738006542722,-0.17666816676968625,-0.5111065056812675,-0.002155400045902361
2020-02-21,-0.2534772409055659,-0.33395721386567945,0.49114081053025843,-0.7302045978614483,0.07317589284817963,0.4451660397113596
2020-02-22,0.0012974558568247378,0.007106718190553192,-0.36408505703323574,0.8133171954747166,0.2693082639316331,0.7497370629723961
2020-02-23,0.8978344087399893,-0.05884410614910826,-0.41533768979689584,-0.03730527719085993,0.1336966920925141,-0.36011864448746744
2020-02-24,-0.9311491872398804,-0.7035566095382717,-0.8123637095090995,-0.1128841977721301,0.2603591250313764,-0.1031677550774589
2020-02-25,-0.5571040551539528,-0.720472417323642,0.05341538224404864,0.4234298846075002,0.27342387787836253,0.9666527324445238
2020-02-26,0.8264564286114834,0.6304089094677864,-0.5859612136827069,0.23712628661705268,-1.0057209833963603,0.6998932452848687
2020-02-27,0.618857693152732,0.21747255926899797,-0.6375717597676382,-0.5555962971302317,0.37534414618519324,-0.900163824588813
2020-02-28,-0.17473264415532572,0.4936100644245333,-0.2537194333631184,-0.0410415781901706,-0.3528367239338597,0.20236665817179875
2020-02-29,0.49262152758816075,0.20425537592863238,-0.32467563619027534,-0.16863126458230815,-0.6389030506826818,0.0003061459751413158
2020-03-01,0.18705753688559462,0.08804876433950648,-0.31253922168296194,-0.9786826584419961,-0.6196366235432659,0.39055819023667293
2020-03-02,0.8461393944740343,-1.0912367579880675,0.28350091781650927,-0.41123246963801585,0.24041410296016064,-0.4829634684422167
2020-03-03,0.046345627436620906,-0.16179456527438502,0.0436126416413721,-0.10598934320375905,-0.1266640436942367,-0.47288791850227924
2020-03-04,0.622430032047304,-0.017536231861862202,-0.15370833097703135,-0.07408763878714872,-1.13541776547683,-0.4193057361855206
2020-03-05,1.4752490471729098,0.8409226993998742,0.10104444223574542,-1.0027828927444378,0.2346093320890343,-0.2825700742978173
2020-03-06,0.3286008905476948,0.43524657715565673,-0.6704585842319065,0.5747781203234886,-0.8421165473922245,0.46687682363440514
2020-03-07,0.02823804120503404,1.010354226788164,0.0723650303430651,-0.04946360781970396,0.06003520595496257,-0.7017781763369332
2020-03-08,0.4105076753853399,0.2716247996512085,0.10029253755367888,0.01299593690190744,0.13215489923784993,-0.39842625225236544
2020-03-09,-0.2167877011622874,-0.35253337484696784,-0.9616732899751479,0.22544487881623917,0.46724773855488316,-1.011892276068966
2020-03-10,1.5860132230903758,0.05174032687558033,0.5135394865286291,-0.4496864974632211,1.0811361142513645,0.5996986233625674
2020-03-11,0.10888657780304722,0.15331883553687128,-0.5245558543760622,0.26668156538964877,-0.8858587380075661,0.6357073281947445
2020-03-12,-0.18163254145059846,-0.6022720322472273,0.057764407489907695,-0.24640436529047308,-0.028543632441887564,-0.21530301314291114
2020-03-13,-0.36954186011726137,-0.1981585605152618,0.5438227208409031,-0.4276390420723156,-0.1728038047879021,-0.1803696851450386
2020-03-14,0.4898385949393812,-0.1382966726397032,0.5469578242491211,0.3110175570892651,0.2805897351430737,0.2751677082652229
2020-03-15,0.5015161078497621,0.6959326879721152,0.020379642995304315,0.5205537683415975,0.12672412694786808,0.8233439563387814
2020-03-16,-0.2575341958589288,-1.1389661977116339,-0.1897921398031074,0.3130093642614622,-0.20677104669945476,0.2469828430889135
2020-03-17,0.3022452219794086,0.6684156851075351,0.585761969621203,0.5149132137793352,-0.20922981641340208,-0.43247143552244455
2020-03-18,-0.8960917222440054,-0.6369269335859903,0.3464060082540584,-0.2887740134680234,-0.5789626052974599,-0.7586584742249353
2020-03-19,0.11677011746117599,-0.8680564981784377,-0.3483600190959848,-0.8067234417658531,0.5475455174550101,-0.6432206286632756
2020-03-20,0.3015660400371572,0.5583001049964927,-0.22165658896308743,0.7758203452169812,0.24885269946710728,0.037823378608251926
2020-03-21,1.112293904607036,0.5266635254694534,-1.2279888690909317,1.3423792041424212,0.5498388755751727,-0.3564677223622599
2020-03-22,-0.3853709613450738,0.7144631175927768,0.09271307082088368,0.8533658880937519,-0.11625450795740182,0.0932026133986716
2020-03-23,-0.8481391232715727,0.4642020366228536,-0.05250010910847322,-0.17126307030088048,-0.430399296308599,-0.25595998180320784
2020-03-24,-0.5375223627810676,1.0897167034775586,0.7044593878620401,-0.6554889060007134,-0.6985864522461102,-0.5168828339748994
2020-03-25,-0.8421301363036141,0.2725205040079261,0.24476291488185176,-0.5189181516121167,0.22197926286623978,-0.4933295861913557
2020-03-26,0.7484241202698104,-0.09267378165843485,0.7128434155305091,-0.8581186970543475,-0.5355620156879021,0.8193563434289832
2020-03-27,0.9743755248455088,0.1883263346201041,-0.3591297625447571,-0.06232877980004548,1.0070320866315994,0.496745191274747
2020-03-28,0.20005028545366502,0.5405818415962648,0.7133906403723788,0.9548293817712543,-0.7443065699435338,0.8228649669183591
2020-03-29,0.740831338448311,-0.3352957803226313,-0.22067819260887708,-0.07203792719524657,0.13646575704743247,0.3232997290638338
2020-03-30,0.06569756889712455,-0.3726213699171185,0.33093807359823046,0.17527796565610448,0.9443093872452862,-0.20802884000324612
2020-03-31,-0.0506708507359794,-0.19996153100778474,-0.7979527521219356,0.7009215015288165,0.2926989966860072,0.7485397159120144
2020-04-01,-0.17589609470147186,-0.37425362577664795,0.15549940436341833,-0.24796539788695895,0.10476615535775556,-0.015103125759337038
2020-04-02,-0.1825827082121794,0.08109851073330925,-1.0968273573742078,1.2195566054468499,-0.5682956885483383,0.1209088242413502
2020-04-03,-0.8727905662328389,-1.0633840154442784,-0.14935831320489132,1.2567278548296754,-0.8079243150023632,-0.024813745496907083
2020-04-04,0.15028287384168654,0.033962229089914864,0.30321996340456836,-0.07712306717432746,0.4479295184277057,-1.5620866516323593
2020-04-05,-0.023562142894034743,0.3772449116207769,-0.2770423870494611,-0.36529937614770314,0.26783506267570234,0.8523666609917574
2020-04-06,0.2382706360945171,-0.295508746473703,-0.597956333536854,0.3929853642441709,-0.2563033611350773,0.32150244105135567
2020-04-07,0.05133710771438797,1.0337065278517967,0.5557126785804071,-0.20094523558478344,-0.4577046217648703,0.20122288353841083
2020-04-08,-0.08811401739892835,-0.8115192265135923,-0.06383084156155017,-0.6966467134197962,-1.4127370858549295,-0.041994006180162
2020-04-09,-0.5333874614396269,0.7365236060484969,-0.28319070027390303,0.7858361896531735,-0.5563935630046831,0.0799221281840433
2020-04-10,0.044607537537476705,0.38409526239065656,0.021392548548397904,0.7593925469674927,-0.06163926653898268,-0.3120434508314053
2020-04-11,0.5040817500780161,-1.0536052478732594,1.7222297922614709,0.09475759826386412,0.9841923865599571,0.29707733283712506
2020-04-12,-0.7017150510447299,1.7229049912210002,0.7698409209030648,-0.6284064409321779,0.2183128244448887,-0.576218434206939
2020-04-13,0.056359584525012905,-0.03777132253441912,0.6981854493818458,-0.714434674410783,0.20948370202061228,0.0850856876875718
2020-04-14,0.15593891835350263,-0.6076460101670683,0.2668722785377524,0.06363748682629745,-0.1984203241603561,0.32428519208678425
2020-04-15,-0.47586211730610745,-0.8503235899327256,0.09776750145144693,-0.32543961436749785,-0.2764759140587539,-0.10377215751124183
2020-04-16,-0.28093068037248586,-0.11357694892099679,-1.340601933167589,-0.12011271658451574,0.7743564080534593,0.24037619969516133
2020-04-17,0.1539749200113685,-0.07156460317209046,-0.3397520301830258,0.6264148137399547,0.08713523967626231,-0.5625085814110707
2020-04-18,-0.6771188575337934,0.018253242993464786,-0.2722511055166874,0.3982130739979111,-1.1442544357259514,-0.38344193144013067
2020-04-19,0.17956014076059112,-0.1649580378395155,-1.2023203660089035,0.7515755794150479,-0.4461094323846708,0.14343675572931858
2020-04-20,-0.5237704563673817,0.38688524794176166,-0.693894251475575,-0.6850304060102395,-0.4834484573655125,0.3843702261091034
2020-04-21,0.6398203881017378,-0.21440040298329752,-1.1027208060647724,-0.17735144183879273,-0.3059213568948377,-0.9733960916910519
2020-04-22,0.8877374862460937,-1.263850341832977,-0.024660417492711438,0.4125001192786629,0.10010124368763818,0.3377310411926543
2020-04-23,-0.5805108312904922,-0.07397737394757316,0.4554821025818356,0.2404072430834934,-0.044575700743361715,-0.29017122628688
2020-04-24,0.3373410398397798,-1.2724205999385174,0.5506388163112671,0.9484975288120915,-0.04668553941506229,-0.12261731503726835
2020-04-25,-0.4498207009330748,0.22362348461484033,0.23540338056553362,0.18675553022065525,0.7153552942031431,-0.8129304959489235
2020-04-26,0.6018278314594147,-0.6140409066352706,-0.6042308839512032,0.9888196477190724,-0.32244879255800146,-0.5368904598298891
2020-04-27,-0.8245279529138485,0.09059510152165061,-1.141915874121254,0.315361893366834,1.1527370171243767,0.4249912191558161
2020-04-28,0.3295963588052197,0.6541541650760031,-1.0864540856287588,0.5358681463930347,-0.25903344281511037,0.013628574778578916
2020-04-29,-0.5535007622378315,-0.5069704802400294,-0.7353290076955257,-0.05752999687066379,0.05143356393208731,-0.2509783858665899
2020-04-30,-0.12361143950673495,0.5983180646833371,-0.5410392141486842,0.007996223977701557,-0.16034348081804284,-0.07311071157345592
2020-05-01,-0.6053877002387629,-0.26032421630470126,-0.10203040918605191,0.5309260061716933,0.052439194425069925,0.16973675032078278
2020-05-02,0.4387398469371426,1.0474257293277913,-0.5379659296222944,0.909127145780145,0.23110546952946126,0.25783280096823324
2020-05-03,-0.5340947961926659,-0.22087072897822255,0.20855431568464822,0.42957270953690674,0.2706435768868398,-0.026200001201279296
2020-05-04,0.33455305777754496,-0.471149095993909,-0.11083045786734394,-0.05441905602906841,-0.22492631663533844,0.6809975631383235
2020-05-05,-0.1628508086241998,0.36937510237349136,0.005651600521708242,0.8204107111309124,-0.6457135139391931,0.48756835258934894
2020-05-06,-0.0805475949837915,-0.22682549060397583,0.7292485600527229,-1.0558670362135891,1.1907527254456927,0.17540023516917724
2020-05-07,0.0924630628761759,-0.45295649489617146,-0.7405276794412614,-0.8451000447231287,-0.23656817292087604,0.03139666890874979
2020-05-08,-0.5227681374338544,-0.27760199586832557,0.2301350075748286,0.47101757486528156,0.4404577291463346,0.36511812411697375
2020-05-09,0.13793629945821997,-0.028384451242387903,-0.007664542194441968,0.007221695256123117,-0.9751779600803324,0.20765522432928726
2020-05-10,0.9708593999327662,0.8007395303338725,-0.19451250079338128,0.36434829542078984,-0.1404412951185297,0.4061499457434222
2020-05-11,-0.5099101626250303,-1.2011123609508214,0.5455687851338392,0.0369980348566398,-0.07471035049072244,0.3840806919060387
2020-05-12,0.7251557848252858,0.014350467739765676,0.3793845095088684,0.35029527759934886,0.2635201420765085,-0.6029706413765207
2020-05-13,0.9390197763286109,0.3712896793779327,-0.6063412613431634,-0.47278503771577624,-1.2604489818056446,-0.47356535444476006
2020-05-14,-0.4716692555031021,0.11459795814264898,-0.10103966129970868,0.3219375161613187,0.10285886912848174,-0.3958002453826972
2020-05-15,-0.7668160284368033,0.8657336635201159,0.15639945384373297,0.5259851601117755,-0.6637969333524952,0.5263551513600704
2020-05-16,0.13798044893697478,-0.048585720970788115,-0.1632481264278281,0.6697387519698162,0.2089826755272625,-0.8330742701103059
2020-05-17,-0.3603594705188442,-0.10638766853744941,0.3777650904075616,1.1683450775746012,-0.5886745017466339,0.2433791434277916
2020-05-18,1.084711107654109,0.39696262965201656,0.18909416461392328,0.16620603898316266,-0.4517011912935687,0.19392107550503385
2020-05-19,0.019309293872062813,0.053202900702494414,0.9827420423501263,0.14521234727798943,-0.11642702213738126,0.6294484567697585
2020-05-20,-0.4598076889732215,-0.24743672961633892,-0.7783915877808635,-0.8528047869811373,-0.6830722274490524,0.10425878058211925
2020-05-21,-0.7057762603401121,0.3174962038077475,-0.07448658955452263,-0.2969695203581093,-0.21762500286203182,-0.8122876313022405
2020-05-22,0.6164004796771212,-0.35590399123913635,-0.5115549872745547,-0.1123062441447469,-0.6096558125126663,-0.6590844544648544
2020-05-23,-0.35240597699650533,-0.32021585624385934,0.34288983575572957,0.5366079136146907,-1.178875339645429,-0.7469173107867443
2020-05-24,0.02990581841479724,-0.35417923104595395,-0.7667585008094808,-0.3169275002973566,0.5864375719457089,-0.32403315175172004
2020-05-25,0.6633024860954236,0.8619902285481418,0.20989619893701336,0.4086737075853399,-0.7535750005180817,-0.09745885097905566
2020-05-26,-0.33601088634688253,-1.921803007762952,-0.3402046946462897,-0.0008910813840191705,-0.07499592657057619,-0.5770085571140344
2020-05-27,-0.026481080243245463,0.2777382984107952,-0.4741162905304155,-0.09244184182702866,0.4225099349006449,0.8492366187618962
2020-05-28,-0.009578437027923202,0.021808254948960323,-0.9916099600284434,0.13047923738759992,-0.37212465282825424,-0.8277848900157126
2020-05-29,0.45289539521480165,-1.1004420385537923,-0.2953590138593983,-0.2346633676817044,-0.5056670013138641,0.8452122023250616
2020-05-30,0.3308971448405707,0.20568169511803513,0.6623652622365662,-0.27512876852169416,0.12447778334311341,0.7149558028854496
2020-05-31,-0.13141363028626218,0.2915452794052301,-0.01665366050878974,-1.0000889732497096,0.6309071554840965,0.47824034288038003
2020-06-01,0.0392348775680707,0.33977467837398195,0.4371655809941383,-0.10487775416126563,-0.7051806918843077,-0.4223194194836513
2020-06-02,-0.23113244487945123,-1.6632346443660047,1.0380491296783292,-0.2779526390942754,-0.08341006641632012,0.22270721103762148
2020-06-03,-0.8252247024343037,0.825022025885569,0.14100492692600677,-0.2724009738954666,-1.084744227967454,-0.7351453386711593
2020-06-04,0.15019143651745295,-0.49793917675764,-0.34058483190968886,0.26355158605542484,-0.2037178116754315,0.3579345332989161
2020-06-05,1.0682572845309601,0.42905154003708773,0.131344494141047,0.34145797944525974,0.013941519989376091,-0.04910494190286231
2020-06-06,-0.5548857914841291,0.3580931323317614,-0.29962423673449234,0.10921047298152164,-0.49461124109162,-0.24830310452476886
2020-06-07,-0.4263702726670763,-0.39361533413208466,-0.25873356207627496,0.6005739293310238,-0.30263645540794987,-0.6794677705546811
2020-06-08,-0.5742817187837485,0.33019761851184987,-0.9196288276577462,0.3218019700421617,-0.7668615883262968,-1.4337749393917125
2020-06-09,0.4570433737814023,-0.23766881934464146,0.5739819893301612,-0.16419155784750367,0.0450927505591196,-0.6525451895722129
2020-06-10,0.30180922834623464,-1.2256803944441654,-0.246305893126992,-0.27906255635612126,0.6077353590491984,0.710791682616767
2020-06-11,-0.09072397300978223,0.7030564288181268,0.09075093092595453,0.15866456273534357,-0.6138487132314353,-0.26597497060440456
2020-06-12,-0.1632494395335824,-0.4366668677661349,-0.43362560130568184,0.35223486062297543,-0.32873928949878833,-0.08626719591602039
2020-06-13,0.051995260259787617,-0.4418817574510285,0.26231185159998605,0.5308844385404864,0.3070124761265091,0.3995717643017196
2020-06-14,-0.9312525733067485,-0.23216601022191966,-0.48981213434040716,0.669543981432715,0.7841515510382259,0.8178272946263658
2020-06-15,0.08390981586495146,0.14452947799496704,-0.0770032820188183,-0.3121317171175135,-0.8124413354295855,0.23562284960955565
2020-06-16,0.5579959751450636,-0.0377058879032835,0.5341937624880704,-0.06733629083279663,-0.08726098890536357,-0.5861301499356693
2020-06-17,-0.7975595947186259,0.3541255360440748,0.4892965765753797,0.3801227537679681,0.17159282489708708,-0.9907152057008063
2020-06-18,-0.86057986052717,-0.9333610940236131,-0.013261292650091187,0.6673780006098498,-0.06513013400882252,1.2275112635578576
2020-06-19,0.9750958961451152,-0.4427168127020443,-0.9848631657018221,0.6172976691504466,-1.262122149554618,1.3064052179248729
2020-06-20,-0.37949378736615275,-0.07845428643964075,2.067444440645367,-0.038068424849246954,0.28092183384954544,0.09738670032477915
2020-06-21,0.5534407520242952,1.1159280723704297,0.9248944492541215,-0.7085151039726522,0.9134879073260164,-0.7249344223670534
2020-06-22,-0.06913077689022078,-0.057416150745623756,0.4815666730945747,-0.5878925936185323,0.06122151059775879,0.5809883990192575
2020-06-23,-0.09571938332854628,0.6962560278478253,-0.43378038022881166,0.15744449987584183,-0.6754972912852727,-0.06746402766090806
2020-06-24,0.290846185911032,0.026113076322654784,-0.05300678582660892,0.1881532618386026,-0.30965220339051797,-0.06962006102726717
2020-06-25,-0.4898451818260245,-0.2770231869071976,-0.3276714677722847,-0.5625287264426532,1.0517677819511406,0.5262179561571981
2020-06-26,0.0235616942167279,-0.15659753209288113,0.7222803067330525,0.024982888796422728,0.543410751107241,0.21102514963797708
2020-06-27,-0.24381876100634028,-0.0851008738609891,0.1352862318803798,0.39761369664086316,0.3423653312239543,-0.40051815118816286
2020-06-28,-0.6599153005226163,0.35604271035489127,-0.4728478195853051,-0.6056743805583394,0.19923952880519807,-0.19005801739256845
2020-06-29,0.21422463738602557,0.9163635969637061,-0.2670422748373207,0.6874621636387171,-0.2551158209221661,0.3463524129264042
2020-06-30,-0.16406378629585083,0.22130162042833937,0.7693631227823142,-0.20237410111491963,-0.10795248210310925,0.27349363646244174
2020-07-01,-0.09564606834428706,0.6984178396623977,0.9429552235491644,0.7846218021452326,-0.04232566172642048,0.15155649893756384
2020-07-02,-0.4941953013203418,-0.5758516244167083,0.8980570487139641,-0.32417876105919335,0.3341292820743263,0.528277913221193
2020-07-03,0.9118744507641837,-0.2879580783076369,0.13462145340247345,-0.634400652477263,0.9388942320157599,-0.21169763832683483
2020-07-04,0.590198244263882,-0.4163579846996771,-0.12332763780407198,-0.28765007915593194,0.6723433190423108,0.08363191459676576
2020-07-05,0.5987056841891463,0.19021939048827743,-1.9658201018748085,-0.052182085092575776,-0.8736058865182991,-1.9478405862380046
2020-07-06,-0.20164917908381694,-0.2350456986433333,0.19278508086195822,-0.26610833687460306,0.12901513506036885,-0.25101570985148375
2020-07-07,-0.9786625519992288,0.45368298869501755,-0.0009410231316940282,-0.13018107642690574,0.4810051844302249,0.3475563661041451
2020-07-08,1.1967111849033962,-0.6343479774847414,0.084437988642293,0.18627828442761507,0.36121904467196647,-0.22804862111607122
2020-07-09,-0.03890359500906954,0.02738231041994228,0.027056105988167416,-0.09317842535883283,-0.3976345988339748,-0.2892764168776521
2020-07-10,-0.4463657310982267,0.4079673260557713,-0.792435513581264,-0.03571026842996076,1.607081845788689,-0.6675339162929305
2020-07-11,0.15534635464716265,-1.0729816687902023,0.30296789991912826,-0.7880452518997968,-0.8315185288143696,0.41042988528300534
2020-07-12,0.8023168053309435,1.1654536095141113,0.40110364646984564,0.20006054875854737,-0.7075904414279404,0.2352463090362996
2020-07-13,-0.011467238561769639,-0.1391350564630666,0.47464175641314044,-0.05542960474767514,0.04153973232938301,0.444047345707187
2020-07-14,0.8240937359364905,-1.2281537966693932,0.5986535017839264,1.0040180216491572,1.3576546022842946,-1.1848866704730863
2020-07-15,0.6403209727143897,0.08777840222712052,0.3661945220408634,-0.5726041927191933,-0.4762355384649443,-0.09324440288419293
2020-07-16,-0.7169413126459941,0.0201170685853793,-0.21070506909967282,-0.6365195210587059,-0.12605948084578467,-0.1555449502162328
2020-07-17,-0.39598842522879735,-0.04198001744810516,-0.045045568360000864,0.38199898473480537,0.5107365296425703,-0.10740562195557672
2020-07-18,0.591583562949406,0.5336417452222417,0.0434726046210363,0.20706984868714098,-0.010174398498205742,-0.29357989512064364
2020-07-19,-1.7911058897644319,0.450315503201912,0.06563777095217405,-0.3808814598166529,-0.1876979795656457,-0.20455873993287824
2020-07-20,-0.09116605126401382,0.17731671726411774,0.6244736137011508,-0.873401372166802,0.32283360109324993,0.4497756203795145
2020-07-21,-0.7973413331947727,0.22472007580518596,0.43606561810538036,0.7759751663375665,0.11329298640777158,-0.9726679846760202
2020-07-22,-0.29436970245712285,-0.054783654075708774,1.3717507277671115,0.7114810275867595,0.5567997075116782,1.096254197653723
2020-07-23,-0.18791286421515363,1.1016521676959983,1.3708166812190525,-1.2219323801029345,0.5797878895942431,0.3264602585760167
2020-07-24,-0.25165618906794485,-0.9461840105802847,0.04766699924176744,-0.2514903708664866,0.17357829314209886,-0.023408901247740223
2020-07-25,-0.3803828103284739,0.07597532602768703,-2.716076749841255,0.8624333042063279,0.1622122337826814,0.3820669331867351
2020-07-26,-0.6740996845229031,0.03655528599387843,0.8369583583640218,-0.3117458104466842,0.12818043938026602,-0.7528919830045068
2020-07-27,1.2847957990782501,0.4863778871164105,-0.2749293626187904,-0.25317706536650747,0.24934968600622762,-0.3131516039062839
2020-07-28,1.1345894914551635,-0.31876473345688033,-0.5015133601476698,-0.16346313666504736,0.03223520941755273,-0.04673796375888949
2020-07-29,-0.6951096721952693,-0.9264295175228721,-0.24307064695451142,-0.7104449724217391,-0.0003983208662819807,0.6088488695614761
2020-07-30,0.7750953662134078,0.09547941084093206,-0.23117652511611322,-1.0195270865496258,0.7142604171849726,-0.02639189902427946
2020-07-31,-0.24595928604888903,0.18384802865876004,0.398451220637795,0.5834842296453068,0.7602424593474025,0.21775571518816128
2020-08-01,0.0809336356731816,1.044176046082233,-0.9372860817637466,-0.8506228117466171,-0.9544343413389936,-0.31757308548940616
2020-08-02,-0.041137056277091695,-0.8226126761342731,-0.6260145949521746,0.14227514948638922,0.0057271081292991285,0.2625179621793144
2020-08-03,-0.2618083424761945,0.6028216669420108,0.21184354466100894,0.44006395428736644,-0.2071781671007734,0.7172264929372005
2020-08-04,0.5693133289559059,1.3717095698969755,0.3938564260246599,-0.8531247187519465,-0.17473925109934027,0.6853769629391819
2020-08-05,0.08177396783722764,-0.20648497016699327,0.40223275082277554,-0.5712838882345803,0.2335648813589269,-0.04404505027875863
2020-08-06,-0.2893825309108979,-0.7657537769123537,-0.4173581149660915,0.6667846048138246,0.39949582146292717,0.33735667269348946
2020-08-07,-0.8135676699155346,-0.2705835910773814,-0.6138353825232129,0.3339848596697303,-0.06285514630297363,0.3425214720394468
2020-08-08,-0.529803342764862,0.007901443961545402,-0.29348988566403666,-0.34757360007293375,-0.8896607506781756,0.21818257772137722
2020-08-09,-0.6614431536840099,0.3311612357455476,0.14647244829673486,0.6808117151537614,-0.537838134373037,0.6631259403793575
2020-08-10,0.007934616536967514,-0.39506690620524876,0.9343888865637703,0.5789981891692396,0.3997066308351729,0.6095913912570752
2020-08-11,-0.7064180063662678,0.8599285732314684,-1.1739428296979124,0.14709031279613066,-1.568927765362038,-0.08218965786690668
2020-08-12,-0.17391766097575806,-0.6850558614716169,-0.1321332008313948,-0.4796138003021124,0.6807564451832621,0.36841004809635214
2020-08-13,0.8120200850796677,-0.8512257892261913,-0.8562464888438164,-0.2562142192474915,0.09268925602579682,-0.15346954699077203
2020-08-14,0.22986316361686862,0.5816889422820279,-1.0409865636456512,0.12925583270671215,0.7858278776196291,-0.29117580791307546
2020-08-15,-0.019912541962027252,-1.3380554955975386,0.5760057439025649,-0.09792534918053264,-0.07977782949918498,-0.15847932220941946
2020-08-16,-0.04667362848649868,-0.11854620449312313,0.318268973453661,0.5357359122416927,-1.3033979132226496,-0.03631014512213174
2020-08-17,0.8402657831505012,1.542274570166779,0.301445419600661,-0.8080202939048641,0.2366000912984259,-0.8074245342331354
2020-08-18,0.3548883452275805,-0.0065115022938006,0.5980817305328031,-0.9644699011548346,0.6474005976742274,0.4706121474887602
2020-08-19,-0.20698748252587915,-0.7035905841875396,-0.26733805772114266,0.10941109039031965,0.6243910303281788,-1.4510990010311824
2020-08-20,-0.7899833743480595,-0.0363641193245066,-0.22975392507516804,-0.3133220981875569,-0.3741407719877553,1.7635656448469506
2020-08-21,0.20236269924803268,-0.02531256680811717,1.324878541916866,-0.41968309924168556,0.04639012172516929,0.8586279160705308
2020-08-22,0.5219515358546847,0.10429692860921513,-0.15370818031328246,-1.1182534105346251,-0.2489543079705979,-0.13286943083176486
2020-08-23,-0.37231869958383607,0.3804909418774109,0.4896861616772859,0.012160015469071408,-0.33781987566800314,0.004706761887468891
2020-08-24,0.18957335875255704,-0.5591701965282638,0.004439164038269221,-0.03369451275045624,0.5655547730565451,0.18115269356660105
2020-08-25,-0.24259565247441592,1.050827050669248,-1.171831739870497,0.37006958284279473,-0.7761153985620579,-0.3419126373865933
2020-08-26,-0.09929559533767839,0.1709413999772347,-0.8450854272355497,0.036845373063047915,-0.41784322834776666,0.09454322298065188
2020-08-27,-1.3351611538947135,0.4681346440371308,-0.3600258741434416,-0.07241489231287296,-0.6434320583089536,-0.07801677780725574
2020-08-28,-0.14041540924504,-0.3935553951882316,0.7097052823264057,0.6475936855467217,-0.8106653245471894,-0.05479425488767123
2020-08-29,0.5537342603189611,0.7937875660996381,0.40100375306230884,-0.7928096810696879,0.0841377631741293,0.11452747453931944
2020-08-30,-0.4241257226949388,-0.15796672556511054,0.5420153182776298,0.2793534236230879,0.7367863264203962,-0.7876879138470662
2020-08-31,0.03300698421999704,0.17786856811510685,-0.43364841541176036,-0.9668424337286412,-0.11064154373331328,0.027405308845749973
2020-09-01,-0.4010575524675402,-0.5497633524925626,0.8175214275923868,-0.5339060458574039,-0.8316930377396443,0.09882766724802201
2020-09-02,0.2194208762730037,-0.5019560562879126,-0.589848681076059,-0.6259109973284249,0.5497393228572507,0.0772842467889966
2020-09-03,-0.13736689875592473,0.3727237784677381,0.12720968894449716,0.49441368417922527,0.9316443420398057,-0.11082212874009469
2020-09-04,-0.5444973205724645,-0.27906225482859187,-0.005789862046857159,-0.036213699397630535,-0.31384388206428787,0.6710630792879501
2020-09-05,0.5735250391006332,-0.4061245482982035,-0.11140163049552766,-0.00887195704785917,-0.2763699449503156,-0.1880935840052272
2020-09-06,0.5573891739465641,-0.3537470938782217,0.9491319966547042,-0.4343188081460074,0.26749104810770524,0.14447139364596392
2020-09-07,-0.3881594626859066,0.4472487308699534,-0.4727146710703221,-0.19441748844560666,1.0887577396814438,0.867885329720806
2020-09-08,0.29136178195745177,-0.37894239229816035,-0.8256333452554064,-0.46609986521691354,-0.2562969294413631,-0.04117993498542076
2020-09-09,0.3146003578686292,-0.05915980670290635,0.013289578696626388,0.23235525398692486,-0.7574380706489127,0.13296765336058058
2020-09-10,0.40885216575564526,0.009977595813147024,-0.23924638728268702,-0.4988015471699627,0.3513447659507255,-0.0275480489673912
2020-09-11,-0.9120080983740912,-1.1240084672905548,2.0754122997084608,0.624983654084931,0.5062034454298792,0.8198276212606803
2020-09-12,0.5128514574319692,-0.8348464672881257,0.4583366108212724,-0.8949681801392599,0.004070445241703524,-0.1615637599757876
2020-09-13,-0.26738620725869033,0.1923982389814326,-0.24538269888808098,-0.46132389523230344,-0.3258371100844402,0.42097407147285
2020-09-14,-0.2412482337268656,-0.43567732583502916,-0.18780614581892932,0.9986229287470301,0.4488226121313792,-0.05391147011099797
2020-09-15,1.6050461884010319,0.539662733975093,-1.1242814029293784,-0.28462816854130363,0.27149782801708694,-0.45295258089267065
2020-09-16,0.16395843906981158,0.5029577560719417,-0.5908446253209981,-0.8018522913867712,-0.4266085213325,0.4305745810220613
2020-09-17,-0.220917283893459,0.4769012521595586,0.06242613547704062,0.11954670142200344,0.030330830201886316,-0.17870447774611517
2020-09-18,-1.2597219928650865,1.1711275287324627,0.9093343908998073,-0.2666158028068315,-0.24037136725939567,0.31042332057032157
2020-09-19,0.7031826192486978,-0.05219563985871201,0.6248309004360953,-0.47393196775943097,0.26377303395002594,-1.6254941925585917
2020-09-20,-0.8698729282011558,0.2866255068809712,0.13495702401093376,-0.6377189010682849,-0.15539891608303602,0.0022044914608726086
2020-09-21,-0.6089910056609559,-0.2969495046121879,-0.208327061435403,1.3884328526393188,-0.2509427284726411,-0.226981903661728
2020-09-22,-0.20158458129747747,1.290537510613863,0.15297076006779387,-0.1484973759736118,-0.01888157480427661,-0.6440873751736247
2020-09-23,0.7426496953013314,0.41301384247877787,-0.3326071947012478,-0.8936592307449205,0.023813584965913116,-0.0983817082361021
2020-09-24,0.5130334349750361,0.006737606690355566,0.9019595081247349,0.8985639460554241,0.5045591577301145,-0.3850297099075731
2020-09-25,-0.10709596051850799,0.23136633112766122,-0.10068348079656607,0.31170347620834254,0.3102138999478387,-0.02375327991448274
2020-09-26,0.18505292589931066,0.8663734451732357,-0.037572582865957854,-0.44745735113574814,-0.08455493844142074,-0.7434095185058341
2020-09-27,-0.3886944915058234,-0.08377305695641214,-1.1585541144142728,-0.5124704031034596,0.44465200186199466,0.22576806990898218
2020-09-28,0.09123208909635537,-0.44789703172275036,-0.10990984271932146,0.3839735658112379,0.2476961506338106,0.5592961690670288
2020-09-29,0.040080362887214865,0.5541352403965534,0.5252375012965598,-0.13033653913157786,-0.2419039886493857,0.17878883549729915
2020-09-30,0.5992905199845978,0.041630754427353735,-0.6173586121200684,-0.982866975655982,-0.06699469261592733,0.5047126162183793
2020-10-01,0.6024919923366094,0.10603667251193437,-0.5001040150389002,1.1998428773376837,-0.08360305992315213,0.508617648712255
2020-10-02,0.35492003734531735,-0.5470611209203838,0.5117159589502869,-0.20194254971678538,0.2772358470392463,0.729892398065707
2020-10-03,-0.22018413018667535,-1.0593887646302291,-0.8539574771201044,0.8962707814270119,-0.21123384183404326,1.0920920269663092
2020-10-04,0.4373147281927251,0.15650974821468303,0.6888204342703111,0.733599524994868,-0.18431040155389433,-0.31858457246191985
2020-10-05,-0.052510960844402224,0.47432876932813123,-0.32161675674345097,-0.17800746622062297,1.25448144433504,-0.3690483653117571
2020-10-06,-0.5735499880577718,-0.12836957920928568,-0.21957206313914318,0.6342725614622842,0.5119082765348123,0.46801345461080124
2020-10-07,-0.22514440054907067,0.923952123302852,-0.750637478639101,-0.42477307570160006,-0.48168965212510445,0.3811678665963831
2020-10-08,0.055802021344001064,-0.3714276662733028,0.23308609414797485,-1.0991034981249943,0.27625865756060536,0.4348690001845425
2020-10-09,0.5280910129470835,-0.6497270325583437,1.4210801268750792,-0.22349858400500472,0.06879409657141211,1.0881838557358532
2020-10-10,-0.10048501653647292,-0.035344750160347285,0.5346670572717013,0.24476503491915275,0.22358426235365367,0.00483500906410455
2020-10-11,-0.7953665197975324,-0.05157634274227376,-0.5375488822679984,-0.27552672868438444,0.08041550726947005,0.2448527415851124
2020-10-12,0.030944903782496556,0.4549684954191794,0.7785033528545638,-0.1809028241142155,0.7192691737097995,-0.5338769299208973
2020-10-13,0.06775458542217971,-0.4360538690668354,-0.20430950115198707,0.7179461732933321,0.061460954258422226,1.1822876270904175
2020-10-14,0.10907665331753631,0.8326792757351569,0.7823199085688124,0.06222985388125845,-0.03766824733810902,-0.1936071271059748
2020-10-15,0.5855362382220645,1.111108879292815,0.5223011895283632,-0.5129962932190197,0.5005901635341371,-0.18534495095677928
2020-10-16,0.6016043638211529,-0.022864584282468372,-1.7071001120971254,0.41177608036209074,0.12735698656400735,-0.2295040072078606
2020-10-17,-0.40247859247076234,0.8017951642024275,-0.5291258504519294,0.12091571523714681,0.056656720520520835,-0.24000872898300318
2020-10-18,-0.3802813242492166,-0.5570164438222651,0.604363429765984,-1.3991148937858235,0.1781142768377771,-0.40124808786310495
2020-10-19,-0.6652410767443194,0.19120443279141186,0.09822667750577453,0.26602544684994844,-0.053845634614805016,-0.3114304961554177
2020-10-20,0.45816252566457744,0.5956850118241872,-0.6835859662063878,0.19956938216751496,0.005492538756459115,-0.41431969616575304
2020-10-21,0.7219962572929297,0.5156952797228666,-0.3993527211446888,0.013117170339054556,-0.38320297458526414,-0.5010788709467056
2020-10-22,-0.1960547874615381,-0.009525692272163041,-1.1301844560944057,0.4852494813438946,-0.507618784474128,0.955776431135474
2020-10-23,-0.12123955623145026,-1.6551778593332054,-0.05284617889822833,-0.3801589027850605,-0.511543195676954,0.48230513678514203
2020-10-24,0.8548952782077053,-0.2995378300752491,1.2325894126457004,0.17272003786559184,-0.7368849371452145,0.5182467460134187
2020-10-25,0.2729184512809964,-0.3498667181188247,0.3739896697893557,-0.6216026437055151,-0.4997223520901801,0.7175058864236474
2020-10-26,0.27031857480376553,-0.5662110915674492,1.3003715100013677,0.23755638162213893,-0.04898186719386385,1.1725326768247275
2020-10-27,-0.7156565904381343,0.07814441777498955,0.48239615389127943,1.1264528517369625,0.055521816743652745,-0.8853622175654479
2020-10-28,0.3116763727477847,-0.1827123039591153,0.45802128770331463,-0.6611533048395293,-0.13676287862542413,-0.6863091413493422
2020-10-29,-0.5421643036200715,-0.45131555856669237,1.245378567056624,-0.44087142852541805,-0.8961221355479427,-0.47831336961563947
2020-10-30,-0.6259367318584942,-0.27812303722496307,0.2029954356454471,-0.462864488994291,0.854107799299486,-0.28978220477203825
2020-10-31,-0.18780215836483474,-0.4035170252557409,-0.11170464466989767,0.0710926342797768,0.6006917717548119,-0.1425838606776639
2020-11-01,-0.3468817212344769,0.653558036852775,0.6802339484147544,-0.6100117288370595,0.2058525133693516,-0.26421775041926876
2020-11-02,-0.13807187471592888,-0.35862543744824527,0.897745758299933,0.25553504787052406,1.1824310058769114,0.1267743734210059
2020-11-03,-0.6353323329589888,-0.3023378028250625,-0.2796831088686267,0.38520950932431947,-0.5473149181836566,0.020112079221626996
2020-11-04,0.49691706392438184,-0.2995924465462334,-0.3720624873181685,0.2773342362150185,1.0820927030004417,-0.4111173565854823
2020-11-05,0.714058387124958,0.17446881554206958,0.09358125363024813,-1.0977313393474262,-0.4923257887351932,-1.284066348558005
2020-11-06,-1.2165275773459423,0.2741839041963042,0.4896605693922259,0.6193557074806865,0.15321199583860284,-0.5041347001001766
2020-11-07,0.4542485117136315,-2.0296214220130455,0.3355469619619307,0.5180388102759542,-0.7787412891472627,-0.336288023334293
2020-11-08,-0.4526152246991893,0.542142813355923,-0.794050412740947,0.5180323476675353,0.006784695184037763,-0.15536415796186026
2020-11-09,0.4933900648419476,0.7793413002713148,1.270434942893776,0.2010784409787711,0.24631123408944786,-0.6897489691711342
2020-11-10,-0.038688836930559065,-0.5286617423015162,-0.43618158284216285,0.07810041997550103,-0.09598567239398409,-0.24261389677880163
2020-11-11,0.017342943973997067,-0.5434236946904767,-0.16457028790536274,0.5786294109967169,0.3526054898004611,-0.6571910633094895
2020-11-12,-0.10691018289349952,-0.2606264982653337,-0.5321325542930541,1.148985261470737,0.05235684562086832,-0.07081015231018077
2020-11-13,0.6944777196348392,-0.474751057921131,1.544476399454965,-0.5176857983292411,-0.31250494441985766,-0.6988983312547746
2020-11-14,-0.6290829238852801,0.10618901340936687,0.15092716167784526,0.6804301672573546,-0.31437852317169374,-0.49804904346047957
2020-11-15,0.37651834390392397,-1.2092415328689061,-0.5947029397585519,-0.03863044971491539,0.5329881679947873,-0.7487382102160538
2020-11-16,0.6443059325230494,-0.6651379287884213,0.49004548958058064,-0.040951894597886805,-0.3243724293573599,-0.07975208430311298
2020-11-17,0.37792142898301173,1.0568958785225677,0.46148276071933453,-0.27559879935612225,0.42477098698609295,-0.5275158650928183
2020-11-18,1.4373436137525712,-0.4693836737870131,-0.12923718313978713,-0.050643514313836985,0.7672565952646646,0.4906241416166721
2020-11-19,-0.3358842598469859,0.7534319759400984,0.40870797405940695,-0.5248777869093167,-1.1583917464449638,0.2251418814185022
2020-11-20,0.5479395478286379,0.22141347685243568,-0.45875555442448185,-0.290713815958693,0.6603216273727617,-0.039753102272296975
2020-11-21,-0.06229294513904828,-1.18705408408097,-0.28924951837587115,-0.6607832089272035,1.2097919982299756,-0.4261261128145118
2020-11-22,0.8184431133126021,0.35935293314144706,-1.092754564955457,-0.14651805826977518,0.1218794312125487,0.24181804957326564
2020-11-23,-0.004754164327000906,-0.06821831022147627,-0.8043019733990423,-0.07221776860982738,0.37455940980388874,0.49172889296923394
2020-11-24,-0.22961475779871057,-0.2662189890606383,1.113116197726197,0.05765195463922581,0.6200074341579019,0.08604912818606074
2020-11-25,0.7959062783857503,0.15464134799994858,0.2918918731727036,-0.8850597195228157,-0.1653142011968966,1.008980831846805
2020-11-26,-0.29746658913573154,0.26070225660100704,0.041679966158088846,-0.8109669016271926,0.11459448768763814,0.24488609007990933
2020-11-27,-0.8892304972529237,0.45658355715258786,1.0635065980795313,0.1723386697420645,-0.6727346571342756,0.38341296228081695
2020-11-28,-0.333138681605361,0.750363311512542,-0.09816462962599994,-0.4844901310473237,0.070775322802183,0.07954664609039282
2020-11-29,0.33932984614463146,0.2420807376841207,-0.1585975150561827,0.6790029198451476,0.29167778688432827,0.4098716867521354
2020-11-30,0.806138441826934,-0.74722647861859,0.03355690250470743,0.12401341169097443,0.2618597509998239,-0.3987961444195986
2020-12-01,0.07154840652852808,-0.29433958127142595,-0.0659871002279198,0.16386319638994376,0.5992226104709062,-0.26439018068799813
2020-12-02,0.772967637677495,1.8796769482361506,-0.11141709343155062,0.5279808337599683,-0.3859093414279081,0.17423551213853108
2020-12-03,-0.8221568609373183,0.43149746594819754,0.5444494296669368,-0.16809472835169342,-0.3208939660662683,0.06083484642384819
2020-12-04,-0.2896474861394231,1.6162238931036208,0.08729889981193767,-0.3678142770530552,0.3370741684953951,0.2188628034843322
2020-12-05,-0.18201292173358272,0.8584071511954454,0.361413726956274,0.5025649191921683,-0.0920129183789826,0.5766559850400119
2020-12-06,-0.050072341556141764,0.14471528655888544,0.5628825006187331,0.31866623942596306,0.11764000433387888,-0.9952737800393628
2020-12-07,0.05389514540007688,0.16322746719160458,0.2375715272628819,-0.09468409766878327,-0.03492588953959546,-0.5174894084090685
2020-12-08,0.3788357794309664,-0.023050251566573383,-0.5823220531768417,0.7824945691709672,-0.44183646830859397,0.12894783896244885
2020-12-09,-0.28415632718418304,-0.9804383632556245,-0.7238716746092243,-0.10802076808578424,0.6904281206996542,-0.39090672157282447
2020-12-10,0.08224447444099847,0.010906369811569448,0.08564581537049662,0.019007160308608956,-0.32424715608390026,1.9438431080669636
2020-12-11,-0.0290181671768091,0.8096362368623091,-0.09977979166084318,0.012311941677086219,-0.20046286360429771,0.26608298719903933
2020-12-12,-0.5400558680582226,-0.32678838737034466,0.05232074338748421,-0.5799441467106661,-0.2562333654626702,-0.04968002989724857
2020-12-13,-0.07141522396978625,0.24321017030883116,-0.009171509584822863,0.04665759855859491,-1.1054862524050704,-0.32611028356778066
2020-12-14,-0.08477652966545125,0.4761744157557892,1.3076931138381016,0.5703761937807532,-0.337922426768949,-0.08538627016794692
2020-12-15,-0.08277696151597404,-0.5644280810091067,-0.7830996603116359,0.23465333524635199,-0.5654090251698188,0.019427981392350295
2020-12-16,0.020074720590737897,-0.21272707060047505,-1.0437267031550221,0.01939449733124352,0.3732300672043558,0.06236702487900454
2020-12-17,0.05111762959869974,-0.5061379652746661,0.2145019097819516,-0.0949759198827217,-0.3283422536113755,-0.2210640826567308
2020-12-18,-0.2617280432413699,-0.44519136482481964,-0.23542094240828662,0.16020751257031932,0.4773407006591871,-0.16461981340121395
2020-12-19,0.678602934151215,-0.7343971354865984,0.1789827411377867,0.4237649754411798,0.8508838911973788,0.635325016443479
2020-12-20,-0.6670993553713248,-0.5347286458106154,0.36606619481166874,0.10833968687674328,0.5353835754672537,0.7592678194775636
2020-12-21,-0.4581517602593979,0.9119182509534609,0.8366539533385273,-0.18714320977686613,-0.09689700967010446,0.15056149290710816
2020-12-22,1.59478879023055,-0.5204462399368768,-0.9537703555397664,0.1919170325759622,0.08532145155182119,-0.75608848115283
2020-12-23,-0.6239722560037465,0.0764448922316425,-0.2668113530317785,0.2732624570414631,-0.6735020815984356,0.3495086035234154
2020-12-24,-0.7168286066885656,-0.22234078372851257,0.2858347124168751,-0.5782798481369854,-0.07303670201117568,0.8995512070386966
2020-12-25,0.44908478938642415,0.6863941927991518,0.5240566377706427,0.09335758179129382,-0.47285413826360456,0.5006143419482039
2020-12-26,-1.3242701589037582,0.860593900680145,1.2553949610774202,-0.9478553990073968,0.37068617352325783,0.3766570702326158
2020-12-27,-0.12482235044435894,0.5820164798396812,0.6178303225970881,0.2215336255963268,1.5294956194484524,0.8234705844357048
2020-12-28,1.2687570966173005,0.2001295866585844,-0.03545957130336387,0.3260773175554874,0.27246078692517206,0.023432496370783148
2020-12-29,-0.9418928600719291,-0.1076209787253338,-0.6121654821636369,0.4024553178028067,-0.9781658424575593,0.35972589694065543
2020-12-30,-1.336392139296929,-0.6739244957289507,-0.3287679472520951,-0.26457266647930805,-0.19812708335221943,-0.3831532166349248
2020-12-31,-0.9567786355909547,1.09796454443451,-0.33995218123014426,0.054957162346093685,0.05046149509276729,0.1894825520832233
2021-01-01,0.50143601947883,-0.4494858463197215,0.3247364673734089,0.5361191699762458,0.058507989286839444,0.7875382480159392
2021-01-02,0.6435031915321152,0.4558640518123491,0.15796591110815192,0.8343318174370398,-0.3730910206627002,-0.33224764333220325
2021-01-03,-0.3157157909205384,0.71272974522691,-0.8209769723169685,-0.017715429210430553,0.11723442634577336,-0.37349276314359475
2021-01-04,0.3922567292339096,-0.35741916513719946,-0.2706217033128251,0.0750809659815887,-0.5466954574146162,0.054817202689975766
2021-01-05,0.8088057116212665,0.7161812345942651,0.5181500302938643,0.584240543268391,-0.499622019439611,-0.131501512999707
2021-01-06,1.181570702899291,0.42823013599367976,0.20452856647141182,-0.8033165221091065,0.39304527350755997,0.3310297303447961
2021-01-07,-0.15903363614640123,0.9465042773649394,0.3643699937536346,-0.20774987680568446,-0.29028864697759704,-0.23312486445685823
2021-01-08,-1.2589924645770014,-0.2723061132692872,0.24232995177277317,0.26261119605141886,0.23985078738703194,1.0597386470336674
2021-01-09,-0.38339386221204913,-0.8746770223195873,1.0281996914671587,0.5180693554248279,-0.7801034524700392,-0.7807509584799704
2021-01-10,-0.2728560496273672,-0.2994279536129213,0.11820437780669078,0.2408090017529349,0.8548944334620691,0.7140489370611522
2021-01-11,-0.15950013692947068,0.10270076254230304,-0.2253825228862374,-0.8329554005908059,-0.3151325218415233,-0.49508621279352716
2021-01-12,-0.11657929871651775,0.035041915547410964,-0.5592804955004378,-0.0307637702747327,-0.0397741659352057,-0.9520430105158177
2021-01-13,0.6927283733256424,-0.15365443271406942,0.1629073482311093,-0.37413389236172395,0.20003464674976393,0.11043055186827096
2021-01-14,0.7749243671740906,-1.0295360992934044,-1.3670781577732507,0.17311766319050972,-0.3309172629096489,-0.14169472752249818
2021-01-15,-0.10657208297776807,0.2947630119276672,-0.0919579338966429,-0.37408090201571687,0.08675969390018962,-0.5130621012855935
2021-01-16,0.6794369034074131,1.124853176732101,-0.10259403656965632,-0.35098371012384005,0.36371996549347907,-0.8526115030873277
2021-01-17,0.2302958115337767,0.315579956433615,-0.8935334336066457,-1.2611819831760158,0.4943288917125664,-0.004546253716950719
2021-01-18,0.04359491189705672,0.37985391863111373,-0.5808022601108006,0.6942843367972721,0.3892218665163536,0.4821304837356713
2021-01-19,0.5670178602441465,0.3241857679856459,0.41850217161574726,-0.24120325520578784,-0.10738320949652792,0.23223912846179998
2021-01-20,0.04633720925612513,0.24873725092039148,0.12988863533747966,0.1050612513608106,-0.08810373369195601,0.040316235967785594
2021-01-21,1.2825694155788618,0.5944379143071165,0.06442512793173681,-0.0012047844407354132,1.35745439806679,0.31604489784004436
2021-01-22,-0.9268168199535225,0.24621911565598545,0.1629331592741923,-0.6551980230025197,0.4921913571572562,-0.013954769284686417
2021-01-23,-0.2959117901185383,-0.16064642632739407,0.057486260558762735,-0.7454629408428789,-0.5180165476914743,-0.9360393832050276
2021-01-24,-0.07270526896417445,-0.36153315268119945,0.745757449600613,-0.6091245071318222,0.05403659239480973,-0.8729335404084982
2021-01-25,0.24205158949860175,-0.1449725497585557,0.07407135801800224,-0.44588290277019393,-0.19929056758125305,-0.121703169778229
2021-01-26,0.8234489255060417,0.11572652812110504,-0.8190770353364534,0.22219597158923707,-0.08040591540772597,-0.09476099214078264
2021-01-27,-0.015473189811396691,-0.20269812881803384,0.9222727300906546,-0.4178740532014036,-0.7448138067371662,0.4155513982568706
2021-01-28,-0.8640123713093103,0.18204559587709235,0.2219441708563537,1.0570291548175632,-0.2607658891821733,0.3195529115367647
2021-01-29,0.5518071827043193,0.21070006511342818,-0.2764361037968296,0.33406019938493015,0.8502712004756723,0.3564814212496922
2021-01-30,0.4973998416260921,0.4022681395720417,-0.5281208715187027,0.41360480656340215,0.3012161717932114,-0.18171763849418465
2021-01-31,-1.2952900754792607,0.8226017571153728,0.24469332537280045,-0.0659376918275368,-1.4281003395058194,-0.716633243021849
2021-02-01,-0.002086206732040878,0.04153476865108829,-0.07100640303698842,0.8103547382898922,0.6457238059805154,0.17655173480730005
2021-02-02,-0.8380166008427642,-0.7446588811504807,0.8343679439385511,-0.1275527389947603,0.6152404275791348,0.29351175881488833
2021-02-03,-0.35750000159002865,-0.1608750645364752,-0.17866543886434796,-0.0192744962183339,-0.1063970549539041,-1.4908091875278044
2021-02-04,-0.5309808205341433,0.025821881640198562,-0.43391084171849303,0.09457080698501795,0.3456129979755944,-0.3398171615682402
2021-02-05,0.5326183314660565,-1.2303687848369125,0.49911931598786596,0.3528784445489408,-0.44619814233604466,-0.39692677596970943
2021-02-06,0.07897633541497553,0.8900922557308956,0.4637634772559046,0.2755235349694975,-0.2879433887901185,0.07258516091035523
2021-02-07,-0.7981689572485182,0.0898546860949541,0.10204550073313844,-0.2174487299595402,0.9339643810819536,-0.38748922668770913
2021-02-08,0.5267058021678165,0.2242990298255508,0.4388846550770718,-0.3133976082377454,-0.16976946786685126,-0.016336169634411177
2021-02-09,-0.8358665977515051,0.8953757254098378,-0.022087780540100306,0.2503945887782085,-1.1196749173421074,-0.12536289212971782
2021-02-10,0.18845233969665726,-0.38727449448026846,0.13638104352230015,0.4280035603227948,-0.03549275094040041,-0.07488440824268995
2021-02-11,-0.5391055346357247,0.3901011518861017,0.50794152920733,-0.2174692042961513,-0.04155344447097835,-0.43922744661780055
2021-02-12,-0.2128701352098154,-0.06776315716914008,0.3761415728382076,-0.6883969119041488,0.626816169172046,-0.3869541217027336
2021-02-13,0.2762816336309011,-0.10805816847085686,-0.09138634177954397,-0.10295082659696152,0.006917057392810005,-0.5464451887089427
2021-02-14,0.32005246991872693,-0.474558821258242,0.8073367180263755,0.3773233917233027,-0.2176170390597389,0.24559743027138406
2021-02-15,0.8625875919858451,1.0641518865297785,-1.2087519186575393,1.0247654847376637,0.6202881128919241,0.34753659420687455
2021-02-16,-0.05788970064759342,-0.24586466720413436,1.1819884351500016,-0.5973809781917125,0.0731042791508696,-0.4353909073470696
2021-02-17,0.2084866642129838,0.4122251056625554,-1.07431991587056,-0.21173370955402432,-0.43694720745950766,0.637798916768373
2021-02-18,-0.24822780104485076,-1.2893169956716788,-0.42185154740725794,-0.16605712553098823,0.5934718187239703,-0.19057197066299492
2021-02-19,0.0792204217432179,0.7095003844416526,-0.024648118404553006,0.7035824491137714,0.10320154115748259,0.9409411907900036
2021-02-20,0.27688386559782907,0.5182186853055201,-0.09791425820108605,-0.01961497381166206,0.0015329618291868552,-0.32486575523627415
2021-02-21,-0.06461467649791246,0.05990947693074001,0.6194445668338144,-0.49142096573369,0.10873126890600963,-1.097496204048568
2021-02-22,-1.2043200581261793,-0.16455694218513667,-0.5655238131517044,0.30026971152552434,-0.4951478356985755,0.20642441644570814
2021-02-23,0.19478404204128252,0.2531238573235774,0.16020771221948762,-0.17173485872081093,-0.3131743153808125,0.10663058158919347
2021-02-24,0.19685874329932715,1.3387782710484273,-0.16523959286692028,-0.6774625902995018,0.0020359356721410525,0.020089203976940005
2021-02-25,-0.4115450622855723,-1.1307045272428944,0.16455359711019704,-0.5126949818276526,-0.11418238756106149,-0.45379185571423813
2021-02-26,-0.6799432131243508,0.4895854071816777,-0.03423537805966169,1.0227280860573371,0.8539154770105987,-0.020772983360867067
2021-02-27,0.9366178642902204,-0.5985932592466388,0.05303896909167555,0.2297099430430261,0.11530783011671958,-0.24653112718125567
2021-02-28,0.28558465795107624,-0.01165641150230472,-0.26397086379587653,0.04748799494418165,0.4308663666641745,-0.17117933166597707
2021-03-01,-0.1573221644724484,-0.1590248200035104,-0.2772899144557163,-0.17140295215673979,0.003946117556648044,0.49704831636464025
2021-03-02,-0.7220900091333824,-0.22887754059309282,0.17584109783168542,0.11081565865756299,0.7006156950089932,0.051278634576638414
2021-03-03,-0.5001948954012091,-0.005510165347301707,0.5976509713330853,0.049833781272901494,0.23219205881305227,0.34314550515941367
2021-03-04,0.8292459386526817,-0.5826201810509212,-0.3411298251569699,0.14066485430977482,0.00650604795896775,-0.13436599670939187
2021-03-05,0.08220919391887135,0.5755286238126424,-0.4096121150394759,0.07061348193133704,-0.007505079647455035,-0.18642328175441847
2021-03-06,-0.3714735370358025,-1.0896266365709917,0.39015740251380654,0.6023384863200554,-0.6157303118372672,-0.5294936983223332
2021-03-07,0.29359190319769185,0.35687159400260227,-0.02122956787511086,0.013558750828291834,0.283147688174563,-0.21754468136832592
2021-03-08,-0.4663838671194594,-0.21618471179724288,0.4957489925674244,-0.42005054646314893,-0.0198980960178536,-1.8182958447340745
2021-03-09,0.9100345254140085,-0.650057439328687,-0.2815705898421305,-0.34253221347195617,-0.3083831811443126,-0.33428771119390155
2021-03-10,0.6604061282081055,0.11174160911259559,-1.092735824300579,-1.2516490413371892,0.310133948150087,-0.042903903621733006
2021-03-11,-0.3055662851073886,-0.980558601555231,-0.17447997094144949,1.0379690792928082,-0.642526413458947,0.3093982012886076
2021-03-12,-0.39531643540152156,0.02484280960464917,-0.4412428573638244,0.5205993109064564,-0.2313625790526024,-0.12243083478285459
2021-03-13,-1.6774739908370815,-0.9017115157652627,-0.0518866029063701,-0.41634274230205576,0.6084577959278976,0.1974849903205615
2021-03-14,-0.9560606904878726,0.30807882236959605,-0.3450375967110397,-0.16012826555850843,0.18589470351661505,-1.4007482969174871
2021-03-15,-0.8258878491492723,-0.5683240041441657,0.46025585193842095,-0.33640836875692504,-0.027859649511553196,-0.029844865552248818
2021-03-16,0.08431800692252653,-0.23581810447548912,-0.1849030277320171,1.0116496748020138,0.14439923350254946,-1.0513864768864
2021-03-17,-0.1811833673437363,0.14975726359734776,0.08455626602131859,-0.938004130450691,0.08790161608289136,-0.6601500625416034
2021-03-18,-0.8955515077798802,-0.3984156097807196,0.10031334955906561,0.0611603865765015,-0.8545422467096979,-0.07771308242861731
2021-03-19,-0.18424750222756023,-0.029065003159190885,0.12370262419766999,-0.06460057129292537,-0.1777645707828081,0.7962775568386254
2021-03-20,0.2772700289062354,-0.9333011333322263,-0.013089779048655728,0.4746463921029073,0.7283820488843875,0.22188695417180937
2021-03-21,0.3283971940910887,0.3908778310248457,0.25249834027871676,-0.06161544212403769,-0.4050261950676851,0.007689183263979144
2021-03-22,-0.7559522070676492,0.9388278251652616,-0.42603559628168874,-0.8883172284799505,-0.18455630136248244,-0.011706945096925459
2021-03-23,-0.07133750710638764,1.748274873326983,0.8021601704747294,-0.1470181166297109,-0.3081425339046102,-0.2740857499758167
2021-03-24,-0.6353649369613386,0.05680202025187992,-0.14169728820277083,-0.5226323079247184,-0.05086419313736353,-0.33070685265103195
2021-03-25,0.5202500488431091,0.46911503661783177,-0.7626543283341863,0.0484891789578617,-0.2745844377520445,0.2569303776003117
2021-03-26,0.5178367132048524,-1.109004883005776,0.09264626537028636,0.838231474841223,0.30495855396522886,-0.8916041745639529
2021-03-27,-0.5855667242277993,0.9261595670313915,-0.5499242592609106,-1.0223572112755333,0.13205250923964745,0.37184405381918134
2021-03-28,-0.5218665884355176,0.4309350431637572,0.45095759953341447,-0.4579357335302099,0.41448368357169724,-0.21912344651555232
2021-03-29,-0.3051544968916829,-0.30125188597315883,0.8891715883781295,-0.328628731089636,-0.6164533945388339,0.3436789213027896
2021-03-30,-1.5056456755228131,0.6484546220727906,-0.41876403988822,-0.19656648278843475,-0.22694446805827112,0.5486225151231418
2021-03-31,0.19246629960658898,-0.13964834034532742,0.21819393703249956,0.4937904344756272,-0.1406086343354776,-0.9412786113638206
2021-04-01,-0.15492654244194481,-0.3162927724191088,-0.9467715306371374,-0.11002292125788557,0.2726170632187131,-0.3810327699480898
2021-04-02,0.5967060288952403,0.3001138427089914,0.2912804527722007,0.22334406046955863,-0.5150164120719851,-0.5004825661834879
2021-04-03,-0.5762780308820321,-0.6577769242268734,-0.5144780527434113,-0.3537967117441813,0.16282883068364232,-1.0840671697559854
2021-04-04,-0.3581577136853842,0.5591747751396124,-0.41932021977856393,0.13513249054786433,0.780990201502701,-0.5651902360469858
2021-04-05,-0.9585226086225879,-0.5482280159414649,-0.6054423847367973,0.43328748345765433,-0.5691707858235949,1.2877228952494624
2021-04-06,-0.6441323417319014,-0.6327201437272287,0.3956715063547122,-0.4409616119987847,-0.3027868599262421,0.30138899388996293
2021-04-07,-0.6491658104024819,-0.5344002467264226,0.572969699366092,0.4375320822501511,-0.2776037022554263,1.1348311893090268
2021-04-08,0.5713802085153057,0.43487535220715434,0.013421381076874107,0.028777837210524102,1.379600535953684,0.32135464836698335
2021-04-09,-0.3601259962376432,-0.30392977789847797,-0.460613686443275,0.5833130259923469,-0.2646983752997836,-0.4401929327180445
2021-04-10,0.07379230519606621,-0.7549872767322413,0.7720392973976797,-0.10563067294416081,0.8354378166782248,-0.20454560189602247
2021-04-11,-0.2006861366623757,-0.352702582225728,-0.38245263033357746,0.2288136022286821,-0.672260100170583,0.30494858017897036
2021-04-12,-0.8973882241375225,-0.01925167456806913,-1.2957538523687333,-0.02431926969781682,-0.5296146992414028,0.14073362502805256
2021-04-13,-0.0952179780513388,-0.6934208925844101,0.1825624080166983,-0.056328819867578594,-0.38141384117007054,-0.2727310271453824
2021-04-14,0.3349885261896535,-0.7793779743388864,-0.5795264202084849,0.15999255203439594,-0.46846744836783283,-0.7835990534830249
2021-04-15,-0.4647114697227818,1.318729583689265,0.5973103263053464,0.3551674915791799,-0.1590071032625432,2.013629865615803
2021-04-16,0.541607220940812,-0.5154230935126164,-0.1863424967552038,-0.6767899428094851,-0.3961164635835692,-0.08668600160884747
2021-04-17,-0.45690498040233096,-0.14278815631730699,0.3408546887200089,0.9100130618408929,-0.50782763873302,-0.18173992145038748
2021-04-18,-0.3231997841245996,-0.2504777414867155,0.797526535828458,-1.2081679953490756,0.6306628528451739,0.06142782364607033
2021-04-19,0.2787921840626675,-0.2843647549617179,-0.5513877141696739,-0.4640990273238057,0.7123212476179895,-0.1336977854542208
2021-04-20,-0.3588217310897488,0.3547686730656049,-0.2928212548391205,-0.054392893037258784,0.48925624787383704,0.056568534355671725
2021-04-21,0.020625972959553433,0.6174151359658935,-0.04478656169747628,0.21403576029845137,0.24101569494343705,0.789546475831005
2021-04-22,-0.19464626770940693,-0.17049111061089203,0.9339600411701836,0.7930948503603182,0.058562734424354286,-0.06792694183654477
2021-04-23,0.07006910307505688,-0.665710587600095,-0.37661414250701347,-0.8553425843155907,-0.29279739424331364,-0.7035627449325783
2021-04-24,-1.3069547044841778,0.4553399970310158,-0.3681361386055246,-0.3029223441794974,-0.4869749475467274,-0.10246319488436294
2021-04-25,-1.0660564065369948,-0.05665144555616548,0.26715380650934845,-1.1913357385265189,0.17431216959357582,-0.22440086798528355
2021-04-26,0.34429695695172796,0.30769956561016837,-0.35186986533543163,0.005623270510938161,-0.6029372774680605,0.253209016208238
2021-04-27,0.37987072209130185,-1.2995977979029636,0.09199790207931212,0.14155069695824546,-0.5298293373600453,0.7513464288079041
2021-04-28,-0.6098677040920799,0.06909130184898596,-1.1728146679355473,0.970301203648685,0.6860924589532997,0.06203186244650497
2021-04-29,-0.15745054913326392,1.0435738898772506,1.3100528607256154,0.06525682519312205,1.06268039997932,-0.7436275963365403
2021-04-30,0.19595826097349167,-0.1970248941308855,-0.6861413788879058,0.4115297000072252,0.20863470258689193,-0.7465361499582853
2021-05-01,0.4761112372493943,-0.14078088091378507,-0.20297319317846915,0.3037167511852711,0.5553237503708468,0.008862266387074751
2021-05-02,-1.3212696238756432,0.1600909406753463,-0.021512649003477352,-0.23920025779836918,-0.13991510657304299,0.2032694583471715
2021-05-03,-0.5525639361473635,-0.32478628563530687,1.1806848449773273,-0.7722873180197858,-0.7607122690262295,-0.20895487772067267
2021-05-04,-0.21653662629467793,-0.1650401533917533,-0.7476497569170049,0.17885146048610348,0.3767507967184059,-0.29846237247762086
2021-05-05,0.4065110394097399,-0.15418360599869027,1.1516322937991292,-0.9188402376670843,0.292616223742335,-0.38266261428774373
2021-05-06,1.2682365213202271,-0.37644541725515884,0.44490163786710013,0.8058196132374595,0.04320080650832531,-0.012310268369253521
2021-05-07,-0.14372122730642495,0.8099302606824996,0.18423103364656027,-0.09208977032552428,-0.1329954592731039,-0.42372172297074456
2021-05-08,-0.8107549488565776,0.2984872536889219,-0.6468157618459531,0.7082762574457284,0.4607039446697072,-0.7133872439150675
2021-05-09,0.21261240108160195,0.1401895346307204,0.32573340574323895,-0.3021750289906903,-0.4853512607679567,-0.2882995645767824
2021-05-10,0.7969872938334758,0.3280484482510815,-0.39239464170070665,0.17034197836335807,-0.4531510217682871,0.6559029164996638
2021-05-11,0.06472652747499644,-0.16787802335323737,0.8642443234888573,0.05387890004110734,-0.42498544193150956,-0.453663260314793
2021-05-12,-0.6061965953176919,-0.4672095545595448,-0.5953845779324152,-0.02862914437727507,0.050743488045302695,0.08844326511102794
2021-05-13,0.5888829664823425,-0.35652273241014654,-0.05859579669089192,-0.26304405294111316,-0.39429283090624334,0.13176225260330257
2021-05-14,0.38462746865435915,0.0010482216943382358,-0.3448363889456497,0.17922058085035447,-0.4430744717713402,0.8894881681810785
2021-05-15,-0.6035073229746513,-0.655218482716638,-0.5165196751340877,-0.4431276192912886,-0.40908720432310314,0.7167781445647412
2021-05-16,0.18396253805736518,-0.3134010461510241,0.5031769210571534,-0.3151366990383935,-0.13830363503071413,-0.028094564640051802
2021-05-17,0.6611856560550413,-0.30291442507682376,0.3036141323787805,0.7379552204214859,-0.931955804286311,-0.1844296544430812
2021-05-18,0.21017307276125066,1.0186933367403697,0.7699882382257206,0.31595463096080983,0.044986310763636475,-0.2766046344518973
2021-05-19,-0.04287538731804148,-1.5273338902150442,-0.9915289778497984,0.03475956478913601,0.788880225132206,-0.1440729996019015
2021-05-20,-0.21570886724731997,-0.10108402873407761,0.656509889033196,0.47303712642815937,0.07794462724731574,-0.2312446980155229
2021-05-21,0.7659681955719895,1.023912859662605,1.3042192087012314,-0.047616190866678315,0.9121841854218689,0.2817592054108628
2021-05-22,-0.7303543171468908,0.0764805151713282,-0.2563067751975061,0.7096840966749689,0.6366055578586532,0.24124047260530299
2021-05-23,0.25176286809972054,0.49029901691017147,0.7010715824846101,0.09052623658689231,0.4720641542801512,0.34175320482908106
2021-05-24,-0.716295525931386,0.05845591777297344,-0.13886023405155198,-0.6047287482750396,0.03144322594187393,0.796269592626444
2021-05-25,0.5930201267653011,-0.3250112584432541,-0.8302824217950202,1.2148557709871455,0.011664292008643854,0.910873462174394
2021-05-26,-0.15784321595521086,-1.0064314532866434,-0.16861853964857562,0.578019067338084,0.4244120159955927,0.0669845180725516
2021-05-27,0.8591213838071542,0.09786054485372468,0.6547498425061221,-0.07966249416682654,-0.22620847719528778,0.6196911895391979
2021-05-28,0.314767762967967,-0.48942616383591686,-0.5715560218068207,0.4188897620961416,-0.9444383189178743,-0.2295608805552616
2021-05-29,-0.6613128404727181,-0.31839912076251253,-0.3716012768329299,-0.23338714179985143,0.31118360972428893,0.644635431532904
2021-05-30,0.8572917784105374,-0.1926100023671161,0.38893896286587687,0.45503379571375063,-0.6314989768113214,0.6188269132756349
2021-05-31,1.0337886292646925,0.8961067747391933,0.0019074799985759536,-0.7385273562194381,-0.5345470245950813,0.6146079421575289
2021-06-01,0.5758675707697374,1.2835272952736352,0.3685219596534526,-0.6368513173636052,0.00012384489469783458,0.05639581669397052
2021-06-02,-0.4860149738565253,0.10524687336012929,0.14720772810365898,0.6400268246941666,-0.047755293882137805,-0.41836750315964755
2021-06-03,-0.15935718699816034,-0.2614564189222807,0.2798326987091665,-0.14770730158330342,-0.6389096659516906,-0.39610378813581515
2021-06-04,0.09752572282851595,-0.7538407897891274,-0.22581393966397925,0.12201189896560273,0.09071552478937377,-0.02319118793620542
2021-06-05,-0.4510250480952084,0.2759390277793617,0.13057198052265176,-0.7067196827682669,0.5739643185639096,0.7868147957758209
2021-06-06,1.0121077123907112,1.050665496002886,-0.5168016751873145,0.4794550203948679,-0.6402007541747469,-0.19774970438651385
2021-06-07,0.07502381994830888,-0.15882142827475648,0.7996691419468217,0.4053587054516726,0.719238083656822,0.5076238989603425
2021-06-08,-1.4909915844507382,-1.4067726971260988,-0.25457737619356496,-0.11901032238217919,-0.9583028465741764,0.4578459825792026
2021-06-09,0.17321232481803245,0.3963720436381427,0.5920181963766618,-0.2389867869660772,1.0675221941083275,-0.16817325253515317
2021-06-10,-0.14866890377721154,0.5036780169893108,-0.13175070672193215,0.6321472750125491,-0.07313359556925221,0.703415399626037
2021-06-11,-0.04553003707703937,-0.827078815128793,0.12219943051602117,0.8760313158037099,0.09300821403929421,-1.6575847489592814
2021-06-12,-0.2241771950025384,0.1003882830744376,-0.21612061672483648,0.5024883746876907,-0.8579606630904334,-0.618039372574943
2021-06-13,0.5088073942553892,0.21276549024959385,-0.6221113715541606,1.2062686176099875,-0.029772997841002,-0.48574089093496947
2021-06-14,0.7060782907308936,-0.04622888165081317,-0.9734756942433147,-0.43591107389579736,0.09232522639754503,-0.40965774536681326
2021-06-15,0.18798213829404128,-0.4204154866421255,-0.5925439670341719,-0.5090120251839823,-0.03964384787519568,0.2003844091551763
2021-06-16,-0.21748864511596666,0.5628396794205855,-0.22031385153454192,-0.5322434280197592,-0.3472552424215077,0.1788794279221149
2021-06-17,-0.01924444124184917,-0.2549929350059767,0.09584440031198406,0.3004916209670262,-0.36961242534852723,0.20201493993193909
2021-06-18,0.012641234832599166,-0.8985650188091994,0.6094425506540593,0.09379249999188102,0.6499723414583092,0.3521891518165988
2021-06-19,-0.504378277966784,-1.31601048457419,-0.284927485467674,-0.07269490192248167,0.0153332806205427,-0.48184157279486856
2021-06-20,0.3982029489168555,0.797671537978665,-0.5894117859219931,0.5111587943162207,1.0082302192265542,-0.5484854612166924
2021-06-21,0.3017982166902605,0.33236178112395565,-0.9126393588716781,0.4460789866436806,-0.2640115360492222,0.20655074302949877
2021-06-22,1.0307289080453323,0.04564147013368583,0.2503816939479889,-0.9775200951140594,-0.25274869666375266,-0.3818483064914043
2021-06-23,0.8665368920570299,-0.22479611741140945,0.5174471815730856,-0.36448717721632595,0.4325382124044383,-0.8788036634507116
2021-06-24,-0.4445645105343641,-0.3150922784142173,0.59584642795008,0.35718795225306355,-1.010656811546502,0.5587286315063655
2021-06-25,0.5222467270821195,-0.6319701611162328,0.45504152437614565,-0.2634387918760554,-0.43536903526989823,0.9799300255573085
2021-06-26,-0.5927099251325574,-0.266125063254427,0.2993880415370864,-0.4718056490093142,0.6341155808017489,0.781190145546564
2021-06-27,0.3775152141157239,-1.1381417048154574,0.9961764951476572,0.6138543797772732,-0.6874223080600254,0.11694067898708087
2021-06-28,-0.3364545677088438,-0.3873009069724659,0.1991903728384555,-0.8147049324610246,-0.9910191596037514,0.4029893873867112
2021-06-29,-0.6536333316565041,-0.1869163175699219,0.3731395931744181,-0.1822158053311452,0.9093035125986623,0.9127017673168527
2021-06-30,0.18688224664142553,0.3187659237878732,-0.20502987071118717,0.17961275779288288,-0.8587161519342084,-0.3125121275126788
2021-07-01,-1.6416892450143248,-0.02120620203555973,-0.8476821239872087,-0.36206766252986994,0.10455309386454553,0.6348106951172416
2021-07-02,-1.0319147697394846,0.45181573394341495,-0.45779967823781187,0.1392669577943754,0.026584074912984878,0.1695957320220051
2021-07-03,-0.11055169106767603,0.874442146399325,-0.0029018555837397393,-0.29115244447533317,-1.8071983028781935,0.4942254883218211
2021-07-04,0.05333642810414955,0.5583966555902585,0.0303673798043623,0.6285669297474797,-0.17503487982001825,0.08629216123300655
2021-07-05,-0.2405196580914362,0.3070357330224352,0.9516309251435722,-0.0735316829634331,0.258728334624547,0.6222605322361043
2021-07-06,-0.9823690633617781,0.006134006742971527,0.046940177413137905,0.4004110177491504,0.23332239033099977,0.13102995521866262
2021-07-07,-0.43390815502010704,-0.583019564636744,0.725875972324381,0.5015579442701368,0.4833866797666217,-0.6991266196378383
2021-07-08,0.23749410499711296,0.3452666112306707,-0.22699616308355872,-0.39444567419820353,-0.22305864371898448,0.9898266276054812
2021-07-09,0.3705533732925382,0.8433773612301984,-0.17506916257876187,-1.2888741134669355,0.4005502442926229,-0.5620008457922359
2021-07-10,-0.008095749941220375,0.22548707397341278,-0.8285070159561058,0.222879254245363,-0.4486811618250574,0.48645459798760066
2021-07-11,0.6655479431180247,1.2387202907799892,-0.5008290513011365,0.030504451459430787,-0.8389023673049417,-0.04977472390916788
2021-07-12,0.26978348556943477,-0.8899766677586675,0.35733077959812504,0.26108381844258494,-0.6190023338327131,0.7455118129980165
2021-07-13,-0.46574634797845643,-0.7039797803486204,0.004451930428010224,-0.13704202706867397,-0.7626624883019333,0.626907251454532
2021-07-14,-0.14935885893559128,0.528587689932196,0.3294580176652496,-0.22164278821617414,0.5732279232489035,0.23671565805503117
2021-07-15,-0.9472126339420738,0.14477011362612158,0.08248516321959501,0.9110385118766752,-0.48256554201412616,0.179816770015429
2021-07-16,-0.055549211976236385,0.7502365265274622,-0.20407932775819515,-0.7671636084906339,0.1612980838891194,0.24277469255511258
2021-07-17,0.5729696937759637,-0.008893676052812747,1.1086603793958156,0.47303493880147196,-0.09438044135835473,-1.3301955901205234
2021-07-18,0.43741277671868206,-0.5172448173096851,-0.06163955033938732,-0.3418639461756902,-0.06934268155461376,0.05942055584530224
2021-07-19,0.8649622786189737,-0.13875425149545986,0.6967637031048803,-0.21078631915564533,0.6725890915426775,-0.5777291082017779
2021-07-20,-0.15001085455024862,-1.0553232594560535,-0.2342864983022738,-0.12092848646846965,-0.24423379462076603,0.0846745909063381
2021-07-21,0.8327851890650889,-0.7101001996695264,0.3964116050203205,-0.47799166606028176,0.4157716873010822,-0.7386618390305815
2021-07-22,-0.11670158078369008,0.626887004216506,0.16502711388631436,0.3287998145421947,0.022190907238204903,-0.6579571456561258
2021-07-23,0.766235278536302,0.6045751433144482,0.11400789733447315,0.7592980367314992,-0.07712576396505896,1.0764142001775139
2021-07-24,-0.01197884581419177,0.18385700345084166,-1.4390966266976721,0.2438857076600315,1.4119592658092395,0.5900234741038082
2021-07-25,0.45872102872721,-0.7308066754980711,0.011246342370543741,0.0531064859407896,-0.8505995887194405,-0.0023067273426219726
2021-07-26,0.9896038520315042,-0.2189153043899623,0.800455694529548,-0.5714561535950876,0.7622087766653459,0.11850739318568879
2021-07-27,-0.10236944116582303,-0.7699880115267003,0.34323531728210754,0.3079876469861279,0.44625621370622176,-0.1376748362016956
2021-07-28,0.14709668195130554,0.7267800665423054,0.24864013826834525,0.9365581757603727,-0.27443339144868023,0.33159707867998567
2021-07-29,0.7486049764131615,-0.333091638804501,-0.9184799197663447,-0.23066152047259558,0.9031860772303073,-0.30776649502279535
2021-07-30,-0.09144068666591779,-0.19307627985797246,-0.38826888280340527,-0.19748782283905497,-1.0222728617834043,0.43655073636805647
2021-07-31,-0.9153718331941667,0.019730409831690613,0.19790831996252572,-0.35173917247131764,-0.29409874573277295,-0.13509474793818352
2021-08-01,1.3116448178522992,-0.3695963082812048,0.19071247504338704,-0.2804569562996916,-0.6940038674836853,-0.261795480429867
2021-08-02,-0.23956642715358553,0.8835837888366905,0.708477210726434,-1.4474252367056886,0.22903742091040824,0.011861778716682817
2021-08-03,0.10455255301419424,-0.47888618519297205,-0.05086469857441937,0.2038406359079917,-0.691412338540823,-0.25708544402892997
2021-08-04,0.6469746884127866,-0.7506018456918576,0.22928109394342647,-0.45641066759706983,0.2316960843218569,0.058448905455281266
2021-08-05,-0.3506627343636408,-1.2132194847039115,0.006655405447130655,-1.0437320680377147,-0.08977788650278298,-0.32466185438675593
2021-08-06,-0.5837937934737818,-0.01945135615804708,-0.6703333166160426,0.4476791072785608,-0.28535276303044654,0.24373051539245286
2021-08-07,0.15419144003471494,-0.3389079791533489,-1.2596762549007585,-0.5940276228193596,0.24542949623278756,0.651042589977145
2021-08-08,-1.004620143411986,-0.8965330057016814,0.2509330713725868,-0.1771787401675237,-0.15681752026903098,-0.3027436541383365
2021-08-09,-0.17799289417323758,0.7393681126317444,0.07067058493818416,0.9289646006080146,-0.714542230883798,-0.06356541177090654
2021-08-10,0.043574721141552565,0.42281292758338346,-0.10992879491666746,-0.6980982690099607,1.782649513269165,0.27221099756667183
2021-08-11,-0.1811179245279641,-0.016710475115205282,-0.7775460942548488,-0.7308632887537888,-0.25139478950481003,-0.284471392965997
2021-08-12,-0.7873978407755942,0.7936079248142427,0.4294865214636789,0.08156828237132752,-1.4340516788568072,0.21669131604061279
2021-08-13,0.9399345202448492,0.3951160765902527,-0.14390306587384585,0.773272456629593,-0.5094440831978493,0.3616224360583909
2021-08-14,0.06308051256910362,-0.5496310348237423,0.2891412688418779,-0.9198566387141398,-0.7806207473838961,0.6981716424668282
2021-08-15,0.6575066733835132,-0.5972451720759063,1.103306963511005,0.2468265397778977,0.37927450908413424,-0.3910047852886827
2021-08-16,-0.15402149835271192,0.5083624830310794,-1.2808540055005702,0.340042456231344,0.09618489481361915,-0.6497290288082688
2021-08-17,-0.5781918308184365,0.11702562419650829,-0.390951023193045,-1.1412171862961993,0.2304700480858122,-0.13307390335849478
2021-08-18,0.17461227572995566,0.10073641738425207,-0.13384027210440863,0.49520138682638887,-0.2137970700255234,-0.5476878801976544
2021-08-19,-0.1347116075689048,-0.42279685144667944,0.8845449919511168,0.47349979541187154,-0.16304231082615656,0.36010331103168897
2021-08-20,-0.7853704361806245,0.41861096929935,-0.8617704385121722,-0.15327220961055188,-0.18299150061134548,-0.5934408047416153
2021-08-21,0.7947012149841584,-0.4182807280086664,0.9146082998002868,0.8332947675717779,-0.04605962538167335,1.0358102856219775
2021-08-22,-0.2787863608980499,-0.07129206361258605,0.0829640641274303,0.7209701361306081,0.5227928367807493,0.6896184486658526
2021-08-23,-1.0518331959388718,0.9131920762135353,-0.06184929925916133,0.06551723030283972,0.1599675135837676,0.00792012374007801
2021-08-24,0.7264434790564008,-0.4197393247466523,-0.11960650165434246,-0.2223082143633033,0.335481993658548,0.43635219693619626
2021-08-25,-0.3020042986358343,-0.9597206042531826,-0.24467800590259886,-0.48348339052980804,0.2121428080147593,-1.0255249612806563
2021-08-26,-0.3502078018267006,-0.5378657461192052,0.6649861910828031,-0.02063386500316935,0.5357539066522717,1.4845251053933683
2021-08-27,-1.061645754588427,0.3838048268432444,-0.6602221620752171,0.3601996535609576,0.1212557683695766,-0.36404189616512883
2021-08-28,0.9733918544309227,0.10668530425140905,0.22089299967165238,-0.21539146138960216,0.17631841444149282,-0.057707895146785766
2021-08-29,-0.7898790900997235,-0.07794261211174852,-0.2426715681417917,-1.3190650209750692,0.6478583640266935,-0.9487347644125651
2021-08-30,0.03460404185546353,-0.28559273967063836,-0.4708146309838896,0.6810682143410294,-0.3680593135383662,0.285315469415438
2021-08-31,0.5572373515063088,0.29305656307619393,1.3335132966447538,0.09017598914243079,-0.4225528429345289,-0.6194025170292076
2021-09-01,0.22540845114020053,-0.520986403292132,0.2583363304592685,-0.2318569431174398,-0.6985781270117584,0.053798670784279586
2021-09-02,-0.041485719337487785,0.18568204221630547,0.22451733554651548,0.49077343542287194,0.10295259164672965,-0.3191381671007832
2021-09-03,-0.8682074904745635,-0.4792203996051534,0.6821862494769693,0.8158640053388642,-1.0880024814758003,-0.541219312680646
2021-09-04,-0.515109211283788,-0.5866801575966245,-0.8634939702704806,-1.7033051788480997,0.25514212698837296,-0.4825434332892065
2021-09-05,0.11170454577343354,-0.3850201035401127,1.0526254238768906,0.19757806968489416,-0.06090113526721236,0.13836039417790066
2021-09-06,-0.5187244535834918,-0.22632332458975507,-1.4364511726595655,-0.9017070651278108,0.5197292124862284,-0.7129727144470626
2021-09-07,0.12105616417797496,-0.03197772823114507,-0.4647478492650689,0.299786246647025,-0.4623847906053095,-0.3666393020332944
2021-09-08,0.3941570532050213,0.15465330794898963,-0.29560190286864124,0.07631846001834147,-0.1287721713890041,0.4071405260357621
2021-09-09,0.6454673212661712,-2.4337402252412406,0.34256696466997943,0.3286352867887323,0.6944593221088927,1.5208637139535257
2021-09-10,-0.8240161717997657,-0.46289531106549053,0.13356511622011524,-0.24087053206997888,0.763771794094111,0.23453031326542534
2021-09-11,0.9278459530940564,-0.23710215923797148,-0.08038872978411891,-1.1052794577949685,-0.278731406258791,-0.5183389471126044
2021-09-12,0.43516673566840197,0.8641161211890913,-0.008317286173242025,-0.2805736789030425,0.13007338267684118,-0.20223531090930771
2021-09-13,-0.0010902399017826893,-0.6194846157042868,-0.44533682748055226,0.25310142044106254,0.1079883060282994,0.020721536368510145
2021-09-14,0.5829129914542913,0.10260240771130963,-0.4331927657218661,0.6035670434898078,0.16711867572284728,-0.21871215734079677
2021-09-15,1.3354457268993052,0.8374310143570423,0.4183484590980573,-0.20838434736694256,-0.16051718284868693,0.5167949679740099
2021-09-16,-0.8648751665365579,-0.8029794602397704,0.43011280089784626,0.5487146729672254,0.6451702798074226,0.09240657306835982
2021-09-17,-0.10950097006436268,0.2609692792338522,0.9458214035666432,-0.3067307943502942,-0.33604207960030186,0.498523777797137
2021-09-18,-0.8960551978813132,-0.4319169326704416,-0.44356621044317096,0.18689959879350318,-0.2674389675137713,-0.1836888831226552
2021-09-19,0.11130919956684934,-0.30937693908679476,0.4081657296321501,-0.2903720415761435,0.2602023475729899,0.8887373352385034
2021-09-20,0.2411159091887477,-0.42422105954806244,-0.17137407475762245,0.08991501498480609,0.26408391436277245,-0.10204873377897399
2021-09-21,-0.021905072432844435,-0.3894251444874074,0.6736835499823295,0.5388401728447854,0.8419945494905696,-0.5036974091718518
2021-09-22,-0.3825586588736919,1.03642995165067,0.49729553492076534,-0.40134551089920334,0.3632114907766334,1.2909423681957182
2021-09-23,-1.1260135139268275,0.5032953139346878,0.10424942209790518,-0.37494315718749044,-0.13356350690540664,-0.9815078395569454
2021-09-24,0.2075165006889017,0.682852201297116,-0.22099055995781278,0.10790158606064927,0.7469815532565866,-0.35894496437118284
2021-09-25,0.8886566751091495,0.2888360426429475,0.5498974553228627,1.3919789961910753,-0.4019301188028937,-0.3414809319966783
2021-09-26,-0.3579344945619213,-0.8025742459586865,0.2884091042782978,-0.4088532391931595,0.3892523153711698,1.181368017485642
2021-09-27,0.27821091147568294,0.24257505034865476,-0.21881356037106786,0.9895982395031279,1.0225210378060372,1.0758244328147057
2021-09-28,-0.6521754828286286,0.5342719456161455,-0.7790374538436925,0.9492842152885476,0.5940978893729922,0.8811191591974842
2021-09-29,0.27368822072742405,-0.4701599678320307,-0.14554714536155305,-0.05189134030893902,0.05627220256770565,-0.1829979818577523
2021-09-30,-0.24289124397859588,0.47589868571607485,0.9793639271004426,-0.1667145964411691,-0.16847854439776877,1.394452664474081
2021-10-01,-0.3818811298973866,0.44911644453370353,0.6478244605393938,-0.4370799045643148,-0.8369502527643001,0.21860405155365886
2021-10-02,-0.42904002788398016,0.9838839193919428,-0.6823207694871005,-0.03248921330310833,0.1969777371217475,0.519935795241605
2021-10-03,-0.2515210608714599,-0.2810694312233769,-0.561837782898868,-0.7217145797223711,-0.6928122713309361,0.09056170720639987
2021-10-04,0.23780014711164163,-0.6315793231838651,0.5705961653537358,-0.04780129728795047,-0.4374071150548588,-0.02604516120962735
2021-10-05,-0.8176442907901265,-0.17335849582334842,-0.6451175298242291,0.9537365894328147,-0.6366597531815373,-0.11573247470637749
2021-10-06,-0.23224543891692684,0.8374678527993825,0.266887441081783,-0.3071196896035738,-0.24283812635846633,-0.11489799686682187
2021-10-07,-0.026645804114109186,-1.0909047166678372,-0.4116022816021818,-0.12858358159764852,-0.01632208461839707,0.30554803238493455
2021-10-08,-0.7344797551742878,-1.1264341348830358,0.7738011318505901,-0.7108461734514232,0.1261128620473539,0.2104484796184372
2021-10-09,1.094949426001333,0.05352169097264049,-0.439825252881723,0.2318153988428264,-0.23477893423775922,-0.018212337916921083
2021-10-10,-0.5004579764214134,-0.13048255061389225,0.7099468409951546,0.07862539159779204,0.5964271808842005,0.7326257373807126
2021-10-11,-0.284637890564602,0.003981276338954491,0.11495574172956273,0.0364465173155056,-0.12612103916976514,-1.8227215726228068
2021-10-12,-0.5955280571205337,0.5814375984212747,0.16066793634567988,-0.11544001310199255,-0.5055640955020628,0.31736279113139865
2021-10-13,1.0495642648568941,-0.37524107498529796,-1.0618414636878426,-0.1517518595579395,0.14809868424046313,0.3968859909811641
2021-10-14,0.33346151361489823,-0.9612391097865838,-1.1750245872072702,0.3204954884702871,1.1774384134597027,0.47598075958967845
2021-10-15,-0.5833492095836763,1.1989251197823083,-0.12599217364413295,-0.017947659943727507,0.13333721797069253,-0.031801459163294826
2021-10-16,0.5161195920476229,-0.5597617335401067,0.14757854847928517,0.19518878172726617,-0.24043441653628025,0.11604383308816245
2021-10-17,0.11965443010938667,-0.5493675648067179,-0.6950437433282671,0.11671253068563511,-0.947429362047295,0.5294924357414605
2021-10-18,0.15961608070515038,0.6573254125047411,-0.6895372416774859,0.6791684935316303,-0.1352490302860766,0.9663884279076956
2021-10-19,-0.22880070174933043,-0.238381739066088,0.31180128656500633,0.42981511336801326,0.12591729546712271,-0.12844188451744706
2021-10-20,-0.469593934479766,-0.03961620290602804,0.3551544471429481,0.09925564630364113,-0.2057322562534063,0.047475753811475715
2021-10-21,0.21434306975613612,0.3353872042357746,-0.07139655787903561,0.8222758434644695,-0.9917546787993532,0.7314121515366591
2021-10-22,-0.3306433983430085,0.7176950109111577,0.4374710361768399,0.21691614440692275,-0.47265151865421234,-1.090304974081306
2021-10-23,1.1180032239459357,-0.18698780535732135,-0.7370801933783176,0.6548652374650276,0.8229425857754313,-0.4582465688149692
2021-10-24,-0.6682172785092079,0.8561730853969924,-0.23788252082526798,0.35387125119233365,0.9598884877784334,0.39950448487605944
2021-10-25,1.0280436240337887,-1.343974650948865,0.9896441391738601,-1.0781204834538696,-0.5194191757009958,0.6209317548674741
2021-10-26,-0.05937136009764142,0.5558398526846783,0.04599914578644673,0.7810901082688477,0.4307925575105938,0.24392343099132643
2021-10-27,0.16407150556080125,-0.5896041506187366,0.07065286789092627,0.07822480236361053,-0.7044788451609676,-0.07977305828577916
2021-10-28,0.491476455578603,0.5939603635013164,1.4276750044318038,-0.01834400301088926,0.26275629692010793,-0.46366556994303376
2021-10-29,-0.3760222694172434,0.07044179474835749,-0.8565289412139722,0.050031597338919084,0.16021475797599977,-0.3182705632075508
2021-10-30,0.4820907090193452,-0.1196613696817724,0.4973410212770415,-0.19443372552651142,0.4005690628890751,0.917921542878584
2021-10-31,-1.6434942900226681,0.319288566857856,0.8140893308946647,0.11903970779995542,-0.9671847056502749,-0.37855969257553707
2021-11-01,-0.420856912811719,0.48946890649369007,-0.2034065257323802,-0.329496886282176,0.3557467986352175,0.05236219415466921
2021-11-02,-0.5351623801989678,0.34516032918444095,0.5450781368442598,0.86106729116351,-0.002251379154322322,-0.3105352083642308
2021-11-03,-0.6148062393854204,-0.6477075951697113,-0.6202604878700541,-0.05643680058625803,0.5548523961455769,0.4577237294471861
2021-11-04,-0.12406243134205681,-0.306055845546519,-0.44254178232865105,-0.17365063923618682,0.4519017893619676,-0.09580058519869328
2021-11-05,0.2378560072713544,-0.001836334980463055,0.2401120246840698,-0.5186680427362697,0.03790596919543631,-0.04938275127733727
2021-11-06,0.43826533834119774,-0.02381086303245461,0.5715595895106278,0.16631818637329435,-0.3642193040575473,-0.8931525880912016
2021-11-07,0.15089149312007613,0.3933454959192611,0.6904033902518842,0.09377621430914643,0.4617571970937587,-0.9271551657693414
2021-11-08,-0.4115803725498983,-1.2698728141159428,0.9109503744403836,0.25054581575658424,-0.03731697332216069,0.004538890319636781
2021-11-09,0.2269055712853222,0.2056096842503563,-0.03713987435905883,-0.4916120962928381,-0.41356859524192796,-0.7732370328951761
2021-11-10,0.07288807837189337,-0.13185144300232857,0.6455335343597823,-0.7184674057750047,-0.5510235886147546,1.3159192142292664
2021-11-11,0.5347385369995667,-0.4690058700362585,-0.13395492161938066,0.33029339524529655,-0.7900885543977911,-1.1753380617366078
2021-11-12,0.4400519889103221,-0.48637655051062934,0.3272978706422468,0.8943431238896792,-0.3341822596051419,-0.4041696847882049
2021-11-13,0.01996330231370176,-0.11536336822132891,0.11328908848852166,-0.6311248322289601,0.6940868004842844,0.009483900663888411
2021-11-14,-0.5060607403455093,-2.2627122261299224,0.22732648055767013,0.8808507052294984,0.11277355862941914,-0.21079385664807404
2021-11-15,-0.41438811513673207,-0.46910067564625835,0.22448050010998932,0.15694922820442347,-0.21063100285177863,-0.6264419683906564
2021-11-16,-0.33529938844450713,-0.5082069636748862,-1.0539560292032668,-0.00394029233757664,0.43495064148736245,-0.5543557931750879
2021-11-17,-0.1838788995403887,0.3573076582380703,-0.540128548867446,-0.25036496462819047,-0.5406797604876875,-0.49259291679226286
2021-11-18,0.15485112194993642,-0.46402483419768703,0.050634053070424734,-0.7537939859152344,0.05027024409645696,-0.0780802486577073
2021-11-19,0.48312911476754383,-0.11274946039325168,-0.8046370389480946,0.6125224155526904,-0.10469260620458291,1.1250887928577344
2021-11-20,-0.03392273272131647,0.997222379615363,0.48543265253447787,-0.3889459368346119,0.4241719397842915,0.050961895079037346
2021-11-21,0.009774074857391733,0.6396379319488733,0.5394922242824411,-0.4323129172828812,-0.8806748409475412,0.6302539848236116
2021-11-22,0.025483865151026453,0.43042617900251234,0.1995250666409422,0.596693176654516,-0.49942055908736865,0.33109803779499003
2021-11-23,-0.33130330775433375,-0.2915866082142243,-0.6908746680590496,-1.106916001274152,-0.8552026316230779,0.6188106885936828
2021-11-24,-0.533477335479015,0.33610529671404316,0.8003468987473165,-0.8658590238016929,-0.16142304612985994,-1.4008428264852757
2021-11-25,-0.7410387377397916,-0.1368781642046851,1.249612686204978,-0.009243560928677282,0.6823255462094404,-0.1729828763560622
2021-11-26,-0.3718022334226587,-0.12620337034789347,0.08513317077316786,0.1551723803401756,-0.2730222158614203,0.7991211610920052
2021-11-27,0.291794734561335,0.23986876427840562,0.2688331732407312,0.18848307380294863,-0.26795202370813703,-0.3148510268193524
2021-11-28,-0.39407048603596095,-0.360726011046947,0.11337250060244755,-0.16951637100750672,0.5760365294532448,1.0271314380807073
2021-11-29,-0.12841421129115915,1.0565999795279553,0.32412196227817547,1.2400639349356524,0.5611599997043092,0.7653153951616658
2021-11-30,0.09678997556716681,-0.10671246636099156,-0.0723636654593337,-0.12088392999410656,-0.05210710763056494,-0.2617049155465838
2021-12-01,0.3197252156416314,0.10996178629595711,-0.015903770077852625,-0.041040226240638175,0.42953452310324425,-0.26349501322868946
2021-12-02,-0.5903031816879328,0.8553671915789096,0.45468745000761973,-0.46124607667366585,-0.5110914873308353,-0.4681091023960391
2021-12-03,0.5448772774825971,0.587873084760063,1.1338412655225658,0.07363166057197294,0.6737662576132238,-0.11195944592026628
2021-12-04,0.6193291453542994,-0.9544977159934663,-0.8392369789191226,0.37609373990892947,1.2151194585193907,-0.356948824828985
2021-12-05,-0.737740817198036,0.2686567378808643,-0.06522708128382147,0.7027441121184435,0.0926867309658056,0.13494245227620286
2021-12-06,-0.5016636987644076,0.5073687483408272,-0.7188984605718101,-0.626566540097143,-1.3823050314196355,-0.8674883730560642
2021-12-07,0.6135811940270218,0.4298138628420111,0.9933664029672201,-0.09414856364541467,-0.2865778144424262,0.38639286516952365
2021-12-08,-0.09391997249067655,-0.4201810908637161,-0.35156592509628437,0.2875718768729535,0.39503630376412235,0.336747919150484
2021-12-09,-1.5571385442477639,-0.394873650963004,-0.6606441810313827,0.30250756313059485,-0.23776072865336262,-1.0068245053269522
2021-12-10,-0.7441296880346288,0.6019002956391478,0.38203602321279023,0.0038911213781423226,0.7966559482221655,0.8651922810770855
2021-12-11,-0.131395143200992,-0.4536321134782095,1.1573124351150252,0.31357741785671556,0.2888806244022489,0.3205759299193439
2021-12-12,-0.7266277944380872,-0.17514750728186876,0.3905445655449621,-0.5033455353504489,-0.43057399083072956,0.40558440479871916
2021-12-13,-0.23441812774636012,0.9296300643924064,0.130926084943742,0.9063271425315822,0.014771980694528451,-0.13491187070165414
2021-12-14,0.017217361003955385,-0.02602622208406864,0.23650967481694818,0.4200642336538411,-0.15894852122712713,0.2882541606533254
2021-12-15,0.9367667901393285,-0.4644269846258218,0.6334202423767517,-0.7497842470636932,-0.12280696378711908,0.6604548542515934
2021-12-16,-0.18194582279364868,-0.5965822682089766,-0.5199283793987817,-0.5343960795087837,-0.2922563705703336,-0.056809590836274126
2021-12-17,0.5168407904747576,0.21960072206687967,-0.06486271575553491,-0.6230385806330674,0.4708068997317541,1.0596032285128667
2021-12-18,0.6712275096510374,-0.753312252376944,-0.24040172308651384,0.3160826394022707,1.004417037033511,0.02516153688679401
2021-12-19,0.8921113760779069,-0.1331523754582505,-0.5179588671847825,-0.6114029881708816,-0.6173971879620231,0.6917119943335858
2021-12-20,0.17425844489470563,0.20268174962735575,-0.1367776654612871,-0.18138695991313886,-1.0874515308910928,0.1542339203629327
2021-12-21,-1.109990844998955,0.7837334968731244,0.7082119542494986,0.24147276010475985,-0.11204847821365811,0.36456912815457604
2021-12-22,0.3000710693583336,0.35514786108679997,0.29934227686436854,-0.037115060996632906,-0.9618485457352627,-0.9269957985142883
2021-12-23,0.5417818956685793,-0.45102131487192354,0.3597260677495194,0.13326967675276263,0.030305916352798116,0.22898064163558826
2021-12-24,-0.0498096029099214,0.5623306542385242,0.08065699318954175,-0.6492907434928549,0.4441145316296872,-0.42324551728967597
2021-12-25,1.1311521521159076,-0.20439291707151494,0.3141069029667275,0.10578172841839252,0.9252621889595798,-0.4558434325112399
2021-12-26,0.4903107427406966,-0.6756413547347722,-0.3630377890068895,-0.31233635016406036,0.11257583683474248,0.9841128390530073
2021-12-27,0.35466106330310315,-0.1051164336394569,-0.12957775181894066,-0.05772644830753981,-0.10506693009361534,-0.12091923572338609
2021-12-28,0.5765276836208093,0.8766539183498917,0.11895333169338551,0.13732872350948405,-1.186967076816383,-0.5398066033520937
2021-12-29,0.1981883710075485,0.09331871797551174,0.19176778396590122,0.059873016240339694,0.013476920719826953,-0.22705454699620736
2021-12-30,-1.5345906348759615,0.00629517786769066,0.18501220326714676,0.012171716679162604,0.02401961371798754,-0.7509038470265099
2021-12-31,-0.2724333018438244,0.9693403749954316,-0.09520788666436086,-0.4669235204271455,0.11362437466185903,0.8647774878920536
2022-01-01,0.6923794572090749,-0.7666453438831747,-0.23312630609208582,-0.17166428394449926,-0.3599937168363321,-0.3995550990610989
2022-01-02,-0.5170279652630236,-0.7889090525154614,1.9804084954489083,0.001105451106254958,-0.24899087152848817,0.21722161155947992
2022-01-03,-0.12132660413657523,-0.8601792471385393,0.42971427212594443,-0.8028733513000783,-0.9072653642590995,0.7057716510031701
2022-01-04,-0.6296837814516383,0.19794680551752142,0.26370380964582796,-0.2897509364095125,-1.3606780027458203,-0.3097667972215624
2022-01-05,1.1543696677263575,0.10358223457895278,-0.13493085879720984,0.21451416710729135,-0.6141747830614276,0.32678703355292865
2022-01-06,1.0672045641095818,0.9356682266258998,-0.08023931493762115,-0.6489029859015321,-0.731466091018788,-0.5747860560809486
2022-01-07,-0.4456178179844508,0.16014440435269267,-0.023260000264551155,0.6707260224444611,0.18043324252568727,0.5480852443445751
2022-01-08,0.07424428948528193,-0.2497238417295492,0.13372921499304996,0.8064271889746765,-0.2508849016872767,0.5800935998021753
2022-01-09,-0.3654101198300191,0.001086065005416133,-0.554402267977832,-0.7090022002291353,-0.1740798959106778,-0.10108158342742032
2022-01-10,0.3725914889798344,0.0659546756543954,-0.8706317909081671,0.7040945848853821,-0.621301657938822,-0.4682772490144873
2022-01-11,0.2765673403366205,-0.692308632811976,-0.40087414094562973,-0.06080018175838021,-1.9319911901113518,-0.06582283154334029
2022-01-12,0.45672796686322675,1.4888436183418623,0.13880688466459626,0.20366941153844656,0.895115010152341,-0.19353058280454233
2022-01-13,0.16729524486624014,0.2614486120076612,-0.1476764532883766,-0.3128673141871248,-0.6359440453325106,1.1368486865691705
2022-01-14,1.910723051104652,0.13432478749774376,1.0105401143868855,0.35719300093203316,-0.26060467052099096,-0.7402394872445948
2022-01-15,-0.6525300854056415,0.3750086722431012,-0.9316949252968137,0.209623482362271,-0.8938971311495013,0.061089853811238
2022-01-16,-1.0821900794809562,0.4560944153074477,-0.4652574767044854,-0.4753019945353078,0.6192143633597201,-0.011673222931466819
2022-01-17,-0.2436393105330925,-0.07359907417421684,0.9953279370835502,-0.613679198440046,0.05982858093544312,-0.07153865104530246
2022-01-18,-0.8955709273442964,-0.3806105891686828,0.06274149728456922,-0.7158406108989676,-0.46271606017614897,-0.06492592860554783
2022-01-19,-0.8265782011237343,0.33184599838639095,0.45534836841624104,0.11578629900397736,-0.2307428971194249,-0.06528222668870468
2022-01-20,-0.49053645072261104,0.1348945027637434,1.3188014478550025,0.35193507945199365,0.8296738315150076,0.5717078444742864
2022-01-21,-0.5662458852166271,-0.454070145627332,-0.436117802527384,0.3109470056981121,-0.02771814571378177,0.2583194980209002
2022-01-22,-0.6258481443728711,0.6804944861712635,-0.05788128121616123,-0.07145161822899294,-0.10972526835711985,0.24303091540917385
2022-01-23,0.3228410615883258,0.16476374211540837,-0.14361151493272103,-0.5962764460827256,-0.5171900259199818,-1.4572469291802448
2022-01-24,-0.35009039739267767,0.4498749828763054,-1.249050688538606,-0.3992682980138364,-0.9934930091774963,0.1452542485905213
2022-01-25,-0.10504405271832591,0.8204683842315182,-0.1964286270382502,0.7276751605761239,-0.06693890711648284,-1.0425310490783348
2022-01-26,0.4993802666316503,0.013729477774379873,0.4796499688215306,-0.27807829836068854,0.1935506978584833,0.40037719165456864
2022-01-27,-0.5228580835352902,0.16704159260055187,0.3428679459406389,0.08275056125769253,0.6006828455527103,0.7957645051611042
2022-01-28,-0.16172796365857522,0.4694626595925207,0.38774422969823463,-0.330807020086211,-1.3192634080448833,-0.4766266841278981
2022-01-29,0.19632018276724056,-0.4632256425594956,-0.2390970059061608,0.19831875009875563,-0.7220777665418432,-0.1427604330707676
2022-01-30,-1.2244787746751122,0.03100134305748721,-0.40366571478287394,-0.2547819457294578,-0.2742301401268935,-0.3236008191204086
2022-01-31,-1.3547332160877052,0.07894189536235513,0.7676379603554139,0.48603592504613313,-0.001687085837246966,0.8112766916703379
2022-02-01,0.19929144037935048,-0.5258875220822642,-0.3001485883118703,0.4753794871419234,-0.09348303439923562,0.042104770319274835
2022-02-02,0.3356137510137604,1.190417786511819,0.1678191419724315,-0.30345999354209324,-0.06085215753095356,0.8914559981663215
2022-02-03,1.337276628742019,-0.8193197424137292,0.08354694943665238,-0.06553951169423007,0.2352756233941295,0.2538011227926682
2022-02-04,0.08233664593209189,-0.7300999420627647,0.9343498224612022,-0.30234973904079554,-0.5631542964708989,0.153256387118913
2022-02-05,0.49457030499018817,0.7822696125082114,0.3826717998579051,-0.7283339714867274,0.5579697370997153,0.03926359493668731
2022-02-06,-0.12444775006472272,0.4153292202405389,-0.8423808117485143,-0.4644986855670305,0.2556922885107364,0.5209938712747131
2022-02-07,0.18841632834969463,-0.5869059284662366,-0.7013619720267108,0.12942322124315042,-0.14762819283118095,-1.1084762311031036
2022-02-08,0.9497577934670597,0.40128596766310415,0.23623373178562795,0.19690796385159692,0.9077955065559378,0.04189221850115239
2022-02-09,-1.2207597931870915,0.8820285130811182,-0.011441031362471647,0.08411193430392763,0.9801867532817825,-0.03776789411982506
2022-02-10,0.26630813148616866,-0.018759089134397215,-0.28025185047264217,-0.15910846832107234,0.4530718496280107,0.4765940737732112
2022-02-11,1.2229644140719862,1.188071032162759,0.636507974238822,0.47407524992065053,-1.8934094431115396,-0.09416885896374783
2022-02-12,0.1431251160401418,-1.0665413591165238,0.033335515938732935,0.037345454557092546,0.8004169449884494,-0.6375160266476882
2022-02-13,1.0662326769459989,0.4008303515007452,0.030759808558541994,0.1250581802534075,0.4867522633020539,0.0013071553859590507
2022-02-14,-0.3709473196426298,0.5353967973953944,0.44489477712180386,-1.068887412810592,0.837541563282628,-0.7061112282760383
2022-02-15,-0.022238697203764566,0.5494465673117204,-0.237182351013046,-2.133731470577969,0.6998074213955173,-1.1589946646521254
2022-02-16,0.02014533838110038,-0.13658074820713428,0.8567254247106393,0.15288589872055464,0.9136929644062982,0.34879619313092686
2022-02-17,-1.4956335728890595,-0.16324950912988706,-0.4499806556220734,-0.7373187806536945,0.5335066633901946,0.3044715347802804
2022-02-18,-0.6267269074513273,0.27552693496622555,0.287545812984016,-0.10389463054964838,0.8138822586003058,0.2638245762886774
2022-02-19,-0.6524765259180488,0.5249365582916679,0.9195180343391449,-0.18516476036341822,1.207937269293342,0.6217907840895618
2022-02-20,0.5233556383950466,0.3211611615892712,-0.7482798967410444,0.8656503878337476,0.13977352903882576,-0.34350295260712876
2022-02-21,0.533481221011641,0.6147740017022695,-0.18892650294824834,0.19812671290507577,-0.6421029702201058,-0.6850267540236377
2022-02-22,0.21358418686356612,-0.624188177408309,0.6494306273973486,0.10279812255456305,-0.16861635849236165,-0.041751508171467965
2022-02-23,0.5226587099557033,-0.14374398927069437,0.5494708175323012,0.47793653351967685,0.1847218795873947,-0.18278148528534244
2022-02-24,-0.09700127062635726,-0.6034125366190083,-0.09354632627444885,0.220785764809501,0.04811087735828903,-0.4658491427318908
2022-02-25,0.7083570849801125,-0.2360712853985245,-0.4461946093104649,-0.23506286698250997,-0.7344195669943588,-0.047911942401821554
2022-02-26,0.005496705525290884,0.6583706218696899,0.5763714666799002,0.7333322410055552,-0.9907623089308416,-0.38633641730368845
2022-02-27,0.03305073680489833,0.06682299434355303,0.21046809998909125,-0.6260925517322972,-0.41250522880972107,-0.9908337173342125
2022-02-28,-0.16024220450003732,1.3549363342375367,-0.6598757207066609,0.21044159647038801,0.36247158185697226,-0.24868960970961657
2022-03-01,0.43314561362850734,0.08972921124348665,-0.7116658430944113,-0.9003192236958948,0.7836283890775227,-0.7047058739070705
2022-03-02,-0.2461107580990583,0.03952372530515055,0.13965316263541896,0.12149394103934025,0.5155281258289677,0.13768094995064328
2022-03-03,0.568581548468324,0.06973322174930476,0.379455648089258,0.11035987136029887,0.5157385424448384,-0.3033129101128865
2022-03-04,-0.7475464628201651,-0.30241280497612466,-0.18044794831449026,0.9136170047812201,-0.042045061947925566,0.590561458972231
2022-03-05,-0.6896149728413598,-0.03579739593172238,0.42599326526349884,-0.7953999590941195,-0.7614512996578336,0.9741566077252952
2022-03-06,0.4434785775315878,0.7244256674694427,-0.4148251306997597,-0.28453695079098024,-0.2046503242243273,0.3934413139071601
2022-03-07,-0.05694699560988458,0.03081753656265695,-1.254528981467926,0.46350384488014684,-0.15605496457448578,-0.7380114214188326
2022-03-08,-0.28104917175931743,-0.4752766580958881,-0.07538145488224755,0.1879889603708115,-0.22923157462433652,0.9521517896758694
2022-03-09,0.4736483626451345,-0.5803751753576369,0.03525181983040538,0.06358509640253439,0.038192814265271824,0.7490853672984961
2022-03-10,-0.365710053896132,-0.27216134933994074,-0.15304845387166766,-0.17002764337742618,0.23954179633101758,0.010334240124788986
2022-03-11,-0.12687876829036762,0.02760614476128749,-0.44187629314935106,-0.3258236040934092,0.5065036932786842,0.5794242260183537
2022-03-12,0.6298414906110298,0.6746999605615916,-0.9352448282009866,0.7408249811653266,-0.1159665761153507,-0.3079796482232618
2022-03-13,0.544048080532969,-0.8378611308447066,-0.2859949276983706,-0.025810924316174797,-1.2248777994887885,-1.1262071469047024
2022-03-14,0.8012995110782536,-0.21356390068624054,0.517491692111676,0.2266669224293962,-0.28142186123935403,-0.3759725001220985
2022-03-15,-0.16519181870582908,0.07923937503498575,0.7198559581905939,-0.06934913555475629,0.02407862322520066,0.9365398432669505
2022-03-16,0.6361490823123667,-1.170813146539514,0.7503358372068311,-0.6600255683159247,0.6947866861230134,-0.8627113804945861
2022-03-17,-0.5678564357254879,-0.35370684118362206,-0.5145053185864701,0.5746788935640926,-0.34054845118339655,-0.00021499756389893913
2022-03-18,-0.5487677395505183,-0.3592105821255391,-0.6269314736433059,0.26472234933802796,0.3279156637872419,0.017041939645430715
2022-03-19,-1.3132503903725106,-0.2840685025348967,0.30458366795568165,1.395703992714494,0.18298376064791874,-0.2832174588396454
2022-03-20,1.0088814934785955,0.11857605338525695,0.44948254398967225,-0.5259069056889648,0.007806741414305338,-0.2631735359329056
2022-03-21,-0.521746288095224,-0.09420490770264389,0.2624181353321549,0.5194900125787945,0.5727606139632766,0.04932180429313042
2022-03-22,-0.05963121498683847,-0.3301365126289616,-1.0457587168703,-0.6891062179880987,-0.3345065496550783,-0.2767011202345576
2022-03-23,-0.593315172367716,0.3094841351594151,-0.4708471972561287,0.09052243600798641,-0.32923491579919906,-0.7960256379532271
2022-03-24,0.43378420225187014,0.8934242442291116,-0.015149415831888474,0.4304970585736727,-0.006112640157175732,0.12429717174204943
2022-03-25,-0.2329893092215396,0.8482888153241541,0.3202392556463105,-1.0500028238875876,-0.3981776974528014,0.6661931776552135
2022-03-26,-0.8346864188717831,-1.1632231253263339,0.5218698739192151,-0.12343646939628156,0.2528928048303023,0.45700848444794484
2022-03-27,0.27038026929177633,0.29474687655983456,0.08539824838630358,-0.27745462575012486,-0.368828886066528,-0.3599223937052266
2022-03-28,-0.7562586852262217,-0.09875919738218353,0.2046027592052193,-0.2479795681168778,0.13680437752884256,-0.5730516180442489
2022-03-29,-0.42332119923330935,0.08681587663762036,0.05412493689083238,0.1808948546247946,-0.06040582651262731,-0.1517668928045072
2022-03-30,-1.268501303061139,-0.25369423653242523,0.45321960699106195,0.6503237440238328,0.11213080153977945,0.7721035777563773
2022-03-31,-0.950585140628741,0.07790987100275758,0.178600958404474,-0.05821678566572692,-0.2875945892076044,0.3722814427321991
2022-04-01,0.10266573500311289,0.09531954187838874,0.043536901242838384,0.13443321718423154,-0.20336248692731101,0.41017817919470057
2022-04-02,-0.7549431829191333,-0.38063023727028833,-0.15912494576603153,0.060326334184093326,0.04166624467720708,0.5147005576122741
2022-04-03,-0.9594675080153205,-0.5308268406472063,0.05065114416862267,0.001169342205452732,0.10645125877364331,0.2644873828244828
2022-04-04,-0.0013300469258886464,-0.26799643858862215,0.2854531013112041,-0.6769534152354773,-0.002519996422375597,0.05019328302469888
2022-04-05,-0.3352700465264022,0.1344799372219963,0.12539831867884788,0.7293069628649246,0.8544202379415573,0.4135446266825669
2022-04-06,0.950930708132594,0.3644326569552112,0.24399633003112106,0.17077489277790778,-0.6054785673223666,-0.3468507946240874
2022-04-07,0.94605904830389,0.49472740182362546,0.8469085183114952,0.21641459861305204,-0.035869640585967096,-0.8846421677065889
2022-04-08,-0.5648333622582028,-0.25851476429585013,0.15585213811459933,-0.446373313304716,-0.8012534254247176,0.4214413758762942
2022-04-09,0.22950300854790578,0.14313710732185472,-0.3815218927488019,-0.24815865070829157,0.2411491359433971,0.7978343316726316
2022-04-10,0.1870531317638702,0.5932421370430644,0.5356001028888746,-0.07099651704582677,-0.7149791693035149,-0.4703775884316165
2022-04-11,-0.39738266064276667,0.7367672447358427,-0.7854875760426473,-0.6865170035864308,-0.16183689164196763,0.506626064067721
2022-04-12,-0.9581619330896277,-0.02280873593775333,-0.7607974354655481,-0.9218604221671598,-0.2140918975679894,0.9532552549519364
2022-04-13,-0.009100577707378288,-0.13739760892611666,0.20258628032922896,-0.3328695070294627,0.14297806040312955,-0.0013444296301783403
2022-04-14,-0.10490826067724476,0.08132252508553238,0.2928305563638449,0.3198502772022608,-0.2928930105065817,-0.4007318873243953
2022-04-15,-0.2557659773416779,-0.6044871937888615,-0.7622502125877767,-0.39710025424570095,-0.37196619507818945,0.05369241979225583
2022-04-16,0.24980603828723613,-0.11593687107225542,-0.21832654914271526,-0.6635270817484161,0.8083265063147235,-0.3347405227890021
2022-04-17,-0.4053959685100945,0.441170306182848,-0.3734562373327817,-0.14487387228066584,0.16304403260456235,-0.4135152297507246
2022-04-18,-0.6504377014160897,0.3319586627494777,-0.25288507307792674,-0.249887456217454,-0.3815326733940305,0.16296492142693292
2022-04-19,0.0673602491950892,-0.17248895761030036,0.6076805608825231,-0.225324364067075,-0.1108874448728524,-0.9034745329862867
2022-04-20,0.24139974170349365,0.14637459628433785,0.39008890467057916,1.314549088671271,1.1128289911127267,-0.988581028535822
2022-04-21,-0.7669359189700575,-0.5405420706720954,-0.010491768375938017,0.6270244701531157,-0.12933165774484542,0.00679417477815093
2022-04-22,0.5755758702134548,0.44878606427988293,-0.3079849484961695,0.1822334703811512,-0.4332508853264024,-0.01251031619384585
2022-04-23,-1.0591614477329603,-0.04979595325837746,-0.6786787722341614,0.6835685224677038,-0.3047398040123078,0.18628041946599957
2022-04-24,-0.27841141828368854,-0.1571915710139386,0.9083908502864184,-0.5516900546216976,-0.2962751434471839,0.993556579216984
2022-04-25,-0.1569306469959091,-0.21238261742482922,0.39842129168046136,-0.7439187723355063,-0.3356149801352081,0.05720588302253715
2022-04-26,-0.38993384662403496,-0.03805014820742277,-0.3369789894071631,-0.4982360398054809,-0.7690832994637343,0.3267336401810978
2022-04-27,-0.33802968332430555,-0.2358782340557475,0.4738232914556348,0.7542913317745286,-0.6571003968096479,-0.6089775968878269
2022-04-28,1.1805797911403886,0.3870026814710347,-0.04966637262851983,-0.31090722732627424,-0.5142233323737786,0.3566779042673895
2022-04-29,-0.5883475814579272,-0.19417219659881133,-0.15913852855600055,-0.7110086459544295,0.18201532523026848,-0.26509171012634286
2022-04-30,1.4957372749454154,0.8177914678920525,0.21520144120311255,-0.2388017266493085,-0.23503391676374544,0.03830068853381421
2022-05-01,0.26355161712634056,0.8999017698313407,-0.4347331899998877,-0.1488468151611919,-0.11995454941808736,-0.0647326828520145
2022-05-02,0.06533520069146548,-0.5059650223778245,-0.20576599575188234,0.12596286409263568,0.5892038389182535,0.5842014109756415
2022-05-03,0.2774398442317319,0.046550305513536436,0.07546750228526715,0.1404110657689642,0.7157017696651227,-0.5442192984846359
2022-05-04,1.5020919648230613,-0.38078146198321794,-0.27806431010460503,-0.31481135186897086,-0.11835238462244525,-1.398731112663723
2022-05-05,-0.5948516627350047,-0.19318829185639744,0.3962218331538229,0.4151962009809398,-0.3419441178327985,-0.10810545136522773
2022-05-06,-0.671869967181329,0.9148219758683913,1.1464604122426694,-0.37761083944184515,-0.5083836349775814,0.2877115793731491
2022-05-07,-0.4740868493844299,-0.16804010352247342,-0.4192339470929598,-0.09273145669780064,0.35031441299327687,0.09254513916803885
2022-05-08,0.01879705708932571,0.20781714270894916,-0.998614268681014,0.42860381105896406,-0.1264075120663053,0.6545574632807045
2022-05-09,-0.9693519352883638,0.3390084214758189,-1.058841378361893,-0.39071132567324013,-0.26280961448276074,0.2554035127662909
2022-05-10,0.01115908377366252,-0.6001923666903565,-0.1079954851119396,-0.27762655850454465,-0.46521846796041116,-0.31664362525692435
2022-05-11,1.1058971473091175,-0.5438934029575656,-0.4036694506071601,0.3435349995191914,-0.42775203635681536,-0.4135246779796131
2022-05-12,0.07830366197400689,-0.7412373251097341,0.10154282682363762,-0.4485995555223079,0.15951062110410383,-0.13086379776264603
2022-05-13,-0.11103136545705698,-0.43083381458079,0.08922397895701921,-0.20417446825989405,-0.7860216844725508,0.48667721661946123
2022-05-14,-0.37879032788463335,-1.6373556904274982,-0.9087033994777657,0.3075195480480759,0.5741573389424134,-0.22089600332554254
2022-05-15,0.6103816697765045,0.28684018326711386,-1.0920464687570572,1.2826148673877245,-0.28528235598825746,0.006166307636441664
2022-05-16,-0.4835142823218009,0.823552167920286,0.1592081279915286,0.309413105610326,-0.08946838142954718,0.23571567003338553
2022-05-17,1.0277637175062333,0.08297783755761251,0.08624269439981551,0.29485830572146793,-0.655205194569878,-0.5452096503740078
2022-05-18,1.0917157152616888,-0.9173045168406363,-0.2718512192996732,0.3039183028819061,-0.008460198823017134,0.3802281831027633
2022-05-19,0.15918962231019207,-0.387363601368165,-0.8716312749670263,-0.5041661342206222,-0.18705355927887282,0.9277118434157312
2022-05-20,-0.005806841109665344,-0.25692059616637464,0.26004719235776874,0.06775388151329198,-0.02913510686243934,-0.10279946553290052
2022-05-21,0.5152889640630606,-0.7331504646195818,0.6663678876583041,-0.01963270410400647,0.8032911718945585,-0.6359843890554615
2022-05-22,0.6690562838271242,0.5955526467382412,0.1773028332485421,0.17025199885770284,0.10670318494185121,-0.039263619025076184
2022-05-23,-0.5339234287181973,0.411780722871998,-0.5881893871639104,0.05430476015424707,-0.4631529913746549,-1.208592931051089
2022-05-24,-0.3424452121861884,-0.7261333940140893,0.024388499993785603,0.2181687723331889,-0.394804251280087,0.206773240500492
2022-05-25,-0.8246680372902286,0.46368643738193416,-0.6300029501018153,-0.19338335699950496,0.3061265663829535,0.25390853833256866
2022-05-26,0.20674285126293768,0.8245247033648029,0.4740402642435549,0.02794854199864659,0.683363403994369,0.8711972407148206
2022-05-27,0.34535192984595925,1.2376304553740507,0.055566325608962956,-0.6517185810044028,0.1041816219273153,-0.09721591936228094
2022-05-28,-0.7620873353940338,1.8531926804311132,-0.9592440304116767,-0.18573289970675508,0.4352765221714972,0.24085686364076697
2022-05-29,-0.28552364146372955,-0.4716518392697051,-0.21263971648546548,0.593720678687539,0.38833771096551156,-0.5232366636605446
2022-05-30,-0.8339875378638293,1.5260459364587189,0.24285425110765824,0.16929145083053113,0.5724179497897319,-0.21769855093888366
2022-05-31,-0.5548050919744305,-0.2346937208204764,-0.20776400809825382,-0.010681299384330096,-1.21600441968151,-0.9209731184847598
2022-06-01,0.3455180833902127,-0.40275561171735147,-0.17817951455990463,0.8434587204103032,0.3428800822272434,-0.1247389793193212
2022-06-02,-0.4731719293586159,0.1973179680929032,-0.729133398139567,-0.5421523958476985,0.6280515924254048,-0.14723730154254383
2022-06-03,-0.1904289668940322,-0.37528931145817046,0.32044578877206353,-0.6722725579363938,-0.7323647850508397,0.17383222718733543
2022-06-04,-0.8652730643284339,0.21863071080799726,-0.34384233075536147,0.9305342229944324,-0.4898126667709673,-0.3907136194552167
2022-06-05,0.1060660657121555,-0.7154674811271952,-1.3016315202239952,0.02491675807130582,-0.4206244409429233,0.05285056417054711
2022-06-06,-0.022335678306573643,-0.1423910012277678,-0.23349295114268068,-0.095971617977731,-0.39952335324606564,-0.1820766613480457
2022-06-07,-0.4405743998599101,0.715325231782396,0.5823232440535493,-0.7514866306533388,-0.2773708891456767,-0.19113410518951823
2022-06-08,-0.12432824039344824,-0.03463680352263424,-0.2231932213994198,0.2655495592787557,0.12613007652583189,0.02695379269942935
2022-06-09,0.11608111654699264,0.08061297309427741,0.9010960932081519,0.2710384349966996,0.45207340168371823,0.021213567660279983
2022-06-10,-0.55234716758963,0.2684822103784956,0.23275081192596636,-0.5104435168922272,0.37782022015455347,0.4492937106412995
2022-06-11,-0.9232967043255824,0.7193689145183958,0.20041509258796625,-0.07602112787503096,-0.1489883498930447,-0.021453702355770835
2022-06-12,0.9739034625504408,-0.7076497703834831,-0.08069254050423828,-0.19250801121947075,-0.4391017275871424,-0.2206315613638033
2022-06-13,-0.3350989116241528,0.3403245824246846,-0.04155320597906687,0.08022500117610482,0.7356245525372059,-0.0979864044661951
2022-06-14,-0.06483749305075892,-0.1495742803865657,-0.15071583004700026,-0.6138678570470462,0.41415601674515345,-0.28453783121975723
2022-06-15,0.6509046782725872,0.10351343740381694,-0.17401198526701783,0.5523452016105034,0.03820572537333088,-0.16457613977914984
2022-06-16,1.9852439703397786,0.5809317351526887,0.28872650496996544,0.6332582583739675,0.2844593236227224,0.3611967717979283
2022-06-17,-0.5704267009385842,-0.7934026426867916,-0.537300810099477,-0.17552469273501745,-0.01829916418075806,-0.5979375355469602
2022-06-18,0.26636123415623864,-0.6184679726627968,-0.6550061803023691,-0.09256390804767496,0.26490663163118816,-0.049552882101450736
2022-06-19,-0.43519291947541755,-0.776358603185117,-0.6984183882489982,-0.05651265859913391,-0.1944070126670553,-0.2370900183023816
2022-06-20,-0.32452884605388466,-0.2837695014796374,1.2365715961900197,-0.34939340002201064,0.16037882380064422,-0.13150812187773306
2022-06-21,-0.4070829127862928,0.7359663957222446,0.34413560987265235,-0.1734747288358859,-0.8267522837118466,-0.20867538600227628
2022-06-22,-0.46917419895269913,-0.06768703154170186,0.1942735234396217,-0.13475011426607866,-0.34664907831307623,0.17195866874530016
2022-06-23,-0.02405209133244352,-0.8515936093072657,-0.546712342169251,0.8339722256476126,-0.38231460062715183,-0.7697586143075563
2022-06-24,-0.6201141682680471,-0.2648468139402306,0.3591815612954628,0.5200900750983596,-0.23229128715290848,0.6261028380194026
2022-06-25,0.5091138288709759,-0.9393687526416213,-0.06667834520906622,0.47319312764696975,-0.5278532893722157,0.32437603521323716
2022-06-26,0.029966253454270935,-0.6275477061964974,0.12461446710860627,0.20652508186271018,-0.31210523721280314,-0.7850758121962157
2022-06-27,0.2857809982791258,0.1881576787698333,-0.5703070323198337,-0.5470655214061242,-0.9226644185664813,-1.179247866180595
2022-06-28,-0.24912974300780197,-0.7897061130728796,0.0951948759416238,-0.024214073985774288,0.289887994074015,-0.40545547542543625
2022-06-29,-0.21199735479987378,0.5876268556502984,-0.239249347878244,0.602757459545381,-0.042223511325963164,-0.15581368050528321
2022-06-30,0.1697541437105296,-0.02622396236473308,-0.41904663208966486,-0.7043154911364523,-1.0690938443633256,1.5581794130029696
2022-07-01,-0.7141650868228421,0.05680899906559243,0.439535148639957,0.37042788693498263,-0.4489889888992999,0.31460478991298335
2022-07-02,-0.21414352382232307,-0.16381367776052205,-1.0358728054512567,1.2403405648027548,0.18513135776645248,-0.9459122333781241
2022-07-03,-0.522859235443874,0.4604022192271567,0.35184338256572856,0.5572980753658405,-0.3622256642207211,-0.4326926511546224
2022-07-04,-0.5145046433768062,0.43750794896178513,0.4273731352898615,0.2514538896965019,-0.3983326195465471,-0.03238897455746203
2022-07-05,-1.060338996829812,0.2056743260497649,-0.6111839651982288,0.11591845711511851,-0.039801600215664736,0.15815935448339535
2022-07-06,0.842733070607325,0.35613517883541934,-0.5607827106493236,0.5353429628635685,0.061101242214754624,-0.669936964364196
2022-07-07,-0.2335072937605084,-0.10632033700963225,-0.14334870852244236,-0.411777741327374,-0.7537125373952125,-0.05659640738982086
2022-07-08,0.7003856349465011,0.3357021027590724,0.17741521952600192,0.4342621229023997,0.3144740030630932,-0.39620888530727805
2022-07-09,0.5184712646426516,-0.1700631919174404,-0.09610654875676287,0.4137268329900921,-0.47607511155855387,-0.4346700097633237
2022-07-10,-0.7061064927905124,0.0011819028056336506,0.2356744551213986,0.14507308636392496,-0.010920478546043973,0.13203562894742088
2022-07-11,-0.5809848557948819,-0.18051596495547187,1.0151238957056035,0.8269740527533619,-0.019456078125881893,0.4358909186024949
2022-07-12,1.4473269125022221,-0.24117482684366134,-0.3576024742697694,-0.3437917068976403,-0.29026007719768027,0.4849335814917951
2022-07-13,1.0431413091570683,-0.4494075841412668,-1.1735442233320725,-0.08279364213908144,-0.6708583829717364,0.35603499773135344
2022-07-14,-0.021143361285167094,0.2706100933227427,0.522463646338952,0.05104305432606371,-0.1914770288537544,-0.17810028438544248
2022-07-15,0.13134047195775553,0.7852648132450027,1.046866845573692,-0.4901546937295305,0.8935951631298327,0.42084963206617504
2022-07-16,-0.37197963216164065,0.6024037706445018,0.2506100783695668,0.1288020614208858,-0.7629142192481054,0.19311321927549985
2022-07-17,0.27543267703123925,-0.8095944188169935,-0.6946507499273035,-0.8802684168918692,0.9553817748953181,0.08154039455998409
2022-07-18,-0.4195254484793979,0.7435634366725958,-0.07030763420805113,0.6078911759438745,-0.14600105631898233,-0.289381008859055
2022-07-19,-1.2065922233147461,-0.15403009698404266,-0.665143447225427,0.022163303079363008,0.017968397886248502,-0.10678234056555863
2022-07-20,-0.7243955061291444,0.386185616683422,0.38768811671738673,-0.346150183723713,-0.7099657845723872,0.04607037285662569
2022-07-21,0.01215760588213372,-0.5235912403465635,-0.9096558099552347,-0.42573635339883936,-0.48726476946971686,0.43387785277200086
2022-07-22,-0.6642576801465324,0.0880636880458589,-0.12459556803723015,-0.11719881256293666,-0.3161859967525138,0.176979897875982
2022-07-23,-0.042865395564898025,0.1846929022182667,-0.5780102224327649,0.3924099278756752,-0.5736869067731986,-0.36191538394604605
2022-07-24,-0.6478234999097151,-0.9492238309010254,0.07207966270201918,0.3230087904377894,-0.09128666566885045,-0.4804916496777666
2022-07-25,-0.1391243871748482,0.33881892874932723,-0.2183465898638777,-0.4260535238614245,-0.2541104163500347,-0.3239562582734314
2022-07-26,0.3337585050861603,0.7761265420564866,0.10484105440168084,-0.46541650664513606,1.0882124154244277,1.1711095421931421
2022-07-27,0.1571032704335558,-0.10687593020388048,0.013040085745773894,0.31518872188334635,-0.7655043517742534,-0.23684316708901196
2022-07-28,-0.0059676978557906355,0.8326767490017638,-0.630933477972011,-0.35669232629739045,0.05144263857984793,0.5318985749734958
2022-07-29,0.5423486153884074,-0.10764802284373587,0.33145761335830015,0.02975765006565154,0.16661545906613462,-0.2280188865866017
2022-07-30,0.21116270268699378,0.544879442879144,-0.0321667931444053,0.07560754010651148,-0.19033289938091255,0.13530529635836192
2022-07-31,0.8634596267613946,-1.2655698316129724,-0.63759064524638,0.1602975959380144,0.4425634840349982,0.5145644083097957
2022-08-01,-0.2758061509493364,1.572909917737286,1.243642338757871,0.47454050334516784,-0.19394967676345842,-0.35965803771468297
2022-08-02,-0.20333648547403427,0.8887508031779899,0.2525891420075709,-0.809679304256278,-1.391876535664014,-0.3254734479545408
2022-08-03,-0.8473244631292183,-0.12611143977686223,-0.0954382615962807,-1.002198302549768,0.39974567234312597,0.6797131446742416
2022-08-04,-0.261112091687608,-0.9414924619857553,1.0096585883466123,-0.39075879771127275,-0.5702541103993796,0.5568342559071454
2022-08-05,0.5729967338469756,0.14788037360536,1.063598711418105,1.0350919359421111,-0.6140821903361374,0.5056416705902094
2022-08-06,0.7314525994410311,-0.9440062745150398,-0.06978750982072608,0.9545667415518972,0.35607616318003416,0.4453412277908812
2022-08-07,0.4829775564024656,0.2732126878017777,0.14239845587713593,0.8009037643758187,-0.1968707405711815,0.252822293659858
2022-08-08,-1.0980202499720568,0.24195821099414438,-0.5165617571174423,-0.12665766073512913,0.4881060133736685,1.202641128508069
2022-08-09,0.40307297642715817,-0.5374475265686247,-0.08059820432254013,-0.9989479364609158,0.6854382857467923,0.023992047217981084
2022-08-10,-0.9066367399359471,0.6681781390561405,-0.1352082929524793,-1.4549473684950311,-0.3209407332439727,0.33611735656613567
2022-08-11,0.5223915555987739,0.49580735069932186,0.10680086264404931,-0.3774899943006342,0.4666236647983641,-0.8537846243558975
2022-08-12,-0.20349025644405477,0.5344938055454637,0.22505909264581034,-0.11842867967751497,-0.3996328205474268,-0.21660581876016455
2022-08-13,0.42066277681052555,0.005269534667231504,0.32231120064283775,0.6864681093616133,0.39711040556663346,-0.5345203895479658
2022-08-14,-0.7698549023440016,-0.7606518282876852,0.13540197442822907,0.4789144767173264,-0.432068527772186,0.7202825065801433
2022-08-15,0.6093809697296148,0.5994657901513387,-0.7209190254805996,0.13627622484917332,0.5251145179493755,-1.6404696287303706
2022-08-16,-0.8805927985945405,-0.153336425785959,-0.5820505132448744,-0.5016687125007544,0.27660258683179006,-0.162650333898375
2022-08-17,-0.3332305966047471,-0.9078312926746294,-0.26558357474388344,-0.5390734228375551,0.17673510885429422,-1.4239157716869921
2022-08-18,-0.6260564012397574,0.7660016745322464,-0.15633236895755742,0.1392728750144408,-0.401485912576575,-0.3888700989870991
2022-08-19,-1.0133730040517737,1.2589861094400387,0.4811442166342773,0.3934147088574519,-0.07192336431706647,-0.2924046683123837
2022-08-20,0.054259321988270624,-0.02803770280217468,-0.5058927714168273,0.23590581708905503,-1.2409692051697943,0.7708721138253541
2022-08-21,1.0100488257421623,1.358454244401625,-0.1673292459390759,-0.6269862005523286,0.13080174875669429,0.1948074217857335
2022-08-22,1.8274134511290727,0.05700686294789428,0.501036050222592,0.3672251417936658,0.15473795859833991,-0.5049178477582699
2022-08-23,0.05935235407420798,-0.16178016056517405,-0.20496440524093093,0.23526181455802828,0.07404763066037102,0.6395249342658169
2022-08-24,0.6735756780229949,-0.3539637765781206,0.2825104395124781,-0.39604712594671726,-1.7309886493725832,0.0031710731064841123
2022-08-25,0.13581491627513181,0.9945593744604108,-0.07402036847876653,-0.5573046448107524,-0.7533126891633102,0.020407908753075604
2022-08-26,0.28260099811422756,-0.2835873852125845,0.15221298283858997,0.36555924950672997,-0.47228869014274205,-0.7950126759338395
2022-08-27,-0.18287472534894597,0.44083081259273205,-0.15346007072414727,-0.16330281985876294,0.183050466691058,-0.5399287252157717
2022-08-28,0.1138268588251715,-0.28912052710518293,0.4065786215456794,0.2825947926019025,0.14275827011283101,-0.49940156251688783
2022-08-29,0.24477165975026954,-0.24727368149107787,-1.0161170308470346,0.2829860424269588,-0.07807650991869981,0.02696328375762912
2022-08-30,-0.33846688922808205,0.5821774451196625,-0.2423995036795347,-0.2698447531151692,0.3641893028160496,0.04398535972170648
2022-08-31,-0.05215281417143489,-0.1535639936575449,0.17040170481290243,-0.0046963110208225675,-0.5899578259262832,0.9462359546382212
2022-09-01,-0.02419946358188493,-0.1800180639464016,0.26965660904296257,0.028097475928639863,0.35759499369083775,0.19836807605350637
2022-09-02,0.4412485477229073,0.5822200542912283,0.7504550705042522,-0.4423730655073931,0.3344658983536211,-1.406123134025007
2022-09-03,-0.4249975909648013,0.8046560241220654,-0.19723265840721338,-0.5281182620297769,0.2269757821376691,0.13812270820251335
2022-09-04,-0.03311856045472659,0.4216199033458565,0.7930287335236729,0.12472672065708192,-0.09827882583445315,-0.7565234536304386
2022-09-05,1.0567793937733716,-0.36249792723387786,-0.3565437726874422,0.4540524843714385,0.9472267785893168,-0.3077619538895989
2022-09-06,0.6055635453793883,-0.3096637852980849,0.782018967585035,0.30755788269783024,0.2520588132307701,-0.4328412116427251
2022-09-07,0.8192101926887566,0.04249232443719973,0.4992384183417409,0.96364842204961,-0.3600319262639764,-0.31522525226077125
2022-09-08,0.016597124841867948,0.14228878293421304,-0.4183299951528605,-0.09634241905095894,0.150123898221214,-0.8825126438104176
2022-09-09,0.20489535230004785,-0.5635101551557931,0.1742875074763332,0.8392403760137402,0.13381256958476376,0.09998294617648433
2022-09-10,0.6562432193141458,0.3036313746481013,-0.032730944411235356,-0.3750884723216689,-0.3479639106576311,-0.5552059024306103
2022-09-11,1.0320334647604197,0.04900557497390706,0.1112464202169819,-0.5721287260872013,0.6070939006228456,0.22364500612419225
2022-09-12,-1.0281552936950964,-1.154524132873474,-0.03970392685576389,-0.8535102366814192,0.20993867100756966,1.1919183029701221
2022-09-13,-0.6526599805043979,-0.5446533058020033,-0.1828140598272132,-0.2652233788571137,-1.488137835647167,-0.7393166788370115
2022-09-14,0.7817361947083601,-0.33383411978989347,0.6969349630446237,-0.3080632157406877,0.1807305615669898,-0.08024417182369299
2022-09-15,-0.16605786542266088,-0.04664716856399828,-0.04971422585715358,0.3171369917355707,-0.13544014911586427,-1.4333692064009897
2022-09-16,-0.18157228251643862,1.1232265574559304,0.43538963347122994,0.15402057636501296,0.25610531685822324,-0.17718072412066516
2022-09-17,-0.8587521666715241,0.15565258378097857,-0.10121205509684039,-0.780982934643129,0.5984312006404064,0.3799159662113253
2022-09-18,-0.3577195800604916,-0.5337294333577678,0.7409175912809384,-0.16858514819586554,0.10976290778109092,0.43967854699657677
2022-09-19,-0.8345348735982824,0.13328590021891812,-0.30893969769414203,-0.1910299777571287,0.5982885583551552,0.048798308471185325
2022-09-20,1.2981898614682856,-0.20245263158605978,-0.3902498714200836,-0.8938689936447632,-0.10658652108605486,0.5444197099739058
2022-09-21,-0.011310630345431906,0.19338849587306672,1.0621451278988767,-0.5179348173649144,0.3084253954066315,1.7083477623806091
2022-09-22,-0.03265505138070043,0.3525723078740015,-0.29940471345782993,-0.493784514113756,0.4946083333640514,0.9777083529209928
2022-09-23,0.33042849440783667,0.7563308610856245,0.6265065229517368,0.8903809246549312,-0.05892929260500495,-0.2938628572810509
2022-09-24,0.6390619098992384,-0.012957458824534293,0.5422513111862768,0.12516160294045184,0.4505149693084261,-0.8732613207932108
2022-09-25,0.5774941019875774,0.8791308400672321,-0.08659931070259001,0.44257990711241935,-0.38708516652931363,-0.23887033786185677
2022-09-26,0.669921322152321,0.48336198189800084,-1.1034191423487987,-0.885239182884509,-0.2522043221577137,-0.5041059946774967
