Date,A,AAPL,ABBV,ABNB,ABT,ACN,ADBE,ADI,ADM,ADP,ADSK,AEE,AEP,AES,AFL,AIG,AIZ,AJG,AKAM,ALB,ALGN,ALL,ALLE,AMAT,AMD,AME,AMGN,AMP,AMT,AMZN,ANET,AON,AOS,APA,APD,APH,APO,APP,APTV,ARE,ARES,ATO,AVB,AVGO,AVY,AWK,AXON,AXP,AZO,BA,BAC,BAX,BBY,BDX,BEN,BF.B,BG,BIIB,BKNG,BKR,BLDR,BLK,BMY,BR,BRK.B,BRO,BSX,BX,BXP,C,CAG,CAH,CARR,CASY,CAT,CB,CBRE,CCI,CCL,CDNS,CDW,CF,CFG,CHD,CHRW,CHTR,CI,CIEN,CINF,CL,CLX,CMCSA,CME,CMG,CMI,CMS,CNC,CNP,COF,COIN,COO,COP,CPB,CPRT,CPT,CRH,CRL,CRM,CRWD,CSCO,CSGP,CSX,CTAS,CTSH,CTVA,CVNA,CVS,CVX,D,DAL,DASH,DD,DDOG,DE,DECK,DG,DGX,DHI,DHR,DIS,DLR,DLTR,DOV,DOW,DPZ,DRI,DTE,DUK,DVA,DVN,DXCM,EA,EBAY,ECL,ED,EFX,EIX,EL,EME,EMR,EOG,EQIX,EQR,EQT,ERIE,ES,ESS,ETN,ETR,EVRG,EW,EXC,EXPD,EXPE,EXR,FCX,FDS,FDX,FE,FFIV,FICO,FIS,FITB,FIX,FOXA,FRT,FSLR,FTNT,FTV,GD,GDDY,GILD,GIS,GL,GLW,GM,GNRC,GOOG,GOOGL,GPC,GPN,GRMN,GS,GWW,HAL,HAS,HBAN,HCA,HD,HIG,HII,HLT,HON,HPE,HPQ,HRL,HSIC,HSY,HUBB,HUM,HWM,IBKR,ICE,IDXX,IEX,IFF,INCY,INTC,INTU,INVH,IP,IQV,IR,IRM,ISRG,IT,ITW,IVZ,J,JBHT,JBL,JCI,JKHY,JNJ,JPM,KDP,KEY,KEYS,KHC,KKR,KLAC,KMB,KMI,KO,KR,L,LDOS,LEN,LH,LHX,LII,LIN,LITE,LLY,LMT,LNT,LOW,LRCX,LULU,LUV,LVS,LYV,MA,MAA,MAR,MAS,MCD,MCHP,MCK,MCO,MDLZ,MDT,MET,META,MGM,MKC,MLM,MNST,MO,MOS,MPC,MPWR,MRK,MRNA,MS,MSCI,MSFT,MSI,MTB,MTD,MU,NCLH,NDAQ,NDSN,NEE,NEM,NFLX,NKE,NOC,NOW,NRG,NSC,NTAP,NTRS,NUE,NVDA,NWSA,NXPI,O,ODFL,OKE,OMC,ON,ORCL,ORLY,OTIS,OXY,PANW,PAYX,PCG,PEG,PEP,PFE,PFG,PG,PGR,PH,PHM,PKG,PLD,PLTR,PM,PNC,PNR,PNW,PODD,POOL,PPG,PPL,PRU,PSX,PTC,PWR,PYPL,QCOM,RCL,REG,REGN,RF,RJF,RL,RMD,ROK,ROL,ROP,ROST,RSG,RTX,SATS,SBAC,SBUX,SCHW,SHW,SJM,SLB,SMCI,SNA,SNPS,SO,SPG,SPGI,SRE,STE,STLD,STT,STX,STZ,SWK,SWKS,SYF,SYK,SYY,TAP,TDY,TECH,TEL,TER,TFC,TGT,TJX,TMO,TMUS,TPR,TRGP,TRMB,TROW,TRV,TSCO,TSLA,TSN,TT,TTD,TTWO,TXN,TXT,TYL,UAL,UBER,UHS,ULTA,UNH,UNP,UPS,URI,USB,V,VEEV,VICI,VLO,VMC,VRSK,VRSN,VRT,VRTX,VST,VTR,VTRS,VZ,WAB,WAT,WDAY,WDC,WEC,WELL,WFC,WM,WMB,WMT,WSM,WST,WY,WYNN,XEL,XOM,XYL,YUM,ZBH,ZBRA,ZTS
2025-07-14,22.61,17.62,22.14,24.17,20.36,36.42,29.26,19.61,27.72,21.58,38.03,11.46,13.93,84.72,17.51,20.73,19.64,14.96,21.57,58.08,27.7,24.03,17.12,27.04,46.1,14.94,32.67,14.12,15.74,22.47,50.22,14.42,20.36,48.08,17.99,13.77,24.65,55.85,29.12,28.68,19.92,14.81,12.64,27.9,20.2,17.06,48.73,21.16,26.56,28.78,18.75,31.45,34.36,17.56,20.47,30.12,34.96,28.2,19.47,27.27,49.68,14.07,24.72,18.47,13.79,17.73,17.9,26.36,26.97,20.4,28.53,18.53,15.61,19.1,18.48,18.66,21.97,16.53,41.09,23.06,21.81,30.86,18.76,13.78,23.33,30.25,26.59,31.69,19.32,16.31,19.08,18.73,14.38,32.48,18.55,14.12,188.82,14.37,17.76,82.41,22.93,29.53,23.67,16.21,10.7,22.29,28.75,22.95,36.97,15.45,18.31,16.45,20.18,29.38,18.9,40.88,23.7,24.06,20.66,51.72,33.9,23.34,61.05,20.82,25.84,22.36,14.63,34.63,23.3,14.69,19.14,24.85,16.24,49.8,21.03,20.34,14.3,12.74,22.33,37.16,44.24,18.79,18.57,14.58,16.55,24.98,25.83,52.19,19.4,17.06,25.43,54.98,16.54,35.48,25.48,17.37,11.9,24.14,15.85,14.87,17.4,13.92,22.79,27.67,18.78,39.32,16.6,29.12,12.06,20.72,51.16,18.85,16.66,25.37,27.03,14.78,95.01,40.4,18.26,13.84,19.82,28.65,27.51,23.3,19.36,26.98,27.7,25.11,26.71,19.57,25.71,18.0,21.28,18.41,49.67,29.44,17.43,16.87,15.09,19.75,23.88,15.41,16.52,45.93,27.72,23.01,20.59,33.86,17.19,27.18,32.08,28.29,10.69,13.48,19.69,20.1,39.09,45.42,18.78,12.52,25.32,24.98,19.65,21.0,21.02,21.4,17.33,20.27,16.15,27.77,35.51,14.64,17.32,13.9,20.39,13.64,17.94,18.62,22.18,28.87,25.36,16.51,20.99,13.79,40.63,14.61,14.04,39.7,17.82,18.77,22.94,12.04,29.97,20.81,24.59,15.58,21.22,26.85,31.55,33.71,39.2,24.58,29.18,11.57,13.85,26.25,18.73,26.99,20.67,19.85,18.91,13.54,15.06,23.99,43.64,27.6,19.29,21.26,19.17,25.18,22.97,32.41,23.7,48.82,14.59,21.42,12.4,14.11,16.67,24.01,36.18,39.01,15.33,20.81,29.57,31.35,24.85,60.57,23.82,30.99,31.32,15.44,19.56,39.51,25.5,25.38,16.93,32.2,15.75,29.14,21.07,24.67,39.04,36.48,21.93,15.41,35.75,36.94,40.89,24.75,14.57,18.78,17.24,16.54,14.53,22.86,17.35,32.47,29.83,19.23,53.52,20.26,16.4,18.35,13.95,24.04,27.09,23.55,15.37,17.53,27.83,69.96,20.32,35.77,20.28,25.9,14.32,21.16,16.02,15.03,23.49,11.07,17.87,16.39,14.58,12.69,18.49,18.06,155.24,18.57,19.4,13.35,22.7,22.81,37.97,68.14,13.9,28.16,13.15,15.89,14.1,14.23,13.95,26.63,16.18,28.39,29.39,28.05,25.46,18.1,14.52,14.66,17.51,11.38,35.02,16.61,37.9,17.22,27.66,12.14,29.31,25.13,33.73,24.68,15.39,17.64,22.02,25.42,57.52,18.5,14.93,35.78,21.49,16.66,14.96,24.32,65.05,35.22,21.35,17.61,33.38,15.26,23.64,19.59,16.86,26.54,17.98,15.6,33.53,20.78,21.11,17.16,44.2,21.51,30.09,14.66,21.76,17.62,14.54,57.55,25.81,21.02,13.93,18.09,17.79,16.99,32.41,18.1,27.67,21.51,25.61,36.8,15.98,24.46,14.95,20.03,18.87,22.87,21.9
2025-07-15,31.31,17.15,23.62,24.2,19.84,35.57,28.52,19.99,27.36,21.81,37.67,11.54,13.78,83.59,18.52,20.26,21.63,16.76,21.19,57.88,30.33,24.31,18.66,26.34,48.25,15.08,32.28,18.41,16.18,21.87,49.29,16.05,22.12,48.8,18.48,14.06,25.62,54.41,29.16,28.9,23.52,14.79,12.98,27.59,20.9,17.85,47.45,24.67,27.01,28.22,20.02,30.69,35.26,17.2,23.61,31.15,34.1,31.59,20.27,27.82,51.36,27.63,24.79,18.28,14.06,18.26,17.82,27.99,27.08,22.37,28.22,18.1,16.77,19.12,18.3,18.93,24.17,16.96,41.06,22.45,21.74,30.47,21.93,14.59,23.13,33.17,25.88,30.98,20.76,16.07,20.98,20.69,14.35,32.45,18.07,13.79,183.81,14.07,20.76,81.51,23.67,29.28,23.17,18.07,11.52,21.97,29.48,22.54,36.04,15.71,19.33,17.21,20.42,28.91,19.11,39.83,23.11,23.61,20.63,53.78,34.76,23.45,59.45,20.47,27.31,22.15,14.54,38.52,24.27,14.67,18.65,25.92,16.5,48.53,21.49,20.23,14.08,12.69,23.22,37.56,43.17,18.29,18.18,15.0,16.42,24.68,25.59,54.39,20.29,16.81,26.03,53.59,16.69,34.54,25.23,17.3,12.75,23.5,15.43,15.06,18.52,14.14,22.79,29.04,19.26,40.74,17.11,28.97,11.74,20.69,50.24,18.71,19.52,25.08,26.47,16.18,95.87,39.83,19.15,14.78,19.57,29.65,27.41,24.38,19.58,26.9,28.07,24.44,26.0,20.3,26.83,17.87,22.29,18.91,49.24,29.39,21.22,18.57,18.95,21.2,24.8,17.01,16.92,45.77,27.48,23.25,20.05,33.19,16.82,27.7,31.23,27.69,11.27,13.58,19.44,20.06,39.21,45.03,18.56,12.98,26.81,25.01,20.39,20.56,20.69,23.77,17.14,25.28,17.44,28.64,35.27,14.34,16.97,14.03,20.31,14.51,21.29,18.48,23.78,29.3,25.09,16.14,21.1,13.43,39.72,16.17,16.57,42.38,18.08,18.37,24.06,13.35,35.32,23.54,24.03,15.87,24.1,26.31,32.21,33.95,38.75,24.96,28.44,14.59,18.1,27.15,18.43,27.12,20.22,20.55,19.09,13.43,16.66,24.17,43.06,26.87,21.87,20.96,18.81,24.57,22.38,31.7,25.09,50.85,16.25,21.61,12.1,14.45,20.6,24.77,35.44,40.2,16.0,21.18,28.83,37.48,24.22,59.13,23.39,30.19,32.04,16.06,19.67,40.12,27.13,27.19,16.63,32.1,20.09,30.12,21.58,26.05,38.16,36.29,22.83,15.33,39.5,36.11,40.58,26.15,15.18,19.03,20.14,18.05,14.24,23.05,17.21,36.15,30.1,18.94,52.18,19.73,19.97,19.77,14.55,23.46,28.81,24.3,15.94,19.32,27.26,68.1,19.83,35.21,19.74,25.92,15.43,25.94,19.89,16.93,23.55,11.27,17.52,16.46,14.31,15.72,18.23,17.68,151.79,18.5,19.23,14.03,22.93,22.39,38.68,69.39,15.43,29.13,12.86,16.65,15.12,14.03,14.84,28.5,33.46,27.81,28.77,29.31,25.99,23.12,14.3,15.94,17.24,11.46,35.24,16.44,38.44,21.34,29.04,12.92,29.42,24.68,33.15,24.83,15.96,18.84,22.32,27.85,56.35,20.72,14.86,40.52,20.99,16.96,15.66,24.23,64.8,35.32,25.13,17.91,33.99,15.42,23.11,20.48,20.55,26.06,17.89,16.57,32.7,23.43,21.45,16.81,43.34,22.03,30.49,14.55,22.9,17.28,15.0,58.06,25.19,20.46,14.05,18.0,28.51,17.22,31.78,17.7,31.55,21.7,25.85,36.2,16.27,24.05,15.18,20.31,18.36,23.07,21.99
2025-07-16,30.67,17.04,25.05,23.79,19.49,35.86,26.39,17.4,23.22,21.95,36.54,11.66,13.61,83.77,18.67,19.77,21.22,16.96,15.89,57.87,29.78,25.1,18.64,26.5,41.45,14.73,33.25,16.85,17.55,21.89,48.62,15.88,22.29,48.97,18.62,14.16,29.49,54.09,27.71,28.99,25.45,14.65,13.58,27.54,20.7,17.81,47.45,23.71,26.72,28.34,20.0,30.59,35.69,17.19,22.17,30.09,24.94,31.71,20.05,27.96,51.38,29.58,24.65,18.14,13.89,18.37,16.9,29.87,26.81,22.48,28.25,17.96,16.66,19.12,18.72,19.19,24.21,17.85,36.86,22.98,21.44,32.35,21.65,14.68,23.26,30.79,26.17,30.76,21.27,16.15,22.21,20.92,14.26,28.88,18.15,12.86,184.35,13.51,19.51,79.45,23.73,28.71,23.77,18.14,12.75,22.67,29.3,21.14,36.08,13.97,19.5,16.91,20.47,28.37,17.52,38.02,22.99,23.73,20.11,51.57,34.92,23.17,59.7,17.69,28.02,21.35,13.87,38.69,24.27,14.14,18.78,22.71,15.51,47.72,21.45,15.95,14.04,11.91,22.88,37.53,43.1,17.18,18.14,15.28,14.64,24.41,25.74,42.66,19.98,15.17,25.54,53.86,17.34,34.03,26.21,16.63,14.62,18.8,15.56,14.55,18.75,13.32,22.62,28.95,19.37,40.12,17.14,28.97,10.64,20.38,50.44,17.45,19.49,24.94,24.29,17.04,96.42,40.08,18.42,13.68,18.77,29.63,27.45,25.16,18.15,26.78,28.18,24.19,25.84,20.19,33.3,18.69,21.47,18.66,49.15,28.3,20.99,20.57,18.96,21.3,23.79,17.0,16.93,44.77,25.61,24.8,20.92,33.21,14.94,28.93,31.3,25.85,11.12,13.55,19.01,20.01,35.05,44.55,17.38,13.73,26.58,24.52,20.1,20.36,20.09,23.78,16.82,24.79,17.36,28.54,34.97,12.27,17.5,25.18,19.52,15.36,20.9,16.52,23.81,31.72,23.49,16.42,21.11,13.25,39.74,16.68,16.36,42.66,17.42,12.19,24.77,13.33,33.53,24.86,19.14,16.26,24.18,22.89,32.79,33.86,35.09,23.53,28.31,16.29,18.11,27.1,17.13,24.97,20.0,20.51,19.42,13.36,15.96,22.4,34.9,27.14,21.92,20.06,18.96,24.72,23.63,26.87,25.38,49.28,17.16,22.06,11.97,15.81,22.89,23.77,34.89,38.61,15.6,20.25,28.39,38.1,24.22,58.95,18.67,29.78,31.82,15.44,15.04,39.3,27.24,27.0,13.71,30.32,20.06,30.1,20.84,29.98,33.87,35.97,21.47,15.49,38.78,35.93,40.87,26.65,15.22,19.36,20.02,17.81,14.46,24.39,16.97,36.25,30.37,19.37,51.34,20.19,19.94,19.58,13.88,23.25,28.75,23.1,15.84,18.13,30.28,67.95,19.73,34.46,19.04,26.48,16.07,25.41,19.91,15.88,20.21,11.22,16.96,17.05,13.84,16.35,17.9,17.9,62.26,19.09,19.2,12.86,22.94,24.02,38.78,68.03,15.2,29.06,11.47,16.83,15.02,14.79,14.86,28.52,34.55,27.61,28.66,29.39,25.79,22.32,14.28,16.29,16.59,11.54,34.47,15.64,34.34,21.41,28.59,12.86,29.46,24.67,27.44,24.9,14.68,19.51,22.32,28.06,57.68,21.71,14.32,39.46,16.76,16.54,15.77,23.66,62.24,35.87,28.84,17.21,33.89,15.35,22.74,19.74,20.6,26.09,18.18,16.61,35.09,23.46,21.55,16.89,41.09,21.93,33.6,13.03,23.51,16.89,14.82,57.45,25.38,20.71,14.34,17.33,28.6,17.12,31.59,17.71,30.36,22.03,27.23,34.32,16.03,24.13,14.23,19.69,18.12,20.85,22.01
2025-07-17,30.96,16.29,22.69,22.21,36.8,36.33,21.58,15.57,23.41,22.11,36.65,11.52,13.53,76.56,18.56,19.3,21.89,17.66,15.58,61.3,25.12,25.39,24.79,26.3,41.58,14.24,32.47,18.61,17.59,21.71,42.92,15.87,24.42,50.99,18.48,14.24,29.0,53.88,26.25,27.68,25.29,14.66,13.53,27.28,20.52,17.81,47.5,23.69,26.96,27.88,21.02,29.51,34.9,16.89,20.44,33.89,25.22,29.09,19.21,27.77,49.17,29.31,23.25,18.53,13.32,18.14,17.54,29.74,26.84,23.47,28.23,17.31,15.73,19.2,17.29,19.12,23.52,17.79,34.66,23.57,22.56,31.37,23.0,13.65,23.22,30.92,27.45,30.49,21.08,15.19,22.16,20.25,14.07,27.56,15.1,12.6,183.97,13.79,17.42,77.26,23.01,29.17,23.69,18.02,12.74,22.42,24.97,21.32,34.76,14.48,16.75,20.2,24.49,28.74,17.56,39.15,22.94,23.02,19.21,48.1,34.58,22.33,59.83,18.52,30.69,23.81,13.46,36.61,22.58,15.06,20.41,22.66,13.55,46.3,21.35,15.91,13.63,11.77,23.73,39.64,42.75,17.14,18.1,14.09,14.63,18.82,25.22,42.68,19.14,16.46,25.03,54.32,17.38,33.88,26.16,15.13,14.46,22.19,15.5,14.35,16.9,13.07,22.52,28.53,19.63,39.8,17.09,28.06,10.77,21.88,50.22,18.49,19.94,24.26,23.06,17.26,64.31,40.26,19.09,13.66,18.78,28.32,27.49,25.36,19.32,25.27,26.78,24.12,25.79,19.94,32.85,14.51,21.41,17.52,49.47,25.12,21.61,20.15,18.24,22.11,23.06,17.2,16.24,44.19,25.49,24.81,20.77,36.45,20.63,27.33,32.15,25.49,11.1,12.43,18.75,18.81,32.85,44.54,17.52,13.6,26.06,23.34,20.08,20.25,19.65,23.71,15.69,23.2,16.91,26.73,21.01,12.89,17.83,24.46,19.76,16.59,20.41,17.2,24.42,31.18,23.48,15.8,21.68,14.2,39.69,17.11,16.46,39.08,16.89,11.79,24.86,12.68,34.44,27.09,16.66,16.02,23.23,22.46,33.86,34.06,33.3,22.73,28.3,16.23,18.16,25.83,16.37,24.69,19.99,19.8,22.06,10.91,16.24,22.27,33.55,26.9,22.29,19.84,19.65,24.75,22.92,25.45,22.39,48.24,16.85,22.45,12.25,16.15,22.68,22.17,36.02,36.7,15.45,20.4,26.56,38.12,24.95,57.15,18.37,29.85,32.36,19.29,17.75,38.95,27.72,26.59,11.69,29.62,20.2,29.45,22.79,33.33,32.92,36.04,21.37,14.74,39.28,35.87,41.03,26.83,15.36,30.65,19.01,17.45,14.54,24.52,16.29,33.42,29.53,23.18,50.48,21.77,19.07,18.76,14.03,23.73,28.83,22.23,15.93,17.75,30.48,66.66,20.21,33.54,18.55,25.71,16.24,22.95,19.87,16.81,18.63,11.25,16.15,16.99,13.83,15.77,17.89,17.53,61.2,18.97,17.87,14.45,22.27,23.42,38.74,67.84,30.11,29.31,11.09,16.85,14.58,15.42,14.44,30.31,34.75,27.67,28.76,28.0,25.91,20.77,13.83,16.08,17.08,15.56,32.01,14.75,33.82,20.83,27.67,12.69,26.39,19.71,25.58,24.7,13.05,19.83,26.44,27.44,55.95,21.86,16.75,35.79,18.21,16.03,15.77,23.35,57.01,35.83,28.71,17.48,34.09,15.0,22.19,20.46,20.57,25.95,19.43,16.77,33.81,23.47,21.5,16.76,43.56,21.17,33.94,13.06,22.36,16.24,13.81,58.56,26.36,20.16,14.33,17.18,28.29,17.12,31.44,17.72,31.77,19.97,25.0,33.42,14.45,23.64,13.3,19.24,16.12,22.03,21.63
2025-07-18,31.79,16.3,23.14,21.83,38.34,36.0,21.25,15.36,24.1,22.1,37.1,12.39,13.93,76.43,18.51,19.35,21.42,17.62,15.99,61.0,23.98,25.13,25.07,26.56,42.89,13.84,32.8,18.66,17.71,21.33,43.14,15.92,24.64,50.55,18.17,14.56,31.49,51.05,28.58,27.93,25.19,14.93,13.56,28.01,21.13,17.88,47.75,25.36,27.62,27.4,20.25,29.51,34.73,17.23,20.35,33.8,26.67,30.98,19.07,27.6,50.57,29.4,23.69,18.71,13.24,18.14,17.9,32.1,26.84,23.51,28.5,17.25,15.99,19.59,18.47,19.1,23.41,17.88,34.77,24.35,22.47,31.19,23.09,13.72,23.65,30.78,27.35,30.54,21.36,15.18,21.98,20.1,14.48,27.52,15.02,13.29,183.5,15.16,17.01,60.83,22.91,28.83,23.95,18.08,12.73,22.35,25.79,21.23,34.92,14.5,16.7,20.35,24.44,28.72,17.56,36.33,23.87,23.21,19.29,48.2,34.93,22.29,58.53,18.44,30.25,23.89,13.25,36.54,24.11,15.28,20.53,22.57,14.61,44.87,18.94,16.66,14.94,11.96,24.45,39.17,42.56,17.08,19.17,13.96,14.57,18.41,23.74,42.57,19.19,16.6,25.02,54.37,17.36,33.85,25.98,14.39,14.45,22.5,16.93,15.27,16.68,13.51,23.53,28.7,19.39,39.7,17.53,28.24,10.9,21.64,50.63,18.59,19.55,24.26,22.83,17.25,64.19,39.5,19.63,13.03,18.71,28.39,27.5,25.38,19.45,25.12,27.15,22.9,25.32,19.99,33.46,14.51,21.04,17.69,48.47,25.11,22.35,19.56,18.08,22.15,23.19,17.21,16.7,44.14,25.72,25.54,20.14,36.41,21.34,27.21,31.63,35.18,11.09,12.73,18.64,19.31,33.22,43.44,16.92,13.27,26.69,24.29,22.67,20.68,19.6,23.89,16.39,52.81,16.55,28.72,17.15,12.74,17.69,23.88,19.21,16.82,20.07,17.25,24.92,32.04,21.49,15.61,22.22,14.58,39.92,17.11,16.05,38.76,16.97,11.27,24.66,12.85,34.21,27.51,15.12,16.47,23.09,22.43,32.74,33.91,33.54,21.9,19.91,16.23,18.14,25.88,16.54,24.7,19.81,19.95,22.06,10.6,15.87,22.29,33.94,26.89,23.29,19.53,19.36,26.57,22.04,25.97,23.23,50.08,16.01,22.17,12.46,16.05,22.06,22.42,35.9,37.01,15.72,20.42,26.59,38.11,31.57,57.1,17.23,28.91,34.13,20.64,17.8,38.9,26.24,26.96,12.49,29.42,20.21,29.39,24.44,33.33,32.62,36.85,21.32,16.24,39.08,35.68,40.83,23.43,16.06,31.46,18.99,17.47,14.55,23.67,16.34,33.64,30.04,23.2,50.54,21.73,18.98,19.14,14.23,23.75,28.8,22.97,16.13,17.56,30.53,66.48,20.42,31.22,19.18,25.82,15.93,23.68,27.09,16.85,18.73,11.35,16.33,16.88,13.25,15.56,17.92,16.09,61.5,19.0,17.82,17.01,22.27,25.87,40.98,68.11,30.17,29.56,11.26,16.84,14.65,17.53,14.66,29.13,33.67,27.87,28.83,28.48,26.04,20.57,13.81,15.93,16.69,15.11,33.29,14.74,33.89,21.94,27.74,12.62,28.26,19.7,25.45,26.67,12.97,20.41,27.06,27.06,56.71,22.02,16.83,36.76,18.52,16.1,15.84,22.35,57.0,35.14,28.95,17.55,34.53,15.57,22.15,21.52,20.4,18.47,20.92,16.15,33.29,23.84,21.49,16.71,43.82,20.94,39.16,13.07,27.66,16.21,13.95,59.23,25.35,20.31,15.1,17.2,26.77,17.38,32.17,17.43,31.05,26.8,25.43,35.41,14.51,26.57,13.19,18.48,17.72,22.03,16.56
2025-07-21,32.33,14.79,24.73,22.14,38.38,25.89,21.38,15.36,24.01,22.11,37.09,12.47,14.16,76.06,18.47,18.83,21.51,17.97,15.92,56.95,24.21,25.2,26.81,24.98,43.05,13.68,32.81,20.17,17.63,20.72,38.12,16.33,25.71,50.4,16.68,14.56,33.03,45.56,28.62,27.7,26.65,15.08,13.85,28.06,20.94,17.88,47.65,26.07,27.23,27.53,20.07,29.51,35.45,19.01,21.26,35.01,26.66,31.57,19.3,27.61,44.66,29.67,24.26,18.94,13.26,18.43,17.89,32.94,26.84,24.18,28.68,16.89,16.58,19.73,19.24,18.9,23.78,18.09,34.75,24.18,23.36,31.52,23.24,13.58,23.57,30.28,27.33,30.53,21.86,15.06,22.77,20.46,14.26,28.72,16.74,13.3,183.43,15.15,17.94,61.02,23.91,28.62,24.03,18.06,12.9,21.84,28.03,21.18,34.56,14.4,16.68,20.14,24.27,23.25,17.47,35.09,23.87,23.0,19.62,48.08,34.89,21.44,57.8,18.45,32.07,25.05,13.24,35.9,23.96,15.69,20.45,23.0,14.78,43.81,19.27,15.89,14.96,12.36,24.82,39.3,42.23,18.72,19.56,14.0,14.95,18.95,22.99,43.23,19.91,17.19,24.51,54.88,17.35,48.39,25.79,14.39,14.83,22.75,16.96,15.18,16.62,13.62,23.64,28.56,19.38,38.34,19.12,27.97,11.06,21.9,49.4,18.58,19.43,25.48,23.23,17.27,64.2,39.45,19.75,13.59,18.55,28.34,28.02,25.87,19.47,25.17,28.93,19.08,20.11,20.0,33.76,15.39,21.22,17.72,48.46,25.26,22.33,19.95,18.4,22.14,23.46,17.69,16.95,45.4,25.97,25.37,19.53,37.91,22.48,27.63,32.01,36.35,10.72,13.18,18.94,18.81,33.29,42.59,17.47,13.33,26.91,24.69,23.9,20.46,19.7,23.58,16.35,52.7,17.33,29.03,17.34,12.03,16.96,23.56,19.27,16.56,21.17,17.14,25.58,32.78,18.8,15.73,23.63,14.44,21.98,17.56,16.95,37.58,16.85,11.76,25.59,13.14,34.27,25.86,15.2,16.39,23.05,20.72,34.32,33.92,33.83,22.03,19.4,16.32,18.06,26.13,16.36,25.12,19.5,19.92,19.93,10.45,15.84,21.32,33.81,27.07,23.34,19.89,20.16,27.45,21.84,25.54,23.4,50.43,16.13,22.2,12.07,16.03,21.56,24.15,35.36,38.11,15.66,19.77,26.57,39.42,32.27,57.2,17.5,28.69,34.11,20.61,18.21,39.95,25.13,26.51,15.39,28.95,20.08,29.44,27.17,33.25,32.79,34.99,21.7,15.32,39.19,36.49,40.8,23.02,16.06,31.93,19.27,20.74,14.27,23.43,17.91,32.94,30.08,23.37,50.3,22.0,17.26,19.97,14.31,23.76,28.57,22.99,16.15,17.95,30.53,66.6,21.27,30.58,20.36,27.11,15.74,23.38,27.18,17.38,17.71,11.48,17.7,16.82,13.48,18.81,17.92,16.05,61.77,18.97,18.12,16.51,22.22,26.26,41.13,68.11,31.86,28.86,11.25,16.88,14.82,17.31,15.15,27.14,33.8,27.68,29.21,28.75,25.94,21.02,13.98,15.76,15.51,15.46,35.62,14.44,33.9,21.9,28.75,14.74,29.47,21.21,26.0,31.31,13.82,21.19,27.31,27.25,56.73,22.01,17.53,36.59,18.55,16.76,16.1,22.48,56.97,35.15,28.92,17.68,34.2,15.62,22.18,26.79,20.38,18.36,20.91,16.24,33.1,23.71,21.63,16.71,44.73,19.89,39.74,13.03,27.38,21.7,14.44,58.99,25.28,20.26,15.11,16.41,26.86,17.53,32.54,17.14,30.77,26.64,25.38,35.63,15.3,25.92,13.23,20.82,17.8,22.79,15.6
2025-07-22,34.13,14.58,24.48,21.73,37.74,25.86,21.5,17.05,24.67,21.72,36.51,13.05,14.38,74.15,18.89,18.71,21.52,18.31,17.14,59.34,25.06,25.9,26.74,27.24,42.83,13.48,33.79,19.67,19.01,20.66,38.53,16.29,26.42,49.28,16.65,16.41,32.2,47.82,28.23,28.34,26.1,14.71,15.09,30.83,20.96,18.08,48.48,25.53,26.8,27.09,19.61,28.96,36.1,21.48,20.89,39.59,27.53,34.19,19.4,26.93,49.45,28.92,25.6,18.7,13.29,18.31,17.61,32.18,28.3,23.66,31.34,16.69,16.17,19.43,19.12,19.54,23.38,20.92,33.98,23.69,23.44,31.05,22.68,14.44,23.94,30.13,27.6,30.55,21.7,16.85,23.54,20.06,13.91,28.0,19.61,14.1,179.66,14.95,17.52,60.85,24.56,29.06,28.39,17.93,14.69,21.59,40.4,20.71,34.56,14.11,16.27,21.0,23.81,23.52,17.43,34.24,23.34,22.44,19.5,47.15,34.11,21.44,56.43,19.45,31.29,25.61,28.07,63.82,23.71,15.3,20.37,23.03,14.83,45.18,22.95,16.43,14.98,12.2,28.87,38.76,41.32,19.83,22.24,13.91,15.39,35.07,23.48,43.17,19.65,16.83,24.52,53.94,18.38,47.71,27.59,14.82,16.66,22.38,17.18,15.12,16.3,14.26,23.72,28.33,20.51,37.46,19.26,28.7,11.39,21.62,48.24,19.31,19.41,26.67,22.8,17.97,62.57,39.31,20.51,13.26,18.26,28.27,30.48,26.24,18.98,39.57,28.34,18.6,19.6,31.55,34.83,15.0,21.15,17.87,47.43,24.75,22.17,23.14,18.87,22.36,22.86,17.4,16.55,44.75,26.39,25.85,24.91,38.03,22.27,29.85,32.69,35.48,10.45,14.84,19.43,18.51,33.42,41.56,17.08,14.53,27.05,61.42,23.96,20.1,19.55,23.56,17.14,52.79,17.44,29.71,17.64,11.76,18.09,23.69,18.79,16.83,21.46,17.28,29.05,31.97,26.36,16.51,23.07,14.27,21.61,17.26,16.53,45.57,21.54,11.49,26.58,12.82,37.43,26.02,41.97,16.79,24.02,25.83,33.48,33.06,32.98,21.75,19.0,17.42,17.64,26.47,16.32,25.07,19.02,19.5,20.38,12.24,16.55,21.31,33.75,27.86,23.09,19.49,19.92,27.05,21.29,25.11,24.85,51.7,15.85,39.75,12.56,15.63,21.08,27.94,36.18,37.22,15.37,20.19,26.39,39.7,33.8,55.82,35.0,27.98,33.45,20.19,19.93,38.94,24.54,28.47,15.24,28.29,21.52,29.52,26.55,39.63,33.03,35.77,21.44,16.87,38.59,36.0,40.11,23.74,16.47,32.35,22.36,21.05,15.91,23.24,17.77,48.68,29.81,23.1,49.67,37.17,16.83,19.5,14.49,24.18,32.67,22.48,16.39,19.02,29.76,65.03,21.33,30.11,20.07,26.51,18.13,24.31,26.5,17.01,17.4,13.64,17.3,16.42,15.23,18.68,17.87,16.78,60.39,19.73,23.65,16.69,21.72,28.22,41.18,67.73,31.21,29.74,11.32,16.75,14.86,17.39,14.99,27.41,33.15,28.61,31.89,31.52,25.46,20.91,15.04,16.29,18.57,15.72,39.56,14.08,33.54,21.43,31.78,14.45,34.21,20.68,25.74,30.53,13.68,20.98,27.04,27.68,55.4,22.83,17.37,35.91,18.09,16.36,16.09,22.17,56.37,34.27,30.79,17.46,33.68,16.0,22.99,26.43,19.94,17.9,21.01,17.34,32.44,23.3,21.13,16.85,43.75,20.98,38.75,12.9,29.65,20.44,14.29,58.44,25.98,22.67,15.59,16.01,27.33,17.39,31.74,16.73,32.03,29.85,29.41,34.75,16.03,25.4,13.32,21.26,22.36,22.32,18.05
2025-07-23,35.41,14.65,25.02,21.3,37.72,22.93,21.25,20.2,24.3,21.22,36.29,13.17,14.74,72.83,18.11,19.75,20.28,17.68,16.76,64.52,29.95,25.34,24.62,27.05,43.19,13.98,24.99,18.97,18.58,20.35,34.2,15.72,25.77,41.26,16.67,16.6,32.2,47.94,29.28,28.81,26.2,14.0,15.14,30.97,20.03,18.41,48.69,25.96,26.37,27.63,18.95,32.34,35.55,21.47,20.93,39.13,30.26,34.46,19.75,44.44,48.92,29.15,26.4,18.08,13.55,16.27,22.86,32.17,28.22,24.03,31.67,16.72,20.12,18.3,19.87,21.27,20.64,20.01,34.5,24.13,22.81,29.57,22.49,14.87,24.09,29.7,27.96,31.43,20.9,16.51,23.54,20.57,13.95,27.29,19.76,14.35,182.04,15.75,17.07,61.51,24.56,27.76,30.52,18.27,14.65,21.08,41.1,20.92,33.1,13.28,27.27,21.24,23.67,22.89,17.09,34.23,23.91,22.44,17.08,46.88,30.89,22.44,56.47,20.05,31.62,23.0,31.99,64.99,27.95,16.03,20.05,22.76,14.33,43.75,22.05,15.28,15.07,12.18,30.81,36.0,41.49,19.49,21.79,12.93,15.87,37.01,23.33,40.74,20.28,17.3,23.16,53.74,18.38,49.5,27.26,14.48,16.61,22.93,16.43,13.87,15.08,15.79,23.84,28.46,19.47,38.36,14.53,29.27,11.63,19.76,45.18,19.28,18.51,28.17,22.47,17.72,62.55,37.74,20.17,24.44,17.88,28.19,30.37,26.46,19.9,48.82,24.73,17.94,19.43,31.48,34.8,15.6,22.2,18.16,41.35,23.88,21.91,23.29,18.22,21.98,26.84,19.97,16.42,44.58,26.63,25.25,26.6,38.01,22.45,30.4,32.85,34.36,10.17,15.78,19.38,18.57,33.85,41.62,17.54,14.11,27.97,62.06,23.74,19.05,20.07,22.8,16.94,52.77,17.9,29.6,21.06,12.44,17.29,23.64,19.28,16.74,20.92,17.75,29.05,32.04,26.32,15.98,23.04,13.76,19.24,16.34,16.64,44.2,21.59,12.84,32.77,12.72,37.82,27.57,42.89,17.49,22.49,25.83,33.36,32.95,33.01,22.2,18.25,17.15,17.02,25.44,16.31,35.56,19.17,19.82,20.68,11.96,17.02,20.2,32.85,26.36,21.67,19.46,19.55,29.55,20.73,24.98,26.26,53.55,16.29,39.23,11.29,15.24,19.89,29.57,36.3,36.68,15.52,19.64,34.79,39.21,33.19,55.84,35.0,27.82,36.38,20.01,19.48,29.95,24.43,28.87,14.09,28.98,20.28,27.84,24.48,40.75,38.06,35.89,20.8,49.25,37.08,35.53,39.79,23.78,16.08,32.42,22.48,21.02,15.25,22.21,17.27,48.53,29.74,22.8,50.73,36.84,16.11,18.82,15.29,23.46,32.26,19.85,16.41,18.92,27.81,65.16,22.34,28.92,20.06,26.38,17.25,24.91,26.16,16.64,16.97,15.23,17.48,15.9,15.57,18.85,17.52,23.2,62.44,18.93,23.78,16.2,19.16,28.34,36.02,56.32,31.39,29.85,11.06,16.43,14.09,16.19,15.19,27.59,32.93,30.99,31.89,31.54,25.5,21.27,15.42,15.69,18.61,17.63,41.2,39.99,33.6,21.15,31.74,14.19,44.94,19.09,26.28,28.56,13.73,20.99,26.94,27.08,47.68,22.36,18.47,37.12,17.48,53.11,16.34,21.26,55.72,35.11,30.94,17.43,35.06,15.4,24.03,26.41,19.2,17.48,21.02,16.47,30.87,22.44,20.87,16.75,44.81,21.32,43.27,11.98,29.89,19.89,14.34,59.73,25.99,24.23,15.72,14.94,26.98,16.89,31.87,15.37,32.63,32.49,28.99,34.88,15.64,24.31,13.2,20.84,22.44,23.46,18.92
2025-07-24,35.24,14.4,24.85,21.32,35.11,22.11,21.11,19.25,24.91,21.33,36.08,13.15,14.73,73.09,18.03,19.75,20.67,17.49,16.44,66.42,30.03,25.87,31.08,22.19,38.35,13.88,24.71,23.3,18.36,20.05,33.2,15.7,27.73,40.94,14.37,20.34,29.31,46.04,28.93,27.8,25.0,14.06,15.22,28.9,20.17,18.2,48.37,24.0,23.33,28.2,18.87,31.54,33.7,21.32,20.66,38.77,30.54,34.45,18.71,44.71,49.35,28.89,26.42,23.03,12.86,16.22,22.93,31.58,28.28,24.1,31.95,16.78,20.19,18.33,19.48,21.29,20.65,23.24,31.42,24.3,19.59,28.85,23.48,14.46,25.27,32.25,30.17,27.08,22.16,16.44,23.49,20.28,13.83,55.74,18.8,14.28,182.81,16.9,21.05,49.72,23.76,25.94,31.21,17.1,15.29,20.46,44.19,18.23,32.92,13.22,27.72,21.26,23.53,22.62,16.61,38.88,28.39,21.14,17.2,47.4,30.03,24.27,56.61,20.06,33.16,22.96,32.19,65.83,29.13,16.01,20.09,21.44,16.44,80.7,22.1,17.61,14.89,12.17,33.43,35.56,26.16,17.74,17.35,12.99,15.58,35.63,22.74,41.79,20.21,17.37,22.91,53.05,18.23,51.41,27.01,14.36,17.92,21.32,16.45,13.83,15.82,15.87,24.16,28.54,19.47,37.69,15.36,29.39,11.64,19.78,43.6,18.6,18.36,28.73,22.47,18.01,61.35,37.52,20.04,24.7,16.96,27.96,30.41,31.85,19.6,49.22,24.38,17.91,19.45,31.92,33.43,15.41,21.18,18.3,41.79,24.08,22.06,25.52,18.42,21.9,25.28,19.53,28.39,44.86,25.61,24.91,27.5,37.87,21.68,31.99,32.84,34.35,11.08,16.36,19.24,19.76,32.8,38.51,17.53,14.43,28.01,62.45,22.77,17.18,20.99,22.52,17.2,53.06,17.81,29.6,27.31,12.52,17.31,23.65,19.14,16.5,21.99,16.96,29.29,29.33,23.12,15.98,23.8,13.51,19.2,16.37,16.7,45.78,32.0,10.69,32.77,12.58,36.9,27.52,42.31,17.39,23.05,21.41,32.13,54.73,35.08,21.06,15.64,17.16,16.08,25.41,16.85,36.44,19.24,18.15,20.67,11.94,17.21,19.07,33.71,26.69,21.92,20.43,19.25,29.03,24.47,22.37,26.26,53.68,15.77,37.84,11.41,14.12,20.34,29.08,32.22,38.48,24.61,19.73,34.94,38.16,32.2,56.71,32.27,30.89,36.82,20.46,18.95,30.95,26.46,28.38,13.37,26.49,20.16,28.03,24.34,40.96,46.25,34.01,20.57,48.98,34.89,35.62,39.83,22.21,16.01,32.57,22.25,21.13,15.27,22.22,16.71,49.92,29.82,22.64,50.29,37.28,16.68,18.3,16.09,22.95,32.84,20.05,16.29,19.04,29.31,65.04,21.86,28.48,19.54,27.03,17.01,25.13,26.35,20.19,16.73,15.25,17.66,24.04,15.4,19.09,17.78,20.8,62.42,18.77,25.08,16.44,19.22,28.45,35.88,54.97,31.39,30.62,11.13,16.5,13.39,16.62,14.85,29.61,32.65,30.43,31.92,32.62,25.21,20.58,14.9,16.43,20.88,17.61,44.65,40.03,32.38,21.5,32.43,14.18,45.07,26.8,26.92,27.86,13.48,20.94,27.11,27.12,55.4,22.28,18.47,35.22,17.54,52.31,31.89,20.42,55.54,23.75,36.15,16.2,38.07,22.25,24.33,37.39,19.19,15.77,21.82,16.49,35.84,22.2,20.74,16.95,41.98,21.36,43.97,12.16,29.77,19.87,27.0,59.65,26.35,23.24,15.72,14.99,26.73,17.4,32.48,15.79,33.62,77.32,29.15,34.83,15.64,21.84,12.39,21.34,22.48,24.08,18.9
2025-07-25,35.15,14.38,24.89,19.86,35.33,21.33,20.4,19.46,24.45,14.85,36.12,11.98,12.7,73.14,17.41,19.59,20.38,16.77,16.24,66.69,30.35,24.26,30.81,22.18,37.66,13.65,24.94,23.39,17.38,20.04,33.22,21.09,29.83,40.29,14.43,20.11,28.58,44.6,28.32,25.98,25.47,11.19,12.66,28.9,19.57,17.42,50.34,24.29,21.23,27.53,18.85,32.17,33.46,21.25,20.6,38.63,30.31,34.57,18.78,44.17,48.67,28.75,26.57,22.15,12.17,14.83,22.94,31.42,20.37,23.79,27.84,16.89,20.5,17.73,19.12,20.91,18.42,24.2,31.06,25.14,19.14,25.97,23.49,14.12,24.32,76.98,30.45,27.33,21.05,16.51,21.97,26.39,13.96,56.44,17.16,12.67,185.47,17.19,21.02,49.33,22.58,26.05,28.94,17.26,13.2,18.29,44.29,17.79,32.57,13.28,27.78,22.1,22.63,22.46,16.68,38.4,31.13,21.34,16.17,46.12,30.48,24.28,56.77,19.42,49.15,22.94,32.73,65.28,28.85,16.0,17.19,21.52,16.46,80.63,22.02,17.54,13.03,11.65,33.37,35.71,24.71,17.81,18.36,13.16,13.26,35.4,23.76,43.55,35.89,17.02,22.85,42.59,15.09,51.34,26.28,11.48,17.07,21.58,14.23,13.41,24.1,14.23,23.31,28.1,17.81,37.44,15.18,27.76,10.85,19.95,43.63,18.83,18.36,73.74,22.59,15.41,61.62,37.43,20.2,24.41,16.7,28.58,24.32,32.34,19.87,48.93,24.19,17.02,18.53,30.94,34.24,15.05,21.27,17.16,40.55,23.56,22.38,26.0,18.47,20.78,25.07,20.33,28.03,44.66,25.61,24.15,28.04,36.56,21.23,34.77,33.02,34.36,11.12,18.58,19.34,19.81,31.84,49.24,17.56,11.65,27.8,62.72,23.13,15.49,21.89,22.3,17.2,52.62,16.9,29.55,27.7,13.08,18.61,24.01,19.02,15.63,21.95,16.97,28.85,29.39,23.09,15.28,23.69,13.24,18.86,15.74,16.48,45.55,31.77,12.63,32.68,12.37,37.02,27.01,42.35,15.94,23.09,21.63,32.19,54.34,35.97,20.57,14.91,15.02,17.23,25.04,15.57,36.71,19.24,17.05,19.58,11.87,17.48,19.01,34.33,26.31,17.75,19.48,18.42,29.5,24.47,22.16,26.04,53.65,15.26,37.85,11.45,14.3,20.26,29.05,32.23,37.03,24.88,19.79,34.51,44.07,32.22,56.27,32.33,32.15,36.97,20.34,18.71,26.98,27.84,25.53,13.42,26.48,19.34,27.79,24.38,39.9,46.91,32.57,19.63,49.09,34.87,35.52,18.52,20.94,15.91,31.28,23.77,20.76,15.01,21.41,16.82,49.22,29.13,19.41,50.77,36.54,16.75,18.28,15.45,23.25,32.67,20.09,13.81,19.16,29.33,64.79,24.3,28.26,19.58,27.01,14.97,25.09,26.27,20.27,16.86,15.19,16.79,22.3,15.34,18.99,14.87,20.72,61.53,17.9,25.1,16.44,19.13,27.47,35.63,48.91,31.3,31.72,10.8,15.49,13.51,15.4,15.82,31.54,32.81,30.46,31.02,32.81,25.05,20.86,15.18,15.68,19.14,17.72,43.33,40.03,32.71,21.4,32.12,12.62,44.98,27.64,24.73,27.17,13.64,21.18,26.2,26.37,55.59,21.65,19.37,32.6,17.53,52.3,32.5,20.14,54.08,23.68,36.1,15.08,38.23,23.31,24.01,37.14,19.18,14.47,21.63,15.2,35.99,17.33,20.02,27.65,44.73,21.1,44.7,12.95,29.63,19.28,27.42,59.88,25.66,23.38,12.67,14.75,26.55,15.27,32.45,15.92,33.62,80.67,30.18,34.82,14.57,21.89,12.74,18.49,22.52,23.89,18.92
2025-07-28,36.04,14.6,23.97,17.78,35.02,22.81,20.81,20.12,23.3,14.45,36.96,14.24,14.76,75.41,18.59,19.51,20.51,18.41,17.36,80.57,31.16,24.97,32.19,24.23,40.42,13.67,26.27,23.93,19.64,16.86,28.71,21.97,30.91,40.34,15.69,20.98,28.91,42.44,29.32,30.38,25.77,12.61,12.94,29.15,21.24,17.81,50.02,23.77,20.59,20.95,18.74,33.92,34.29,22.37,19.09,40.94,30.24,35.95,17.1,44.78,50.1,29.17,28.12,22.88,12.56,14.65,22.59,31.46,23.51,24.15,28.5,16.03,21.12,18.27,18.02,21.39,18.03,26.03,28.31,25.15,19.6,26.66,23.52,15.64,22.61,78.67,26.08,27.67,21.9,17.53,24.5,26.67,15.91,58.43,17.24,15.06,189.51,20.45,21.28,43.18,23.99,26.46,29.87,18.13,13.51,18.41,44.93,17.48,32.28,13.59,27.89,22.65,23.76,23.5,16.94,35.1,29.82,21.7,17.09,47.26,30.05,24.62,58.25,20.23,52.58,22.99,33.41,66.89,29.64,15.34,16.96,21.26,16.3,82.63,23.27,17.95,14.78,13.99,34.2,38.2,24.94,18.31,21.86,11.71,14.46,36.91,24.85,44.8,35.77,16.25,25.13,15.26,13.51,52.57,27.06,14.2,16.5,21.62,16.21,15.74,25.37,15.18,23.69,28.14,19.45,31.42,15.26,26.08,12.31,17.69,43.06,18.7,18.19,75.26,22.81,15.67,62.41,38.29,19.6,24.5,15.6,29.59,26.33,33.3,20.38,49.79,24.7,16.06,16.68,31.79,35.62,15.15,20.6,16.9,41.44,24.46,22.11,27.32,18.37,22.0,25.41,18.23,27.5,45.58,26.26,25.15,29.03,37.96,22.0,36.57,30.35,35.26,11.82,18.79,19.95,21.37,24.79,49.93,17.56,13.51,28.52,64.23,22.72,14.38,20.2,22.61,17.95,54.49,17.33,30.09,28.44,13.27,19.09,25.29,18.65,16.39,21.9,17.27,30.16,29.4,24.09,14.99,22.83,13.78,21.64,16.38,18.11,46.75,32.44,12.58,33.96,13.09,37.42,26.08,43.42,17.94,23.88,22.77,32.53,55.93,36.89,20.07,14.78,16.17,17.17,25.69,14.43,38.12,19.66,17.67,20.87,13.05,17.7,17.08,34.87,17.77,18.75,19.97,20.12,30.48,25.61,24.94,26.54,54.45,14.83,38.37,11.28,14.03,20.37,29.62,33.08,36.5,25.47,20.25,35.38,43.72,30.67,32.17,33.17,33.28,33.0,21.02,19.98,27.31,28.68,26.26,13.74,27.95,20.92,28.67,24.55,42.11,48.61,32.62,20.25,50.47,35.37,36.16,17.14,20.21,16.65,32.12,25.45,20.6,15.31,24.53,14.74,50.46,30.37,22.46,35.46,37.17,17.25,17.67,18.23,23.02,33.17,21.53,17.22,19.66,30.62,66.48,26.72,28.97,20.29,21.76,16.28,26.04,26.69,21.2,16.83,15.31,17.34,23.17,15.87,19.68,16.19,21.19,45.01,21.32,25.84,16.69,19.46,28.06,36.32,54.8,32.48,33.53,11.96,15.23,13.39,16.12,16.95,31.32,33.7,31.04,32.61,33.21,25.53,21.27,15.53,15.62,22.15,17.49,43.51,40.16,33.51,21.05,32.58,12.92,45.74,29.16,25.5,25.48,14.13,22.04,27.96,27.19,58.03,22.13,19.89,31.0,17.61,54.39,33.27,20.34,55.33,21.93,36.39,15.06,38.18,24.43,25.35,38.06,18.91,14.82,22.12,18.59,36.65,17.95,20.25,28.03,46.4,22.67,44.92,14.81,29.46,20.81,27.46,60.98,26.43,23.5,15.01,16.75,27.64,15.45,30.19,14.93,35.66,83.2,31.19,35.51,17.28,21.97,11.38,19.49,23.65,24.21,19.35
2025-07-29,35.14,15.29,23.76,22.39,34.57,22.5,20.37,19.61,23.14,14.2,36.1,14.65,14.73,73.75,18.13,19.02,20.07,29.66,16.95,80.44,30.63,24.62,31.4,23.96,39.62,13.33,25.63,23.41,24.64,16.77,27.98,26.31,30.17,39.32,15.35,21.33,28.31,42.71,29.8,29.61,25.12,12.64,14.85,28.49,21.09,18.19,48.79,23.27,20.98,26.67,18.43,33.43,34.12,21.92,18.7,39.96,29.48,35.29,17.51,44.66,49.53,28.43,27.9,23.42,12.76,39.57,22.12,30.77,23.2,24.3,28.1,16.0,45.28,18.0,18.12,21.33,30.78,25.37,27.66,39.24,19.1,27.34,23.19,15.69,23.03,78.32,25.47,26.97,24.59,17.19,23.94,26.81,15.52,56.95,17.96,15.19,184.8,21.72,20.75,42.97,23.61,25.88,29.62,18.02,15.24,18.88,43.99,17.39,31.71,13.25,27.77,22.48,23.44,22.97,16.74,34.22,29.41,21.15,16.97,46.93,29.69,24.51,56.88,19.77,51.3,22.15,32.58,65.2,29.56,14.99,17.16,21.11,15.99,80.79,23.06,17.5,14.47,14.67,33.35,37.24,24.34,20.02,21.57,18.09,14.6,37.32,24.24,44.18,34.87,17.07,24.84,16.6,15.63,52.18,26.41,15.0,18.45,21.5,16.67,16.76,26.17,16.29,23.25,29.1,20.59,30.95,15.04,28.29,12.28,17.51,41.98,18.26,17.73,73.7,22.42,16.54,61.19,37.33,19.17,23.88,15.22,29.03,25.7,38.84,42.57,49.56,26.41,16.14,16.83,30.99,35.49,14.91,20.33,16.57,40.45,23.86,21.67,27.26,17.91,23.69,25.06,18.0,27.26,44.5,25.79,24.69,28.32,37.03,23.7,35.73,29.62,34.64,12.04,18.54,19.46,20.95,41.27,48.75,17.34,16.16,29.35,63.33,22.46,15.14,19.97,22.04,17.57,53.34,17.13,29.61,28.83,30.62,18.61,24.76,18.31,18.37,21.45,16.84,29.47,29.05,23.71,14.93,24.21,15.17,21.1,16.2,17.76,45.61,31.62,12.44,34.73,13.08,36.85,32.74,42.33,17.69,23.54,22.21,31.82,56.72,36.18,20.54,14.9,17.11,17.01,25.58,14.5,37.17,19.45,17.27,20.35,12.74,17.26,18.57,36.2,18.59,18.35,20.74,19.97,30.12,24.97,25.25,26.8,55.69,14.62,37.56,11.0,13.95,19.86,28.87,32.51,36.9,24.87,19.76,34.6,42.61,29.89,31.86,32.33,32.6,32.34,24.09,19.7,26.95,30.09,25.97,13.5,27.47,20.61,28.34,24.88,41.1,47.5,31.8,20.14,49.2,34.52,39.99,16.83,19.7,17.27,31.6,24.81,20.11,14.99,24.02,14.65,49.19,29.78,23.33,35.24,38.54,16.93,17.53,18.34,22.44,33.09,21.64,17.18,19.16,29.85,64.86,26.13,42.98,19.87,29.17,18.01,25.43,26.25,20.77,16.6,15.47,17.24,22.58,15.69,19.77,17.15,20.68,44.01,21.09,25.36,16.34,19.01,28.35,35.69,54.82,31.73,39.13,11.96,15.77,13.05,15.91,16.93,31.37,32.87,30.52,32.21,42.41,25.18,22.69,15.14,18.17,21.94,17.59,42.86,39.37,32.75,20.86,32.9,12.82,44.86,28.45,28.39,25.4,14.23,22.12,28.18,26.52,56.76,21.65,19.57,36.22,17.3,53.29,32.46,19.9,54.74,25.24,40.51,15.84,44.99,25.19,45.98,38.37,18.44,15.11,22.66,18.53,35.75,18.03,19.74,44.36,45.25,22.64,43.94,16.33,28.88,20.45,27.57,59.55,25.86,23.83,14.92,22.65,27.05,18.93,30.98,14.77,35.04,81.63,30.41,35.7,17.55,21.81,11.17,19.18,23.5,24.04,18.9
2025-07-30,35.38,14.47,23.41,22.3,34.28,22.44,21.05,19.53,23.38,13.3,35.78,14.53,18.46,74.18,19.31,18.97,19.94,29.36,18.04,80.63,31.07,22.46,31.36,23.98,38.7,13.91,25.91,23.05,25.71,15.39,27.97,26.03,30.6,39.1,16.78,21.17,28.81,39.63,30.73,30.63,25.15,12.16,18.89,28.08,22.39,18.31,49.75,23.73,19.28,24.98,18.39,34.57,33.84,21.99,19.2,41.92,34.75,35.45,16.41,44.91,54.03,28.61,28.7,23.03,12.75,39.54,21.95,30.73,31.25,24.46,31.59,15.91,48.27,17.92,18.13,20.24,30.99,26.12,26.19,39.27,19.56,28.57,23.6,15.27,24.23,77.39,26.13,26.93,24.9,15.0,24.11,26.46,15.99,55.9,18.17,15.23,184.94,21.56,20.68,43.04,24.73,26.43,30.97,16.48,17.33,19.21,44.56,17.64,30.57,12.79,27.4,22.21,23.22,23.59,17.16,28.81,32.86,22.92,16.92,47.3,29.87,26.85,56.98,19.75,51.4,22.36,32.38,66.26,29.94,14.04,16.4,21.67,16.38,82.33,23.14,17.13,15.21,14.61,33.53,37.23,24.15,28.2,22.04,18.67,12.64,37.52,24.5,44.62,34.89,17.86,25.23,17.29,20.31,52.26,25.89,15.23,33.51,21.44,16.87,16.63,26.28,15.87,25.02,29.44,21.32,46.08,14.44,32.71,12.05,17.41,42.48,18.57,18.18,73.69,22.13,17.12,55.02,37.65,19.12,24.24,15.17,29.05,24.47,39.62,42.52,49.39,66.55,15.76,15.61,31.45,36.07,32.7,18.81,16.75,42.09,23.78,21.7,29.44,18.53,22.83,25.31,17.98,26.41,26.07,26.69,24.97,28.37,36.9,24.79,54.46,30.0,34.15,11.77,18.5,46.65,25.2,41.14,48.67,16.75,17.32,29.65,63.89,22.64,15.76,18.84,22.1,19.61,54.01,17.64,30.16,29.66,30.69,18.54,24.98,18.26,18.29,21.88,16.81,29.57,28.75,23.82,16.27,23.61,15.25,21.0,15.75,17.32,47.03,31.65,11.83,37.8,13.1,36.84,32.68,42.02,17.75,23.75,22.21,33.09,56.72,35.29,20.7,13.33,19.16,17.57,26.15,14.5,37.21,19.16,14.67,31.67,12.87,21.32,18.38,36.29,19.54,18.65,20.05,23.31,29.11,26.74,25.4,27.16,56.26,14.92,37.59,10.99,13.96,20.48,28.6,33.96,36.98,24.87,21.09,34.1,43.34,29.98,32.47,32.38,32.87,35.1,24.06,20.04,26.31,29.98,26.52,13.05,29.06,20.61,45.08,25.51,41.9,47.36,29.78,20.03,48.68,35.26,43.53,16.89,19.7,17.17,31.83,25.8,25.73,17.05,23.48,14.7,50.82,31.04,23.67,33.22,38.33,17.08,17.62,18.06,24.15,33.52,28.61,17.24,19.72,32.26,65.04,25.8,43.52,20.97,29.37,17.9,25.59,27.56,20.77,16.1,15.34,17.6,22.6,16.87,20.07,26.75,20.64,54.75,20.23,25.29,15.97,19.51,29.49,38.75,55.08,31.98,39.03,11.72,16.94,11.51,15.93,16.83,30.55,32.91,32.67,33.71,42.65,25.27,23.46,14.96,19.24,23.77,17.76,42.71,40.15,68.16,21.18,33.06,12.97,45.01,28.31,28.4,25.72,14.23,22.64,27.53,26.76,56.43,21.42,37.11,35.07,17.0,53.28,32.46,18.34,54.87,24.22,40.43,14.87,45.57,25.3,47.62,38.45,18.53,13.63,21.96,18.62,38.47,17.98,28.97,46.09,45.25,22.53,46.39,16.27,29.68,18.96,27.36,59.59,25.73,23.84,14.73,22.54,27.29,19.59,31.09,14.92,35.01,81.94,30.82,35.19,17.56,21.36,11.53,19.73,24.38,23.94,19.44
2025-07-31,35.66,14.04,21.96,21.64,34.68,22.76,20.75,21.1,21.91,13.27,36.11,15.01,18.53,74.04,19.57,18.95,20.86,29.56,19.54,80.92,161.62,29.99,30.69,29.99,35.35,20.78,23.7,22.75,24.86,16.18,23.38,26.03,28.71,37.62,15.93,20.34,28.81,43.82,27.12,30.64,25.64,12.13,25.8,26.15,18.8,16.13,44.73,23.52,20.64,26.05,18.04,91.92,28.17,20.53,18.39,41.1,34.83,33.39,17.34,45.37,45.56,28.83,33.74,22.94,12.59,39.52,21.03,31.16,31.4,26.1,29.41,15.74,47.94,18.32,18.16,20.22,31.41,26.81,26.13,40.3,21.74,28.52,23.07,16.08,62.03,76.22,43.58,25.94,25.31,15.57,22.25,26.96,15.99,53.09,18.17,16.44,183.56,21.48,20.31,39.42,24.57,25.9,28.99,16.74,19.5,19.07,47.0,19.41,29.08,12.76,27.95,20.82,23.11,21.4,16.88,61.64,32.56,23.03,15.58,47.39,27.07,22.98,61.17,22.65,53.09,21.97,32.42,65.22,31.72,14.03,15.11,21.05,15.38,80.18,24.64,16.76,16.86,14.75,33.38,36.78,39.29,29.34,61.5,18.11,12.89,36.77,23.06,41.62,35.74,17.52,25.07,18.07,23.0,50.15,25.53,14.5,34.82,22.11,16.71,16.71,27.19,16.62,27.01,27.59,41.63,46.92,14.36,30.69,13.91,23.68,45.74,18.73,15.44,72.39,22.22,17.68,55.52,36.58,20.59,24.21,15.46,30.05,22.12,39.77,42.41,46.18,69.82,18.47,18.44,31.08,35.65,32.95,19.19,16.27,39.97,18.98,19.82,28.51,17.98,22.83,35.34,19.03,24.54,26.33,22.61,24.13,28.56,32.38,24.8,55.84,32.93,34.6,11.45,30.61,45.45,24.07,43.5,48.4,19.23,18.82,54.58,64.75,21.46,13.26,22.47,21.65,16.52,55.33,17.53,23.91,29.96,30.72,19.05,25.12,18.82,21.44,20.72,18.56,31.35,30.63,29.94,14.2,19.96,14.79,21.43,15.54,16.17,44.45,31.96,11.84,35.14,12.37,33.07,33.84,42.0,17.31,22.15,27.04,30.92,55.64,22.73,23.01,14.01,24.31,17.94,25.06,13.96,38.92,21.61,14.77,30.47,12.97,21.94,40.94,30.64,18.27,18.01,22.98,23.03,29.0,25.6,25.79,29.23,63.21,16.25,37.49,16.17,13.56,19.9,29.13,37.28,45.76,24.67,18.63,28.85,43.33,28.69,32.24,32.38,34.58,33.25,22.97,20.1,26.56,27.93,23.66,13.05,30.92,20.72,43.33,25.34,40.94,48.34,29.8,20.73,48.11,34.95,45.46,16.65,19.1,16.0,33.63,23.76,25.6,16.99,23.5,14.62,48.93,19.1,23.96,28.2,38.04,13.75,15.82,17.79,21.53,30.72,26.97,17.79,20.09,30.48,67.4,25.54,43.26,34.86,32.97,18.48,25.71,26.95,21.6,16.94,17.04,16.54,22.72,16.36,20.25,26.7,20.05,54.69,19.31,25.65,16.47,14.53,26.04,36.05,54.22,31.21,40.25,11.83,15.69,18.05,15.95,16.54,29.93,33.13,39.11,34.26,40.28,24.78,22.71,16.44,18.3,23.15,17.7,47.16,40.45,68.07,19.38,29.17,12.67,44.54,28.29,27.8,25.49,15.94,23.45,27.63,26.54,54.32,19.13,37.42,34.81,16.78,54.7,32.27,26.58,55.7,24.0,37.0,14.98,45.45,24.06,45.19,37.79,17.24,14.57,21.3,18.16,37.79,17.5,29.39,46.21,41.07,24.13,42.82,16.29,29.65,18.7,27.63,59.28,28.46,39.48,14.77,22.03,27.13,20.29,20.76,14.89,34.58,83.43,30.47,21.32,17.9,20.98,36.95,20.0,22.7,23.65,18.61
2025-08-01,35.76,14.24,24.66,24.41,34.61,26.36,19.49,19.77,19.74,15.86,36.7,14.58,17.75,73.56,18.74,13.48,18.31,29.53,21.18,76.29,163.4,28.95,30.88,27.27,37.74,21.24,22.56,24.86,25.86,34.9,30.26,25.57,28.81,39.4,16.49,21.91,33.6,45.58,30.59,29.6,25.67,10.9,25.86,26.69,17.99,20.16,45.08,23.47,21.79,25.9,20.9,92.26,27.68,20.85,17.05,39.77,35.21,34.08,18.62,46.87,46.23,28.88,34.81,21.02,11.0,39.99,20.69,31.98,31.57,27.38,30.02,15.31,48.08,18.38,19.74,17.38,31.89,27.29,24.68,41.52,23.73,28.41,23.12,16.02,62.42,76.19,42.14,31.58,24.29,15.29,23.13,27.65,16.25,52.98,22.2,16.14,56.66,19.74,22.82,73.29,24.56,26.16,29.19,16.77,20.48,18.64,47.18,21.49,29.12,13.44,27.97,21.71,18.39,21.7,14.22,65.61,29.49,22.44,19.06,49.15,27.29,23.66,61.94,26.54,53.83,25.63,33.07,67.24,31.59,15.59,17.44,20.85,18.62,81.19,24.52,17.31,15.92,13.8,32.25,37.63,39.72,31.01,61.41,18.11,12.63,36.78,23.96,40.69,35.69,19.56,26.33,18.96,22.95,50.75,24.41,14.85,34.96,22.46,15.92,16.77,27.16,16.19,27.12,27.17,43.83,44.28,16.57,30.87,12.52,24.88,46.5,18.73,14.96,72.93,21.6,18.21,56.15,37.55,21.98,24.25,17.72,30.15,21.4,38.08,43.46,46.32,69.94,19.09,19.01,30.62,36.52,32.8,19.93,40.7,41.4,18.03,20.43,27.27,18.91,20.69,37.59,21.14,25.19,27.03,22.35,24.04,28.71,32.65,26.4,54.53,33.91,35.57,11.46,30.62,45.75,23.45,43.3,47.06,19.48,18.9,54.03,65.27,46.45,17.41,22.44,21.91,17.16,56.16,19.1,25.3,29.51,31.08,19.07,25.45,20.58,22.51,20.27,21.48,30.87,32.35,28.72,22.24,19.83,15.56,21.64,15.15,15.7,46.03,31.52,12.18,35.15,12.33,35.71,35.55,42.02,16.76,22.48,26.61,31.8,56.26,22.8,23.22,14.48,24.81,20.76,25.27,13.79,38.32,19.12,17.58,30.31,13.34,23.16,42.47,30.25,18.22,18.05,23.1,22.47,27.69,25.49,43.07,29.66,64.6,17.68,37.5,17.74,13.35,20.01,31.06,38.9,48.98,25.17,19.61,28.98,42.88,28.73,28.95,32.05,35.87,33.18,23.45,22.06,25.31,27.85,24.93,13.24,26.56,20.97,45.7,28.25,40.65,46.12,29.49,19.81,48.11,34.15,45.45,20.32,18.93,14.29,33.66,23.57,27.41,17.02,22.26,17.35,50.05,19.41,23.97,30.71,38.0,14.58,16.2,17.6,21.64,30.66,25.65,16.91,21.97,30.94,67.81,27.78,43.28,34.3,30.78,18.98,25.78,27.32,22.59,18.37,18.79,17.83,21.84,16.67,19.96,25.29,20.29,86.31,20.47,26.84,18.79,20.09,25.5,35.8,56.36,31.35,41.79,10.81,16.59,18.26,14.66,15.67,30.92,33.82,36.3,30.39,39.82,23.91,24.32,20.8,18.3,23.12,18.29,46.68,41.4,69.03,18.89,28.57,13.33,44.68,27.71,28.79,25.96,16.48,23.64,24.56,26.06,51.87,19.25,37.4,35.31,16.91,52.98,31.91,26.32,58.03,24.13,36.84,16.26,44.27,23.98,44.75,39.22,16.65,15.65,21.59,18.66,37.62,17.48,27.83,45.71,42.84,24.17,42.87,16.28,29.04,18.72,27.09,59.49,30.25,40.82,14.44,21.75,29.42,18.33,20.7,14.81,33.92,83.37,29.66,20.04,16.4,21.19,37.7,20.32,22.92,23.74,19.28
2025-08-04,36.0,14.22,24.63,25.71,35.48,26.81,20.77,19.82,19.83,15.21,36.56,14.82,17.95,72.99,18.38,14.47,18.64,29.29,22.07,76.24,163.56,28.91,30.88,27.86,37.89,21.21,23.27,25.22,25.94,34.63,30.71,26.26,28.79,39.47,17.98,25.48,34.72,47.07,30.49,29.89,27.62,13.22,25.76,27.85,18.6,20.26,43.91,23.87,22.49,25.24,20.89,93.12,30.33,21.31,24.23,40.71,34.79,34.08,19.71,46.76,46.53,29.62,36.0,20.87,14.25,39.84,21.03,31.96,32.1,26.44,30.53,15.09,47.92,17.96,19.84,16.51,32.07,27.25,25.67,38.91,25.03,29.41,23.25,18.05,62.09,75.38,43.04,33.91,25.03,15.01,23.35,27.54,17.87,53.13,22.44,15.97,57.27,19.81,23.34,73.45,24.73,26.03,28.95,16.78,20.45,21.39,47.15,21.16,26.56,14.01,28.52,22.01,18.29,21.73,14.96,65.94,29.35,22.47,18.79,49.73,30.03,23.9,37.59,27.49,54.21,26.77,33.26,66.34,31.56,17.65,17.48,20.06,18.82,81.19,24.46,17.45,16.45,14.07,32.4,37.64,41.66,31.29,61.42,18.6,12.83,37.29,27.34,41.01,35.68,19.08,26.37,18.98,22.86,50.62,24.67,15.51,34.87,22.37,16.94,17.35,27.25,16.48,28.04,28.16,43.67,44.58,17.65,30.59,13.08,28.51,45.9,18.82,15.58,72.91,22.3,18.29,48.45,35.71,23.13,24.22,17.71,30.39,21.28,38.19,43.76,46.33,69.94,21.33,21.36,31.59,36.8,34.32,21.19,40.3,41.3,21.04,20.99,28.13,19.99,21.8,38.13,20.74,25.82,27.34,23.66,24.06,30.96,32.59,26.43,54.15,33.11,35.84,13.2,89.83,45.75,23.96,44.3,45.86,19.62,18.75,54.02,65.23,49.96,17.08,22.09,23.75,17.0,56.23,19.12,26.42,29.39,30.6,20.04,26.23,20.41,22.51,19.92,22.37,31.46,31.35,31.01,23.24,19.96,15.36,21.52,17.61,15.61,44.03,31.57,12.21,35.27,13.96,37.45,35.7,42.17,16.8,25.03,27.7,32.7,56.19,22.77,26.3,15.0,24.5,21.29,24.84,13.78,38.4,18.84,20.97,30.28,13.38,23.48,43.89,30.29,17.41,22.67,24.71,22.36,27.55,25.87,46.84,29.22,64.51,18.38,38.6,18.4,13.41,20.61,32.63,40.51,49.33,25.7,20.58,28.6,45.25,28.8,28.98,32.04,33.45,34.79,23.69,23.5,25.41,28.07,27.0,14.15,26.87,21.72,46.3,28.57,41.0,74.56,29.65,19.83,48.3,34.4,44.09,20.03,28.64,14.48,33.5,23.55,27.35,17.07,21.33,17.27,49.93,19.75,24.02,32.67,37.31,15.88,16.9,18.82,22.08,30.65,25.93,17.3,22.34,31.42,67.88,25.32,43.69,34.27,29.28,20.73,26.81,27.39,23.35,20.91,23.1,18.19,21.72,16.28,23.09,24.68,20.22,83.09,20.11,29.68,19.41,20.61,25.76,35.78,56.65,31.32,39.91,11.2,18.07,20.87,16.33,15.99,30.94,33.94,35.75,31.62,40.24,23.66,25.75,20.87,18.45,23.35,18.07,46.67,41.41,68.83,18.82,28.32,15.86,44.7,27.85,30.2,26.46,17.1,25.32,23.62,27.65,52.52,21.61,37.47,37.26,19.43,53.25,32.04,28.91,58.55,24.16,37.22,16.68,44.86,24.6,45.11,39.27,16.82,15.15,22.05,20.51,37.39,19.24,27.51,45.53,42.43,25.21,42.95,16.47,29.66,18.72,27.03,59.52,29.96,40.81,14.58,21.84,28.72,17.63,20.43,15.07,40.16,83.41,29.75,20.11,16.45,21.92,37.83,20.79,24.03,24.23,22.42
2025-08-05,35.15,13.87,24.09,25.17,34.71,29.23,20.34,19.37,27.82,15.11,35.81,15.4,18.82,74.31,18.07,14.21,18.19,28.76,22.83,74.42,159.96,28.46,30.48,27.88,38.0,20.72,22.82,24.61,25.63,34.06,31.27,25.64,28.1,39.11,18.57,25.13,34.95,49.08,29.79,29.51,27.02,14.58,26.46,28.01,18.41,24.04,67.76,23.3,22.13,24.86,20.41,91.56,30.06,21.19,23.69,40.35,34.68,33.31,19.24,45.65,47.03,29.01,35.34,29.85,14.65,38.9,21.57,32.0,31.44,25.94,30.04,14.73,46.79,18.44,19.39,16.14,31.3,27.73,25.53,38.43,27.64,28.88,22.77,17.61,60.61,74.69,42.78,33.71,24.47,14.65,23.02,26.9,17.8,51.92,23.81,15.92,55.89,19.63,22.93,74.52,25.64,25.45,28.42,17.86,21.23,20.93,46.06,21.33,27.11,14.43,28.07,21.5,18.25,21.67,14.9,65.12,31.05,22.32,18.39,48.5,29.7,24.86,39.14,26.84,52.97,26.12,32.52,64.75,30.97,17.38,17.12,19.7,18.64,80.95,28.73,17.03,16.56,13.8,31.74,37.01,40.72,30.61,60.6,18.47,13.34,36.52,26.69,40.54,35.11,19.34,25.91,18.52,22.86,49.4,24.08,15.53,34.47,34.6,17.71,16.97,26.94,16.66,27.4,28.26,42.72,43.52,18.08,31.25,13.38,28.03,44.79,34.86,15.2,71.59,25.28,19.37,47.71,35.55,24.78,23.63,19.22,30.36,20.89,37.31,42.96,45.23,68.31,20.92,20.93,30.96,35.95,33.65,20.83,39.33,40.3,20.54,20.49,27.48,19.85,21.56,37.66,20.36,25.26,26.73,23.15,23.58,39.24,32.03,25.84,53.62,32.49,35.89,13.1,91.01,45.69,23.66,43.37,46.91,20.35,18.78,52.75,63.66,48.82,17.08,21.71,108.81,16.97,54.88,22.02,26.09,28.94,30.32,21.13,25.69,20.18,21.98,19.44,21.83,30.84,31.29,32.54,22.83,20.14,15.02,21.01,17.27,29.0,43.05,30.81,11.97,34.45,13.78,38.5,34.86,41.46,16.62,24.88,27.68,31.94,54.99,22.37,25.76,14.82,24.48,20.88,24.3,15.01,37.72,18.4,20.69,30.02,13.06,22.96,43.39,29.87,17.01,22.18,25.03,21.99,26.98,25.39,47.52,28.81,62.95,18.03,38.54,18.98,14.07,20.12,31.98,39.99,48.62,25.28,20.33,28.17,44.86,28.56,28.33,31.36,32.97,34.37,23.15,23.19,25.13,28.08,26.86,14.02,26.56,21.25,46.11,32.93,40.14,72.81,29.11,19.39,47.51,33.64,43.04,19.55,28.0,16.85,32.7,29.4,26.77,16.66,21.06,16.96,48.84,19.33,24.26,39.13,36.62,15.5,18.05,18.36,22.76,29.97,25.83,17.57,22.59,30.76,66.5,25.06,42.65,33.45,28.82,21.48,26.22,26.73,22.79,21.64,24.49,18.24,21.35,16.53,22.59,24.11,20.04,81.47,25.76,29.07,19.22,20.58,25.22,35.74,55.95,30.76,39.47,12.71,20.88,20.39,16.45,16.79,31.11,33.14,35.65,30.87,40.03,23.1,25.41,20.36,18.06,23.22,17.67,45.59,40.95,67.2,18.39,29.23,15.56,43.64,27.34,29.85,25.87,18.23,24.77,23.23,26.98,51.25,22.27,36.78,37.96,18.99,52.5,31.38,28.35,57.16,24.02,36.37,16.86,47.25,24.12,45.19,38.38,16.57,15.3,22.01,20.49,36.91,18.79,26.93,44.44,41.7,82.28,42.84,16.1,29.03,18.41,26.97,58.12,29.25,40.82,15.06,21.31,28.17,17.26,21.33,14.75,39.31,81.4,30.05,19.71,16.47,21.39,36.98,26.73,23.47,47.89,25.06
2025-08-06,35.0,21.6,24.25,25.18,34.68,29.43,22.05,19.03,27.91,15.39,36.59,15.52,18.82,74.29,21.15,14.65,40.44,28.83,23.35,74.03,159.96,28.03,30.66,27.89,44.84,20.42,28.49,24.6,25.59,36.82,60.48,25.62,28.11,40.17,18.72,24.94,34.15,49.99,29.98,34.35,26.1,14.57,26.49,29.3,17.89,24.05,67.79,22.91,22.51,24.57,20.4,90.96,29.47,22.08,23.19,39.68,30.92,33.84,18.91,45.42,46.93,29.04,36.0,29.61,14.49,39.02,22.4,31.46,30.61,25.52,29.14,13.5,46.71,18.03,19.27,15.99,31.28,27.44,24.44,37.49,26.56,30.48,22.43,18.61,60.15,74.71,42.6,33.89,24.94,16.28,23.01,26.73,16.86,51.85,23.64,15.14,56.1,19.97,22.69,74.97,26.37,25.1,27.84,18.32,21.41,20.82,59.09,21.59,28.57,16.75,27.88,20.51,18.05,22.78,15.48,64.65,30.91,22.17,18.1,48.53,27.87,26.03,40.84,25.94,52.95,26.41,32.26,64.69,31.1,19.27,17.83,18.79,19.16,81.61,28.8,16.17,16.4,13.97,44.94,36.65,41.09,30.42,60.42,18.58,13.08,36.31,22.48,38.82,35.28,25.25,24.27,18.2,22.88,48.97,23.26,15.71,34.53,34.47,17.66,16.18,27.12,16.81,27.53,28.75,42.04,43.41,18.96,31.05,13.42,28.0,47.55,36.01,15.08,71.64,24.18,18.58,45.23,35.34,25.12,23.61,19.39,31.1,19.56,37.29,42.36,44.67,67.73,19.68,19.83,30.42,46.15,33.66,19.93,40.51,39.65,19.96,20.55,27.48,19.35,21.25,38.03,20.27,25.3,26.55,21.53,23.53,40.25,31.95,26.04,53.45,32.88,35.8,13.12,91.75,45.73,31.32,42.67,46.79,20.84,18.69,52.77,64.94,48.92,25.78,21.28,108.82,16.28,54.96,22.07,25.24,29.01,30.25,21.32,25.56,19.64,22.01,20.08,19.76,29.85,30.36,32.39,23.52,25.66,15.22,21.58,17.03,29.07,42.98,30.53,12.33,34.05,13.14,37.57,35.76,41.52,16.8,24.17,27.7,30.55,54.99,22.47,25.5,14.72,24.55,21.45,23.74,17.82,37.37,16.69,20.58,30.01,12.77,23.04,43.46,29.65,16.23,23.06,25.29,21.97,54.4,28.28,46.63,29.37,63.26,18.18,38.84,19.11,15.24,20.32,32.04,39.71,47.69,25.27,19.94,27.86,44.88,30.53,28.83,31.49,33.31,61.33,22.85,23.15,23.83,28.08,26.53,13.48,25.57,21.29,45.31,32.14,40.02,72.15,27.74,19.92,47.66,33.73,44.21,19.35,26.85,19.3,32.68,31.38,26.93,17.76,19.83,18.04,48.68,19.37,24.02,39.19,36.89,15.51,17.9,18.28,23.0,29.24,24.93,17.6,21.49,31.23,66.29,25.1,43.74,32.61,28.66,21.2,27.18,26.76,21.78,20.94,25.4,24.02,21.28,16.5,24.43,24.64,20.17,81.64,25.83,29.25,18.91,19.14,25.22,35.71,89.79,30.37,38.35,12.72,20.9,20.42,17.06,16.25,31.14,33.16,37.06,30.77,39.45,21.19,25.45,20.84,19.93,23.96,17.72,54.46,40.32,66.8,18.44,29.61,17.43,44.89,26.97,29.37,25.84,18.81,24.27,22.3,24.18,46.36,21.77,36.74,37.61,18.69,52.56,31.36,28.37,56.9,20.75,36.16,16.93,47.36,24.56,44.4,38.21,16.57,15.58,21.69,20.37,37.67,19.0,26.16,44.97,41.32,83.2,45.61,16.27,29.95,17.59,26.99,58.12,30.13,41.91,15.12,21.46,27.85,17.43,21.42,19.73,38.63,81.44,28.41,17.2,16.56,21.29,36.7,27.24,23.37,48.01,24.9
2025-08-07,34.63,23.95,24.33,37.3,34.82,29.12,21.86,18.74,28.55,15.51,38.93,14.94,18.72,72.57,21.11,17.6,43.0,29.41,22.09,71.39,160.07,28.92,30.81,28.58,47.38,21.25,28.0,25.28,25.65,36.25,60.56,25.62,28.07,43.98,18.28,24.73,35.05,61.72,30.37,33.24,26.65,18.44,26.84,28.93,18.25,24.63,67.5,22.37,21.9,24.74,18.01,91.84,28.01,36.23,23.68,39.24,31.39,31.96,19.04,45.12,46.56,29.18,36.01,29.06,15.37,39.35,21.89,31.22,30.15,24.33,29.51,13.72,46.72,15.61,21.62,15.98,30.63,27.49,23.94,38.16,26.16,39.4,22.22,18.64,60.15,74.1,42.75,32.62,25.76,16.08,22.74,25.98,14.45,51.85,23.63,14.99,56.31,19.28,24.28,75.69,26.58,22.03,27.82,19.46,21.55,36.82,58.13,22.92,33.99,16.96,28.35,22.07,17.67,23.47,15.48,63.68,30.87,17.83,18.23,48.66,30.69,24.91,38.5,26.0,54.4,25.73,32.22,64.74,31.62,19.96,18.13,18.75,18.91,78.65,28.34,16.17,16.14,13.4,44.77,28.02,40.83,30.31,60.15,18.27,13.06,36.44,22.51,38.91,34.63,25.31,20.48,17.87,23.13,48.48,24.24,15.87,34.6,34.49,16.94,15.9,27.27,16.92,27.43,28.98,41.96,43.28,19.12,30.51,13.45,28.37,39.9,36.07,14.59,70.44,24.18,18.8,37.9,89.64,25.12,23.81,20.96,31.03,20.6,37.43,42.36,44.71,67.87,18.62,18.75,30.34,48.56,33.66,18.83,40.78,34.17,19.99,20.67,28.36,19.37,21.52,37.1,20.01,25.36,27.01,21.12,22.68,40.05,29.55,26.51,53.48,32.85,34.71,12.32,92.22,45.01,31.36,42.67,39.84,22.24,18.7,54.14,64.9,48.86,27.07,21.11,109.23,15.72,56.17,22.12,24.53,28.52,30.23,21.71,25.56,17.03,22.46,19.61,19.65,29.89,30.59,33.62,23.49,25.62,15.51,19.59,17.38,28.42,42.92,30.56,13.29,34.03,13.23,37.51,62.16,41.44,16.02,23.99,29.41,30.85,54.86,22.08,24.57,15.42,24.97,21.32,23.75,17.57,33.75,25.31,20.58,30.15,14.12,24.52,43.82,29.24,16.84,23.05,25.73,21.41,55.53,27.04,46.11,29.59,54.71,17.1,38.72,19.36,12.95,20.36,31.91,38.71,48.18,23.75,19.45,27.86,41.52,30.48,26.73,31.36,35.56,60.2,23.25,22.87,23.0,27.25,26.47,14.44,23.02,21.33,45.44,31.39,39.81,69.31,29.73,19.74,47.76,29.15,44.2,19.73,27.06,19.71,33.36,31.23,26.55,17.1,19.89,22.63,48.68,19.84,24.03,39.11,36.62,15.2,17.69,18.49,38.99,28.44,24.01,17.48,23.66,29.29,68.62,23.89,43.81,32.36,28.82,21.4,26.69,27.06,23.43,31.52,25.43,24.43,20.62,16.7,24.93,24.28,19.89,80.25,26.48,29.97,18.94,19.16,25.7,31.55,88.55,30.48,37.98,12.68,20.77,20.36,17.57,28.2,30.09,33.24,35.89,31.83,37.62,20.11,25.85,20.83,20.62,24.39,17.68,53.89,40.41,66.75,18.25,29.6,17.45,44.73,27.3,32.46,26.92,20.15,24.76,22.2,24.27,46.26,21.82,36.25,38.4,18.6,52.08,31.1,29.07,57.1,24.83,38.31,18.16,46.72,24.68,43.86,38.38,16.64,17.04,21.98,20.33,35.3,18.94,25.88,45.01,41.31,83.01,45.59,16.04,38.77,18.11,27.01,58.07,32.21,41.04,14.96,20.22,27.81,17.16,21.36,17.75,38.82,81.47,27.57,16.12,16.38,18.6,36.74,27.49,35.07,48.35,25.28
2025-08-08,34.71,27.41,24.41,37.57,35.28,28.93,21.37,18.81,28.21,15.65,38.23,15.53,19.34,39.4,21.03,19.32,43.03,29.27,28.79,75.72,159.64,28.99,30.78,28.84,47.41,21.17,28.41,25.68,25.97,35.94,60.53,25.57,27.66,45.11,18.11,24.86,34.87,62.49,31.1,33.25,26.57,18.52,26.89,28.29,18.11,24.65,68.43,22.72,22.13,21.66,19.98,91.85,29.09,37.38,23.1,39.28,31.33,32.88,18.95,44.4,44.09,29.1,36.01,29.16,15.68,39.56,21.83,31.0,32.16,24.74,29.31,16.85,46.25,14.13,20.79,16.25,30.58,28.02,25.13,38.29,26.38,38.86,22.74,19.26,60.43,74.22,43.32,32.79,25.98,16.09,22.97,25.99,14.5,51.65,23.57,16.07,56.2,19.29,24.33,72.87,27.02,22.23,28.11,18.67,21.87,36.96,58.11,22.91,33.39,18.88,28.38,22.03,18.01,23.9,15.49,64.3,32.71,18.28,17.87,48.67,34.56,24.23,40.11,26.12,54.39,25.73,32.56,62.87,31.83,19.83,18.3,19.35,18.89,77.37,28.12,17.53,16.04,13.62,45.13,29.76,42.23,31.6,60.2,18.63,13.21,36.3,24.01,38.87,34.65,25.09,19.96,17.88,23.32,48.49,24.38,16.37,34.63,34.48,17.04,16.18,27.11,17.1,27.58,31.33,42.1,44.43,18.55,30.99,13.69,28.64,34.5,36.71,15.32,70.65,24.19,18.99,38.06,89.45,24.95,23.63,43.3,40.76,20.32,35.29,42.18,44.79,67.87,19.47,19.7,30.12,48.77,33.55,18.81,40.77,34.18,19.99,21.57,29.36,19.22,21.48,37.25,20.16,25.39,27.91,23.33,22.44,40.0,24.36,26.18,54.84,32.68,34.96,12.68,92.21,44.65,31.05,42.57,40.26,22.35,18.74,53.85,64.55,48.61,27.52,21.08,109.4,15.51,56.13,22.1,24.54,29.12,30.34,22.04,25.64,17.13,22.68,20.18,21.18,29.9,30.47,33.61,23.59,25.46,15.02,19.56,17.19,28.42,40.62,31.4,14.48,34.32,13.38,38.83,61.92,41.53,16.39,24.06,30.72,30.85,54.36,22.23,26.56,17.2,25.15,21.32,22.92,17.9,39.7,25.48,20.5,29.69,15.16,26.8,43.61,29.36,16.63,23.27,30.88,17.91,55.76,27.04,45.81,27.83,54.46,17.92,38.73,18.92,13.96,21.74,32.14,44.31,48.78,23.49,19.41,27.26,41.44,31.8,26.69,31.93,35.6,60.17,23.15,24.24,22.96,27.43,26.18,15.29,23.32,21.15,45.3,31.57,38.56,69.29,29.72,19.8,47.82,29.82,43.7,19.63,26.65,19.67,33.32,31.75,27.07,17.1,19.94,22.64,46.68,19.93,24.07,39.17,36.92,15.89,17.4,19.16,39.15,27.89,24.08,17.53,25.45,29.18,40.59,23.61,43.83,32.76,29.56,21.45,26.6,27.32,23.63,31.35,25.51,24.33,20.58,16.46,24.85,24.2,20.02,80.23,26.61,30.29,19.19,18.51,25.73,31.62,89.39,30.48,37.99,12.86,20.97,20.48,18.32,29.52,30.35,33.46,35.6,32.13,37.22,24.65,25.96,20.71,20.56,25.65,17.88,53.95,40.37,66.75,18.4,29.62,17.61,44.4,26.72,31.16,26.22,20.64,24.34,22.14,24.73,46.55,21.74,35.88,171.89,22.33,52.26,31.01,29.04,56.91,27.01,39.04,18.15,48.19,24.66,43.95,38.14,17.99,17.54,21.69,20.35,35.38,19.12,25.8,44.83,40.97,82.11,44.65,16.11,40.2,17.72,27.96,58.34,32.34,41.03,15.07,20.83,28.11,17.28,21.34,17.67,38.33,81.11,27.71,16.25,16.4,18.99,36.88,27.52,34.69,48.38,25.22
2025-08-11,34.27,28.25,22.09,38.81,36.74,28.06,21.89,18.7,28.56,15.51,30.24,15.59,18.89,33.5,21.42,19.85,43.75,29.98,28.42,77.27,163.16,29.54,30.45,28.96,47.38,21.62,28.32,26.05,26.55,36.61,62.32,25.9,27.03,45.97,19.25,25.54,35.43,60.86,31.32,33.68,26.31,18.84,27.18,28.58,18.2,25.16,61.79,20.44,22.28,22.7,20.43,93.7,27.71,38.1,23.46,39.35,32.27,33.63,19.06,45.25,45.46,29.46,34.26,29.45,16.01,40.91,22.07,29.4,31.98,25.03,22.33,16.69,47.04,13.81,21.8,16.39,31.65,28.46,25.17,39.28,27.23,38.57,23.03,19.65,61.49,76.53,44.37,33.6,26.49,15.97,23.9,26.54,15.31,52.68,23.67,15.71,56.98,19.98,24.39,73.87,25.16,22.53,27.79,19.03,22.43,38.27,57.87,23.59,30.16,19.46,29.81,22.11,18.8,20.42,16.16,65.66,32.92,18.71,16.86,29.57,33.5,24.5,39.52,25.56,54.83,26.89,32.13,63.99,31.59,19.62,18.39,17.84,19.09,78.58,28.07,17.13,15.73,13.45,45.9,30.12,42.58,34.42,61.74,18.96,13.07,36.52,25.65,33.79,35.62,25.54,20.09,18.02,23.92,49.49,22.92,16.12,35.19,35.25,17.4,16.14,26.62,17.96,25.53,30.24,42.83,43.09,18.59,31.68,13.66,27.49,34.78,37.44,14.67,72.3,20.68,19.42,38.65,89.64,25.47,23.89,45.25,38.21,20.84,36.26,42.78,45.83,69.16,19.88,20.13,30.4,48.71,34.7,18.23,41.35,31.52,18.62,21.6,30.01,19.29,21.66,36.24,19.37,26.03,25.9,24.92,19.12,40.77,31.08,26.44,55.32,32.96,35.32,12.67,94.29,45.39,31.74,41.75,42.87,29.22,19.03,54.49,65.45,49.51,28.14,20.3,112.08,15.21,57.63,22.03,24.49,29.92,31.05,22.0,26.0,16.4,23.2,20.9,22.73,29.84,29.46,34.37,23.68,26.07,15.45,19.94,17.48,28.91,40.71,30.45,14.75,33.87,13.72,40.18,63.69,42.35,16.07,23.68,31.12,30.71,46.35,21.35,27.16,15.12,25.84,21.24,21.52,17.37,40.41,25.79,20.56,30.24,15.47,27.83,44.24,26.86,17.09,24.73,32.02,18.0,56.14,26.62,46.58,28.46,52.27,17.93,38.82,19.29,14.55,20.77,32.36,47.35,46.13,23.08,19.5,27.46,42.4,31.15,25.08,32.72,32.66,61.6,23.43,24.54,23.46,26.59,26.98,15.21,22.68,21.91,45.31,32.25,39.12,69.42,29.38,19.54,48.93,30.42,38.64,20.51,26.83,20.86,33.9,32.3,27.06,17.46,19.56,23.03,47.84,19.43,23.95,41.3,37.22,15.9,17.52,18.98,38.86,27.84,24.03,17.3,25.73,26.82,30.87,23.96,40.07,33.53,28.79,22.11,28.44,28.07,23.6,31.92,25.23,24.51,20.87,16.56,25.34,24.91,20.54,81.69,26.78,31.05,19.14,18.05,26.35,30.96,91.51,30.91,37.8,12.09,21.1,20.86,19.18,29.89,30.39,34.37,35.67,32.5,37.58,23.48,26.28,20.57,20.7,26.38,17.93,53.72,41.69,65.98,19.63,29.71,17.4,44.77,26.61,31.69,26.8,20.94,23.81,22.57,24.9,46.02,21.93,36.68,175.77,23.23,52.87,29.25,27.18,30.93,28.01,39.77,18.59,48.91,25.33,44.62,38.64,18.12,16.42,21.73,19.39,32.74,19.49,26.92,45.81,34.33,84.73,45.84,14.89,41.01,17.71,28.58,59.19,30.84,42.06,15.11,20.98,28.55,17.84,21.72,15.65,38.69,82.92,28.37,17.13,17.22,18.77,37.65,27.4,35.07,48.8,25.02
2025-08-12,35.08,27.62,21.57,39.59,35.87,27.43,22.24,22.55,27.88,15.84,29.59,15.27,18.47,32.78,21.05,19.37,42.93,29.43,28.85,76.68,160.54,28.83,29.82,29.52,46.31,21.54,27.64,26.58,25.95,35.73,61.02,25.67,26.61,45.69,19.95,25.33,35.17,59.55,39.27,34.4,27.65,18.38,26.95,29.06,18.91,25.98,64.62,21.92,22.19,24.26,22.25,92.06,28.43,37.29,23.44,38.55,31.5,32.98,19.91,44.22,49.82,30.12,33.78,28.9,16.25,40.0,21.54,29.39,32.93,26.98,22.13,29.82,46.45,13.72,21.53,16.04,31.19,28.2,27.34,38.45,28.33,37.84,24.16,19.45,60.2,75.69,43.66,33.71,26.05,15.86,23.46,27.45,19.49,53.41,24.15,15.38,57.77,19.6,27.81,72.36,26.29,22.38,27.13,18.99,22.26,39.32,57.3,23.02,30.84,19.19,33.39,22.17,18.41,19.94,17.06,64.08,32.27,18.41,16.59,42.17,34.1,26.29,38.59,24.95,54.64,26.3,31.36,62.66,32.52,19.67,17.98,17.47,19.7,78.99,27.42,17.97,15.37,13.73,45.78,29.84,43.0,33.59,60.32,18.82,12.91,35.78,25.22,34.44,35.68,25.17,20.05,18.07,23.58,48.37,22.39,15.74,34.66,34.53,17.04,15.75,26.53,16.92,27.04,34.21,41.87,42.69,18.47,32.33,13.37,27.83,34.25,38.14,16.81,71.02,22.59,19.77,37.84,90.16,26.3,23.38,46.57,37.39,20.34,35.4,41.75,44.73,67.5,19.56,19.77,29.76,47.92,34.21,20.84,41.43,32.14,18.34,23.74,29.93,19.94,21.15,35.39,21.79,25.51,27.94,28.11,18.9,40.75,30.35,28.33,54.58,32.22,34.89,13.89,92.07,46.61,32.15,41.49,46.6,28.86,18.78,54.14,64.53,49.58,29.63,20.66,110.17,15.63,56.68,21.71,27.64,31.33,30.45,21.9,25.64,16.42,22.68,23.28,25.11,29.14,31.65,34.87,23.19,25.72,15.08,19.97,17.15,28.22,40.96,29.73,14.41,33.54,13.54,40.45,62.43,41.72,16.1,23.83,32.19,33.7,50.63,21.31,27.52,14.76,25.24,23.25,23.45,17.27,45.36,25.9,20.22,29.52,15.38,27.81,44.2,28.62,16.83,25.3,31.26,17.57,56.1,26.17,48.36,27.83,51.49,19.13,37.9,19.29,15.34,22.37,32.9,47.49,45.47,22.91,21.04,26.9,41.42,30.49,24.75,31.97,31.87,60.95,22.88,24.68,23.62,27.64,26.33,15.96,33.75,21.43,47.36,31.66,38.32,71.91,28.67,20.53,48.91,30.0,40.96,21.75,26.82,20.79,33.28,31.57,26.73,17.04,19.26,24.37,47.35,19.55,23.58,40.48,36.41,16.43,20.43,18.53,38.18,28.0,24.96,17.55,26.01,26.96,30.15,24.27,39.48,35.57,30.97,21.6,28.66,29.0,23.89,33.65,24.81,26.22,20.75,16.79,24.78,24.77,20.05,80.14,26.16,31.0,18.86,17.86,25.72,31.3,89.91,30.49,37.08,12.07,22.02,20.39,19.06,29.25,31.39,33.89,35.74,31.84,39.06,23.84,28.9,20.08,20.44,26.18,18.51,55.71,41.02,67.58,21.59,29.89,17.04,44.78,26.16,31.82,26.52,20.76,24.25,22.05,24.39,44.92,21.51,36.87,171.65,27.46,55.16,29.09,29.48,44.48,27.81,39.61,21.13,50.07,24.72,44.1,41.3,20.3,16.09,21.29,18.94,32.61,20.22,27.36,44.96,34.28,84.12,47.31,14.56,40.73,17.28,28.11,58.84,30.18,41.21,14.81,21.94,29.32,18.65,21.27,15.49,38.91,80.94,28.16,20.69,16.95,18.47,36.74,26.9,34.59,50.68,24.52
2025-08-13,35.15,27.3,21.82,39.62,36.11,30.57,25.7,24.2,28.04,16.96,24.58,15.5,18.47,32.91,21.85,20.48,42.98,29.63,33.52,77.96,161.55,28.64,30.02,29.73,48.55,21.04,28.11,26.85,25.43,36.05,62.02,26.19,28.45,44.11,20.74,26.36,35.95,60.63,41.21,34.96,27.61,18.38,28.26,29.69,21.04,26.16,64.01,22.34,21.69,23.69,22.22,92.18,30.61,37.28,23.75,37.13,30.11,36.83,19.56,43.5,51.89,30.04,34.92,29.03,17.04,40.03,21.18,29.67,34.61,27.48,22.11,30.21,47.29,13.29,21.53,17.27,31.75,28.19,28.51,38.6,29.45,41.35,24.28,20.21,59.77,75.91,44.6,32.4,26.34,16.83,23.3,28.28,19.47,54.08,24.44,15.56,59.11,19.6,27.75,72.19,26.86,22.22,26.62,19.11,23.61,39.16,57.51,24.63,30.88,19.91,33.63,22.14,18.45,22.03,18.22,64.15,32.2,16.64,16.75,41.68,37.03,28.11,38.31,25.29,53.86,26.1,31.36,63.82,30.39,21.79,17.29,17.49,22.09,81.42,27.8,18.25,15.69,13.94,46.35,28.95,42.07,33.55,60.99,19.67,12.88,39.92,25.13,36.15,37.24,25.84,20.6,18.15,24.78,44.33,22.88,15.82,35.58,34.98,16.86,15.55,26.74,17.37,27.09,35.33,42.63,42.91,19.92,32.21,13.43,27.91,34.77,38.31,17.99,72.05,28.12,20.87,37.48,88.82,27.75,23.47,47.13,36.85,20.55,35.3,41.4,45.53,66.98,19.87,20.18,30.5,50.38,34.44,20.57,42.39,28.71,20.09,23.73,29.73,21.59,21.05,35.41,22.41,25.74,28.1,27.22,18.61,39.74,30.87,29.3,54.3,31.85,41.85,13.92,92.0,48.72,34.31,43.8,47.17,28.7,19.98,54.23,64.25,50.83,30.58,20.67,113.2,17.6,56.65,22.02,28.71,35.82,30.55,23.45,25.64,16.57,22.47,24.08,25.77,29.16,31.29,35.18,22.55,25.3,14.99,24.03,17.15,28.79,43.52,29.85,14.08,35.82,13.63,39.93,63.8,42.5,16.12,27.16,31.41,36.26,50.28,21.31,25.86,14.8,25.56,24.15,27.64,17.55,46.19,25.8,20.31,29.86,15.56,28.04,44.57,30.56,18.65,25.32,31.05,18.18,57.62,26.34,47.81,29.75,55.05,18.8,39.31,20.3,15.05,22.68,32.16,45.32,45.06,23.11,22.68,26.8,41.56,30.54,26.46,31.89,30.78,61.1,22.45,24.98,23.88,29.47,26.51,18.52,36.88,19.41,48.59,32.41,40.26,73.48,32.07,20.16,49.14,29.08,40.52,23.66,27.54,20.83,33.56,32.23,27.11,15.35,20.84,24.53,49.75,19.49,24.09,39.33,36.57,16.92,22.36,18.61,38.17,32.79,28.06,17.26,26.72,27.58,30.12,26.26,39.9,35.47,30.63,21.47,28.79,29.69,25.93,33.67,25.06,27.81,20.64,16.97,24.92,24.29,19.46,79.8,25.6,30.66,22.22,20.07,25.99,31.1,89.82,31.53,36.69,12.38,22.81,20.4,19.02,29.08,32.93,33.87,35.62,27.64,43.9,25.46,28.9,20.13,20.89,26.15,18.29,56.11,40.82,67.14,22.44,30.0,16.97,43.92,26.38,31.19,26.58,20.95,25.01,22.92,23.45,44.93,22.56,36.98,172.0,27.16,55.22,31.84,30.34,44.46,27.52,40.16,23.19,52.31,25.86,44.36,41.22,21.35,17.04,20.29,18.89,32.89,20.45,27.27,45.39,38.45,84.54,47.82,14.46,41.48,17.5,28.42,35.15,33.08,41.19,14.84,21.64,29.62,18.68,20.67,18.05,37.15,81.14,29.57,20.8,16.93,19.08,36.73,27.25,34.73,51.35,25.29
2025-08-14,28.06,27.41,20.9,39.5,36.11,30.54,25.69,23.93,27.91,16.29,24.04,15.48,18.27,29.63,20.58,20.47,41.23,28.75,33.8,77.21,161.43,27.58,29.06,29.49,45.9,21.09,27.69,25.15,25.22,37.31,62.1,25.47,27.64,41.07,20.25,26.05,35.46,61.84,40.75,34.63,24.67,18.16,28.16,29.28,20.33,25.41,64.39,19.59,20.71,23.68,21.28,92.46,29.11,37.41,22.01,36.74,30.33,33.44,19.21,42.56,52.33,20.35,34.21,29.01,16.42,39.86,21.74,28.74,34.22,25.07,20.92,30.83,47.39,13.57,21.65,16.4,29.73,27.99,28.56,38.62,29.38,41.29,22.83,19.87,59.41,75.46,44.84,35.18,24.82,17.86,21.96,27.13,19.34,54.05,24.82,16.19,58.86,19.61,27.09,72.15,26.27,21.32,26.38,17.69,23.38,39.76,56.99,24.9,31.17,20.44,32.94,21.29,18.42,22.06,17.71,64.54,32.27,16.55,17.16,38.92,37.18,27.94,39.12,34.72,53.38,26.06,31.02,61.07,28.78,21.66,17.87,16.04,22.71,82.01,27.36,17.74,16.11,14.41,45.93,26.67,42.06,33.45,61.87,19.21,12.61,40.3,24.77,39.96,37.18,25.89,18.99,18.63,24.54,44.67,22.14,15.98,35.45,34.99,17.3,15.08,25.99,17.55,27.54,34.18,42.47,41.63,19.83,31.86,13.81,28.92,34.17,38.49,16.31,72.46,28.17,19.79,32.37,88.26,27.71,23.01,47.23,35.54,19.54,33.74,40.88,45.47,67.33,19.85,20.16,29.56,49.42,34.46,19.65,42.13,27.15,19.35,21.39,28.53,19.12,18.36,34.81,22.01,25.62,27.52,26.91,19.17,40.05,30.36,29.86,53.11,31.83,41.87,13.54,92.17,48.83,34.28,42.15,52.96,28.61,19.73,54.04,63.88,50.68,31.76,20.77,113.25,18.74,54.79,23.2,27.95,35.82,30.64,24.61,25.08,16.82,21.75,22.33,28.37,28.22,30.9,34.85,22.83,24.97,15.68,24.5,15.32,28.59,39.4,29.11,13.94,35.98,12.01,40.73,64.76,42.59,15.93,24.26,31.17,36.04,50.23,21.12,25.33,14.83,24.38,22.56,26.77,17.77,46.21,26.58,19.31,29.81,15.87,27.01,44.1,30.43,17.88,23.15,30.57,18.24,57.62,26.43,48.27,28.34,53.95,17.73,39.06,20.26,16.11,20.7,31.15,45.23,44.65,22.42,23.03,26.79,34.93,31.57,26.77,31.55,30.95,60.32,21.71,24.52,23.27,28.53,23.43,18.62,36.39,14.96,48.09,31.89,39.43,73.47,31.15,18.91,49.37,21.91,40.63,22.24,24.53,20.49,33.16,30.53,26.35,15.63,19.5,25.87,46.93,19.85,24.03,40.22,36.53,15.85,22.75,18.46,38.6,31.13,27.51,16.72,25.28,27.57,30.17,26.33,40.1,35.59,30.62,20.86,25.2,27.82,24.9,36.33,25.38,27.66,20.61,17.05,23.71,24.15,19.46,79.75,25.66,30.74,22.79,19.39,26.57,29.5,86.3,32.31,35.25,12.58,21.96,19.42,18.94,29.0,31.28,20.96,35.77,27.61,43.59,25.68,26.17,20.13,20.37,26.19,19.05,55.86,40.65,66.93,20.04,28.84,16.27,43.19,26.04,67.29,25.98,20.97,24.41,21.7,20.75,44.53,21.77,37.25,170.56,27.46,55.28,31.9,30.1,42.99,26.99,38.21,23.19,51.53,25.8,44.48,41.14,18.73,17.03,20.62,18.58,32.87,16.81,27.75,45.39,40.31,84.51,47.66,14.52,40.7,17.33,28.7,31.01,33.12,41.19,15.61,21.56,23.81,18.81,20.54,17.96,34.61,80.86,28.6,20.85,16.49,18.94,36.83,27.18,35.09,52.37,24.58
2025-08-15,28.05,27.62,20.02,39.55,36.71,30.03,26.48,24.74,27.92,16.13,24.33,15.6,18.53,30.93,20.47,20.5,41.3,28.6,33.79,77.21,161.46,27.52,29.48,58.27,46.06,22.22,27.6,25.97,24.54,36.93,62.11,25.42,27.58,39.48,20.2,26.7,31.07,61.84,40.66,35.24,23.48,18.35,27.91,30.06,21.02,25.35,64.4,19.66,20.54,23.84,22.08,92.39,26.91,37.38,22.43,36.75,29.57,34.4,19.25,42.66,52.52,19.48,34.08,29.01,16.5,39.85,21.97,27.11,34.24,25.88,21.64,30.8,47.33,13.56,22.2,16.31,29.75,27.35,29.22,38.25,29.62,40.11,23.91,19.57,59.56,76.33,45.38,35.02,25.67,17.93,20.56,27.75,19.08,55.0,25.79,16.26,62.16,19.98,28.53,71.28,26.2,20.91,25.84,17.74,22.9,39.43,57.01,28.74,31.43,25.92,33.26,21.04,20.06,22.19,17.16,64.88,33.32,16.58,17.02,39.37,36.95,28.04,40.17,35.41,52.92,26.66,31.06,61.07,28.77,21.58,17.46,16.64,23.1,81.92,27.38,17.69,16.33,15.5,46.04,26.23,42.32,35.25,61.75,18.99,14.52,40.17,25.13,40.26,37.38,26.48,18.95,18.64,24.37,44.62,21.61,15.98,34.92,35.15,18.15,15.91,25.77,17.52,27.47,34.04,42.39,41.65,19.54,32.24,13.88,29.26,34.11,38.28,17.1,72.92,29.86,19.17,45.72,89.18,27.52,23.15,47.8,35.66,19.53,35.0,41.19,45.45,67.34,19.84,20.16,29.6,45.05,34.25,21.26,42.12,27.29,19.02,21.92,26.79,19.06,18.65,34.89,22.21,25.38,27.71,27.17,17.24,39.59,30.88,30.99,53.05,32.95,42.04,13.74,92.01,48.94,34.06,42.13,53.55,28.69,19.62,54.4,63.88,51.14,31.47,21.0,112.81,19.49,55.26,21.56,27.22,35.95,30.66,24.09,16.14,17.41,21.36,22.89,28.21,27.65,29.15,46.06,22.84,25.03,15.76,24.65,15.21,28.76,39.34,29.21,13.71,36.02,11.99,40.65,64.82,42.55,15.19,24.57,41.0,35.98,51.3,20.54,25.09,14.78,23.32,22.56,26.85,17.73,45.51,26.38,19.5,29.76,16.14,27.15,43.78,30.43,17.7,23.2,30.42,18.24,57.85,25.9,49.5,28.69,56.76,19.62,38.99,20.36,15.67,20.16,31.09,45.67,44.54,22.68,23.64,30.73,34.75,31.58,26.82,31.6,31.61,61.37,21.97,24.69,24.21,28.5,23.75,18.84,36.67,15.36,48.1,31.95,36.66,73.27,30.19,18.92,49.1,21.97,41.45,21.96,26.04,21.56,33.17,30.53,26.31,15.53,19.46,27.03,46.96,19.73,23.6,41.43,36.21,16.6,23.42,18.38,38.69,31.5,27.17,17.47,25.32,24.84,30.44,26.41,40.09,35.59,30.77,20.56,26.44,28.72,25.14,36.27,25.4,27.63,20.38,17.41,23.84,24.18,19.44,79.77,25.42,32.07,23.71,19.52,24.83,29.27,86.27,32.31,35.25,12.26,21.88,20.28,19.03,28.91,31.19,21.07,35.57,27.42,43.6,26.02,26.99,20.42,21.59,25.92,18.92,55.85,41.77,67.39,20.51,29.0,16.24,43.02,26.27,69.68,25.55,21.47,24.44,22.2,20.85,43.53,21.34,37.43,171.03,27.42,55.36,32.34,29.99,42.74,26.76,35.67,22.7,64.89,25.79,44.46,41.67,19.98,16.78,21.46,18.6,30.72,16.91,27.61,45.54,39.84,84.39,46.47,14.49,40.92,17.97,28.57,31.11,33.64,41.23,15.33,21.58,25.37,18.84,20.55,18.27,35.36,80.8,28.42,21.41,16.4,19.01,37.02,27.24,35.1,53.45,24.46
2025-08-18,26.59,28.36,19.86,39.73,18.18,30.58,26.82,25.25,28.03,16.42,24.21,15.44,19.21,31.11,20.96,21.06,42.89,28.95,34.38,75.29,165.58,27.6,25.55,60.06,46.45,22.16,28.34,24.3,25.04,37.71,63.0,26.11,24.89,38.83,19.94,27.29,29.5,63.21,40.34,36.22,23.46,19.06,28.68,29.88,20.96,25.5,67.92,18.03,20.02,24.65,22.47,94.78,27.33,37.86,23.28,34.02,30.74,34.27,20.31,43.49,52.51,18.71,33.97,29.73,16.87,40.81,21.68,23.53,34.8,23.97,22.4,31.46,48.28,13.41,22.4,16.51,30.8,27.93,29.64,38.34,29.3,41.07,20.42,19.89,60.57,77.64,45.63,35.95,26.03,18.54,21.38,28.19,19.66,55.9,26.43,15.97,60.52,19.54,28.87,70.89,26.56,21.08,26.05,18.21,23.54,40.3,58.06,29.06,31.56,26.38,34.67,18.36,15.95,22.26,17.77,66.83,33.09,16.68,17.98,40.31,38.07,28.07,39.67,35.9,53.66,24.98,31.69,62.52,28.02,21.1,15.64,16.28,22.7,83.63,28.18,17.8,16.03,16.0,46.38,24.76,43.36,38.57,63.87,19.47,15.46,40.91,25.58,41.24,38.24,24.34,19.62,19.31,25.16,47.54,22.6,16.95,35.67,31.43,17.8,15.83,26.38,18.44,26.87,34.49,43.23,42.47,20.22,32.93,15.69,28.97,34.67,38.49,16.98,74.81,30.79,19.33,54.31,91.44,26.93,23.64,48.84,36.17,20.01,35.73,41.79,46.58,69.12,20.5,20.76,30.31,45.88,34.29,21.68,42.94,27.28,18.76,20.65,27.47,20.35,18.95,35.68,22.8,25.73,27.95,27.63,16.64,40.61,28.12,27.37,52.94,32.33,34.28,15.09,94.55,49.18,33.69,43.51,56.52,29.26,20.87,55.77,64.47,51.38,31.78,21.11,115.72,19.6,29.42,22.07,26.46,36.08,31.85,24.33,15.86,17.13,20.53,22.1,28.32,27.61,27.46,47.33,23.86,25.11,14.77,25.18,15.14,29.34,40.34,29.21,13.89,36.19,12.19,41.26,65.28,43.64,14.83,25.45,42.02,36.04,52.1,21.66,25.4,14.89,23.81,23.03,27.36,17.58,46.42,26.97,20.56,27.17,16.52,27.66,45.86,31.03,18.97,23.41,31.39,17.14,58.18,26.15,51.1,28.08,57.5,19.28,39.56,20.58,15.77,19.78,31.18,45.99,45.11,22.97,23.07,31.26,35.42,25.61,27.08,31.98,34.21,61.92,17.31,23.01,23.97,28.48,24.21,18.66,37.37,15.97,49.1,27.66,33.8,74.31,28.69,19.46,50.13,21.68,41.65,22.32,26.51,21.71,23.05,31.24,26.35,15.59,19.87,27.14,47.98,19.97,21.29,42.93,36.57,16.56,23.19,18.72,38.83,32.57,27.58,17.44,25.87,25.03,30.84,25.28,40.74,36.03,33.29,21.27,26.92,20.11,24.79,36.96,25.83,27.82,20.91,17.93,24.47,24.72,19.77,81.66,26.73,32.98,21.31,20.92,23.11,26.91,88.51,19.29,34.72,13.05,22.49,21.15,17.39,29.13,30.14,20.06,37.14,27.37,44.11,26.35,27.35,20.86,21.96,26.23,14.3,55.74,42.8,69.04,19.47,29.36,16.55,42.52,26.52,71.09,24.38,21.37,22.42,18.05,20.97,43.41,22.01,37.04,176.91,26.91,56.69,32.6,30.79,42.94,27.8,36.33,23.38,65.85,25.69,45.89,41.86,19.83,17.31,19.35,19.19,30.56,17.36,28.08,46.48,37.92,86.45,42.96,15.08,37.63,17.87,29.19,28.53,34.86,42.29,14.24,21.52,26.08,19.54,20.03,18.57,35.83,80.47,28.56,20.49,16.41,15.02,37.69,27.6,35.12,53.43,25.04
2025-08-19,26.43,27.75,19.49,38.9,17.82,31.83,26.47,24.66,27.35,16.37,23.62,16.3,19.49,30.41,20.67,20.93,42.24,29.46,34.1,74.41,161.6,27.27,25.24,58.61,49.87,22.07,27.88,23.77,25.54,37.21,63.67,26.21,24.44,38.14,19.66,27.01,29.1,66.06,39.37,35.68,28.18,18.83,28.82,32.11,21.46,25.58,68.02,17.63,20.44,26.53,21.95,93.38,28.38,37.14,23.0,33.2,30.3,33.96,20.16,42.45,51.3,18.46,33.16,29.1,17.1,40.68,21.29,23.31,35.31,23.48,22.4,30.71,47.36,13.24,22.04,16.15,30.17,28.13,29.32,38.99,29.0,40.33,19.96,20.08,59.12,76.01,44.72,37.45,26.08,19.34,21.4,27.98,19.25,54.61,25.87,16.22,59.16,19.49,28.27,70.99,26.0,20.61,25.59,17.98,24.72,39.33,56.74,28.63,31.12,25.76,33.91,18.41,16.05,22.42,17.35,66.97,32.33,18.08,18.09,39.61,37.93,27.58,38.75,35.05,52.37,24.4,31.53,61.05,27.58,20.59,15.88,15.91,22.91,81.95,27.96,17.89,16.64,16.73,46.26,24.16,42.33,37.65,62.33,19.35,15.8,40.53,25.15,40.44,37.6,23.77,19.18,18.94,25.63,46.48,22.23,17.7,36.09,30.84,17.7,16.08,25.85,18.75,26.37,33.66,42.87,41.47,20.39,33.09,15.74,28.31,35.5,37.57,16.57,73.61,30.2,21.68,55.58,89.52,26.56,23.18,47.82,35.33,19.95,34.87,41.62,45.64,67.5,20.51,20.81,29.66,44.77,33.47,21.74,42.44,26.82,19.55,20.18,27.55,21.82,19.01,35.01,22.52,25.18,27.72,26.98,16.36,40.07,27.69,26.71,51.75,31.56,34.08,14.75,92.36,48.39,33.28,42.49,59.54,29.39,21.65,54.61,63.0,50.43,31.34,20.6,113.56,20.0,28.69,21.58,28.33,38.17,31.26,23.78,15.58,16.75,20.56,21.57,27.72,27.45,27.25,46.3,23.57,24.69,15.26,25.08,15.43,28.64,39.6,28.91,13.56,36.15,11.91,40.63,63.83,42.61,16.56,25.34,41.34,36.09,51.14,21.46,24.79,14.53,24.21,22.5,27.11,17.25,45.36,26.59,20.12,27.28,19.72,27.29,45.55,30.76,18.91,22.91,30.7,16.74,56.8,25.94,50.1,27.47,56.12,18.95,39.46,20.71,15.52,19.3,30.46,45.2,44.11,22.58,23.19,30.71,36.21,26.56,26.65,31.23,33.4,60.59,18.17,22.47,23.41,27.91,26.94,18.61,36.74,16.75,49.13,27.29,33.45,72.55,34.68,19.42,49.25,21.26,42.35,22.16,27.44,21.27,23.08,30.63,26.12,16.25,19.97,26.7,46.92,20.92,26.76,54.76,36.11,16.3,23.14,19.45,37.98,32.84,27.6,17.58,25.3,24.47,30.16,24.83,39.78,35.69,32.8,21.83,26.27,19.63,24.2,36.42,25.28,27.18,20.91,17.51,24.0,24.46,19.82,79.8,27.69,32.71,20.85,21.77,22.56,26.27,88.22,18.96,34.8,13.69,22.24,20.68,18.11,28.57,30.2,19.58,36.35,26.71,43.53,25.86,26.73,21.74,21.45,25.72,14.8,55.19,41.85,67.4,19.05,28.68,16.35,41.77,25.97,69.65,23.79,22.03,21.91,18.33,21.13,42.82,21.7,36.15,172.89,27.0,55.5,32.04,30.08,41.97,27.45,36.45,22.83,64.55,25.77,45.36,40.88,19.36,16.89,19.07,19.0,30.06,17.07,28.78,45.45,41.06,84.44,43.07,15.1,36.75,17.67,29.3,29.41,34.14,41.45,15.42,21.09,25.47,20.19,19.58,18.15,34.98,78.59,29.06,24.33,16.58,14.83,36.81,27.58,34.53,52.39,25.4
2025-08-20,25.8,28.89,17.16,38.89,17.92,31.79,27.28,32.53,27.3,16.67,23.56,16.21,19.38,29.36,20.54,21.44,41.84,29.13,34.13,75.22,161.64,27.32,23.96,58.24,50.0,22.39,27.87,23.13,25.95,37.42,63.88,25.52,24.08,37.73,19.78,27.48,28.6,66.09,39.76,35.85,27.2,18.65,28.74,32.0,21.46,25.58,68.0,16.85,20.46,26.56,22.0,93.34,28.9,36.11,22.83,32.36,31.62,32.98,20.44,42.5,53.31,18.08,32.74,29.14,17.21,40.53,22.54,23.67,35.35,23.37,21.47,32.22,47.37,12.43,22.21,17.68,30.05,27.82,29.38,39.1,28.68,40.63,20.18,20.37,59.91,75.25,44.76,38.46,25.84,19.35,21.06,28.07,19.67,54.28,25.67,16.18,58.69,19.58,28.03,71.4,25.28,20.72,25.73,18.09,24.71,40.06,55.61,28.67,30.61,25.78,34.08,19.3,16.05,22.43,17.57,66.98,32.21,18.22,17.78,40.64,38.5,27.73,38.67,35.07,51.56,23.5,31.46,62.33,27.22,20.77,15.94,14.69,22.89,82.58,28.39,17.33,16.66,16.42,46.15,23.5,42.48,37.24,62.65,19.31,15.6,40.38,25.27,42.26,37.42,23.7,19.07,18.26,25.64,33.29,22.19,17.68,36.08,30.7,17.92,16.08,27.68,18.65,27.29,34.13,42.89,41.24,24.17,34.3,15.68,28.15,36.5,37.81,16.74,73.19,29.96,21.67,56.44,89.72,26.49,22.96,48.21,35.32,18.97,34.33,41.54,45.71,69.83,19.31,19.72,30.27,44.78,33.75,21.7,42.45,26.81,19.63,20.43,27.89,22.59,18.68,34.92,22.52,25.23,27.13,27.8,16.42,40.11,25.79,25.98,51.79,31.42,32.22,15.89,92.37,48.3,33.31,42.04,64.93,28.71,21.67,54.02,62.76,50.16,31.28,20.7,113.77,20.19,28.44,21.41,30.24,38.23,31.67,25.08,15.59,16.85,20.34,21.25,29.62,27.3,27.08,46.22,23.39,23.03,15.47,25.47,14.81,28.12,41.62,28.77,13.96,38.47,11.44,41.29,63.81,42.8,16.5,25.38,41.34,35.33,50.85,21.03,24.75,14.89,24.2,22.81,28.2,17.16,47.05,29.81,20.18,27.63,23.2,26.97,45.5,30.96,19.21,23.39,30.69,16.73,56.69,26.13,51.01,27.29,57.15,18.9,39.65,20.89,15.48,20.01,28.93,47.37,44.52,22.6,23.64,30.74,35.91,25.64,26.05,30.93,33.5,60.57,18.17,22.4,22.53,28.39,26.84,16.89,36.58,17.24,49.89,25.13,33.15,72.53,34.64,18.8,49.36,20.71,42.04,22.13,28.19,21.38,22.99,30.42,24.22,16.37,20.0,26.03,48.6,20.72,26.68,54.75,37.0,16.71,23.76,19.33,37.58,34.87,27.7,17.76,24.99,24.84,30.09,24.74,39.71,34.49,32.68,21.82,28.24,19.73,24.32,36.44,25.22,27.0,20.78,17.69,22.87,24.56,20.73,79.79,28.34,32.87,20.8,21.86,22.25,26.16,88.24,17.12,35.36,13.73,22.36,20.54,18.2,27.92,29.83,19.58,36.34,26.25,44.92,25.86,26.51,21.71,22.28,25.77,14.64,53.85,42.14,67.65,18.76,36.02,16.98,40.57,25.21,68.94,18.48,22.22,21.69,19.08,22.36,43.17,21.71,36.04,172.92,26.99,56.29,32.05,29.98,43.01,28.16,36.52,22.73,64.82,25.89,45.38,38.63,19.4,16.84,19.0,19.68,30.86,19.08,28.79,45.63,40.52,84.61,42.17,15.86,36.89,12.48,29.29,28.41,34.27,41.47,15.41,21.46,25.65,20.03,17.71,18.4,35.96,78.56,29.14,24.73,15.72,15.2,36.69,27.04,34.38,52.82,25.18
2025-08-21,23.66,28.92,17.05,38.97,17.82,30.95,26.72,31.68,26.57,17.24,23.05,15.43,18.96,29.65,20.05,21.3,41.92,28.91,33.22,70.46,161.07,29.39,23.74,57.78,49.81,22.32,25.37,23.04,23.9,37.43,63.33,25.42,22.07,37.46,19.11,26.46,28.4,63.66,39.87,34.13,27.2,18.66,27.79,29.69,20.76,25.15,66.31,16.83,20.71,26.58,21.93,93.34,27.49,35.26,22.51,24.49,31.33,30.48,20.02,42.65,47.77,18.05,31.38,29.16,17.06,40.38,22.63,23.01,33.51,22.94,18.24,32.21,47.74,12.03,21.6,16.77,30.48,24.54,29.35,39.04,28.08,40.73,19.96,19.44,59.79,74.67,44.6,38.22,25.56,17.47,19.09,28.15,19.73,54.25,23.68,14.99,59.0,19.95,28.22,71.34,24.11,19.53,20.82,17.96,23.28,40.07,48.15,28.53,30.2,25.78,34.08,17.57,15.9,21.56,17.19,66.98,32.17,18.82,17.48,41.3,38.52,26.67,38.84,34.6,51.57,23.95,21.95,34.57,30.55,20.82,15.06,12.78,22.26,80.59,24.64,16.89,16.21,16.35,43.05,23.11,42.35,36.68,62.22,19.55,14.74,27.92,28.45,40.85,37.4,23.2,18.63,17.85,24.47,33.23,19.62,16.79,34.76,30.7,17.23,15.85,27.67,18.03,27.07,33.68,41.88,41.08,25.3,33.16,15.45,28.04,37.01,36.73,16.63,72.24,29.91,20.87,62.45,89.76,25.49,23.05,48.05,36.07,14.45,33.96,41.51,33.77,69.77,19.28,19.66,18.09,43.2,33.7,21.64,42.2,26.75,19.6,20.38,24.43,22.5,18.6,34.95,22.18,25.09,29.23,26.88,15.32,36.89,24.46,25.58,51.22,30.8,32.19,16.37,92.51,47.6,32.95,41.92,64.93,28.58,20.65,53.82,32.17,49.92,31.14,21.58,113.58,18.96,22.58,20.91,28.43,38.27,31.88,23.56,14.31,16.87,19.95,19.59,29.58,21.88,26.97,43.17,22.83,23.2,15.32,25.38,14.83,28.14,33.21,26.91,13.94,38.08,11.51,37.92,63.44,15.1,15.49,24.78,39.0,35.26,50.56,21.16,24.64,14.87,22.83,22.71,27.83,16.88,46.33,29.85,20.56,26.37,23.54,26.55,45.5,29.46,18.15,23.09,30.72,16.79,56.55,26.1,51.02,26.22,53.07,18.85,22.7,20.66,15.49,19.83,27.94,45.75,44.73,22.69,24.95,30.08,35.08,22.59,25.35,9.04,33.65,60.6,17.97,20.87,22.47,28.13,25.16,16.68,37.3,15.49,49.04,25.13,25.02,71.13,33.93,19.26,48.42,20.39,41.83,21.52,32.76,21.92,21.31,28.37,23.33,14.91,20.53,26.17,32.64,28.53,26.99,54.32,21.06,16.73,23.84,19.12,38.25,31.11,27.56,17.23,24.14,24.98,29.46,24.79,39.08,34.54,32.72,19.99,27.1,19.66,24.23,36.44,24.38,26.78,21.06,17.69,22.84,24.3,19.83,79.77,27.31,28.56,20.6,22.14,18.57,25.23,87.84,16.53,32.65,13.19,22.28,20.54,18.49,28.29,29.46,19.04,36.65,21.3,42.48,25.9,25.98,21.44,22.1,23.34,14.58,50.71,42.32,67.41,18.54,32.09,17.32,38.56,25.35,68.93,18.48,21.67,21.28,18.64,20.66,43.12,20.73,35.81,172.44,27.0,56.28,31.47,29.85,43.7,28.13,33.71,22.59,64.84,25.35,44.26,39.03,19.29,16.8,18.42,18.23,30.77,18.97,28.94,45.36,40.52,84.03,42.44,15.61,35.41,12.17,28.92,28.75,33.2,40.67,14.38,21.48,23.83,19.9,17.95,24.84,34.77,77.97,25.25,24.58,14.1,15.27,36.89,26.34,32.48,53.08,24.04
2025-08-22,25.19,29.1,16.41,40.37,17.83,32.17,28.2,29.85,27.66,17.5,23.61,15.05,18.47,32.64,20.05,19.64,41.8,28.95,33.83,68.7,161.63,29.49,25.19,58.3,49.78,22.88,25.0,24.59,24.35,38.92,62.9,25.35,23.65,39.74,20.3,26.02,27.65,64.92,42.64,36.3,27.37,18.18,28.58,29.51,21.16,23.95,65.75,19.98,20.84,26.76,23.35,92.88,30.34,35.46,25.33,24.81,32.74,29.62,19.91,22.56,54.22,18.36,30.8,28.99,16.8,40.42,17.16,26.86,36.97,23.9,18.86,32.94,47.79,12.72,24.5,12.72,31.87,24.9,36.16,38.56,28.75,39.88,25.11,19.16,59.83,76.43,44.5,38.2,26.06,17.47,18.44,28.27,20.1,54.68,24.11,14.7,56.53,18.98,31.7,75.89,26.06,19.4,18.3,19.73,23.91,40.41,49.91,28.3,30.55,25.71,27.62,21.54,15.68,22.58,17.28,69.44,32.24,18.43,17.58,46.41,38.6,29.33,39.49,34.61,52.94,23.85,16.62,35.86,30.1,21.65,17.08,13.01,24.94,83.14,24.97,17.21,15.83,15.84,41.7,25.78,42.62,35.63,62.2,19.24,14.36,28.95,30.34,42.97,36.61,24.62,19.85,18.97,25.22,29.56,20.57,17.78,35.35,29.77,17.14,15.85,27.67,16.28,27.25,36.34,43.11,42.85,25.93,36.31,14.92,28.05,39.93,38.95,22.18,72.23,29.83,23.42,64.6,90.76,28.1,9.33,48.21,34.96,14.53,33.84,40.67,22.41,69.83,21.37,21.79,19.34,46.12,34.37,23.38,43.22,29.62,21.47,24.53,24.49,25.06,18.58,31.84,22.71,26.41,30.13,29.76,15.87,36.28,24.61,27.19,51.01,30.23,31.63,16.61,92.55,49.78,34.7,42.56,67.34,32.12,22.3,53.26,31.49,51.74,33.95,21.72,114.11,21.45,26.64,20.44,32.47,36.77,32.44,24.35,14.24,16.63,19.67,25.01,31.99,23.02,27.66,43.11,22.54,23.16,15.34,26.78,14.84,27.88,36.21,26.65,12.52,33.08,11.37,37.56,62.44,13.96,15.16,26.14,39.32,39.39,54.49,22.62,24.8,15.16,23.63,27.29,30.72,16.76,43.71,30.78,20.17,26.7,24.27,27.84,45.83,34.26,19.09,23.27,31.93,16.9,54.82,28.69,51.5,24.95,49.95,20.26,22.89,20.74,15.58,23.61,28.26,45.97,49.73,22.49,27.12,20.56,34.91,22.21,26.45,9.48,34.04,58.53,17.96,22.27,22.54,30.07,24.72,18.65,40.35,16.07,53.84,25.1,24.0,73.91,33.81,19.48,19.21,21.46,41.89,22.39,34.46,21.66,21.3,28.28,24.84,14.91,20.53,27.39,36.52,28.71,29.48,53.2,21.87,21.38,26.88,18.56,38.25,35.12,28.6,17.03,25.28,28.74,29.55,22.95,41.09,35.4,38.59,20.68,27.01,23.73,25.1,35.68,24.08,29.04,20.86,18.83,22.87,24.25,11.49,81.9,27.36,28.46,20.57,23.25,18.52,29.96,87.85,20.62,33.05,12.97,22.9,20.16,19.64,28.61,34.77,20.9,35.34,22.14,46.54,28.51,26.75,22.5,22.11,24.19,14.51,52.37,19.6,68.99,22.87,33.08,17.71,27.51,27.18,68.34,17.95,23.42,24.4,18.39,20.62,47.96,20.91,34.48,171.84,26.85,27.31,32.49,29.93,47.36,28.32,33.63,23.05,64.45,25.52,44.92,41.03,24.52,17.69,21.09,18.84,32.69,19.32,28.93,45.35,38.25,83.67,37.45,17.04,35.47,13.14,29.85,30.32,34.1,40.46,13.98,22.22,23.86,20.23,18.35,25.2,35.04,77.33,28.64,26.44,14.67,15.94,37.61,26.29,33.76,54.71,23.64
2025-08-25,26.72,29.82,17.89,41.08,18.34,32.68,28.93,30.29,28.18,18.18,24.5,16.07,19.23,33.28,21.05,20.03,42.47,29.04,34.91,66.34,165.32,29.95,17.61,59.54,50.59,23.38,26.15,21.64,24.76,39.4,64.5,21.3,19.48,41.34,21.5,23.83,28.3,66.39,42.79,37.07,27.21,19.64,29.22,29.64,22.18,24.69,66.38,20.58,20.49,27.4,23.88,94.72,30.83,37.66,25.94,25.3,32.76,31.08,19.65,21.51,55.0,19.12,31.85,27.42,17.11,41.39,17.2,24.4,37.36,24.27,20.47,33.86,48.54,13.3,25.0,13.71,32.17,20.11,35.12,39.11,29.39,40.86,25.3,21.18,60.85,35.71,43.98,38.9,25.91,19.23,18.9,23.1,20.46,26.61,25.94,15.7,42.37,17.91,29.32,78.61,27.67,19.52,18.98,20.03,24.16,40.85,47.54,28.77,30.62,26.2,27.33,27.08,16.6,23.1,17.28,68.43,24.23,16.35,20.8,47.42,38.39,28.54,38.77,35.72,39.09,23.8,15.48,35.61,30.44,22.24,17.09,13.9,24.84,52.88,25.82,15.43,16.52,15.95,40.65,26.41,49.87,36.0,63.52,20.96,15.73,30.35,29.81,41.11,18.04,23.8,20.21,18.51,25.73,23.93,18.06,24.7,35.87,28.68,17.58,16.63,21.22,16.89,27.65,36.3,44.46,43.95,26.02,36.11,15.0,28.59,40.97,38.81,23.06,23.5,30.47,23.57,66.12,92.99,28.95,8.98,49.38,34.61,15.75,29.46,41.29,21.3,71.63,22.01,22.38,19.33,46.19,35.06,23.62,44.23,29.51,20.25,24.55,18.17,25.72,19.59,32.42,22.48,16.0,30.26,30.53,16.67,36.57,24.38,27.61,49.32,30.23,31.11,16.3,94.62,50.85,34.79,43.39,58.65,32.13,23.01,53.62,30.14,52.59,35.29,20.17,116.81,22.2,26.62,21.23,37.64,33.28,32.75,24.67,14.39,16.91,47.55,24.9,32.51,23.9,27.93,44.26,24.36,22.46,16.89,27.28,15.11,28.41,34.57,15.43,10.73,35.38,12.0,39.47,63.84,14.3,16.06,27.33,40.24,40.35,38.19,17.43,25.22,15.98,24.2,27.5,31.97,15.97,43.43,31.84,20.71,27.72,24.86,28.38,46.94,32.37,20.74,23.69,32.46,17.85,56.57,27.1,52.65,26.97,54.38,20.82,22.08,20.93,16.06,24.1,30.38,47.01,49.58,10.99,27.76,21.15,28.29,23.0,26.21,10.5,29.9,59.84,19.55,22.29,19.34,27.68,24.89,19.56,41.29,17.06,55.45,25.57,24.19,71.15,34.39,17.57,20.43,22.3,42.36,22.75,35.85,22.2,21.71,29.73,25.2,16.19,21.87,27.8,35.58,29.42,30.23,53.92,22.93,21.76,27.48,18.83,39.27,34.54,29.47,17.85,25.69,27.57,30.17,18.74,41.44,36.36,39.24,21.23,29.23,24.3,22.05,36.38,26.84,29.7,14.68,19.24,22.94,24.72,10.77,83.91,27.99,29.47,20.43,24.44,19.73,30.62,88.27,21.9,33.89,14.06,23.07,20.75,20.42,29.77,32.16,20.76,37.04,23.87,47.14,28.61,27.13,22.02,22.61,24.64,15.47,49.93,18.63,69.4,23.29,34.2,18.49,28.57,19.17,70.06,18.81,23.74,25.06,19.12,21.03,36.62,21.17,33.93,175.38,27.31,27.73,20.01,30.83,48.36,29.71,26.09,23.72,63.52,20.46,45.34,30.38,25.02,17.81,21.75,19.32,28.23,19.77,29.61,39.47,34.45,85.77,37.19,16.97,36.46,13.56,20.21,30.69,34.05,42.0,15.11,22.76,24.9,20.77,16.8,25.56,36.82,23.98,27.5,29.2,16.19,16.11,38.58,26.54,34.55,55.97,24.35
2025-08-26,26.18,29.19,17.46,40.13,17.95,31.91,29.21,29.57,29.24,17.74,24.03,15.68,18.84,32.68,20.62,19.6,41.48,28.46,34.18,64.76,161.35,29.26,17.44,58.58,49.86,22.88,25.61,21.46,24.59,38.48,62.95,20.86,19.03,40.82,20.98,23.26,27.81,65.61,41.85,36.23,26.65,19.16,28.51,29.21,22.16,24.15,64.81,20.67,20.09,29.36,23.82,92.46,30.43,36.8,25.35,28.03,35.19,30.33,19.18,21.0,53.69,18.67,31.1,26.76,17.19,40.42,17.32,24.24,36.46,23.83,21.12,33.36,47.71,13.03,24.41,13.78,31.79,20.02,34.77,38.21,29.06,39.98,24.97,20.68,59.42,35.45,42.92,38.04,25.29,18.8,18.79,22.81,19.99,25.97,25.33,15.34,41.69,17.48,29.07,77.01,27.03,19.6,19.38,19.58,23.64,39.99,46.39,28.41,29.89,26.41,26.95,26.57,16.41,22.58,16.93,67.24,23.67,16.13,20.45,46.34,37.81,27.88,37.95,34.87,38.23,24.07,15.27,34.95,29.82,21.71,17.5,13.6,24.52,51.65,25.94,15.1,16.13,15.57,39.89,26.57,48.78,35.27,64.22,20.47,15.36,29.97,29.17,40.39,18.6,23.64,19.74,18.06,25.13,24.09,21.84,24.55,35.01,29.13,17.22,16.23,20.77,16.57,27.15,35.46,43.44,43.24,25.41,35.3,14.69,27.91,39.99,37.99,22.91,24.22,30.13,23.1,64.79,90.88,28.27,9.01,48.27,33.84,15.37,28.75,40.29,20.85,70.67,21.71,22.11,18.95,45.16,34.21,23.47,43.17,29.63,19.78,24.21,18.11,25.22,19.13,31.65,21.99,15.93,29.62,30.65,16.3,35.87,24.42,27.24,48.16,31.4,30.57,15.91,92.36,49.66,33.96,42.78,57.5,31.64,22.47,52.38,29.42,51.91,34.44,20.33,114.32,21.69,26.42,20.81,36.99,32.48,32.78,24.18,14.78,17.08,51.86,24.72,31.78,23.34,27.67,43.34,23.95,22.03,16.51,27.16,14.75,27.73,34.33,15.22,10.56,34.53,12.02,38.52,65.98,14.76,15.93,26.82,39.9,39.4,38.43,17.07,24.62,15.68,23.74,26.84,31.31,15.64,42.63,31.11,20.24,27.18,24.27,27.7,45.82,31.79,20.26,24.0,31.71,18.09,55.32,26.56,51.44,26.36,53.19,20.46,21.66,20.46,16.42,23.78,29.69,45.88,48.4,10.94,27.1,20.85,28.06,22.51,25.74,10.71,29.51,58.58,19.09,22.52,19.14,27.32,24.49,19.73,40.3,16.66,54.12,24.99,24.33,69.46,33.58,17.21,20.24,22.0,41.36,22.2,35.06,22.13,21.44,29.19,24.63,15.8,21.56,27.55,35.09,28.75,29.52,53.23,22.47,21.66,27.0,18.38,38.34,33.85,28.81,17.42,25.08,26.91,29.65,19.49,40.78,36.0,39.3,20.73,29.8,24.3,21.97,36.26,26.23,29.57,14.34,18.98,22.41,24.44,12.67,197.72,27.53,29.13,20.29,23.92,19.56,30.05,86.33,21.38,33.08,13.72,22.51,20.25,19.92,29.07,31.68,20.4,36.17,25.36,46.43,28.55,27.09,21.77,22.11,25.55,15.34,48.73,18.45,67.73,23.15,33.45,18.14,27.95,18.75,68.98,18.86,23.18,24.69,18.83,20.49,35.9,20.8,33.87,171.3,26.72,27.12,19.67,30.46,47.36,29.29,26.46,23.16,62.31,19.98,44.27,29.65,24.52,17.57,21.31,18.86,27.57,19.3,29.09,39.1,34.89,83.71,37.41,16.58,36.18,13.46,20.09,30.1,33.23,40.98,14.77,22.27,25.09,20.39,16.53,24.94,35.97,23.56,27.17,28.5,15.97,15.76,37.65,25.9,33.73,54.65,23.79
2025-08-27,26.16,29.18,16.93,41.09,17.94,31.52,29.27,29.5,28.77,17.66,24.5,14.28,17.67,31.89,18.67,19.23,41.19,27.84,34.56,56.16,161.24,28.31,16.9,57.66,47.59,22.7,25.08,21.41,24.18,38.42,62.69,20.58,18.31,40.66,20.59,22.74,27.98,66.1,41.28,33.9,26.57,18.27,28.48,28.95,21.19,23.74,64.81,20.67,19.75,28.96,23.71,92.33,31.16,36.44,25.58,28.08,35.05,29.63,19.75,20.79,53.7,18.77,30.59,26.71,17.2,40.4,17.38,24.18,35.73,24.07,22.14,33.71,48.48,13.15,24.43,13.11,31.63,18.96,34.95,38.26,29.33,39.94,25.12,20.29,58.93,34.07,42.64,37.61,24.58,18.13,17.55,22.79,18.98,22.46,25.36,13.63,36.71,14.57,29.08,76.75,25.92,18.46,18.97,18.88,23.83,39.64,46.08,30.12,30.07,26.12,26.89,26.71,15.85,22.37,16.79,67.47,21.96,16.31,20.02,46.25,37.76,27.7,41.32,34.95,36.88,23.29,15.23,35.18,29.58,21.6,17.7,13.51,24.41,51.55,25.01,14.89,15.3,13.62,39.93,24.29,48.7,35.27,63.18,20.3,14.83,29.06,28.78,40.98,18.8,23.68,18.0,18.21,24.83,25.68,21.78,23.81,35.14,29.07,16.05,14.14,19.66,15.82,26.76,35.65,43.29,42.56,25.28,35.38,13.71,27.9,39.87,37.95,22.85,24.17,30.09,23.01,65.52,91.01,28.29,9.38,48.57,32.56,13.14,28.62,40.38,20.89,70.76,21.6,22.01,18.92,44.96,34.48,23.27,43.21,29.81,19.27,24.27,17.76,25.23,17.7,31.87,21.63,15.98,29.68,30.62,14.39,35.6,24.18,27.15,46.63,31.37,31.51,15.87,92.39,49.69,33.76,42.67,57.58,30.86,21.94,52.39,29.5,51.91,34.37,20.38,114.78,21.54,26.36,20.79,37.15,32.15,32.91,24.32,13.85,17.09,53.0,24.54,31.81,22.99,27.73,42.53,23.89,22.12,15.58,25.62,13.64,26.51,34.4,14.39,10.68,34.57,11.19,38.06,65.98,14.85,14.58,26.7,39.6,39.74,37.77,17.16,24.83,15.71,23.85,26.73,31.19,15.81,42.27,31.11,19.91,27.02,24.01,27.3,45.95,33.59,20.35,23.04,31.67,16.18,55.35,27.15,50.83,26.49,54.08,20.37,21.43,20.75,17.32,23.92,29.67,45.96,48.41,10.89,27.0,21.23,24.96,22.43,22.32,11.48,30.51,58.6,18.93,23.13,19.14,27.56,23.79,19.65,39.67,15.44,53.92,25.24,22.68,68.45,33.44,17.19,18.91,21.93,41.93,22.12,34.88,22.13,20.85,28.39,24.5,15.77,17.4,27.66,35.15,28.48,27.8,53.96,21.98,21.5,27.01,16.22,38.34,33.67,28.26,15.27,24.41,26.85,30.13,18.32,40.69,35.56,39.61,19.91,29.61,24.49,21.85,36.06,26.48,30.13,13.62,19.29,22.09,24.01,12.48,201.62,30.48,29.54,20.1,23.32,25.11,30.3,77.97,20.98,32.91,13.29,22.04,20.06,19.85,28.15,31.71,20.57,36.17,25.69,46.48,28.01,27.11,21.68,22.31,24.61,15.41,48.82,18.36,68.3,22.77,34.28,17.64,27.58,16.78,68.57,19.04,23.49,24.56,16.53,19.04,34.95,20.37,33.81,170.78,26.71,26.5,19.19,31.65,47.3,29.54,26.17,23.49,62.37,18.79,44.2,29.55,24.39,17.54,22.79,16.43,28.12,18.0,28.98,39.35,32.4,83.75,36.85,15.1,35.44,12.03,20.09,30.13,34.85,40.99,13.41,21.1,24.99,20.27,16.59,24.93,35.87,22.79,26.04,30.0,14.17,15.89,37.63,25.57,33.19,54.67,23.55
2025-08-28,31.5,28.64,16.65,39.35,17.5,31.32,29.27,29.64,28.28,17.58,24.59,14.01,17.82,31.94,19.35,19.39,41.17,13.92,34.56,55.05,161.25,28.21,17.13,57.78,47.03,22.7,24.95,21.37,19.88,38.53,62.92,14.46,18.53,40.82,20.59,22.66,28.14,65.8,39.92,33.88,26.6,18.34,27.36,30.18,21.23,23.72,64.81,20.83,19.08,24.28,23.55,92.11,33.35,37.33,25.59,32.78,34.95,31.04,19.13,20.94,53.52,18.75,30.72,25.92,16.8,13.95,17.25,24.2,35.63,23.69,22.93,33.59,31.91,13.11,24.37,12.77,19.51,19.92,34.91,21.98,29.38,39.01,25.0,20.02,58.13,28.37,42.66,41.67,21.58,18.4,17.66,21.67,19.37,22.3,24.77,13.81,32.18,11.55,29.2,76.67,53.25,18.25,18.27,18.78,22.47,39.11,46.14,30.8,34.26,26.55,25.69,26.8,16.89,22.42,17.1,67.89,22.03,16.26,20.03,45.46,37.53,27.43,48.31,34.9,37.0,23.16,15.35,35.18,28.84,21.6,16.82,13.5,24.45,51.14,24.98,14.87,16.03,13.48,39.95,24.4,48.77,33.64,63.27,14.19,15.49,27.85,29.2,40.88,19.34,23.92,17.96,16.57,23.35,25.36,21.68,23.01,33.68,29.57,16.0,13.67,17.85,15.18,26.8,34.14,42.39,42.46,25.29,33.65,13.75,27.66,45.09,38.0,22.85,25.59,29.87,22.59,66.05,91.42,28.42,9.37,48.6,32.61,14.12,17.62,18.43,18.37,69.73,21.94,22.28,19.03,44.44,35.14,23.01,43.12,29.96,19.26,24.26,17.73,25.27,15.96,31.81,21.44,15.13,30.03,33.62,49.78,35.56,24.12,25.53,46.69,31.31,32.12,15.3,92.37,49.59,33.93,29.25,57.11,30.73,20.17,52.49,29.07,51.89,33.86,20.37,114.97,21.59,26.36,21.09,37.21,30.95,18.99,24.32,13.93,17.13,51.92,24.52,31.96,22.78,27.7,42.55,24.12,20.52,14.34,25.73,13.53,27.14,34.37,15.52,10.16,34.17,10.92,44.14,63.23,14.68,14.94,26.85,39.61,39.59,34.29,17.61,23.74,15.29,22.64,26.61,31.23,15.44,42.72,30.93,19.82,26.9,23.94,27.37,44.97,31.76,19.72,23.24,31.04,16.17,55.26,27.23,50.3,26.06,53.59,20.33,21.36,20.85,17.47,24.07,29.66,47.28,48.15,10.69,27.05,22.84,24.97,22.35,21.99,11.25,34.62,58.51,17.45,26.88,18.58,25.67,23.83,19.68,39.55,15.49,54.43,24.38,22.92,68.46,34.0,16.6,19.64,22.28,38.63,21.9,35.02,20.81,20.31,29.21,24.63,15.99,17.48,27.56,35.13,29.72,26.72,53.93,19.63,21.46,26.7,16.28,38.23,33.38,27.91,14.63,24.55,26.81,30.31,19.0,27.35,35.57,35.38,18.26,30.03,24.45,21.87,36.25,27.31,30.07,13.83,18.99,22.05,23.0,12.41,202.3,30.18,29.58,20.12,23.45,23.29,30.41,77.9,21.22,22.58,13.27,21.57,20.15,19.9,29.02,30.95,20.47,37.06,24.54,38.1,28.58,25.9,21.84,20.78,24.97,15.25,49.95,18.38,68.03,22.49,33.82,17.67,27.51,16.87,68.35,18.84,23.47,24.54,15.83,18.97,34.79,22.23,33.86,172.37,26.68,26.62,20.16,31.68,46.47,25.61,21.87,23.25,55.54,17.18,23.34,28.53,24.43,17.08,33.78,16.3,28.11,17.63,28.97,21.66,35.33,83.5,36.85,12.97,35.21,12.25,18.61,30.35,34.74,40.74,13.64,14.05,25.03,16.48,14.69,24.78,36.61,22.0,26.13,29.97,13.3,15.41,37.68,25.49,33.55,54.62,23.61
2025-08-29,30.94,28.24,16.11,39.08,17.72,31.52,28.86,30.12,28.09,17.34,39.08,14.01,13.05,30.46,17.25,18.04,41.68,13.7,34.14,52.65,161.43,27.96,17.35,58.1,48.08,22.56,25.1,21.38,17.89,38.71,62.42,14.44,18.21,40.36,19.71,24.93,27.8,66.24,38.93,33.2,26.63,17.75,24.98,32.35,19.73,23.46,66.24,19.92,18.67,24.43,23.56,92.04,33.11,37.31,25.2,33.02,31.03,30.83,19.37,20.93,49.6,18.65,30.03,25.94,16.81,13.72,17.23,24.03,28.9,23.29,21.86,33.54,27.79,12.78,27.26,12.55,19.41,20.02,35.51,21.58,29.25,38.35,23.87,20.4,57.23,28.58,42.22,43.75,20.44,18.28,17.69,21.59,18.84,21.95,25.07,13.92,32.73,11.66,29.19,76.18,55.47,17.6,16.9,18.67,21.53,38.92,46.06,30.83,36.83,26.59,25.56,26.81,17.23,21.79,16.47,68.07,19.58,14.1,19.83,44.87,37.04,25.54,49.19,35.8,36.71,24.7,15.76,33.07,28.44,21.71,16.82,16.61,24.56,48.21,25.77,14.86,15.42,13.27,40.23,23.78,48.9,28.79,63.66,14.05,15.41,27.1,29.62,39.97,20.49,24.37,17.06,15.51,20.11,25.48,21.79,22.97,20.51,30.0,15.43,13.56,17.62,15.19,24.83,33.21,42.26,23.12,25.0,29.45,13.73,28.42,44.92,38.05,22.39,27.97,29.61,21.94,65.89,91.24,27.28,8.8,48.67,32.59,14.59,16.87,20.7,18.32,35.54,21.94,22.3,18.51,43.6,21.83,23.03,42.98,28.06,19.32,23.83,16.58,24.58,15.94,32.23,21.44,15.39,31.76,32.23,49.92,35.6,24.73,27.05,28.2,30.7,31.58,15.08,92.36,28.48,31.55,29.35,58.04,30.63,19.55,52.73,28.9,51.78,33.7,20.1,115.39,19.99,26.2,20.83,36.64,31.39,19.9,24.21,13.3,16.89,51.88,23.96,32.55,24.61,27.7,43.11,22.93,20.42,14.38,25.83,12.87,27.12,31.9,15.28,9.96,32.22,10.54,45.27,63.23,14.57,14.73,26.24,41.96,38.0,33.91,17.53,23.68,15.02,21.84,26.44,30.64,15.46,42.71,31.06,19.76,15.33,23.95,23.42,45.35,31.56,18.89,22.98,31.02,12.39,55.09,25.34,51.63,25.99,53.59,20.17,21.36,20.93,17.47,23.41,30.0,47.65,48.92,10.79,25.97,22.33,22.5,23.13,20.85,11.26,34.48,56.61,17.58,30.06,18.6,25.43,25.5,19.68,38.94,15.34,41.99,24.24,21.23,68.71,39.38,16.66,19.35,20.38,33.02,21.92,35.43,20.7,20.38,28.3,18.48,13.85,17.51,27.78,32.55,28.26,26.5,53.76,19.71,21.41,27.05,16.21,37.79,33.39,20.1,14.57,23.66,24.09,30.26,19.92,26.02,34.96,35.27,18.13,29.89,23.31,21.72,36.13,27.32,30.53,13.82,18.11,22.4,10.7,13.03,201.35,30.15,29.61,20.4,22.56,24.94,26.43,77.31,21.04,22.16,13.27,20.56,20.1,20.42,29.02,31.02,20.49,36.35,24.51,38.16,28.37,25.22,21.93,19.76,23.31,15.38,50.02,18.66,37.01,22.02,33.79,17.63,27.29,16.85,68.29,18.37,23.9,24.37,15.75,19.1,37.09,22.34,18.14,171.77,26.85,26.51,20.22,31.9,46.38,27.26,21.52,34.43,55.73,17.49,18.5,28.59,24.3,17.18,33.91,15.96,24.25,17.49,19.6,17.08,38.56,83.46,35.49,13.04,33.93,12.31,18.44,30.38,34.91,41.76,13.65,14.12,24.76,16.36,14.51,24.88,36.06,21.66,25.58,30.0,13.3,15.25,38.06,25.38,32.67,54.81,23.11
2025-09-02,29.27,27.02,13.07,38.64,16.93,27.39,29.4,28.46,27.57,15.17,38.91,13.05,13.54,30.78,17.48,18.22,42.63,13.22,34.15,59.34,40.46,20.34,18.04,57.62,48.32,16.4,24.63,18.51,17.76,24.85,61.25,15.18,19.08,36.42,18.45,24.09,22.92,62.65,35.37,33.73,26.68,18.23,21.24,30.72,20.32,20.51,67.53,17.81,15.99,24.16,19.21,29.57,32.6,38.51,25.53,34.57,32.99,35.12,17.88,16.74,50.5,18.7,20.44,26.76,16.9,13.59,16.91,23.9,28.2,22.19,22.39,33.98,28.46,12.92,26.83,12.85,19.86,18.66,35.93,21.54,26.57,39.27,23.19,19.33,16.65,25.53,15.6,41.51,19.99,16.91,17.9,19.2,18.85,21.49,22.48,11.68,33.58,11.64,27.51,46.34,57.26,13.42,17.3,17.54,21.51,39.98,45.39,28.92,37.76,27.57,26.38,27.0,18.85,19.84,16.12,37.79,19.75,13.32,17.23,43.14,37.75,24.47,44.76,31.02,32.54,22.88,15.92,29.87,26.63,20.86,17.91,18.12,22.74,41.42,25.74,14.74,13.87,12.9,39.79,19.11,37.74,26.31,29.14,14.5,15.04,33.02,29.92,40.17,19.98,23.72,12.98,15.21,20.36,24.56,27.05,23.44,21.44,30.77,15.02,13.11,16.03,14.57,20.32,34.0,18.9,22.14,23.73,30.32,11.76,24.23,37.65,39.16,20.82,28.47,30.91,21.11,64.55,93.43,23.17,8.8,49.4,32.4,14.84,15.05,20.38,16.22,27.32,19.4,19.83,18.76,43.66,24.96,23.25,20.24,25.44,20.19,22.19,16.66,24.17,15.58,15.1,17.96,14.22,27.15,31.55,51.25,35.58,24.56,26.3,20.91,19.76,32.06,15.57,91.02,27.92,31.73,26.77,57.01,30.57,20.99,23.29,29.98,31.88,34.27,15.73,118.18,19.87,24.73,20.13,35.77,31.58,19.85,23.96,11.15,14.52,51.3,24.48,30.28,33.38,25.58,41.64,16.52,20.46,13.11,25.61,13.42,27.23,31.4,15.71,9.71,33.79,10.13,44.17,63.24,15.32,14.77,25.52,41.24,35.32,32.66,17.79,20.5,14.36,17.3,23.31,29.87,14.98,41.97,30.08,19.15,15.51,23.52,21.7,25.08,28.83,20.49,23.52,28.4,12.59,56.16,23.37,39.74,20.6,43.71,18.45,23.43,15.03,17.91,22.43,27.84,42.3,36.43,11.16,25.18,22.73,22.98,22.3,24.03,9.83,31.53,57.76,17.62,28.76,17.14,24.06,25.63,21.1,37.18,15.96,38.39,24.56,21.89,69.78,38.12,16.5,19.46,19.49,27.25,20.57,36.26,20.55,16.05,27.68,14.63,12.82,17.98,26.97,31.81,26.72,26.83,54.3,19.67,19.45,27.33,15.66,35.27,34.5,20.75,14.46,22.62,20.55,22.83,18.35,25.11,21.12,33.53,17.33,28.94,23.14,19.82,39.51,25.74,30.96,13.7,18.45,23.61,10.9,13.15,189.59,30.01,26.05,19.15,20.55,25.01,27.03,78.64,21.24,21.5,13.35,19.29,15.73,20.59,29.75,28.41,18.38,30.67,33.07,41.14,26.1,22.55,16.34,20.08,23.09,15.28,48.46,18.12,35.9,20.97,35.79,17.49,26.86,16.63,69.93,17.32,25.35,23.87,15.8,18.35,35.29,22.39,17.69,175.75,28.93,23.41,20.7,27.34,42.7,27.95,20.15,44.46,46.65,16.77,19.36,27.1,21.69,15.35,34.61,16.31,21.07,17.86,18.06,16.63,39.13,85.78,36.39,12.87,32.19,13.18,15.96,29.13,31.66,25.57,13.17,14.03,20.98,16.07,14.06,25.58,37.0,17.42,28.82,30.47,12.61,13.84,14.82,25.16,32.27,56.44,23.76
2025-09-03,29.2,29.1,12.95,38.36,15.55,27.09,27.98,29.35,27.89,15.03,38.63,12.33,12.63,30.69,17.64,17.48,42.61,13.21,33.88,59.34,42.16,19.69,17.77,57.07,46.93,15.94,23.91,18.48,18.7,24.08,60.98,13.93,19.18,41.7,17.24,20.13,21.95,61.72,34.64,33.52,24.58,16.76,21.13,29.19,20.8,20.23,68.07,20.02,13.39,25.61,19.65,30.8,31.29,38.34,19.56,34.59,31.05,35.34,17.62,17.06,50.22,17.73,18.68,26.47,12.24,13.58,16.54,24.19,28.3,22.03,23.47,33.46,28.85,13.02,26.41,12.91,19.44,18.61,35.28,20.5,25.66,39.44,22.83,16.69,16.72,25.59,15.36,38.85,18.37,17.09,19.63,19.47,17.74,21.24,22.56,11.43,33.66,11.31,27.45,46.11,58.14,21.47,30.06,17.89,21.19,39.06,45.4,29.25,36.94,26.61,24.54,26.45,17.54,19.6,17.6,37.35,18.9,16.24,16.6,42.68,35.8,24.29,44.01,30.32,32.39,21.68,15.73,29.53,27.82,19.31,17.87,34.52,22.72,42.08,25.71,14.61,12.35,12.39,39.74,24.05,41.34,27.28,28.8,14.29,14.85,33.09,27.02,40.01,20.2,23.76,21.23,15.49,20.6,25.0,27.93,22.83,21.19,30.38,12.54,10.57,15.99,13.91,19.47,32.28,19.34,23.43,23.3,30.34,10.6,18.73,37.08,38.87,20.7,28.42,30.69,21.08,65.11,93.08,22.78,8.96,49.12,32.13,15.11,14.2,19.52,17.45,27.43,33.29,33.8,17.29,43.69,23.11,21.93,20.24,31.17,18.22,22.1,16.18,23.54,13.51,14.0,18.05,14.44,27.1,31.66,51.55,34.48,24.46,26.26,20.64,19.37,31.24,13.17,31.86,27.91,31.64,25.18,57.41,30.48,20.95,24.45,30.02,27.39,34.19,26.0,117.39,19.93,24.04,20.74,35.37,30.88,19.94,22.9,8.91,13.45,51.47,24.39,29.76,34.73,26.25,39.73,15.0,20.23,13.11,25.6,10.15,28.37,30.8,15.53,9.99,33.87,8.58,42.77,63.15,15.75,13.9,23.74,40.65,35.08,32.6,21.26,19.78,13.3,17.47,22.83,29.79,14.96,41.94,29.38,13.8,15.58,23.98,21.61,21.58,29.88,21.22,19.22,27.79,13.17,56.27,23.34,34.71,21.56,43.63,17.91,21.44,12.43,18.56,21.89,26.38,41.59,35.52,8.88,24.86,23.36,19.66,22.26,24.11,10.81,31.51,56.03,17.14,28.3,17.09,23.78,21.97,20.46,38.06,15.12,38.31,24.19,21.68,38.23,35.74,14.83,19.39,23.64,26.66,20.56,29.17,19.6,16.82,27.92,14.61,12.82,18.0,26.88,31.29,27.78,26.91,52.53,21.72,19.06,26.94,14.22,35.55,34.47,20.83,13.75,22.53,22.72,21.65,18.35,24.79,21.42,33.54,15.27,29.28,22.97,18.91,37.71,20.12,30.37,12.96,18.59,20.9,10.93,13.1,189.5,29.7,25.51,18.27,20.25,25.8,28.74,77.04,21.32,18.61,12.64,18.51,10.69,18.94,29.72,28.14,18.14,32.2,32.63,41.2,26.11,21.51,16.14,20.06,23.26,15.13,48.45,17.94,36.14,20.9,35.78,15.82,26.95,16.95,67.6,18.23,24.13,21.86,15.17,17.33,34.91,21.27,17.43,174.31,28.31,24.88,20.58,23.6,42.21,27.47,20.12,44.27,46.95,16.27,19.29,27.85,21.61,15.16,34.2,13.77,20.92,17.05,18.03,16.29,39.64,85.15,34.9,12.43,32.31,13.2,16.24,29.6,32.05,30.01,13.05,13.01,21.86,15.9,14.34,25.92,28.43,18.68,28.7,30.06,12.07,14.65,14.08,24.91,32.02,55.86,21.52
2025-09-04,30.09,28.9,12.91,38.36,15.51,21.57,28.37,28.75,20.57,14.93,38.36,12.27,12.29,26.7,18.18,17.51,42.54,14.13,32.62,59.53,42.38,20.23,18.52,57.27,46.79,17.23,24.17,18.72,18.36,27.54,60.68,13.96,21.11,42.37,16.22,20.82,20.76,58.66,34.41,33.66,25.65,15.26,20.33,28.77,20.73,15.47,39.46,20.51,13.34,25.57,19.4,30.31,32.22,38.04,19.68,33.36,30.02,35.72,17.55,19.46,51.51,17.89,19.61,12.27,12.22,12.79,15.1,24.09,28.76,22.88,23.96,33.52,29.67,11.97,26.85,12.96,20.12,18.17,34.89,20.37,22.36,39.4,22.91,17.89,17.15,24.99,15.12,81.62,18.82,17.05,19.96,19.43,17.68,21.36,21.3,11.29,38.16,11.25,28.28,40.29,57.71,21.76,32.13,21.11,20.53,39.06,45.4,33.47,35.84,26.19,25.37,26.83,17.75,18.37,17.54,36.58,16.94,15.87,16.59,43.2,35.65,24.01,41.16,30.78,32.45,22.01,15.71,30.33,27.69,19.58,18.3,34.69,23.76,40.64,20.04,14.82,12.41,12.49,39.63,24.17,41.74,27.22,30.28,14.18,14.57,33.16,27.36,43.22,21.31,25.86,21.3,15.74,20.76,25.03,29.62,22.75,21.22,16.99,12.7,10.63,15.52,13.5,19.55,31.31,19.35,22.96,22.25,29.4,10.26,19.72,36.55,25.08,20.84,30.23,26.77,20.38,64.91,93.04,21.39,8.98,48.44,31.51,15.14,14.34,19.22,17.23,28.36,33.09,33.61,20.81,43.52,22.85,23.27,20.16,34.13,18.98,22.23,16.18,23.45,13.57,12.27,17.83,14.6,26.78,31.64,51.47,21.26,24.38,27.07,19.97,21.74,30.6,13.15,24.12,27.8,31.44,26.22,56.97,30.23,20.76,24.44,29.96,28.26,34.48,28.32,38.78,20.44,24.19,16.16,35.28,32.14,19.99,21.2,8.81,13.63,51.57,24.54,29.88,34.6,26.81,40.02,15.09,20.12,13.62,25.57,10.23,14.5,31.83,15.52,9.98,35.78,8.41,43.67,63.22,16.31,13.94,23.71,41.19,37.19,35.7,21.41,19.53,12.94,17.05,23.27,30.59,13.08,42.38,29.39,13.96,14.31,24.05,21.88,21.8,31.27,21.18,19.48,26.39,13.06,56.19,23.35,33.4,21.34,43.99,18.01,19.96,11.89,17.57,22.55,26.65,43.87,35.32,9.07,25.42,23.47,18.71,22.1,24.17,10.81,31.79,56.25,17.11,27.95,16.3,23.17,22.0,20.81,37.79,15.12,37.71,16.43,21.88,37.87,35.16,15.05,19.36,23.66,25.97,21.1,29.18,18.81,17.56,22.05,15.13,12.81,18.16,26.91,32.51,28.12,26.75,44.62,22.0,19.17,27.97,14.46,33.57,36.63,20.67,13.37,22.46,22.77,21.6,18.18,25.56,21.59,32.9,14.57,29.36,23.32,21.08,37.8,20.13,30.33,13.45,18.08,21.17,11.09,12.88,189.26,25.81,25.43,18.8,20.02,25.74,29.6,77.87,22.28,19.56,11.52,15.65,10.75,18.78,28.52,27.75,18.35,33.06,32.48,41.48,26.14,21.73,16.8,20.85,22.9,15.22,48.5,17.74,36.18,21.16,34.28,15.8,27.09,16.56,67.84,19.12,24.18,29.41,15.29,17.48,35.0,20.58,17.8,174.35,28.33,29.43,21.59,23.16,42.37,27.63,20.95,44.13,45.75,16.33,18.25,28.31,21.82,14.13,33.96,13.18,20.9,17.67,17.55,16.61,39.65,26.65,34.82,12.27,33.88,13.27,16.48,30.94,32.29,32.6,12.74,12.87,22.4,15.93,12.56,26.39,34.09,18.87,29.59,31.69,11.91,14.6,15.3,16.61,31.98,37.4,16.41
2025-09-05,29.25,24.71,11.93,38.48,15.5,21.7,27.88,28.69,19.71,15.9,38.37,12.23,12.26,26.73,16.1,20.8,23.93,14.28,32.92,59.43,43.4,22.56,18.41,58.46,47.09,17.24,16.62,24.38,19.6,25.21,24.74,14.24,21.56,42.49,15.68,21.72,21.79,59.27,34.56,26.42,25.83,15.48,20.76,41.02,20.82,16.19,39.48,21.3,12.65,25.66,20.68,31.73,32.83,36.51,22.47,34.67,32.28,34.06,17.66,20.14,52.48,17.76,17.82,11.9,13.56,13.19,13.42,23.85,29.02,23.84,24.62,33.43,31.73,12.26,26.53,13.36,20.66,18.43,35.02,20.48,23.43,38.27,23.58,17.36,17.98,24.64,14.82,81.45,17.77,16.89,21.0,18.9,18.51,21.47,20.27,11.3,36.44,11.52,29.54,40.81,57.26,24.35,35.14,23.54,20.19,38.9,23.73,34.78,35.11,25.2,25.52,26.34,17.58,17.84,16.66,36.48,16.96,18.56,16.85,42.79,35.44,21.79,41.39,30.72,34.68,20.64,16.68,30.95,26.81,17.2,17.74,34.82,23.01,36.26,19.76,14.79,12.42,11.9,21.15,26.03,41.65,26.96,29.97,14.11,14.66,35.54,27.3,43.77,22.97,19.77,23.76,15.73,21.55,25.06,29.46,22.7,21.12,16.9,12.76,10.57,15.19,13.13,18.53,31.56,20.63,22.62,21.84,28.96,10.23,19.59,34.8,22.54,21.75,31.62,26.04,20.72,64.85,94.04,20.69,8.93,48.29,31.38,16.49,14.3,19.83,17.08,28.98,33.1,33.63,21.44,31.76,22.76,23.91,22.69,33.78,19.35,22.62,17.12,23.97,15.89,11.41,19.7,14.41,26.86,31.59,52.02,21.43,24.38,26.82,21.48,21.16,38.34,12.93,21.9,27.29,22.2,26.34,57.18,29.78,20.66,24.5,27.68,28.51,27.8,30.0,41.12,20.39,24.11,16.13,35.51,32.35,20.22,21.14,8.86,17.92,51.7,23.99,29.85,34.74,26.52,41.92,13.53,11.92,13.41,23.2,10.68,14.25,32.23,15.24,9.89,37.3,8.74,45.7,63.02,16.31,13.88,24.26,41.78,81.04,35.62,23.37,19.09,14.91,16.98,23.73,31.43,9.46,42.93,29.34,13.86,15.15,23.98,24.18,21.47,31.55,21.42,18.58,27.15,12.84,24.97,17.63,33.99,20.3,45.36,19.21,19.03,14.51,16.88,22.58,25.98,46.98,35.18,9.36,24.89,23.25,19.1,21.18,24.55,10.85,32.22,24.59,16.8,28.0,17.58,23.44,23.48,20.81,37.35,15.95,37.4,18.19,22.03,38.46,39.04,13.18,19.26,23.9,25.38,21.58,29.35,16.97,17.47,18.93,17.56,11.98,18.52,24.93,32.57,27.99,26.3,42.35,21.05,20.13,27.13,14.39,32.54,40.71,20.59,13.98,24.97,21.39,21.57,18.37,24.2,21.76,34.36,14.27,27.98,23.49,24.23,39.11,19.96,24.18,13.46,18.59,18.93,11.5,13.1,189.5,26.45,25.77,27.88,20.65,25.62,28.63,38.76,22.27,19.6,11.41,14.81,10.77,18.55,27.95,28.66,18.68,30.11,33.59,43.57,26.04,22.53,15.8,18.64,22.07,15.16,36.83,17.43,35.06,21.36,32.37,14.84,22.74,16.55,67.92,21.15,23.79,31.56,16.26,17.31,35.02,19.04,17.82,173.85,28.42,29.43,21.18,23.5,42.35,27.93,21.25,45.14,44.35,16.41,18.28,28.03,22.09,16.32,34.18,11.97,17.61,17.63,17.55,15.84,39.52,25.03,32.04,12.29,31.78,12.87,16.49,31.06,31.71,30.14,12.78,12.8,25.96,17.14,12.59,22.26,33.68,18.99,30.43,32.44,12.01,17.95,15.62,16.17,31.45,36.95,16.41
2025-09-08,30.26,19.25,12.9,25.28,14.5,19.58,28.84,29.37,20.13,16.15,35.48,12.04,12.53,26.91,16.32,16.57,19.34,14.03,25.02,54.4,44.54,21.95,18.77,58.52,43.0,16.42,16.97,23.71,20.69,26.21,26.48,14.55,22.12,37.18,16.12,21.54,21.44,58.91,35.68,26.79,25.99,11.41,20.99,43.14,20.22,17.59,39.93,21.78,12.54,26.04,18.82,29.22,33.52,20.04,22.51,38.15,32.28,33.77,16.8,19.94,54.11,17.72,17.84,12.99,13.11,12.83,13.94,24.96,25.42,23.46,24.77,32.16,32.48,16.89,25.62,13.52,20.85,19.08,34.32,22.32,22.84,24.37,23.7,17.03,17.42,24.79,16.86,83.52,16.77,17.79,21.48,18.17,18.88,22.95,20.85,11.76,37.5,12.06,28.57,41.12,58.28,25.09,35.58,22.59,20.0,23.39,24.57,33.33,30.41,23.13,26.38,26.09,16.9,15.86,17.26,35.64,24.63,18.57,16.32,43.49,27.9,22.09,39.6,32.15,34.01,19.27,16.55,31.54,26.77,15.72,17.91,35.53,23.54,37.42,19.99,12.13,13.06,11.88,23.49,25.36,42.93,25.65,30.72,14.05,15.05,36.03,27.99,44.57,23.5,20.07,24.29,16.26,21.72,26.34,29.25,22.87,21.47,16.68,13.38,11.26,15.54,12.96,18.62,29.9,20.27,21.2,22.25,29.38,9.85,19.69,30.17,22.34,22.22,32.64,26.46,20.4,66.64,36.65,21.0,8.57,21.21,14.47,16.06,14.64,20.06,17.42,29.78,33.67,34.19,21.23,27.83,22.88,24.38,21.75,34.56,19.98,22.29,16.34,24.52,15.63,11.4,21.15,14.19,27.17,31.32,53.07,23.82,24.36,26.42,18.31,21.84,38.36,13.09,17.38,27.89,19.44,27.08,56.82,29.72,21.01,23.66,28.31,29.26,26.79,30.73,35.76,20.85,22.45,16.3,35.48,32.36,20.5,20.3,8.6,17.45,52.52,24.4,29.74,35.62,28.16,41.96,14.95,12.14,12.87,23.61,10.54,14.47,33.0,14.02,7.72,37.67,9.37,45.71,29.52,15.87,14.16,24.84,41.04,82.85,36.52,23.74,19.87,11.88,16.56,24.45,32.35,10.04,36.27,21.22,15.51,15.11,22.7,19.18,21.22,31.85,21.98,18.25,14.99,13.67,24.14,17.23,34.54,20.87,46.31,19.0,22.73,15.01,16.43,21.49,26.07,43.43,38.74,11.31,25.37,22.04,19.14,19.87,23.53,10.44,30.24,22.38,17.18,28.57,16.83,25.42,23.53,20.31,38.45,16.38,36.41,18.96,21.78,39.32,40.27,13.94,19.76,23.16,22.37,21.59,32.64,15.57,19.97,19.04,16.42,12.62,18.93,21.84,33.39,30.02,26.8,42.01,21.01,20.04,27.67,13.74,15.21,41.4,21.44,14.44,20.47,22.24,14.56,19.17,23.84,22.15,32.41,14.18,30.16,22.29,23.04,31.02,20.13,24.95,14.34,19.26,18.98,11.96,15.4,198.76,27.78,24.55,28.61,21.12,25.84,28.37,37.12,22.78,21.17,10.86,13.83,12.33,18.97,15.23,29.37,18.98,30.85,32.61,44.76,23.79,22.11,16.2,18.86,21.44,15.39,37.93,17.74,36.31,21.87,33.33,15.2,23.38,21.89,68.71,19.89,22.96,31.82,16.31,17.24,35.7,19.03,18.15,45.51,26.57,30.37,22.0,23.87,42.85,25.21,21.38,45.39,44.87,16.97,18.95,28.61,21.87,13.61,37.16,12.66,17.32,17.93,18.26,16.16,40.57,21.34,31.03,12.58,21.17,15.38,16.21,31.8,29.55,30.91,12.68,12.94,25.89,16.75,12.31,23.66,34.49,19.23,31.12,32.93,13.06,18.15,15.92,17.77,19.53,36.8,16.78
2025-09-09,30.32,19.65,12.57,24.8,14.14,20.01,28.61,28.79,19.73,15.77,34.78,12.0,12.67,26.24,15.92,16.22,18.94,13.74,24.91,68.71,43.46,21.4,19.7,57.29,43.66,16.25,16.54,23.13,20.37,25.67,26.21,14.63,23.79,37.96,15.86,28.29,20.91,57.55,35.04,27.96,25.36,11.13,20.46,43.53,19.93,17.16,38.96,21.4,12.6,25.48,18.87,28.87,32.99,19.61,22.38,37.18,31.49,33.17,16.38,19.58,56.34,17.28,17.73,12.67,12.9,14.45,13.62,24.33,31.21,23.34,24.16,31.43,33.64,20.87,25.31,13.21,20.7,19.05,33.5,21.77,22.32,23.75,23.15,16.61,17.01,24.19,16.44,81.57,16.35,17.35,20.95,18.3,18.46,22.39,20.52,11.59,43.52,12.07,27.98,44.34,56.86,24.54,34.76,22.77,19.54,23.26,26.57,32.5,29.89,22.83,25.76,25.45,16.49,15.66,17.03,34.77,24.76,18.19,17.16,43.24,28.54,22.39,39.71,31.51,34.03,22.5,16.13,34.03,27.16,16.2,18.74,35.61,23.99,36.47,20.49,11.86,12.84,11.64,23.43,24.86,41.89,25.36,30.02,15.0,14.86,35.19,28.91,43.44,22.92,19.65,23.7,17.1,21.17,25.89,28.76,23.13,21.19,16.27,13.12,11.13,15.3,12.7,18.37,29.16,20.76,30.98,21.78,28.67,9.61,19.88,29.42,21.8,21.76,32.03,35.62,21.0,64.98,35.9,20.59,8.58,20.67,14.1,15.72,14.27,19.56,17.16,29.17,33.3,33.75,20.94,27.34,22.39,25.62,21.29,33.7,19.82,21.99,16.85,24.46,15.24,11.85,21.11,13.86,26.71,31.05,51.78,23.23,23.74,25.76,50.33,21.3,38.13,12.76,17.01,27.68,20.03,26.98,55.54,29.01,20.59,23.41,27.75,28.82,30.17,30.0,34.88,21.35,22.01,16.03,34.98,31.57,20.23,19.79,8.86,17.89,51.31,23.9,29.0,34.82,27.59,41.04,15.06,12.06,12.89,23.02,10.3,14.14,35.53,13.67,8.71,39.15,9.18,44.57,28.89,15.73,13.8,25.27,40.02,80.81,36.74,23.17,19.37,11.73,16.19,24.54,33.9,9.82,35.57,20.98,15.13,15.13,22.48,18.81,21.68,31.18,21.57,19.36,14.78,13.44,24.02,16.87,33.89,20.39,45.33,19.88,22.55,14.66,16.07,20.95,26.83,43.09,39.41,11.03,25.81,21.59,18.67,19.92,23.08,11.91,29.67,24.4,16.92,28.03,16.78,26.0,23.81,20.97,37.71,16.06,36.27,18.73,22.32,38.39,39.6,13.64,19.42,22.69,21.95,21.13,33.39,15.19,19.8,18.7,16.02,12.31,18.83,21.5,35.56,29.63,26.84,44.24,21.09,20.75,27.66,13.42,14.86,42.71,22.24,14.12,20.02,22.04,20.7,18.74,23.55,22.15,32.68,14.28,29.42,22.16,22.46,30.23,19.62,24.44,14.06,18.9,19.34,11.82,16.02,193.84,27.2,23.93,27.93,24.99,25.32,27.7,44.51,22.76,20.77,10.78,15.58,12.11,19.02,14.85,31.3,18.54,30.07,31.88,44.68,23.51,21.74,15.82,18.66,21.09,15.03,36.98,17.31,37.74,22.32,32.49,15.19,23.27,21.33,67.0,19.5,22.88,31.24,16.0,17.9,34.8,18.55,18.14,44.47,26.15,29.64,23.93,23.59,42.98,24.77,20.81,44.49,50.12,16.62,18.48,30.03,21.63,13.34,36.22,12.53,18.21,19.35,18.81,15.98,41.61,20.8,32.44,12.3,20.79,15.12,15.88,33.13,28.9,30.13,12.39,12.68,26.12,16.38,12.88,23.07,33.65,18.89,31.83,32.63,12.84,17.79,16.6,18.33,19.41,35.9,17.11
2025-09-10,31.1,22.71,12.61,23.31,13.75,24.0,27.71,28.92,20.47,16.52,33.64,12.02,12.64,24.85,16.05,16.2,18.86,15.28,26.15,64.12,42.23,21.4,19.67,57.31,44.77,16.26,16.22,23.08,20.37,28.55,32.89,15.0,23.8,44.64,14.69,28.82,20.9,57.45,35.27,24.36,26.69,11.02,20.81,53.08,20.19,17.46,39.24,21.36,13.24,25.19,19.06,29.55,32.98,19.87,22.1,37.15,32.29,32.18,17.4,21.17,55.37,17.24,17.75,12.65,13.13,14.39,16.86,26.1,30.21,23.26,24.19,31.55,33.52,20.83,24.55,13.2,20.03,19.04,33.72,31.92,21.39,24.31,22.78,18.18,16.97,24.05,16.44,82.5,16.7,17.88,20.47,18.12,17.55,22.98,22.28,11.56,42.75,12.24,27.96,43.35,56.79,26.23,34.65,22.7,21.07,22.35,28.42,33.27,29.86,22.9,25.74,25.44,16.39,17.62,15.69,36.18,25.75,18.82,17.62,43.17,28.26,22.41,39.37,31.55,33.98,23.54,16.81,34.03,27.26,17.08,27.95,37.5,23.81,36.19,21.69,11.84,12.98,12.05,26.44,26.83,43.04,20.27,29.08,15.08,14.93,36.54,27.77,43.32,23.6,19.97,25.14,17.1,20.91,26.45,28.35,22.82,22.15,21.53,14.51,11.44,16.8,12.91,18.35,28.91,20.38,31.39,23.71,28.16,9.64,19.42,29.64,23.82,21.26,37.64,36.96,21.01,64.64,36.0,20.34,8.7,22.86,13.62,15.52,14.24,21.1,17.87,30.05,33.27,33.74,20.95,28.6,22.08,25.57,20.95,35.06,20.38,21.76,24.41,24.59,15.25,13.12,21.21,14.42,26.53,31.06,51.98,23.29,15.93,25.89,50.32,23.19,38.15,12.82,19.24,27.95,20.33,26.92,54.82,22.47,20.86,23.44,30.07,28.81,29.98,32.71,40.41,21.35,21.3,16.28,36.24,33.62,20.78,20.28,9.26,18.08,51.0,23.04,27.87,34.6,28.04,41.35,16.18,15.45,12.6,22.98,10.28,14.3,35.67,15.36,10.64,39.15,9.06,49.9,28.82,16.2,13.74,25.51,40.36,80.75,35.92,23.24,19.33,12.1,18.37,24.48,33.85,12.49,35.02,20.94,14.99,15.15,23.46,18.08,22.51,31.18,21.97,18.19,14.01,10.98,26.89,16.07,33.71,20.31,44.64,20.14,22.94,14.8,15.39,21.21,28.38,42.61,39.08,11.01,25.81,22.23,20.83,20.47,23.27,13.0,29.06,31.38,16.85,27.83,17.59,25.81,27.72,22.45,38.33,16.06,36.4,19.94,24.05,38.33,114.16,15.09,18.5,23.56,22.18,20.51,33.97,17.26,19.81,18.81,15.98,13.02,19.25,21.85,35.43,29.77,26.38,45.25,21.15,20.55,27.67,13.55,22.62,42.89,22.36,14.14,20.0,22.05,20.38,24.37,25.71,22.16,33.24,14.22,27.29,21.45,22.57,30.28,22.34,24.44,15.09,18.86,19.16,11.36,17.74,196.44,27.86,24.05,28.18,25.26,25.46,26.81,45.03,22.78,154.78,10.93,15.65,13.0,20.11,16.22,31.63,18.55,30.08,32.22,44.48,24.53,23.04,18.37,18.57,21.11,14.81,43.28,16.84,36.75,22.25,32.44,15.14,23.79,20.74,66.93,19.97,22.48,31.3,16.08,18.19,33.53,18.6,19.57,62.09,26.35,28.95,23.9,24.07,43.0,25.18,20.74,44.5,50.44,16.21,18.56,29.94,21.45,14.73,37.07,12.49,19.76,19.34,20.13,14.91,52.07,21.34,42.16,13.3,21.91,15.14,15.86,34.42,26.09,29.7,13.65,12.79,26.19,15.84,14.72,23.87,33.64,19.13,31.79,32.28,12.6,17.97,16.6,18.32,20.18,36.07,16.7
2025-09-11,30.54,22.94,17.84,21.41,16.38,23.98,27.37,26.77,20.48,17.45,33.4,12.62,12.77,24.88,16.3,16.52,18.93,17.39,27.37,63.82,40.32,21.89,23.31,58.76,44.76,17.69,17.11,22.83,21.15,28.58,32.22,17.24,24.93,44.68,15.64,28.33,21.3,57.41,28.04,23.51,26.53,12.13,21.74,54.03,21.04,16.76,32.95,20.86,14.44,25.55,17.17,29.48,32.99,19.75,22.88,37.38,32.31,34.72,16.33,20.96,52.83,17.3,17.39,14.6,13.3,15.91,17.17,27.24,30.75,20.46,23.87,18.83,33.09,22.68,25.2,14.45,20.32,20.04,33.65,35.75,22.89,24.63,21.55,18.76,17.6,23.39,16.38,82.31,19.1,18.13,20.58,16.87,14.14,20.19,20.83,11.84,49.55,13.0,24.63,44.28,56.16,25.96,34.7,22.57,21.65,19.59,30.59,33.49,29.7,22.54,21.17,26.41,17.81,18.74,15.08,37.93,25.75,18.75,18.05,31.91,26.18,21.89,39.38,31.93,34.0,23.41,17.9,34.45,25.45,17.13,27.96,37.71,23.71,37.36,22.1,10.78,13.41,11.99,25.33,26.79,41.59,19.81,28.66,16.42,15.27,41.51,27.71,42.04,21.64,22.0,24.97,18.05,21.35,26.24,29.82,23.59,22.89,21.41,15.29,11.88,15.83,13.05,15.83,24.5,21.43,31.8,24.53,27.1,9.79,19.1,32.01,22.88,20.39,36.16,36.71,20.92,64.61,32.04,23.12,10.74,21.53,16.02,15.9,16.55,21.03,19.25,30.28,33.25,33.74,22.02,28.56,22.56,23.98,20.79,34.93,22.52,20.0,24.62,24.87,15.93,13.93,19.78,15.64,24.95,28.07,52.49,24.63,15.93,24.04,49.61,23.13,37.58,14.77,19.7,26.6,21.85,25.23,52.4,22.2,21.94,21.57,30.7,27.7,28.88,32.68,41.93,21.39,20.04,18.45,35.81,31.11,20.59,20.71,10.16,18.51,51.0,21.2,25.71,34.62,28.22,41.41,16.78,14.8,12.6,23.01,12.02,16.73,35.11,17.33,12.1,39.22,11.81,49.54,28.89,16.37,14.03,25.59,46.39,79.69,31.16,22.62,18.53,13.25,19.31,23.74,33.3,12.26,29.16,19.93,17.09,15.17,24.39,17.84,19.3,30.22,22.68,17.79,14.92,10.86,22.07,16.07,29.25,20.66,47.29,19.29,26.36,13.66,14.74,19.84,27.78,47.78,43.03,11.68,25.3,22.12,20.96,24.09,22.9,13.13,29.24,30.72,17.03,27.64,17.82,24.55,27.59,23.16,30.26,16.42,34.0,19.84,25.06,32.54,117.22,16.02,17.83,23.6,18.29,19.56,34.68,16.24,19.59,19.23,17.59,13.27,19.29,19.66,35.29,30.08,28.47,44.23,21.68,20.16,27.53,14.07,22.31,43.78,23.24,12.83,19.43,21.85,20.71,23.43,26.78,18.9,32.52,14.15,27.54,19.78,23.22,27.85,23.14,24.81,18.87,18.41,19.3,11.9,18.61,198.49,30.46,22.66,28.74,27.22,25.56,26.63,43.86,23.77,162.25,11.04,15.93,14.82,20.4,19.95,30.7,19.1,29.8,31.9,44.12,24.42,19.8,19.02,18.54,20.41,18.81,42.05,15.67,30.91,20.37,31.33,15.12,23.59,20.12,66.44,19.94,25.07,30.44,18.1,20.43,39.0,19.04,17.11,62.16,22.34,22.83,24.06,21.81,28.81,24.9,21.26,43.11,49.91,16.24,18.29,24.57,19.89,15.62,37.53,12.49,20.34,19.51,18.04,14.33,51.06,19.23,39.93,13.32,20.34,15.95,16.49,35.27,26.09,29.63,13.65,11.54,25.19,16.07,14.89,25.21,31.39,21.67,33.02,30.53,12.79,18.11,19.67,19.5,20.3,33.44,16.84
2025-09-12,31.38,23.08,18.09,19.7,15.85,22.6,24.26,26.21,19.33,16.92,34.25,12.2,12.44,24.58,14.95,15.26,17.65,17.19,25.26,61.64,39.16,21.77,23.12,58.65,40.52,17.91,17.9,22.42,21.24,28.41,45.91,15.91,23.92,44.86,14.64,27.5,20.18,53.9,25.86,23.22,26.57,11.86,20.86,53.65,19.02,16.16,33.04,21.36,14.85,26.03,17.04,30.39,33.77,20.62,22.36,37.06,32.16,33.32,16.52,21.55,50.96,17.54,17.47,14.97,12.9,15.26,18.1,27.35,29.94,19.96,24.34,18.47,32.14,22.31,25.2,14.53,19.59,20.03,33.95,37.23,21.9,20.12,21.49,18.9,17.03,21.97,15.58,81.91,18.25,17.33,20.47,14.94,14.04,18.92,19.85,11.32,50.5,12.9,24.68,44.02,55.99,26.23,35.0,22.75,21.16,19.28,34.08,33.17,29.62,22.79,20.91,26.22,17.38,18.27,15.01,38.32,25.76,18.78,17.36,31.64,22.42,20.41,40.14,31.41,33.21,23.22,17.96,32.36,25.77,15.14,28.04,37.36,23.71,33.29,21.16,10.65,12.64,11.38,24.35,27.36,41.63,20.59,25.23,15.1,14.81,38.42,27.64,40.97,20.56,22.38,25.21,18.45,20.63,26.19,28.96,23.71,22.34,21.33,15.4,11.52,15.62,11.86,15.26,22.4,21.08,33.27,25.25,27.13,9.55,23.71,35.19,22.29,19.78,35.49,32.11,20.33,64.75,32.33,22.57,11.13,22.37,18.63,16.27,16.42,21.39,17.66,29.6,32.96,33.39,21.1,23.82,22.51,24.18,20.0,34.86,21.79,19.56,24.65,23.23,15.36,14.05,19.74,16.11,25.27,27.89,52.32,23.66,14.72,24.78,48.87,21.57,30.62,15.13,18.63,24.3,19.55,22.15,53.01,23.1,21.69,21.69,30.35,27.56,29.51,32.65,38.13,19.77,19.05,18.07,35.9,26.09,20.38,19.36,9.88,18.17,50.83,20.75,25.25,33.7,28.45,41.14,16.75,14.37,12.82,18.64,11.66,15.3,32.19,17.16,12.34,39.01,11.82,50.28,27.65,14.48,13.71,20.96,46.34,78.5,31.09,23.8,18.65,14.12,19.76,23.0,30.07,12.28,28.42,20.66,17.27,14.49,24.24,17.65,19.15,29.21,21.69,19.72,15.68,10.54,19.51,16.81,27.89,20.86,50.97,19.32,24.42,14.35,16.19,19.59,26.98,47.47,42.94,13.51,25.4,22.07,20.94,23.75,20.86,13.77,29.54,33.73,16.36,28.01,17.27,22.7,27.53,21.4,26.04,16.42,34.02,18.79,22.03,29.81,118.0,16.04,17.4,23.44,19.1,17.07,34.94,16.7,18.61,22.56,17.22,13.41,17.24,19.83,31.33,30.34,28.29,47.15,21.24,20.04,26.72,13.71,22.28,39.54,20.04,12.48,18.42,21.85,19.91,21.85,22.76,18.0,36.15,15.39,27.89,18.87,21.0,27.85,22.63,23.75,19.5,18.54,20.08,13.09,19.1,199.95,30.33,22.06,26.68,26.53,26.78,26.81,44.74,22.2,162.29,10.54,15.35,15.11,20.47,19.86,30.73,19.18,30.27,32.14,40.12,22.77,20.15,19.68,17.46,20.19,19.84,42.02,16.1,31.82,19.48,31.36,15.66,24.65,20.1,65.8,19.94,26.03,29.36,17.01,20.55,45.26,18.19,20.29,61.37,21.9,22.92,21.33,19.61,30.52,24.83,20.6,41.82,49.46,14.56,18.0,25.29,19.31,15.06,37.43,12.42,20.31,20.75,18.05,14.91,48.74,18.03,40.45,13.04,19.05,15.63,17.3,33.82,23.17,29.47,13.78,10.75,23.98,15.88,15.29,23.6,32.66,25.11,33.61,31.49,12.76,17.71,19.67,18.56,20.2,31.61,16.51
